Datetime,ETE.AT,MSFT,AAPL
2026-09-01 07:30:00+00:00,19.634570273805366,507.32000732421875,317.2300109863281
2026-09-01 07:31:00+00:00,19.634570273805366,507.32000732421875,317.2300109863281
2026-09-01 07:32:00+00:00,19.684490593509736,507.32000732421875,317.2300109863281
2026-09-01 07:33:00+00:00,19.686774539693033,507.32000732421875,317.2300109863281
2026-09-01 07:34:00+00:00,19.643892231987365,507.32000732421875,317.2300109863281
2026-09-01 07:35:00+00:00,19.632292384060293,507.32000732421875,317.2300109863281
2026-09-01 07:36:00+00:00,19.643892231987365,507.32000732421875,317.2300109863281
2026-09-01 07:37:00+00:00,19.649693262173287,507.32000732421875,317.2300109863281
2026-09-01 07:38:00+00:00,19.676408502408776,507.32000732421875,317.2300109863281
2026-09-01 07:39:00+00:00,19.68220664732644,507.32000732421875,317.2300109863281
2026-09-01 07:40:00+00:00,19.688007004432166,507.32000732421875,317.2300109863281
2026-09-01 07:41:00+00:00,19.69152188143653,507.32000732421875,317.2300109863281
2026-09-01 07:42:00+00:00,19.70891872337006,507.32000732421875,317.2300109863281
2026-09-01 07:43:00+00:00,19.717002153396606,507.32000732421875,317.2300109863281
2026-09-01 07:44:00+00:00,19.683441813060654,507.32000732421875,317.2300109863281
2026-09-01 07:45:00+00:00,19.637058562659604,507.32000732421875,317.2300109863281
2026-09-01 07:46:00+00:00,19.639335779499106,507.32000732421875,317.2300109863281
2026-09-01 07:47:00+00:00,19.639335779499106,507.32000732421875,317.2300109863281
2026-09-01 07:48:00+00:00,19.63001449431522,507.32000732421875,317.2300109863281
2026-09-01 07:49:00+00:00,19.64161299633861,507.32000732421875,317.2300109863281
2026-09-01 07:50:00+00:00,19.64161299633861,507.32000732421875,317.2300109863281
2026-09-01 07:51:00+00:00,19.635814851420946,507.32000732421875,317.2300109863281
2026-09-01 07:52:00+00:00,19.64161299633861,507.32000732421875,317.2300109863281
2026-09-01 07:53:00+00:00,19.65673262143264,507.32000732421875,317.2300109863281
2026-09-01 07:54:00+00:00,19.664810000385387,507.32000732421875,317.2300109863281
2026-09-01 07:55:00+00:00,19.664810000385387,507.32000732421875,317.2300109863281
2026-09-01 07:56:00+00:00,19.676408502408776,507.32000732421875,317.2300109863281
2026-09-01 07:57:00+00:00,19.68220664732644,507.32000732421875,317.2300109863281
2026-09-01 07:58:00+00:00,19.647413353444335,507.32000732421875,317.2300109863281
2026-09-01 07:59:00+00:00,19.601019345350778,507.32000732421875,317.2300109863281
2026-09-01 08:00:00+00:00,19.635814851420946,507.32000732421875,317.2300109863281
2026-09-01 08:01:00+00:00,19.59874683487351,507.32000732421875,317.2300109863281
2026-09-01 08:02:00+00:00,19.604546519495216,507.32000732421875,317.2300109863281
2026-09-01 08:03:00+00:00,19.590677523933664,507.32000732421875,317.2300109863281
2026-09-01 08:04:00+00:00,19.59874683487351,507.32000732421875,317.2300109863281
2026-09-01 08:05:00+00:00,19.601019345350778,507.32000732421875,317.2300109863281
2026-09-01 08:06:00+00:00,19.587149677561683,507.32000732421875,317.2300109863281
2026-09-01 08:07:00+00:00,19.597726970611347,507.32000732421875,317.2300109863281
2026-09-01 08:08:00+00:00,19.54329590974521,507.32000732421875,317.2300109863281
2026-09-01 08:09:00+00:00,19.499186529186773,507.32000732421875,317.2300109863281
2026-09-01 08:10:00+00:00,19.49113400137412,507.32000732421875,317.2300109863281
2026-09-01 08:11:00+00:00,19.55715214507245,507.32000732421875,317.2300109863281
2026-09-01 08:12:00+00:00,19.62670867297311,507.32000732421875,317.2300109863281
2026-09-01 08:13:00+00:00,19.611594621461336,507.32000732421875,317.2300109863281
2026-09-01 08:14:00+00:00,19.551354477902805,507.32000732421875,317.2300109863281
2026-09-01 08:15:00+00:00,19.551354477902805,507.32000732421875,317.2300109863281
2026-09-01 08:16:00+00:00,19.551354477902805,507.32000732421875,317.2300109863281
2026-09-01 08:17:00+00:00,19.522372775541044,507.32000732421875,317.2300109863281
2026-09-01 08:18:00+00:00,19.510779652363908,507.32000732421875,317.2300109863281
2026-09-01 08:19:00+00:00,19.445733183943048,507.32000732421875,317.2300109863281
2026-09-01 08:20:00+00:00,19.447988213682947,507.32000732421875,317.2300109863281
2026-09-01 08:21:00+00:00,19.453785686373067,507.32000732421875,317.2300109863281
2026-09-01 08:22:00+00:00,19.451529984405624,507.32000732421875,317.2300109863281
2026-09-01 08:23:00+00:00,19.463125797005887,507.32000732421875,317.2300109863281
2026-09-01 08:24:00+00:00,19.46086875032688,507.32000732421875,317.2300109863281
2026-09-01 08:25:00+00:00,19.47246321821558,507.32000732421875,317.2300109863281
2026-09-01 08:26:00+00:00,19.47246321821558,507.32000732421875,317.2300109863281
2026-09-01 08:27:00+00:00,19.480518410068726,507.32000732421875,317.2300109863281
2026-09-01 08:28:00+00:00,19.480518410068726,507.32000732421875,317.2300109863281
2026-09-01 08:29:00+00:00,19.468924809143573,507.32000732421875,317.2300109863281
2026-09-01 08:30:00+00:00,19.46086875032688,507.32000732421875,317.2300109863281
2026-09-01 08:31:00+00:00,19.445733183943048,507.32000732421875,317.2300109863281
2026-09-01 08:32:00+00:00,19.44347815420315,507.32000732421875,317.2300109863281
2026-09-01 08:33:00+00:00,19.435425457293604,507.32000732421875,317.2300109863281
2026-09-01 08:34:00+00:00,19.452816247640385,507.32000732421875,317.2300109863281
2026-09-01 08:35:00+00:00,19.455072622091848,507.32000732421875,317.2300109863281
2026-09-01 08:36:00+00:00,19.452816247640385,507.32000732421875,317.2300109863281
2026-09-01 08:37:00+00:00,19.455072622091848,507.32000732421875,317.2300109863281
2026-09-01 08:38:00+00:00,19.439934171805362,507.32000732421875,317.2300109863281
2026-09-01 08:39:00+00:00,19.4283383592051,507.32000732421875,317.2300109863281
2026-09-01 08:40:00+00:00,19.430591371749415,507.32000732421875,317.2300109863281
2026-09-01 08:41:00+00:00,19.430591371749415,507.32000732421875,317.2300109863281
2026-09-01 08:42:00+00:00,19.4283383592051,507.32000732421875,317.2300109863281
2026-09-01 08:43:00+00:00,19.439934171805362,507.32000732421875,317.2300109863281
2026-09-01 08:44:00+00:00,19.44218852906124,507.32000732421875,317.2300109863281
2026-09-01 08:45:00+00:00,19.395802111745525,507.32000732421875,317.2300109863281
2026-09-01 08:46:00+00:00,19.395802111745525,507.32000732421875,317.2300109863281
2026-09-01 08:47:00+00:00,19.372607797121873,507.32000732421875,317.2300109863281
2026-09-01 08:48:00+00:00,19.386452588388238,507.32000732421875,317.2300109863281
2026-09-01 08:49:00+00:00,19.33426043537702,507.32000732421875,317.2300109863281
2026-09-01 08:50:00+00:00,19.343616009808102,507.32000732421875,317.2300109863281
2026-09-01 08:51:00+00:00,19.300788843952432,507.32000732421875,317.2300109863281
2026-09-01 08:52:00+00:00,19.283394019214484,507.32000732421875,317.2300109863281
2026-09-01 08:53:00+00:00,19.31462422249433,507.32000732421875,317.2300109863281
2026-09-01 08:54:00+00:00,19.36456470741632,507.32000732421875,317.2300109863281
2026-09-01 08:55:00+00:00,19.366810324431754,507.32000732421875,317.2300109863281
2026-09-01 08:56:00+00:00,19.36456470741632,507.32000732421875,317.2300109863281
2026-09-01 08:57:00+00:00,19.372607797121873,507.32000732421875,317.2300109863281
2026-09-01 08:58:00+00:00,19.372607797121873,507.32000732421875,317.2300109863281
2026-09-01 08:59:00+00:00,19.401599584435644,507.32000732421875,317.2300109863281
2026-09-01 09:00:00+00:00,19.401599584435644,507.32000732421875,317.2300109863281
2026-09-01 09:01:00+00:00,19.401599584435644,507.32000732421875,317.2300109863281
2026-09-01 09:02:00+00:00,19.401599584435644,507.32000732421875,317.2300109863281
2026-09-01 09:03:00+00:00,19.424793899059296,507.32000732421875,317.2300109863281
2026-09-01 09:04:00+00:00,19.438644741399457,507.32000732421875,317.2300109863281
2026-09-01 09:05:00+00:00,19.42350175870729,507.32000732421875,317.2300109863281
2026-09-01 09:06:00+00:00,19.3922507333059,507.32000732421875,317.2300109863281
2026-09-01 09:07:00+00:00,19.394501032667222,507.32000732421875,317.2300109863281
2026-09-01 09:08:00+00:00,19.34230282321778,507.32000732421875,317.2300109863281
2026-09-01 09:09:00+00:00,19.34230282321778,507.32000732421875,317.2300109863281
2026-09-01 09:10:00+00:00,19.406100880594295,507.32000732421875,317.2300109863281
2026-09-01 09:11:00+00:00,19.400302062853143,507.32000732421875,317.2300109863281
2026-09-01 09:12:00+00:00,19.40255303529466,507.32000732421875,317.2300109863281
2026-09-01 09:13:00+00:00,19.400302062853143,507.32000732421875,317.2300109863281
2026-09-01 09:14:00+00:00,19.419953719690056,507.32000732421875,317.2300109863281
2026-09-01 09:15:00+00:00,19.435099394189592,507.32000732421875,317.2300109863281
2026-09-01 09:16:00+00:00,19.431554913520813,507.32000732421875,317.2300109863281
2026-09-01 09:17:00+00:00,19.42930057644844,507.32000732421875,317.2300109863281
2026-09-01 09:18:00+00:00,19.406100880594295,507.32000732421875,317.2300109863281
2026-09-01 09:19:00+00:00,19.406100880594295,507.32000732421875,317.2300109863281
2026-09-01 09:20:00+00:00,19.406100880594295,507.32000732421875,317.2300109863281
2026-09-01 09:21:00+00:00,19.38290118474015,507.32000732421875,317.2300109863281
2026-09-01 09:22:00+00:00,19.359703701330773,507.32000732421875,317.2300109863281
2026-09-01 09:23:00+00:00,19.359703701330773,507.32000732421875,317.2300109863281
2026-09-01 09:24:00+00:00,19.377102366998997,507.32000732421875,317.2300109863281
2026-09-01 09:25:00+00:00,19.373551157068505,507.32000732421875,317.2300109863281
2026-09-01 09:26:00+00:00,19.373551157068505,507.32000732421875,317.2300109863281
2026-09-01 09:27:00+00:00,19.365502519071924,507.32000732421875,317.2300109863281
2026-09-01 09:28:00+00:00,19.371303549257846,507.32000732421875,317.2300109863281
2026-09-01 09:29:00+00:00,19.371303549257846,507.32000732421875,317.2300109863281
2026-09-01 09:30:00+00:00,19.377102366998997,507.32000732421875,317.2300109863281
2026-09-01 09:31:00+00:00,19.371303549257846,507.32000732421875,317.2300109863281
2026-09-01 09:32:00+00:00,19.373551157068505,507.32000732421875,317.2300109863281
2026-09-01 09:33:00+00:00,19.373551157068505,507.32000732421875,317.2300109863281
2026-09-01 09:34:00+00:00,19.36774945380239,507.32000732421875,317.2300109863281
2026-09-01 09:35:00+00:00,19.373551157068505,507.32000732421875,317.2300109863281
2026-09-01 09:36:00+00:00,19.36774945380239,507.32000732421875,317.2300109863281
2026-09-01 09:37:00+00:00,19.36774945380239,507.32000732421875,317.2300109863281
2026-09-01 09:38:00+00:00,19.36774945380239,507.32000732421875,317.2300109863281
2026-09-01 09:39:00+00:00,19.344547066140876,507.32000732421875,317.2300109863281
2026-09-01 09:40:00+00:00,19.335190982287713,507.32000732421875,317.2300109863281
2026-09-01 09:41:00+00:00,19.337433879563832,507.32000732421875,317.2300109863281
2026-09-01 09:42:00+00:00,19.343234715775452,507.32000732421875,317.2300109863281
2026-09-01 09:43:00+00:00,19.335190982287713,507.32000732421875,317.2300109863281
2026-09-01 09:44:00+00:00,19.332948085011594,507.32000732421875,317.2300109863281
2026-09-01 09:45:00+00:00,19.340991145675844,507.32000732421875,317.2300109863281
2026-09-01 09:46:00+00:00,19.343234715775452,507.32000732421875,317.2300109863281
2026-09-01 09:47:00+00:00,19.337433879563832,507.32000732421875,317.2300109863281
2026-09-01 09:48:00+00:00,19.329388605941404,507.32000732421875,317.2300109863281
2026-09-01 09:49:00+00:00,19.32714638174548,507.32000732421875,317.2300109863281
2026-09-01 09:50:00+00:00,19.32714638174548,507.32000732421875,317.2300109863281
2026-09-01 09:51:00+00:00,19.324904157549554,507.32000732421875,317.2300109863281
2026-09-01 09:52:00+00:00,19.31330430962248,507.32000732421875,317.2300109863281
2026-09-01 09:53:00+00:00,19.31330430962248,507.32000732421875,317.2300109863281
2026-09-01 09:54:00+00:00,19.316863788435967,507.32000732421875,317.2300109863281
2026-09-01 09:55:00+00:00,19.31330430962248,507.32000732421875,317.2300109863281
2026-09-01 09:56:00+00:00,19.305265286412578,507.32000732421875,317.2300109863281
2026-09-01 09:57:00+00:00,19.2820682823658,507.32000732421875,317.2300109863281
2026-09-01 09:58:00+00:00,19.276270137448137,507.32000732421875,317.2300109863281
2026-09-01 09:59:00+00:00,19.274035277868734,507.32000732421875,317.2300109863281
2026-09-01 10:00:00+00:00,19.274035277868734,507.32000732421875,317.2300109863281
2026-09-01 10:01:00+00:00,19.2972273805608,507.32000732421875,317.2300109863281
2026-09-01 10:02:00+00:00,19.34941348249822,507.32000732421875,317.2300109863281
2026-09-01 10:03:00+00:00,19.34941348249822,507.32000732421875,317.2300109863281
2026-09-01 10:04:00+00:00,19.347169882678372,507.32000732421875,317.2300109863281
2026-09-01 10:05:00+00:00,19.35165708231807,507.32000732421875,317.2300109863281
2026-09-01 10:06:00+00:00,19.332018852496276,507.32000732421875,317.2300109863281
2026-09-01 10:07:00+00:00,19.343616009808102,507.32000732421875,317.2300109863281
2026-09-01 10:08:00+00:00,19.332018852496276,507.32000732421875,317.2300109863281
2026-09-01 10:09:00+00:00,19.355213167119928,507.32000732421875,317.2300109863281
2026-09-01 10:10:00+00:00,19.366810324431754,507.32000732421875,317.2300109863281
2026-09-01 10:11:00+00:00,19.372607797121873,507.32000732421875,317.2300109863281
2026-09-01 10:12:00+00:00,19.398051090411627,507.32000732421875,317.2300109863281
2026-09-01 10:13:00+00:00,19.390002427123818,507.32000732421875,317.2300109863281
2026-09-01 10:14:00+00:00,19.387754120941736,507.32000732421875,317.2300109863281
2026-09-01 10:15:00+00:00,19.376158308341473,507.32000732421875,317.2300109863281
2026-09-01 10:16:00+00:00,19.38065223128251,507.32000732421875,317.2300109863281
2026-09-01 10:17:00+00:00,19.376158308341473,507.32000732421875,317.2300109863281
2026-09-01 10:18:00+00:00,19.387754120941736,507.32000732421875,317.2300109863281
2026-09-01 10:19:00+00:00,19.378405269811992,507.32000732421875,317.2300109863281
2026-09-01 10:20:00+00:00,19.40739926905735,507.32000732421875,317.2300109863281
2026-09-01 10:21:00+00:00,19.409649592435017,507.32000732421875,317.2300109863281
2026-09-01 10:22:00+00:00,19.40384923532929,507.32000732421875,317.2300109863281
2026-09-01 10:23:00+00:00,19.40384923532929,507.32000732421875,317.2300109863281
2026-09-01 10:24:00+00:00,19.38065223128251,507.32000732421875,317.2300109863281
2026-09-01 10:25:00+00:00,19.386452588388238,507.32000732421875,317.2300109863281
2026-09-01 10:26:00+00:00,19.430591371749415,507.32000732421875,317.2300109863281
2026-09-01 10:27:00+00:00,19.43639105637112,507.32000732421875,317.2300109863281
2026-09-01 10:28:00+00:00,19.424793899059296,507.32000732421875,317.2300109863281
2026-09-01 10:29:00+00:00,19.424793899059296,507.32000732421875,317.2300109863281
2026-09-01 10:30:00+00:00,19.418996426369176,507.32000732421875,317.2300109863281
2026-09-01 10:31:00+00:00,19.41094574614226,507.32000732421875,317.2300109863281
2026-09-01 10:32:00+00:00,19.41094574614226,507.32000732421875,317.2300109863281
2026-09-01 10:33:00+00:00,19.40869475053705,507.32000732421875,317.2300109863281
2026-09-01 10:34:00+00:00,19.399349933542,507.32000732421875,317.2300109863281
2026-09-01 10:35:00+00:00,19.399349933542,507.32000732421875,317.2300109863281
2026-09-01 10:36:00+00:00,19.399349933542,507.32000732421875,317.2300109863281
2026-09-01 10:37:00+00:00,19.401599584435644,507.32000732421875,317.2300109863281
2026-09-01 10:38:00+00:00,19.393553133079422,507.32000732421875,317.2300109863281
2026-09-01 10:39:00+00:00,19.397100282648353,507.32000732421875,317.2300109863281
2026-09-01 10:40:00+00:00,19.40869475053705,507.32000732421875,317.2300109863281
2026-09-01 10:41:00+00:00,19.414493090190717,507.32000732421875,317.2300109863281
2026-09-01 10:42:00+00:00,19.414493090190717,507.32000732421875,317.2300109863281
2026-09-01 10:43:00+00:00,19.40289862230202,507.32000732421875,317.2300109863281
2026-09-01 10:44:00+00:00,19.40289862230202,507.32000732421875,317.2300109863281
2026-09-01 10:45:00+00:00,19.40869475053705,507.32000732421875,317.2300109863281
2026-09-01 10:46:00+00:00,19.40289862230202,507.32000732421875,317.2300109863281
2026-09-01 10:47:00+00:00,19.40289862230202,507.32000732421875,317.2300109863281
2026-09-01 10:48:00+00:00,19.405148945679684,507.32000732421875,317.2300109863281
2026-09-01 10:49:00+00:00,19.405148945679684,507.32000732421875,317.2300109863281
2026-09-01 10:50:00+00:00,19.40739926905735,507.32000732421875,317.2300109863281
2026-09-01 10:51:00+00:00,19.399349933542,507.32000732421875,317.2300109863281
2026-09-01 10:52:00+00:00,19.399349933542,507.32000732421875,317.2300109863281
2026-09-01 10:53:00+00:00,19.399349933542,507.32000732421875,317.2300109863281
2026-09-01 10:54:00+00:00,19.397100282648353,507.32000732421875,317.2300109863281
2026-09-01 10:55:00+00:00,19.40289862230202,507.32000732421875,317.2300109863281
2026-09-01 10:56:00+00:00,19.39130415441332,507.32000732421875,317.2300109863281
2026-09-01 10:57:00+00:00,19.385505814759654,507.32000732421875,317.2300109863281
2026-09-01 10:58:00+00:00,19.393553133079422,507.32000732421875,317.2300109863281
2026-09-01 10:59:00+00:00,19.393553133079422,507.32000732421875,317.2300109863281
2026-09-01 11:00:00+00:00,19.385505814759654,507.32000732421875,317.2300109863281
2026-09-01 11:01:00+00:00,19.385505814759654,507.32000732421875,317.2300109863281
2026-09-01 11:02:00+00:00,19.362319090400888,507.32000732421875,317.2300109863281
2026-09-01 11:03:00+00:00,19.35072462251219,507.32000732421875,317.2300109863281
2026-09-01 11:04:00+00:00,19.33913015462349,507.32000732421875,317.2300109863281
2026-09-01 11:05:00+00:00,19.33913015462349,507.32000732421875,317.2300109863281
2026-09-01 11:06:00+00:00,19.36811521863592,507.32000732421875,317.2300109863281
2026-09-01 11:07:00+00:00,19.36811521863592,507.32000732421875,317.2300109863281
2026-09-01 11:08:00+00:00,19.43188368631445,507.32000732421875,317.2300109863281
2026-09-01 11:09:00+00:00,19.4283383592051,507.32000732421875,317.2300109863281
2026-09-01 11:10:00+00:00,19.4283383592051,507.32000732421875,317.2300109863281
2026-09-01 11:11:00+00:00,19.439934171805362,507.32000732421875,317.2300109863281
2026-09-01 11:12:00+00:00,19.445733183943048,507.32000732421875,317.2300109863281
2026-09-01 11:13:00+00:00,19.445733183943048,507.32000732421875,317.2300109863281
2026-09-01 11:14:00+00:00,19.445733183943048,507.32000732421875,317.2300109863281
2026-09-01 11:15:00+00:00,19.44347815420315,507.32000732421875,317.2300109863281
2026-09-01 11:16:00+00:00,19.434137371342786,507.32000732421875,317.2300109863281
2026-09-01 11:17:00+00:00,19.44347815420315,507.32000732421875,317.2300109863281
2026-09-01 11:18:00+00:00,19.445733183943048,507.32000732421875,317.2300109863281
2026-09-01 11:19:00+00:00,19.447988213682947,507.32000732421875,317.2300109863281
2026-09-01 11:20:00+00:00,19.43639105637112,507.32000732421875,317.2300109863281
2026-09-01 11:21:00+00:00,19.424793899059296,507.32000732421875,317.2300109863281
2026-09-01 11:22:00+00:00,19.422541558742523,507.32000732421875,317.2300109863281
2026-09-01 11:23:00+00:00,19.422541558742523,507.32000732421875,317.2300109863281
2026-09-01 11:24:00+00:00,19.424793899059296,507.32000732421875,317.2300109863281
2026-09-01 11:25:00+00:00,19.424793899059296,507.32000732421875,317.2300109863281
2026-09-01 11:26:00+00:00,19.43639105637112,507.32000732421875,317.2300109863281
2026-09-01 11:27:00+00:00,19.438644741399457,507.32000732421875,317.2300109863281
2026-09-01 11:28:00+00:00,19.427046239376068,507.32000732421875,317.2300109863281
2026-09-01 11:29:00+00:00,19.427046239376068,507.32000732421875,317.2300109863281
2026-09-01 11:30:00+00:00,19.421248094458406,507.32000732421875,317.2300109863281
2026-09-01 11:31:00+00:00,19.4676398903639,507.32000732421875,317.2300109863281
2026-09-01 11:32:00+00:00,19.49889745156611,507.32000732421875,317.2300109863281
2026-09-01 11:33:00+00:00,19.514033898457456,507.32000732421875,317.2300109863281
2026-09-01 11:34:00+00:00,19.514033898457456,507.32000732421875,317.2300109863281
2026-09-01 11:35:00+00:00,19.514033898457456,507.32000732421875,317.2300109863281
2026-09-01 11:36:00+00:00,19.502435396434066,507.32000732421875,317.2300109863281
2026-09-01 11:37:00+00:00,19.52563018829278,507.32000732421875,317.2300109863281
2026-09-01 11:38:00+00:00,19.52563018829278,507.32000732421875,317.2300109863281
2026-09-01 11:39:00+00:00,19.531430545398507,507.32000732421875,317.2300109863281
2026-09-01 11:40:00+00:00,19.581352204871564,507.32000732421875,317.2300109863281
2026-09-01 11:41:00+00:00,19.59874683487351,507.32000732421875,317.2300109863281
2026-09-01 11:42:00+00:00,19.587149677561683,507.32000732421875,317.2300109863281
2026-09-01 11:43:00+00:00,19.604546519495216,507.32000732421875,317.2300109863281
2026-09-01 11:44:00+00:00,19.612617847374167,507.32000732421875,317.2300109863281
2026-09-01 11:45:00+00:00,19.58942084332739,507.32000732421875,317.2300109863281
2026-09-01 11:46:00+00:00,19.618418204479894,507.32000732421875,317.2300109863281
2026-09-01 11:47:00+00:00,19.624216349397557,507.32000732421875,317.2300109863281
2026-09-01 11:48:00+00:00,19.63001449431522,507.32000732421875,317.2300109863281
2026-09-01 11:49:00+00:00,19.635814851420946,507.32000732421875,317.2300109863281
2026-09-01 11:50:00+00:00,19.63001449431522,507.32000732421875,317.2300109863281
2026-09-01 11:51:00+00:00,19.647413353444335,507.32000732421875,317.2300109863281
2026-09-01 11:52:00+00:00,19.64161299633861,507.32000732421875,317.2300109863281
2026-09-01 11:53:00+00:00,19.635814851420946,507.32000732421875,317.2300109863281
2026-09-01 11:54:00+00:00,19.62194114949716,507.32000732421875,317.2300109863281
2026-09-01 11:55:00+00:00,19.59874683487351,507.32000732421875,317.2300109863281
2026-09-01 11:56:00+00:00,19.59874683487351,507.32000732421875,317.2300109863281
2026-09-01 11:57:00+00:00,19.584878511795978,507.32000732421875,317.2300109863281
2026-09-01 11:58:00+00:00,19.608070136996503,507.32000732421875,317.2300109863281
2026-09-01 11:59:00+00:00,19.608070136996503,507.32000732421875,317.2300109863281
2026-09-01 12:00:00+00:00,19.619665949596765,507.32000732421875,317.2300109863281
2026-09-01 12:01:00+00:00,19.619665949596765,507.32000732421875,317.2300109863281
2026-09-01 12:02:00+00:00,19.59420181391897,507.32000732421875,317.2300109863281
2026-09-01 12:03:00+00:00,19.59647432439624,507.32000732421875,317.2300109863281
2026-09-01 12:04:00+00:00,19.59420181391897,507.32000732421875,317.2300109863281
2026-09-01 12:05:00+00:00,19.591929303441702,507.32000732421875,317.2300109863281
2026-09-01 12:06:00+00:00,19.600000153572637,507.32000732421875,317.2300109863281
2026-09-01 12:07:00+00:00,19.591929303441702,507.32000732421875,317.2300109863281
2026-09-01 12:08:00+00:00,19.591929303441702,507.32000732421875,317.2300109863281
2026-09-01 12:09:00+00:00,19.591929303441702,507.32000732421875,317.2300109863281
2026-09-01 12:10:00+00:00,19.591929303441702,507.32000732421875,317.2300109863281
2026-09-01 12:11:00+00:00,19.58966082223833,507.32000732421875,317.2300109863281
2026-09-01 12:12:00+00:00,19.597726970611347,507.32000732421875,317.2300109863281
2026-09-01 12:13:00+00:00,19.591929303441702,507.32000732421875,317.2300109863281
2026-09-01 12:14:00+00:00,19.59420181391897,507.32000732421875,317.2300109863281
2026-09-01 12:15:00+00:00,19.59420181391897,507.32000732421875,317.2300109863281
2026-09-01 12:16:00+00:00,19.60579628180767,507.32000732421875,317.2300109863281
2026-09-01 12:17:00+00:00,19.608070136996503,507.32000732421875,317.2300109863281
2026-09-01 12:18:00+00:00,19.64285757479729,507.32000732421875,317.2300109863281
2026-09-01 12:19:00+00:00,19.648654375259866,507.32000732421875,317.2300109863281
2026-09-01 12:20:00+00:00,19.652174153362466,507.32000732421875,317.2300109863281
2026-09-01 12:21:00+00:00,19.6347813458201,507.32000732421875,317.2300109863281
2026-09-01 12:22:00+00:00,19.640579685473767,507.32000732421875,317.2300109863281
2026-09-01 12:23:00+00:00,19.64285757479729,507.32000732421875,317.2300109863281
2026-09-01 12:24:00+00:00,19.64285757479729,507.32000732421875,317.2300109863281
2026-09-01 12:25:00+00:00,19.650932936810932,507.32000732421875,317.2300109863281
2026-09-01 12:26:00+00:00,19.650932936810932,507.32000732421875,317.2300109863281
2026-09-01 12:27:00+00:00,19.645135464120813,507.32000732421875,317.2300109863281
2026-09-01 12:28:00+00:00,19.645135464120813,507.32000732421875,317.2300109863281
2026-09-01 12:29:00+00:00,19.631261762197028,507.32000732421875,317.2300109863281
2026-09-01 12:30:00+00:00,19.619665949596765,507.32000732421875,317.2300109863281
2026-09-01 12:31:00+00:00,19.61614367680704,507.32000732421875,317.2300109863281
2026-09-01 12:32:00+00:00,19.584878511795978,507.32000732421875,317.2300109863281
2026-09-01 12:33:00+00:00,19.56748589873314,507.32000732421875,317.2300109863281
2026-09-01 12:34:00+00:00,19.56748589873314,507.32000732421875,317.2300109863281
2026-09-01 12:35:00+00:00,19.56521674990654,507.32000732421875,317.2300109863281
2026-09-01 12:36:00+00:00,19.59420181391897,507.32000732421875,317.2300109863281
2026-09-01 12:37:00+00:00,19.600000153572637,507.32000732421875,317.2300109863281
2026-09-01 12:38:00+00:00,19.61386914913419,507.32000732421875,317.2300109863281
2026-09-01 12:39:00+00:00,19.623186877931403,507.32000732421875,317.2300109863281
2026-09-01 12:40:00+00:00,19.6347813458201,507.32000732421875,317.2300109863281
2026-09-01 12:41:00+00:00,19.623186877931403,507.32000732421875,317.2300109863281
2026-09-01 12:42:00+00:00,19.623186877931403,507.32000732421875,317.2300109863281
2026-09-01 12:43:00+00:00,19.648654375259866,507.32000732421875,317.2300109863281
2026-09-01 12:44:00+00:00,19.666046988322705,507.32000732421875,317.2300109863281
2026-09-01 12:45:00+00:00,19.66025018786013,507.32000732421875,317.2300109863281
2026-09-01 12:46:00+00:00,19.683441813060654,507.32000732421875,317.2300109863281
2026-09-01 12:47:00+00:00,19.674127251434584,507.32000732421875,317.2300109863281
2026-09-01 12:48:00+00:00,19.68923861352323,507.32000732421875,317.2300109863281
2026-09-01 12:49:00+00:00,19.695037625660916,507.32000732421875,317.2300109863281
2026-09-01 12:50:00+00:00,19.683441813060654,507.32000732421875,317.2300109863281
2026-09-01 12:51:00+00:00,19.68572440874641,507.32000732421875,317.2300109863281
2026-09-01 12:52:00+00:00,19.683441813060654,507.32000732421875,317.2300109863281
2026-09-01 12:53:00+00:00,19.683441813060654,507.32000732421875,317.2300109863281
2026-09-01 12:54:00+00:00,19.683441813060654,507.32000732421875,317.2300109863281
2026-09-01 12:55:00+00:00,19.677642800922968,507.32000732421875,317.2300109863281
2026-09-01 12:56:00+00:00,19.68572440874641,507.32000732421875,317.2300109863281
2026-09-01 12:57:00+00:00,19.68572440874641,507.32000732421875,317.2300109863281
2026-09-01 12:58:00+00:00,19.683441813060654,507.32000732421875,317.2300109863281
2026-09-01 12:59:00+00:00,19.68572440874641,507.32000732421875,317.2300109863281
2026-09-01 13:00:00+00:00,19.681159217374898,507.32000732421875,317.2300109863281
2026-09-01 13:01:00+00:00,19.675360877721232,507.32000732421875,317.2300109863281
2026-09-01 13:02:00+00:00,19.681159217374898,507.32000732421875,317.2300109863281
2026-09-01 13:03:00+00:00,19.62670867297311,507.32000732421875,317.2300109863281
2026-09-01 13:04:00+00:00,19.62670867297311,507.32000732421875,317.2300109863281
2026-09-01 13:05:00+00:00,19.62898521758507,507.32000732421875,317.2300109863281
2026-09-01 13:06:00+00:00,19.6463758137088,507.32000732421875,317.2300109863281
2026-09-01 13:07:00+00:00,19.644097252157735,507.32000732421875,317.2300109863281
2026-09-01 13:08:00+00:00,19.652174153362466,507.32000732421875,317.2300109863281
2026-09-01 13:09:00+00:00,19.652174153362466,507.32000732421875,317.2300109863281
2026-09-01 13:10:00+00:00,19.652174153362466,507.32000732421875,317.2300109863281
2026-09-01 13:11:00+00:00,19.652174153362466,507.32000732421875,317.2300109863281
2026-09-01 13:12:00+00:00,19.6579702815975,507.32000732421875,317.2300109863281
2026-09-01 13:13:00+00:00,19.6463758137088,507.32000732421875,317.2300109863281
2026-09-01 13:14:00+00:00,19.663766409832533,507.32000732421875,317.2300109863281
2026-09-01 13:15:00+00:00,19.677642800922968,507.32000732421875,317.2300109863281
2026-09-01 13:16:00+00:00,19.6695647494862,507.32000732421875,317.2300109863281
2026-09-01 13:17:00+00:00,19.683441813060654,507.32000732421875,317.2300109863281
2026-09-01 13:18:00+00:00,19.683441813060654,507.32000732421875,317.2300109863281
2026-09-01 13:19:00+00:00,19.66025018786013,507.32000732421875,317.2300109863281
2026-09-01 13:20:00+00:00,19.6463758137088,507.32000732421875,317.2300109863281
2026-09-01 13:21:00+00:00,19.652174153362466,507.32000732421875,317.2300109863281
2026-09-01 13:22:00+00:00,19.663766409832533,507.32000732421875,317.2300109863281
2026-09-01 13:23:00+00:00,19.6695647494862,507.32000732421875,317.2300109863281
2026-09-01 13:24:00+00:00,19.6695647494862,507.32000732421875,317.2300109863281
2026-09-01 13:25:00+00:00,19.652174153362466,507.32000732421875,317.2300109863281
2026-09-01 13:26:00+00:00,19.6579702815975,507.32000732421875,317.2300109863281
2026-09-01 13:27:00+00:00,19.640579685473767,507.32000732421875,317.2300109863281
2026-09-01 13:28:00+00:00,19.640579685473767,507.32000732421875,317.2300109863281
2026-09-01 13:29:00+00:00,19.64285757479729,507.32000732421875,317.2300109863281
2026-09-01 13:30:00+00:00,19.647413353444335,497.2015075683594,316.70001220703125
2026-09-01 13:31:00+00:00,19.647413353444335,498.6199951171875,316.0
2026-09-01 13:32:00+00:00,19.68220664732644,499.2950134277344,315.5227966308594
2026-09-01 13:33:00+00:00,19.690291623695657,499.1300048828125,315.04998779296875
2026-09-01 13:34:00+00:00,19.69609044143681,498.9800109863281,315.3399963378906
2026-09-01 13:35:00+00:00,19.69837573352379,499.70001220703125,316.4599914550781
2026-09-01 13:36:00+00:00,19.69609044143681,501.6995849609375,317.2944030761719
2026-09-01 13:37:00+00:00,19.70066102561077,501.7699890136719,317.92999267578125
2026-09-01 13:38:00+00:00,19.70066102561077,500.7401123046875,317.8550109863281
2026-09-01 13:39:00+00:00,19.69486086222264,500.17999267578125,318.1650085449219
2026-09-01 13:40:00+00:00,19.70646340195708,501.8599853515625,318.385009765625
2026-09-01 13:41:00+00:00,19.70066102561077,503.0799865722656,318.8042907714844
2026-09-01 13:42:00+00:00,19.69486086222264,503.8699951171875,318.885009765625
2026-09-01 13:43:00+00:00,19.708749367124256,504.5799865722656,318.3699951171875
2026-09-01 13:44:00+00:00,19.69943212432736,503.45001220703125,319.1499938964844
2026-09-01 13:45:00+00:00,19.69714548148613,505.739990234375,319.44500732421875
2026-09-01 13:46:00+00:00,19.70066102561077,504.9700012207031,320.1890869140625
2026-09-01 13:47:00+00:00,19.69837573352379,505.16119384765625,320.3973083496094
2026-09-01 13:48:00+00:00,19.69486086222264,504.07000732421875,320.7749938964844
2026-09-01 13:49:00+00:00,19.69486086222264,504.3500061035156,320.6700134277344
2026-09-01 13:50:00+00:00,19.691342432059628,503.8900146484375,320.7900085449219
2026-09-01 13:51:00+00:00,19.69486086222264,503.19000244140625,321.5990905761719
2026-09-01 13:52:00+00:00,19.69714548148613,502.510009765625,320.94000244140625
2026-09-01 13:53:00+00:00,19.685541595848008,501.7850036621094,320.489990234375
2026-09-01 13:54:00+00:00,19.6832583224882,501.4150085449219,321.7449951171875
2026-09-01 13:55:00+00:00,19.66233382457176,501.93499755859375,321.2250061035156
2026-09-01 13:56:00+00:00,19.65653298836014,502.70001220703125,320.8299865722656
2026-09-01 13:57:00+00:00,19.64265053989675,501.9549865722656,321.1300048828125
2026-09-01 13:58:00+00:00,19.58463784122455,501.75,322.1050109863281
2026-09-01 13:59:00+00:00,19.556639839890067,502.3800048828125,322.69500732421875
2026-09-01 14:00:00+00:00,19.55210023083191,502.4732971191406,323.04998779296875
2026-09-01 14:01:00+00:00,19.556639839890067,503.0849914550781,322.9700012207031
2026-09-01 14:02:00+00:00,19.55437003536099,503.114990234375,322.3999938964844
2026-09-01 14:03:00+00:00,19.556639839890067,503.3699951171875,322.0
2026-09-01 14:04:00+00:00,19.55437003536099,503.3900146484375,321.80999755859375
2026-09-01 14:05:00+00:00,19.556639839890067,503.3299865722656,322.2049865722656
2026-09-01 14:06:00+00:00,19.558909644419145,503.5400085449219,322.489990234375
2026-09-01 14:07:00+00:00,19.561179448948224,504.10009765625,323.2250061035156
2026-09-01 14:08:00+00:00,19.561179448948224,503.6600036621094,322.760009765625
2026-09-01 14:09:00+00:00,19.561179448948224,503.80499267578125,323.0
2026-09-01 14:10:00+00:00,19.54376443079491,503.9898986816406,322.9700012207031
2026-09-01 14:11:00+00:00,19.54376443079491,504.1300048828125,323.19000244140625
2026-09-01 14:12:00+00:00,19.546034221440095,503.79998779296875,323.1650085449219
2026-09-01 14:13:00+00:00,19.546034221440095,503.8299865722656,323.4849853515625
2026-09-01 14:14:00+00:00,19.546034221440095,503.79998779296875,323.4049987792969
2026-09-01 14:15:00+00:00,19.546034221440095,503.9049987792969,323.589599609375
2026-09-01 14:16:00+00:00,19.54376443079491,504.6400146484375,323.29998779296875
2026-09-01 14:17:00+00:00,19.541496647038002,504.5899963378906,323.510009765625
2026-09-01 14:18:00+00:00,19.541496647038002,504.2349853515625,323.0849914550781
2026-09-01 14:19:00+00:00,19.54376443079491,504.5050048828125,323.5801086425781
2026-09-01 14:20:00+00:00,19.54376443079491,504.39569091796875,323.7200012207031
2026-09-01 14:21:00+00:00,19.54376443079491,504.04998779296875,324.510009765625
2026-09-01 14:22:00+00:00,19.54376443079491,504.2402038574219,325.0101013183594
2026-09-01 14:23:00+00:00,19.541496647038002,504.489990234375,324.875
2026-09-01 14:24:00+00:00,19.546034221440095,503.9800109863281,325.1449890136719
2026-09-01 14:25:00+00:00,19.54376443079491,504.3349914550781,324.8900146484375
2026-09-01 14:26:00+00:00,19.54376443079491,503.7550048828125,325.2900085449219
2026-09-01 14:27:00+00:00,19.539228863281096,503.7250061035156,324.989990234375
2026-09-01 14:28:00+00:00,19.539228863281096,503.8002014160156,324.79998779296875
2026-09-01 14:29:00+00:00,19.53696107952419,504.2200012207031,325.3445129394531
2026-09-01 14:30:00+00:00,19.534693295767283,504.30499267578125,324.8999938964844
2026-09-01 14:31:00+00:00,19.539228863281096,504.19000244140625,324.7229919433594
2026-09-01 14:32:00+00:00,19.539228863281096,503.739990234375,325.2699890136719
2026-09-01 14:33:00+00:00,19.539228863281096,503.7799987792969,325.5920104980469
2026-09-01 14:34:00+00:00,19.539228863281096,503.7699890136719,325.635009765625
2026-09-01 14:35:00+00:00,19.53696107952419,503.6650085449219,325.0729064941406
2026-09-01 14:36:00+00:00,19.539228863281096,503.7449951171875,324.8599853515625
2026-09-01 14:37:00+00:00,19.53696107952419,503.9200134277344,324.79998779296875
2026-09-01 14:38:00+00:00,19.53696107952419,504.1199951171875,324.5799865722656
2026-09-01 14:39:00+00:00,19.53696107952419,503.9750061035156,324.70001220703125
2026-09-01 14:40:00+00:00,19.534693295767283,503.860107421875,324.80499267578125
2026-09-01 14:41:00+00:00,19.534693295767283,503.6050109863281,324.6300048828125
2026-09-01 14:42:00+00:00,19.534693295767283,503.57000732421875,324.56500244140625
2026-09-01 14:43:00+00:00,19.53696107952419,503.4696044921875,324.4549865722656
2026-09-01 14:44:00+00:00,19.534693295767283,503.5299987792969,324.7349853515625
2026-09-01 14:45:00+00:00,19.53696107952419,503.4100036621094,324.6700134277344
2026-09-01 14:46:00+00:00,19.53696107952419,503.55499267578125,324.8450012207031
2026-09-01 14:47:00+00:00,19.53696107952419,503.5899963378906,325.0199890136719
2026-09-01 14:48:00+00:00,19.534693295767283,502.9350891113281,324.9599914550781
2026-09-01 14:49:00+00:00,19.532427518898658,502.5799865722656,325.19000244140625
2026-09-01 14:50:00+00:00,19.532427518898658,502.32000732421875,325.1300048828125
2026-09-01 14:51:00+00:00,19.53016174203003,502.4599914550781,324.8100891113281
2026-09-01 14:52:00+00:00,19.53016174203003,502.4100036621094,324.625
2026-09-01 14:53:00+00:00,19.53016174203003,502.5820007324219,324.6199951171875
2026-09-01 14:54:00+00:00,19.53016174203003,502.55499267578125,324.7998962402344
2026-09-01 14:55:00+00:00,19.532427518898658,502.5299987792969,324.7449951171875
2026-09-01 14:56:00+00:00,19.527895965161406,502.1095886230469,324.92999267578125
2026-09-01 14:57:00+00:00,19.527895965161406,501.80938720703125,324.96990966796875
2026-09-01 14:58:00+00:00,19.527895965161406,501.6099853515625,324.7850036621094
2026-09-01 14:59:00+00:00,19.527895965161406,501.6199951171875,324.3800048828125
2026-09-01 15:00:00+00:00,19.532427518898658,501.4700012207031,324.0032043457031
2026-09-01 15:01:00+00:00,19.53016174203003,501.67999267578125,324.2488098144531
2026-09-01 15:02:00+00:00,19.527895965161406,501.4200134277344,323.8299865722656
2026-09-01 15:03:00+00:00,19.527895965161406,501.1449890136719,323.47540283203125
2026-09-01 15:04:00+00:00,19.527895965161406,500.6099853515625,323.1199951171875
2026-09-01 15:05:00+00:00,19.527895965161406,500.6549987792969,323.3800048828125
2026-09-01 15:06:00+00:00,19.527895965161406,500.55999755859375,323.0199890136719
2026-09-01 15:07:00+00:00,19.527895965161406,500.30999755859375,322.8500061035156
2026-09-01 15:08:00+00:00,19.53016174203003,500.2550048828125,322.989990234375
2026-09-01 15:09:00+00:00,19.53016174203003,500.364990234375,323.1199951171875
2026-09-01 15:10:00+00:00,19.53016174203003,500.5450134277344,323.0849914550781
2026-09-01 15:11:00+00:00,19.53016174203003,500.3900146484375,323.114990234375
2026-09-01 15:12:00+00:00,19.53016174203003,500.3599853515625,322.8999938964844
2026-09-01 15:13:00+00:00,19.527895965161406,500.44500732421875,323.095703125
2026-09-01 15:14:00+00:00,19.52563018829278,500.385009765625,323.3599853515625
2026-09-01 15:15:00+00:00,19.52563018829278,500.6300048828125,323.8900146484375
2026-09-01 15:16:00+00:00,19.52563018829278,500.69000244140625,323.94500732421875
2026-09-01 15:17:00+00:00,19.52563018829278,500.54998779296875,324.4298095703125
2026-09-01 15:18:00+00:00,19.52563018829278,500.9100036621094,324.8599853515625
2026-09-01 15:19:00+00:00,19.52563018829278,500.87109375,325.05999755859375
2026-09-01 15:20:00+00:00,19.52563018829278,501.0398864746094,325.2099914550781
2026-09-01 15:21:00+00:00,19.523366418312435,501.1199951171875,325.114990234375
2026-09-01 15:22:00+00:00,19.523366418312435,501.2349853515625,324.7850036621094
2026-09-01 15:23:00+00:00,19.523366418312435,501.23919677734375,324.8550109863281
2026-09-01 15:24:00+00:00,19.52110264833209,501.5775146484375,324.9200134277344
2026-09-01 15:25:00+00:00,19.518838878351744,501.3399963378906,324.68499755859375
2026-09-01 15:26:00+00:00,19.52110264833209,501.2699890136719,324.8205871582031
2026-09-01 15:27:00+00:00,19.52110264833209,501.010009765625,324.6700134277344
2026-09-01 15:28:00+00:00,19.52110264833209,501.1400146484375,324.6000061035156
2026-09-01 15:29:00+00:00,19.523366418312435,501.17999267578125,324.6000061035156
2026-09-01 15:30:00+00:00,19.523366418312435,501.20001220703125,324.7051086425781
2026-09-01 15:31:00+00:00,19.523366418312435,501.1449890136719,324.41009521484375
2026-09-01 15:32:00+00:00,19.52110264833209,500.94500732421875,324.2969970703125
2026-09-01 15:33:00+00:00,19.52110264833209,501.1099853515625,324.3399963378906
2026-09-01 15:34:00+00:00,19.52110264833209,501.05499267578125,324.4200134277344
2026-09-01 15:35:00+00:00,19.523366418312435,501.0350036621094,324.2799987792969
2026-09-01 15:36:00+00:00,19.52110264833209,500.9150085449219,324.1300048828125
2026-09-01 15:37:00+00:00,19.52110264833209,501.0350036621094,324.2300109863281
2026-09-01 15:38:00+00:00,19.52110264833209,501.17999267578125,324.70001220703125
2026-09-01 15:39:00+00:00,19.52110264833209,501.1199951171875,324.5400085449219
2026-09-01 15:40:00+00:00,19.523366418312435,501.1199951171875,324.42999267578125
2026-09-01 15:41:00+00:00,19.52110264833209,500.9200134277344,324.76348876953125
2026-09-01 15:42:00+00:00,19.518838878351744,500.82501220703125,325.0350036621094
2026-09-01 15:43:00+00:00,19.518838878351744,500.94000244140625,325.2099914550781
2026-09-01 15:44:00+00:00,19.52110264833209,501.0199890136719,325.1499938964844
2026-09-01 15:45:00+00:00,19.52110264833209,500.8599853515625,325.2799987792969
2026-09-01 15:46:00+00:00,19.518838878351744,500.6300048828125,324.9849853515625
2026-09-01 15:47:00+00:00,19.518838878351744,500.8399963378906,325.25
2026-09-01 15:48:00+00:00,19.518838878351744,500.7850036621094,325.95819091796875
2026-09-01 15:49:00+00:00,19.518838878351744,500.864990234375,326.2200012207031
2026-09-01 15:50:00+00:00,19.52110264833209,501.2398986816406,326.276611328125
2026-09-01 15:51:00+00:00,19.52110264833209,501.0050048828125,326.55999755859375
2026-09-01 15:52:00+00:00,19.518838878351744,500.6700134277344,326.67999267578125
2026-09-01 15:53:00+00:00,19.518838878351744,500.8900146484375,327.18499755859375
2026-09-01 15:54:00+00:00,19.518838878351744,501.17999267578125,326.8800048828125
2026-09-01 15:55:00+00:00,19.518838878351744,501.125,326.6499938964844
2026-09-01 15:56:00+00:00,19.5165751083714,501.05999755859375,326.67999267578125
2026-09-01 15:57:00+00:00,19.5165751083714,501.0,326.6549987792969
2026-09-01 15:58:00+00:00,19.518838878351744,500.75,326.6499938964844
2026-09-01 15:59:00+00:00,19.52110264833209,500.7900085449219,326.3599853515625
2026-09-01 16:00:00+00:00,19.523366418312435,501.05999755859375,326.3900146484375
2026-09-01 16:01:00+00:00,19.52110264833209,500.6000061035156,325.9200134277344
2026-09-01 16:02:00+00:00,19.52110264833209,500.6300048828125,326.1199951171875
2026-09-01 16:03:00+00:00,19.518838878351744,500.7149963378906,326.125
2026-09-01 16:04:00+00:00,19.52110264833209,501.031494140625,326.1700134277344
2026-09-01 16:05:00+00:00,19.518838878351744,500.92498779296875,326.1600036621094
2026-09-01 16:06:00+00:00,19.518838878351744,500.69000244140625,326.32501220703125
2026-09-01 16:07:00+00:00,19.52110264833209,500.281005859375,326.4949951171875
2026-09-01 16:08:00+00:00,19.518838878351744,500.4164123535156,326.1000061035156
2026-09-01 16:09:00+00:00,19.518838878351744,500.0400085449219,326.3900146484375
2026-09-01 16:10:00+00:00,19.518838878351744,500.3550109863281,326.4200134277344
2026-09-01 16:11:00+00:00,19.518838878351744,500.3699951171875,326.114990234375
2026-09-01 16:12:00+00:00,19.518838878351744,500.4100036621094,325.9800109863281
2026-09-01 16:13:00+00:00,19.52110264833209,500.17999267578125,325.75
2026-09-01 16:14:00+00:00,19.518838878351744,499.8599853515625,325.5350036621094
2026-09-01 16:15:00+00:00,19.52110264833209,499.8429870605469,325.4700012207031
2026-09-01 16:16:00+00:00,19.5165751083714,499.7200012207031,325.7049865722656
2026-09-01 16:17:00+00:00,19.514315352167614,499.5450134277344,325.6099853515625
2026-09-01 16:18:00+00:00,19.5165751083714,499.4800109863281,325.4960021972656
2026-09-01 16:19:00+00:00,19.514315352167614,499.7193908691406,325.4849853515625
2026-09-01 16:20:00+00:00,19.509791825983484,500.0199890136719,325.6099853515625
2026-09-01 16:21:00+00:00,19.51205358907555,499.6400146484375,325.5
2026-09-01 16:22:00+00:00,19.514315352167614,499.7699890136719,326.260009765625
2026-09-01 16:23:00+00:00,19.5165751083714,500.1400146484375,327.1499938964844
2026-09-01 16:24:00+00:00,19.514315352167614,500.3550109863281,326.9599914550781
2026-09-01 16:25:00+00:00,19.514315352167614,500.5799865722656,326.95001220703125
2026-09-01 16:26:00+00:00,19.514315352167614,500.5199890136719,326.3900146484375
2026-09-01 16:27:00+00:00,19.514315352167614,500.6400146484375,326.625
2026-09-01 16:28:00+00:00,19.51205358907555,500.6400146484375,326.73590087890625
2026-09-01 16:29:00+00:00,19.514315352167614,500.7052917480469,326.6600036621094
2026-09-01 16:30:00+00:00,19.514315352167614,500.2799987792969,326.6449890136719
2026-09-01 16:31:00+00:00,19.51205358907555,499.8599853515625,326.7300109863281
2026-09-01 16:32:00+00:00,19.51205358907555,499.9150085449219,326.68499755859375
2026-09-01 16:33:00+00:00,19.509791825983484,500.0199890136719,326.57501220703125
2026-09-01 16:34:00+00:00,19.51205358907555,499.5799865722656,326.3900146484375
2026-09-01 16:35:00+00:00,19.51205358907555,499.7349853515625,326.5150146484375
2026-09-01 16:36:00+00:00,19.514315352167614,499.42999267578125,326.3319091796875
2026-09-01 16:37:00+00:00,19.514315352167614,499.67498779296875,326.1600036621094
2026-09-01 16:38:00+00:00,19.514315352167614,499.56500244140625,326.32501220703125
2026-09-01 16:39:00+00:00,19.5165751083714,499.7200012207031,326.4599914550781
2026-09-01 16:40:00+00:00,19.518838878351744,499.82501220703125,326.06500244140625
2026-09-01 16:41:00+00:00,19.5165751083714,499.8699035644531,326.17999267578125
2026-09-01 16:42:00+00:00,19.514315352167614,499.5000915527344,326.17498779296875
2026-09-01 16:43:00+00:00,19.514315352167614,499.54998779296875,326.05999755859375
2026-09-01 16:44:00+00:00,19.51205358907555,499.4826965332031,325.5299987792969
2026-09-01 16:45:00+00:00,19.514315352167614,499.54998779296875,325.81500244140625
2026-09-01 16:46:00+00:00,19.514315352167614,499.3900146484375,325.9200134277344
2026-09-01 16:47:00+00:00,19.514315352167614,499.1099853515625,326.07501220703125
2026-09-01 16:48:00+00:00,19.51205358907555,499.54998779296875,326.19000244140625
2026-09-01 16:49:00+00:00,19.51205358907555,499.8450012207031,325.9125061035156
2026-09-01 16:50:00+00:00,19.51205358907555,499.8999938964844,325.875
2026-09-01 16:51:00+00:00,19.51205358907555,499.81298828125,325.6199951171875
2026-09-01 16:52:00+00:00,19.51205358907555,500.1700134277344,325.5574951171875
2026-09-01 16:53:00+00:00,19.509791825983484,500.2699890136719,325.5526123046875
2026-09-01 16:54:00+00:00,19.51205358907555,500.19500732421875,325.3800048828125
2026-09-01 16:55:00+00:00,19.51205358907555,500.5,325.4649963378906
2026-09-01 16:56:00+00:00,19.509791825983484,500.5849914550781,325.5400085449219
2026-09-01 16:57:00+00:00,19.509791825983484,500.5350036621094,325.47198486328125
2026-09-01 16:58:00+00:00,19.51205358907555,500.6787109375,325.60888671875
2026-09-01 16:59:00+00:00,19.509791825983484,500.94500732421875,325.8599853515625
2026-09-01 17:00:00+00:00,19.509791825983484,500.6650085449219,325.70001220703125
2026-09-01 17:01:00+00:00,19.509791825983484,500.3599853515625,325.6300048828125
2026-09-01 17:02:00+00:00,19.509791825983484,500.6700134277344,325.57501220703125
2026-09-01 17:03:00+00:00,19.51205358907555,500.55999755859375,325.55999755859375
2026-09-01 17:04:00+00:00,19.514315352167614,500.31500244140625,325.5199890136719
2026-09-01 17:05:00+00:00,19.51205358907555,500.30999755859375,325.29998779296875
2026-09-01 17:06:00+00:00,19.51205358907555,500.0350036621094,325.2099914550781
2026-09-01 17:07:00+00:00,19.514315352167614,500.1850891113281,325.09130859375
2026-09-01 17:08:00+00:00,19.514315352167614,500.1549987792969,325.05499267578125
2026-09-01 17:09:00+00:00,19.5165751083714,500.3399963378906,325.04998779296875
2026-09-01 17:10:00+00:00,19.5165751083714,500.7200012207031,324.9949951171875
2026-09-01 17:11:00+00:00,19.5165751083714,500.7401123046875,325.0450134277344
2026-09-01 17:12:00+00:00,19.514315352167614,500.7250061035156,325.2699890136719
2026-09-01 17:13:00+00:00,19.514315352167614,500.92999267578125,325.135009765625
2026-09-01 17:14:00+00:00,19.514315352167614,500.8500061035156,325.0639953613281
2026-09-01 17:15:00+00:00,19.514315352167614,500.7348937988281,325.28009033203125
2026-09-01 17:16:00+00:00,19.51205358907555,500.6151123046875,325.04998779296875
2026-09-01 17:17:00+00:00,19.514315352167614,500.7349853515625,324.9849853515625
2026-09-01 17:18:00+00:00,19.514315352167614,500.7049865722656,324.926513671875
2026-09-01 17:19:00+00:00,19.5165751083714,500.6199951171875,324.9801025390625
2026-09-01 17:20:00+00:00,19.5165751083714,500.7650146484375,325.0
2026-09-01 17:21:00+00:00,19.5165751083714,501.114990234375,325.2449951171875
2026-09-01 17:22:00+00:00,19.5165751083714,500.9844970703125,325.29998779296875
2026-09-01 17:23:00+00:00,19.5165751083714,500.739990234375,325.0899963378906
2026-09-01 17:24:00+00:00,19.518838878351744,501.0050048828125,324.8999938964844
2026-09-01 17:25:00+00:00,19.5165751083714,500.9599914550781,324.8349914550781
2026-09-01 17:26:00+00:00,19.5165751083714,500.79998779296875,324.9599914550781
2026-09-01 17:27:00+00:00,19.514315352167614,501.0899963378906,324.8599853515625
2026-09-01 17:28:00+00:00,19.5165751083714,500.7099914550781,324.739990234375
2026-09-01 17:29:00+00:00,19.523366418312435,500.9750061035156,324.6499938964844
2026-09-01 17:30:00+00:00,19.52563018829278,501.05999755859375,324.6700134277344
2026-09-01 17:31:00+00:00,19.52563018829278,501.2349853515625,324.7135009765625
2026-09-01 17:32:00+00:00,19.523366418312435,501.2699890136719,324.7850036621094
2026-09-01 17:33:00+00:00,19.523366418312435,501.3500061035156,324.67498779296875
2026-09-01 17:34:00+00:00,19.5165751083714,501.7300109863281,324.77099609375
2026-09-01 17:35:00+00:00,19.518838878351744,501.4700012207031,324.70001220703125
2026-09-01 17:36:00+00:00,19.518838878351744,501.1499938964844,324.6199951171875
2026-09-01 17:37:00+00:00,19.518838878351744,501.2200012207031,324.6400146484375
2026-09-01 17:38:00+00:00,19.5165751083714,501.1098937988281,324.54998779296875
2026-09-01 17:39:00+00:00,19.5165751083714,501.1300048828125,324.6099853515625
2026-09-01 17:40:00+00:00,19.514315352167614,501.25,324.4700927734375
2026-09-01 17:41:00+00:00,19.5165751083714,501.3999938964844,324.5199890136719
2026-09-01 17:42:00+00:00,19.514315352167614,501.3999938964844,324.5799865722656
2026-09-01 17:43:00+00:00,19.51205358907555,501.3699951171875,324.78009033203125
2026-09-01 17:44:00+00:00,19.514315352167614,501.239990234375,324.86199951171875
2026-09-01 17:45:00+00:00,19.514315352167614,501.3800048828125,324.8699951171875
2026-09-01 17:46:00+00:00,19.514315352167614,501.67999267578125,324.6700134277344
2026-09-01 17:47:00+00:00,19.51205358907555,501.9700012207031,324.79998779296875
2026-09-01 17:48:00+00:00,19.51205358907555,501.6650085449219,324.7049865722656
2026-09-01 17:49:00+00:00,19.51205358907555,501.5,324.5849914550781
2026-09-01 17:50:00+00:00,19.51205358907555,501.4100036621094,324.60009765625
2026-09-01 17:51:00+00:00,19.51205358907555,501.2298889160156,324.92999267578125
2026-09-01 17:52:00+00:00,19.51205358907555,501.32000732421875,324.8699035644531
2026-09-01 17:53:00+00:00,19.51205358907555,501.1300048828125,324.6549987792969
2026-09-01 17:54:00+00:00,19.514315352167614,501.25,324.75
2026-09-01 17:55:00+00:00,19.51205358907555,501.3949890136719,324.8399963378906
2026-09-01 17:56:00+00:00,19.51205358907555,501.1099853515625,324.90008544921875
2026-09-01 17:57:00+00:00,19.51205358907555,501.260009765625,325.0050048828125
2026-09-01 17:58:00+00:00,19.51205358907555,501.3200988769531,325.0899963378906
2026-09-01 17:59:00+00:00,19.514315352167614,501.44000244140625,325.2099914550781
2026-09-01 18:00:00+00:00,19.514315352167614,501.3800048828125,325.32000732421875
2026-09-01 18:01:00+00:00,19.514315352167614,501.1900939941406,325.69000244140625
2026-09-01 18:02:00+00:00,19.514315352167614,501.45001220703125,325.5299987792969
2026-09-01 18:03:00+00:00,19.5165751083714,501.7799987792969,325.2349853515625
2026-09-01 18:04:00+00:00,19.5165751083714,501.5299987792969,325.17010498046875
2026-09-01 18:05:00+00:00,19.5165751083714,501.6000061035156,324.8851013183594
2026-09-01 18:06:00+00:00,19.5165751083714,500.8301086425781,324.8900146484375
2026-09-01 18:07:00+00:00,19.518838878351744,501.2099914550781,325.05999755859375
2026-09-01 18:08:00+00:00,19.518838878351744,501.04998779296875,324.9114990234375
2026-09-01 18:09:00+00:00,19.5165751083714,500.9248962402344,325.20001220703125
2026-09-01 18:10:00+00:00,19.514315352167614,501.0000915527344,325.1050109863281
2026-09-01 18:11:00+00:00,19.514315352167614,501.05499267578125,325.0798034667969
2026-09-01 18:12:00+00:00,19.514315352167614,501.0249938964844,325.17999267578125
2026-09-01 18:13:00+00:00,19.514315352167614,500.92999267578125,325.1000061035156
2026-09-01 18:14:00+00:00,19.514315352167614,500.68499755859375,324.92498779296875
2026-09-01 18:15:00+00:00,19.51205358907555,500.7250061035156,324.7200012207031
2026-09-01 18:16:00+00:00,19.51205358907555,500.7799987792969,324.7850036621094
2026-09-01 18:17:00+00:00,19.514315352167614,500.92498779296875,324.8500061035156
2026-09-01 18:18:00+00:00,19.514315352167614,501.0299987792969,324.94830322265625
2026-09-01 18:19:00+00:00,19.514315352167614,501.2699890136719,325.114990234375
2026-09-01 18:20:00+00:00,19.514315352167614,501.2900085449219,325.1400146484375
2026-09-01 18:21:00+00:00,19.5165751083714,501.07000732421875,325.0920104980469
2026-09-01 18:22:00+00:00,19.514315352167614,501.25,325.05999755859375
2026-09-01 18:23:00+00:00,19.5165751083714,501.4491882324219,324.8500061035156
2026-09-01 18:24:00+00:00,19.5165751083714,501.4794921875,324.9800109863281
2026-09-01 18:25:00+00:00,19.514315352167614,501.3399963378906,325.0198974609375
2026-09-01 18:26:00+00:00,19.514315352167614,501.239990234375,325.1600036621094
2026-09-01 18:27:00+00:00,19.514315352167614,501.2799987792969,325.43499755859375
2026-09-01 18:28:00+00:00,19.514315352167614,501.17498779296875,325.30999755859375
2026-09-01 18:29:00+00:00,19.514315352167614,501.3699951171875,325.2099914550781
2026-09-01 18:30:00+00:00,19.514315352167614,501.260009765625,324.7698974609375
2026-09-01 18:31:00+00:00,19.51205358907555,501.1499938964844,324.6300048828125
2026-09-01 18:32:00+00:00,19.51205358907555,501.2799987792969,324.7099914550781
2026-09-01 18:33:00+00:00,19.514315352167614,500.93499755859375,324.7900085449219
2026-09-01 18:34:00+00:00,19.514315352167614,500.614990234375,324.8599853515625
2026-09-01 18:35:00+00:00,19.514315352167614,500.6000061035156,324.8800048828125
2026-09-01 18:36:00+00:00,19.514315352167614,500.54998779296875,325.0899963378906
2026-09-01 18:37:00+00:00,19.51205358907555,500.389404296875,325.0150146484375
2026-09-01 18:38:00+00:00,19.51205358907555,500.5150146484375,324.9100036621094
2026-09-01 18:39:00+00:00,19.509791825983484,500.5299987792969,324.69000244140625
2026-09-01 18:40:00+00:00,19.51205358907555,500.5,324.6820068359375
2026-09-01 18:41:00+00:00,19.509791825983484,500.4599914550781,324.6600036621094
2026-09-01 18:42:00+00:00,19.509791825983484,500.2300109863281,324.7149963378906
2026-09-01 18:43:00+00:00,19.51205358907555,500.1700134277344,324.5600891113281
2026-09-01 18:44:00+00:00,19.51205358907555,500.3399963378906,324.5400085449219
2026-09-01 18:45:00+00:00,19.51205358907555,500.3599853515625,324.4617919921875
2026-09-01 18:46:00+00:00,19.51205358907555,500.70001220703125,324.67999267578125
2026-09-01 18:47:00+00:00,19.51205358907555,500.8599853515625,324.79998779296875
2026-09-01 18:48:00+00:00,19.514315352167614,500.7900085449219,324.760009765625
2026-09-01 18:49:00+00:00,19.514315352167614,500.9049987792969,325.0400085449219
2026-09-01 18:50:00+00:00,19.514315352167614,501.0350036621094,324.7900085449219
2026-09-01 18:51:00+00:00,19.5165751083714,501.19500732421875,325.06500244140625
2026-09-01 18:52:00+00:00,19.514315352167614,501.1099853515625,325.5950012207031
2026-09-01 18:53:00+00:00,19.514315352167614,501.05999755859375,325.44000244140625
2026-09-01 18:54:00+00:00,19.5165751083714,501.0060119628906,325.4599914550781
2026-09-01 18:55:00+00:00,19.514315352167614,500.8900146484375,325.3599853515625
2026-09-01 18:56:00+00:00,19.5165751083714,501.239990234375,325.6899108886719
2026-09-01 18:57:00+00:00,19.5165751083714,501.0849914550781,325.5299987792969
2026-09-01 18:58:00+00:00,19.5165751083714,501.1199951171875,325.7449951171875
2026-09-01 18:59:00+00:00,19.518838878351744,500.8851013183594,325.5450134277344
2026-09-01 19:00:00+00:00,19.5165751083714,500.69500732421875,325.70001220703125
2026-09-01 19:01:00+00:00,19.5165751083714,500.8349914550781,325.5350036621094
2026-09-01 19:02:00+00:00,19.5165751083714,501.05999755859375,325.3380126953125
2026-09-01 19:03:00+00:00,19.5165751083714,501.2349853515625,325.5050048828125
2026-09-01 19:04:00+00:00,19.518838878351744,501.135009765625,325.5249938964844
2026-09-01 19:05:00+00:00,19.52110264833209,500.8299865722656,325.3450012207031
2026-09-01 19:06:00+00:00,19.52110264833209,500.9800109863281,325.5950012207031
2026-09-01 19:07:00+00:00,19.52110264833209,500.9599914550781,325.4849853515625
2026-09-01 19:08:00+00:00,19.52110264833209,501.0050048828125,325.2749938964844
2026-09-01 19:09:00+00:00,19.52110264833209,500.7950134277344,325.2361145019531
2026-09-01 19:10:00+00:00,19.52110264833209,500.9200134277344,325.3500061035156
2026-09-01 19:11:00+00:00,19.52110264833209,500.94000244140625,325.5849914550781
2026-09-01 19:12:00+00:00,19.52110264833209,500.8399963378906,325.6600036621094
2026-09-01 19:13:00+00:00,19.52110264833209,500.7950134277344,325.5799865722656
2026-09-01 19:14:00+00:00,19.52110264833209,500.94500732421875,325.7799987792969
2026-09-01 19:15:00+00:00,19.52110264833209,500.8450012207031,325.67999267578125
2026-09-01 19:16:00+00:00,19.52110264833209,500.8819885253906,325.75
2026-09-01 19:17:00+00:00,19.52110264833209,500.79998779296875,325.6099853515625
2026-09-01 19:18:00+00:00,19.52110264833209,500.94500732421875,325.55999755859375
2026-09-01 19:19:00+00:00,19.52110264833209,500.9049987792969,325.6300048828125
2026-09-01 19:20:00+00:00,19.52110264833209,501.0199890136719,325.385009765625
2026-09-01 19:21:00+00:00,19.52110264833209,501.0101013183594,325.510009765625
2026-09-01 19:22:00+00:00,19.52110264833209,501.0,325.70001220703125
2026-09-01 19:23:00+00:00,19.52110264833209,500.9700012207031,325.7099914550781
2026-09-01 19:24:00+00:00,19.52110264833209,500.82000732421875,325.660400390625
2026-09-01 19:25:00+00:00,19.518838878351744,500.75,325.6700134277344
2026-09-01 19:26:00+00:00,19.518838878351744,500.6199951171875,325.7300109863281
2026-09-01 19:27:00+00:00,19.518838878351744,500.68499755859375,325.75
2026-09-01 19:28:00+00:00,19.518838878351744,500.79998779296875,325.75
2026-09-01 19:29:00+00:00,19.518838878351744,500.8699951171875,325.57000732421875
2026-09-01 19:30:00+00:00,19.52110264833209,501.0361022949219,325.4599914550781
2026-09-01 19:31:00+00:00,19.52110264833209,501.159912109375,325.4700012207031
2026-09-01 19:32:00+00:00,19.518838878351744,501.20001220703125,325.24090576171875
2026-09-01 19:33:00+00:00,19.518838878351744,501.4200134277344,325.4620056152344
2026-09-01 19:34:00+00:00,19.5165751083714,501.7099914550781,325.3299865722656
2026-09-01 19:35:00+00:00,19.5165751083714,501.6199951171875,325.4009094238281
2026-09-01 19:36:00+00:00,19.5165751083714,501.4849853515625,325.20001220703125
2026-09-01 19:37:00+00:00,19.5165751083714,501.4800109863281,325.32000732421875
2026-09-01 19:38:00+00:00,19.5165751083714,501.4700012207031,325.3999938964844
2026-09-01 19:39:00+00:00,19.5165751083714,501.07501220703125,325.3999938964844
2026-09-01 19:40:00+00:00,19.5165751083714,500.8999938964844,325.2300109863281
2026-09-01 19:41:00+00:00,19.5165751083714,501.0,325.3299865722656
2026-09-01 19:42:00+00:00,19.5165751083714,500.7200012207031,325.30999755859375
2026-09-01 19:43:00+00:00,19.5165751083714,500.6099853515625,325.2200012207031
2026-09-01 19:44:00+00:00,19.5165751083714,500.7250061035156,325.364990234375
2026-09-01 19:45:00+00:00,19.514315352167614,500.5299987792969,325.3599853515625
2026-09-01 19:46:00+00:00,19.514315352167614,500.44000244140625,325.6098937988281
2026-09-01 19:47:00+00:00,19.5165751083714,500.7149963378906,325.69000244140625
2026-09-01 19:48:00+00:00,19.5165751083714,500.8699951171875,325.6449890136719
2026-09-01 19:49:00+00:00,19.514315352167614,500.6600036621094,325.7749938964844
2026-09-01 19:50:00+00:00,19.5165751083714,500.5799865722656,325.760009765625
2026-09-01 19:51:00+00:00,19.5165751083714,500.5400085449219,325.7099914550781
2026-09-01 19:52:00+00:00,19.5165751083714,500.55999755859375,325.6000061035156
2026-09-01 19:53:00+00:00,19.5165751083714,500.30999755859375,324.6600036621094
2026-09-01 19:54:00+00:00,19.5165751083714,500.9049987792969,324.92999267578125
2026-09-01 19:55:00+00:00,19.5165751083714,500.6000061035156,324.44000244140625
2026-09-01 19:56:00+00:00,19.5165751083714,500.6000061035156,324.54998779296875
2026-09-01 19:57:00+00:00,19.5165751083714,500.45001220703125,324.75
2026-09-01 19:58:00+00:00,19.5165751083714,500.6300048828125,325.0199890136719
2026-09-01 19:59:00+00:00,19.5165751083714,501.1499938964844,325.1400146484375
2026-09-01 20:00:00+00:00,19.514315352167614,501.1499938964844,325.1400146484375
2026-09-01 20:01:00+00:00,19.514315352167614,501.1499938964844,325.1400146484375
2026-09-01 20:02:00+00:00,19.514315352167614,501.1499938964844,325.1400146484375
2026-09-01 20:03:00+00:00,19.5165751083714,501.1499938964844,325.1400146484375
2026-09-01 20:04:00+00:00,19.514315352167614,501.1499938964844,325.1400146484375
2026-09-01 20:05:00+00:00,19.5165751083714,501.1499938964844,325.1400146484375
2026-09-01 20:06:00+00:00,19.5165751083714,501.1499938964844,325.1400146484375
2026-09-01 20:07:00+00:00,19.5165751083714,501.1499938964844,325.1400146484375
2026-09-01 20:08:00+00:00,19.5165751083714,501.1499938964844,325.1400146484375
2026-09-01 20:09:00+00:00,19.514315352167614,501.1499938964844,325.1400146484375
2026-09-01 20:10:00+00:00,19.514315352167614,501.1499938964844,325.1400146484375
2026-09-01 20:11:00+00:00,19.514315352167614,501.1499938964844,325.1400146484375
2026-09-01 20:12:00+00:00,19.514315352167614,501.1499938964844,325.1400146484375
2026-09-01 20:13:00+00:00,19.514315352167614,501.1499938964844,325.1400146484375
2026-09-01 20:14:00+00:00,19.514315352167614,501.1499938964844,325.1400146484375
2026-09-01 20:15:00+00:00,19.514315352167614,501.1499938964844,325.1400146484375
2026-09-01 20:16:00+00:00,19.514315352167614,501.1499938964844,325.1400146484375
2026-09-01 20:17:00+00:00,19.514315352167614,501.1499938964844,325.1400146484375
2026-09-01 20:18:00+00:00,19.5165751083714,501.1499938964844,325.1400146484375
2026-09-01 20:19:00+00:00,19.5165751083714,501.1499938964844,325.1400146484375
2026-09-01 20:20:00+00:00,19.514315352167614,501.1499938964844,325.1400146484375
2026-09-01 20:21:00+00:00,19.5165751083714,501.1499938964844,325.1400146484375
2026-09-01 20:22:00+00:00,19.5165751083714,501.1499938964844,325.1400146484375
2026-09-01 20:23:00+00:00,19.518838878351744,501.1499938964844,325.1400146484375
2026-09-01 20:24:00+00:00,19.5165751083714,501.1499938964844,325.1400146484375
2026-09-01 20:25:00+00:00,19.518838878351744,501.1499938964844,325.1400146484375
2026-09-01 20:26:00+00:00,19.5165751083714,501.1499938964844,325.1400146484375
2026-09-01 20:27:00+00:00,19.5165751083714,501.1499938964844,325.1400146484375
2026-09-01 20:28:00+00:00,19.5165751083714,501.1499938964844,325.1400146484375
2026-09-01 20:29:00+00:00,19.5165751083714,501.1499938964844,325.1400146484375
2026-09-01 20:30:00+00:00,19.5165751083714,501.1499938964844,325.1400146484375
2026-09-01 20:31:00+00:00,19.5165751083714,501.1499938964844,325.1400146484375
2026-09-01 20:32:00+00:00,19.5165751083714,501.1499938964844,325.1400146484375
2026-09-01 20:33:00+00:00,19.5165751083714,501.1499938964844,325.1400146484375
2026-09-01 20:34:00+00:00,19.5165751083714,501.1499938964844,325.1400146484375
2026-09-01 20:35:00+00:00,19.5165751083714,501.1499938964844,325.1400146484375
2026-09-01 20:36:00+00:00,19.518838878351744,501.1499938964844,325.1400146484375
2026-09-01 20:37:00+00:00,19.5165751083714,501.1499938964844,325.1400146484375
2026-09-01 20:38:00+00:00,19.5165751083714,501.1499938964844,325.1400146484375
2026-09-01 20:39:00+00:00,19.5165751083714,501.1499938964844,325.1400146484375
2026-09-01 20:40:00+00:00,19.518838878351744,501.1499938964844,325.1400146484375
2026-09-01 20:41:00+00:00,19.518838878351744,501.1499938964844,325.1400146484375
2026-09-01 20:42:00+00:00,19.518838878351744,501.1499938964844,325.1400146484375
2026-09-01 20:43:00+00:00,19.52110264833209,501.1499938964844,325.1400146484375
2026-09-01 20:44:00+00:00,19.52110264833209,501.1499938964844,325.1400146484375
2026-09-01 20:45:00+00:00,19.52110264833209,501.1499938964844,325.1400146484375
2026-09-01 20:46:00+00:00,19.52110264833209,501.1499938964844,325.1400146484375
2026-09-01 20:47:00+00:00,19.52110264833209,501.1499938964844,325.1400146484375
2026-09-01 20:48:00+00:00,19.52110264833209,501.1499938964844,325.1400146484375
2026-09-01 20:49:00+00:00,19.52110264833209,501.1499938964844,325.1400146484375
2026-09-01 20:50:00+00:00,19.52110264833209,501.1499938964844,325.1400146484375
2026-09-01 20:51:00+00:00,19.52110264833209,501.1499938964844,325.1400146484375
2026-09-01 20:52:00+00:00,19.518838878351744,501.1499938964844,325.1400146484375
2026-09-01 20:53:00+00:00,19.52110264833209,501.1499938964844,325.1400146484375
2026-09-01 20:54:00+00:00,19.52110264833209,501.1499938964844,325.1400146484375
2026-09-01 20:55:00+00:00,19.52110264833209,501.1499938964844,325.1400146484375
2026-09-01 20:56:00+00:00,19.52110264833209,501.1499938964844,325.1400146484375
2026-09-01 20:57:00+00:00,19.523366418312435,501.1499938964844,325.1400146484375
2026-09-01 20:58:00+00:00,19.52110264833209,501.1499938964844,325.1400146484375
2026-09-01 20:59:00+00:00,19.52110264833209,501.1499938964844,325.1400146484375
2026-09-01 21:00:00+00:00,19.518838878351744,501.1499938964844,325.1400146484375
2026-09-01 21:01:00+00:00,19.518838878351744,501.1499938964844,325.1400146484375
2026-09-01 21:02:00+00:00,19.52110264833209,501.1499938964844,325.1400146484375
2026-09-01 21:03:00+00:00,19.52563018829278,501.1499938964844,325.1400146484375
2026-09-01 21:04:00+00:00,19.52563018829278,501.1499938964844,325.1400146484375
2026-09-01 21:05:00+00:00,19.52110264833209,501.1499938964844,325.1400146484375
2026-09-01 21:06:00+00:00,19.518838878351744,501.1499938964844,325.1400146484375
2026-09-01 21:07:00+00:00,19.5165751083714,501.1499938964844,325.1400146484375
2026-09-01 21:08:00+00:00,19.518838878351744,501.1499938964844,325.1400146484375
2026-09-01 21:09:00+00:00,19.5165751083714,501.1499938964844,325.1400146484375
2026-09-01 21:10:00+00:00,19.5165751083714,501.1499938964844,325.1400146484375
2026-09-01 21:11:00+00:00,19.518838878351744,501.1499938964844,325.1400146484375
2026-09-01 21:12:00+00:00,19.5165751083714,501.1499938964844,325.1400146484375
2026-09-01 21:13:00+00:00,19.5165751083714,501.1499938964844,325.1400146484375
2026-09-01 21:14:00+00:00,19.5165751083714,501.1499938964844,325.1400146484375
2026-09-01 21:15:00+00:00,19.518838878351744,501.1499938964844,325.1400146484375
2026-09-01 21:16:00+00:00,19.51205358907555,501.1499938964844,325.1400146484375
2026-09-01 21:17:00+00:00,19.518838878351744,501.1499938964844,325.1400146484375
2026-09-01 21:18:00+00:00,19.518838878351744,501.1499938964844,325.1400146484375
2026-09-01 21:19:00+00:00,19.518838878351744,501.1499938964844,325.1400146484375
2026-09-01 21:20:00+00:00,19.5165751083714,501.1499938964844,325.1400146484375
2026-09-01 21:21:00+00:00,19.514315352167614,501.1499938964844,325.1400146484375
2026-09-01 21:22:00+00:00,19.518838878351744,501.1499938964844,325.1400146484375
2026-09-01 21:23:00+00:00,19.514315352167614,501.1499938964844,325.1400146484375
2026-09-01 21:24:00+00:00,19.518838878351744,501.1499938964844,325.1400146484375
2026-09-01 21:25:00+00:00,19.5165751083714,501.1499938964844,325.1400146484375
2026-09-01 21:26:00+00:00,19.518838878351744,501.1499938964844,325.1400146484375
2026-09-01 21:27:00+00:00,19.514315352167614,501.1499938964844,325.1400146484375
2026-09-01 21:28:00+00:00,19.518838878351744,501.1499938964844,325.1400146484375
2026-09-01 21:29:00+00:00,19.5165751083714,501.1499938964844,325.1400146484375
2026-09-01 21:30:00+00:00,19.518838878351744,501.1499938964844,325.1400146484375
2026-09-01 21:31:00+00:00,19.518838878351744,501.1499938964844,325.1400146484375
2026-09-01 21:32:00+00:00,19.518838878351744,501.1499938964844,325.1400146484375
2026-09-01 21:33:00+00:00,19.5165751083714,501.1499938964844,325.1400146484375
2026-09-01 21:34:00+00:00,19.5165751083714,501.1499938964844,325.1400146484375
2026-09-01 21:35:00+00:00,19.5165751083714,501.1499938964844,325.1400146484375
2026-09-01 21:36:00+00:00,19.5165751083714,501.1499938964844,325.1400146484375
2026-09-01 21:37:00+00:00,19.5165751083714,501.1499938964844,325.1400146484375
2026-09-01 21:38:00+00:00,19.5165751083714,501.1499938964844,325.1400146484375
2026-09-01 21:39:00+00:00,19.5165751083714,501.1499938964844,325.1400146484375
2026-09-01 21:40:00+00:00,19.52110264833209,501.1499938964844,325.1400146484375
2026-09-01 21:41:00+00:00,19.518838878351744,501.1499938964844,325.1400146484375
2026-09-01 21:42:00+00:00,19.5165751083714,501.1499938964844,325.1400146484375
2026-09-01 21:43:00+00:00,19.518838878351744,501.1499938964844,325.1400146484375
2026-09-01 21:44:00+00:00,19.518838878351744,501.1499938964844,325.1400146484375
2026-09-01 21:45:00+00:00,19.518838878351744,501.1499938964844,325.1400146484375
2026-09-01 21:46:00+00:00,19.518838878351744,501.1499938964844,325.1400146484375
2026-09-01 21:47:00+00:00,19.5165751083714,501.1499938964844,325.1400146484375
2026-09-01 21:48:00+00:00,19.5165751083714,501.1499938964844,325.1400146484375
2026-09-01 21:49:00+00:00,19.5165751083714,501.1499938964844,325.1400146484375
2026-09-01 21:50:00+00:00,19.52110264833209,501.1499938964844,325.1400146484375
2026-09-01 21:51:00+00:00,19.52110264833209,501.1499938964844,325.1400146484375
2026-09-01 21:52:00+00:00,19.518838878351744,501.1499938964844,325.1400146484375
2026-09-01 21:53:00+00:00,19.523366418312435,501.1499938964844,325.1400146484375
2026-09-01 21:54:00+00:00,19.5165751083714,501.1499938964844,325.1400146484375
2026-09-01 21:55:00+00:00,19.52110264833209,501.1499938964844,325.1400146484375
2026-09-01 21:56:00+00:00,19.518838878351744,501.1499938964844,325.1400146484375
2026-09-01 21:57:00+00:00,19.518838878351744,501.1499938964844,325.1400146484375
2026-09-01 21:58:00+00:00,19.518838878351744,501.1499938964844,325.1400146484375
2026-09-01 21:59:00+00:00,19.52110264833209,501.1499938964844,325.1400146484375
2026-09-01 22:00:00+00:00,19.52110264833209,501.1499938964844,325.1400146484375
2026-09-01 22:01:00+00:00,19.523366418312435,501.1499938964844,325.1400146484375
2026-09-01 22:02:00+00:00,19.523366418312435,501.1499938964844,325.1400146484375
2026-09-01 22:03:00+00:00,19.523366418312435,501.1499938964844,325.1400146484375
2026-09-01 22:04:00+00:00,19.523366418312435,501.1499938964844,325.1400146484375
2026-09-01 22:05:00+00:00,19.523366418312435,501.1499938964844,325.1400146484375
2026-09-01 22:06:00+00:00,19.523366418312435,501.1499938964844,325.1400146484375
2026-09-01 22:07:00+00:00,19.523366418312435,501.1499938964844,325.1400146484375
2026-09-01 22:08:00+00:00,19.523366418312435,501.1499938964844,325.1400146484375
2026-09-01 22:09:00+00:00,19.52563018829278,501.1499938964844,325.1400146484375
2026-09-01 22:10:00+00:00,19.52563018829278,501.1499938964844,325.1400146484375
2026-09-01 22:11:00+00:00,19.52563018829278,501.1499938964844,325.1400146484375
2026-09-01 22:12:00+00:00,19.527895965161406,501.1499938964844,325.1400146484375
2026-09-01 22:13:00+00:00,19.527895965161406,501.1499938964844,325.1400146484375
2026-09-01 22:14:00+00:00,19.52563018829278,501.1499938964844,325.1400146484375
2026-09-01 22:15:00+00:00,19.52563018829278,501.1499938964844,325.1400146484375
2026-09-01 22:16:00+00:00,19.52563018829278,501.1499938964844,325.1400146484375
2026-09-01 22:17:00+00:00,19.52563018829278,501.1499938964844,325.1400146484375
2026-09-01 22:18:00+00:00,19.52563018829278,501.1499938964844,325.1400146484375
2026-09-01 22:19:00+00:00,19.52563018829278,501.1499938964844,325.1400146484375
2026-09-01 22:20:00+00:00,19.527895965161406,501.1499938964844,325.1400146484375
2026-09-01 22:21:00+00:00,19.527895965161406,501.1499938964844,325.1400146484375
2026-09-01 22:22:00+00:00,19.527895965161406,501.1499938964844,325.1400146484375
2026-09-01 22:23:00+00:00,19.527895965161406,501.1499938964844,325.1400146484375
2026-09-01 22:24:00+00:00,19.52563018829278,501.1499938964844,325.1400146484375
2026-09-01 22:25:00+00:00,19.527895965161406,501.1499938964844,325.1400146484375
2026-09-01 22:26:00+00:00,19.523366418312435,501.1499938964844,325.1400146484375
2026-09-01 22:27:00+00:00,19.523366418312435,501.1499938964844,325.1400146484375
2026-09-01 22:28:00+00:00,19.523366418312435,501.1499938964844,325.1400146484375
2026-09-01 22:29:00+00:00,19.523366418312435,501.1499938964844,325.1400146484375
2026-09-01 22:30:00+00:00,19.523366418312435,501.1499938964844,325.1400146484375
2026-09-01 22:31:00+00:00,19.523366418312435,501.1499938964844,325.1400146484375
2026-09-01 22:32:00+00:00,19.523366418312435,501.1499938964844,325.1400146484375
2026-09-01 22:33:00+00:00,19.523366418312435,501.1499938964844,325.1400146484375
2026-09-01 22:34:00+00:00,19.523366418312435,501.1499938964844,325.1400146484375
2026-09-01 22:35:00+00:00,19.523366418312435,501.1499938964844,325.1400146484375
2026-09-01 22:36:00+00:00,19.523366418312435,501.1499938964844,325.1400146484375
2026-09-01 22:37:00+00:00,19.523366418312435,501.1499938964844,325.1400146484375
2026-09-01 22:38:00+00:00,19.523366418312435,501.1499938964844,325.1400146484375
2026-09-01 22:39:00+00:00,19.523366418312435,501.1499938964844,325.1400146484375
2026-09-01 22:40:00+00:00,19.523366418312435,501.1499938964844,325.1400146484375
2026-09-01 22:41:00+00:00,19.52110264833209,501.1499938964844,325.1400146484375
2026-09-01 22:42:00+00:00,19.52110264833209,501.1499938964844,325.1400146484375
2026-09-01 22:43:00+00:00,19.52110264833209,501.1499938964844,325.1400146484375
2026-09-01 22:44:00+00:00,19.523366418312435,501.1499938964844,325.1400146484375
2026-09-01 22:45:00+00:00,19.52110264833209,501.1499938964844,325.1400146484375
2026-09-01 22:46:00+00:00,19.52110264833209,501.1499938964844,325.1400146484375
2026-09-01 22:47:00+00:00,19.52110264833209,501.1499938964844,325.1400146484375
2026-09-01 22:48:00+00:00,19.52110264833209,501.1499938964844,325.1400146484375
2026-09-01 22:49:00+00:00,19.523366418312435,501.1499938964844,325.1400146484375
2026-09-01 22:50:00+00:00,19.52110264833209,501.1499938964844,325.1400146484375
2026-09-01 22:51:00+00:00,19.52110264833209,501.1499938964844,325.1400146484375
2026-09-01 22:52:00+00:00,19.52110264833209,501.1499938964844,325.1400146484375
2026-09-01 22:53:00+00:00,19.52110264833209,501.1499938964844,325.1400146484375
2026-09-01 22:54:00+00:00,19.52110264833209,501.1499938964844,325.1400146484375
2026-09-01 22:55:00+00:00,19.52110264833209,501.1499938964844,325.1400146484375
2026-09-01 22:56:00+00:00,19.52110264833209,501.1499938964844,325.1400146484375
2026-09-01 22:57:00+00:00,19.523366418312435,501.1499938964844,325.1400146484375
2026-09-01 22:58:00+00:00,19.523366418312435,501.1499938964844,325.1400146484375
2026-09-01 23:00:00+00:00,19.52110264833209,501.1499938964844,325.1400146484375
2026-09-01 23:01:00+00:00,19.52110264833209,501.1499938964844,325.1400146484375
2026-09-01 23:02:00+00:00,19.52110264833209,501.1499938964844,325.1400146484375
2026-09-01 23:03:00+00:00,19.52110264833209,501.1499938964844,325.1400146484375
2026-09-01 23:04:00+00:00,19.52110264833209,501.1499938964844,325.1400146484375
2026-09-01 23:05:00+00:00,19.52110264833209,501.1499938964844,325.1400146484375
2026-09-01 23:06:00+00:00,19.52110264833209,501.1499938964844,325.1400146484375
2026-09-01 23:07:00+00:00,19.52110264833209,501.1499938964844,325.1400146484375
2026-09-01 23:08:00+00:00,19.52110264833209,501.1499938964844,325.1400146484375
2026-09-01 23:09:00+00:00,19.52110264833209,501.1499938964844,325.1400146484375
2026-09-01 23:10:00+00:00,19.523366418312435,501.1499938964844,325.1400146484375
2026-09-01 23:11:00+00:00,19.523366418312435,501.1499938964844,325.1400146484375
2026-09-01 23:12:00+00:00,19.523366418312435,501.1499938964844,325.1400146484375
2026-09-01 23:13:00+00:00,19.523366418312435,501.1499938964844,325.1400146484375
2026-09-01 23:14:00+00:00,19.523366418312435,501.1499938964844,325.1400146484375
2026-09-01 23:15:00+00:00,19.52110264833209,501.1499938964844,325.1400146484375
2026-09-01 23:16:00+00:00,19.52110264833209,501.1499938964844,325.1400146484375
2026-09-01 23:17:00+00:00,19.52110264833209,501.1499938964844,325.1400146484375
2026-09-01 23:18:00+00:00,19.52110264833209,501.1499938964844,325.1400146484375
2026-09-01 23:19:00+00:00,19.523366418312435,501.1499938964844,325.1400146484375
2026-09-01 23:20:00+00:00,19.523366418312435,501.1499938964844,325.1400146484375
2026-09-01 23:21:00+00:00,19.52110264833209,501.1499938964844,325.1400146484375
2026-09-01 23:22:00+00:00,19.52110264833209,501.1499938964844,325.1400146484375
2026-09-01 23:23:00+00:00,19.52110264833209,501.1499938964844,325.1400146484375
2026-09-01 23:24:00+00:00,19.52110264833209,501.1499938964844,325.1400146484375
2026-09-01 23:25:00+00:00,19.52110264833209,501.1499938964844,325.1400146484375
2026-09-01 23:26:00+00:00,19.52110264833209,501.1499938964844,325.1400146484375
2026-09-01 23:27:00+00:00,19.52110264833209,501.1499938964844,325.1400146484375
2026-09-01 23:28:00+00:00,19.52110264833209,501.1499938964844,325.1400146484375
2026-09-01 23:29:00+00:00,19.52110264833209,501.1499938964844,325.1400146484375
2026-09-01 23:30:00+00:00,19.52110264833209,501.1499938964844,325.1400146484375
2026-09-01 23:31:00+00:00,19.52110264833209,501.1499938964844,325.1400146484375
2026-09-01 23:32:00+00:00,19.52110264833209,501.1499938964844,325.1400146484375
2026-09-01 23:33:00+00:00,19.52110264833209,501.1499938964844,325.1400146484375
2026-09-01 23:34:00+00:00,19.52110264833209,501.1499938964844,325.1400146484375
2026-09-01 23:35:00+00:00,19.52110264833209,501.1499938964844,325.1400146484375
2026-09-01 23:36:00+00:00,19.52110264833209,501.1499938964844,325.1400146484375
2026-09-01 23:37:00+00:00,19.523366418312435,501.1499938964844,325.1400146484375
2026-09-01 23:38:00+00:00,19.523366418312435,501.1499938964844,325.1400146484375
2026-09-01 23:39:00+00:00,19.52110264833209,501.1499938964844,325.1400146484375
2026-09-01 23:40:00+00:00,19.52110264833209,501.1499938964844,325.1400146484375
2026-09-01 23:41:00+00:00,19.523366418312435,501.1499938964844,325.1400146484375
2026-09-01 23:42:00+00:00,19.52110264833209,501.1499938964844,325.1400146484375
2026-09-01 23:43:00+00:00,19.52110264833209,501.1499938964844,325.1400146484375
2026-09-01 23:44:00+00:00,19.52110264833209,501.1499938964844,325.1400146484375
2026-09-01 23:45:00+00:00,19.523366418312435,501.1499938964844,325.1400146484375
2026-09-01 23:46:00+00:00,19.52110264833209,501.1499938964844,325.1400146484375
2026-09-01 23:47:00+00:00,19.52110264833209,501.1499938964844,325.1400146484375
2026-09-01 23:48:00+00:00,19.52110264833209,501.1499938964844,325.1400146484375
2026-09-01 23:49:00+00:00,19.523366418312435,501.1499938964844,325.1400146484375
2026-09-01 23:50:00+00:00,19.523366418312435,501.1499938964844,325.1400146484375
2026-09-01 23:51:00+00:00,19.523366418312435,501.1499938964844,325.1400146484375
2026-09-01 23:52:00+00:00,19.52110264833209,501.1499938964844,325.1400146484375
2026-09-01 23:53:00+00:00,19.523366418312435,501.1499938964844,325.1400146484375
2026-09-01 23:54:00+00:00,19.52110264833209,501.1499938964844,325.1400146484375
2026-09-01 23:55:00+00:00,19.52110264833209,501.1499938964844,325.1400146484375
2026-09-01 23:56:00+00:00,19.52110264833209,501.1499938964844,325.1400146484375
2026-09-01 23:57:00+00:00,19.52110264833209,501.1499938964844,325.1400146484375
2026-09-01 23:58:00+00:00,19.518838878351744,501.1499938964844,325.1400146484375
2026-09-01 23:59:00+00:00,19.518838878351744,501.1499938964844,325.1400146484375
2026-09-02 00:00:00+00:00,19.518838878351744,501.1499938964844,325.1400146484375
2026-09-02 00:01:00+00:00,19.518838878351744,501.1499938964844,325.1400146484375
2026-09-02 00:02:00+00:00,19.518838878351744,501.1499938964844,325.1400146484375
2026-09-02 00:03:00+00:00,19.52110264833209,501.1499938964844,325.1400146484375
2026-09-02 00:04:00+00:00,19.518838878351744,501.1499938964844,325.1400146484375
2026-09-02 00:05:00+00:00,19.518838878351744,501.1499938964844,325.1400146484375
2026-09-02 00:06:00+00:00,19.5165751083714,501.1499938964844,325.1400146484375
2026-09-02 00:07:00+00:00,19.5165751083714,501.1499938964844,325.1400146484375
2026-09-02 00:08:00+00:00,19.51205358907555,501.1499938964844,325.1400146484375
2026-09-02 00:09:00+00:00,19.514315352167614,501.1499938964844,325.1400146484375
2026-09-02 00:10:00+00:00,19.514315352167614,501.1499938964844,325.1400146484375
2026-09-02 00:11:00+00:00,19.514315352167614,501.1499938964844,325.1400146484375
2026-09-02 00:12:00+00:00,19.51205358907555,501.1499938964844,325.1400146484375
2026-09-02 00:13:00+00:00,19.514315352167614,501.1499938964844,325.1400146484375
2026-09-02 00:14:00+00:00,19.514315352167614,501.1499938964844,325.1400146484375
2026-09-02 00:15:00+00:00,19.5165751083714,501.1499938964844,325.1400146484375
2026-09-02 00:16:00+00:00,19.5165751083714,501.1499938964844,325.1400146484375
2026-09-02 00:17:00+00:00,19.5165751083714,501.1499938964844,325.1400146484375
2026-09-02 00:18:00+00:00,19.5165751083714,501.1499938964844,325.1400146484375
2026-09-02 00:19:00+00:00,19.5165751083714,501.1499938964844,325.1400146484375
2026-09-02 00:20:00+00:00,19.514315352167614,501.1499938964844,325.1400146484375
2026-09-02 00:21:00+00:00,19.514315352167614,501.1499938964844,325.1400146484375
2026-09-02 00:22:00+00:00,19.518838878351744,501.1499938964844,325.1400146484375
2026-09-02 00:23:00+00:00,19.5165751083714,501.1499938964844,325.1400146484375
2026-09-02 00:24:00+00:00,19.5165751083714,501.1499938964844,325.1400146484375
2026-09-02 00:25:00+00:00,19.514315352167614,501.1499938964844,325.1400146484375
2026-09-02 00:26:00+00:00,19.514315352167614,501.1499938964844,325.1400146484375
2026-09-02 00:27:00+00:00,19.514315352167614,501.1499938964844,325.1400146484375
2026-09-02 00:28:00+00:00,19.51205358907555,501.1499938964844,325.1400146484375
2026-09-02 00:29:00+00:00,19.51205358907555,501.1499938964844,325.1400146484375
2026-09-02 00:30:00+00:00,19.51205358907555,501.1499938964844,325.1400146484375
2026-09-02 00:31:00+00:00,19.51205358907555,501.1499938964844,325.1400146484375
2026-09-02 00:32:00+00:00,19.51205358907555,501.1499938964844,325.1400146484375
2026-09-02 00:33:00+00:00,19.51205358907555,501.1499938964844,325.1400146484375
2026-09-02 00:34:00+00:00,19.51205358907555,501.1499938964844,325.1400146484375
2026-09-02 00:35:00+00:00,19.51205358907555,501.1499938964844,325.1400146484375
2026-09-02 00:36:00+00:00,19.51205358907555,501.1499938964844,325.1400146484375
2026-09-02 00:37:00+00:00,19.51205358907555,501.1499938964844,325.1400146484375
2026-09-02 00:38:00+00:00,19.51205358907555,501.1499938964844,325.1400146484375
2026-09-02 00:39:00+00:00,19.51205358907555,501.1499938964844,325.1400146484375
2026-09-02 00:40:00+00:00,19.51205358907555,501.1499938964844,325.1400146484375
2026-09-02 00:41:00+00:00,19.514315352167614,501.1499938964844,325.1400146484375
2026-09-02 00:42:00+00:00,19.514315352167614,501.1499938964844,325.1400146484375
2026-09-02 00:43:00+00:00,19.514315352167614,501.1499938964844,325.1400146484375
2026-09-02 00:44:00+00:00,19.514315352167614,501.1499938964844,325.1400146484375
2026-09-02 00:45:00+00:00,19.514315352167614,501.1499938964844,325.1400146484375
2026-09-02 00:46:00+00:00,19.514315352167614,501.1499938964844,325.1400146484375
2026-09-02 00:47:00+00:00,19.51205358907555,501.1499938964844,325.1400146484375
2026-09-02 00:48:00+00:00,19.509791825983484,501.1499938964844,325.1400146484375
2026-09-02 00:49:00+00:00,19.509791825983484,501.1499938964844,325.1400146484375
2026-09-02 00:50:00+00:00,19.509791825983484,501.1499938964844,325.1400146484375
2026-09-02 00:51:00+00:00,19.509791825983484,501.1499938964844,325.1400146484375
2026-09-02 00:52:00+00:00,19.509791825983484,501.1499938964844,325.1400146484375
2026-09-02 00:53:00+00:00,19.509791825983484,501.1499938964844,325.1400146484375
2026-09-02 00:54:00+00:00,19.509791825983484,501.1499938964844,325.1400146484375
2026-09-02 00:55:00+00:00,19.5075320697797,501.1499938964844,325.1400146484375
2026-09-02 00:56:00+00:00,19.5075320697797,501.1499938964844,325.1400146484375
2026-09-02 00:57:00+00:00,19.5075320697797,501.1499938964844,325.1400146484375
2026-09-02 00:58:00+00:00,19.509791825983484,501.1499938964844,325.1400146484375
2026-09-02 00:59:00+00:00,19.5075320697797,501.1499938964844,325.1400146484375
2026-09-02 01:00:00+00:00,19.5075320697797,501.1499938964844,325.1400146484375
2026-09-02 01:01:00+00:00,19.5075320697797,501.1499938964844,325.1400146484375
2026-09-02 01:02:00+00:00,19.505270306687635,501.1499938964844,325.1400146484375
2026-09-02 01:03:00+00:00,19.5075320697797,501.1499938964844,325.1400146484375
2026-09-02 01:04:00+00:00,19.505270306687635,501.1499938964844,325.1400146484375
2026-09-02 01:05:00+00:00,19.505270306687635,501.1499938964844,325.1400146484375
2026-09-02 01:06:00+00:00,19.505270306687635,501.1499938964844,325.1400146484375
2026-09-02 01:07:00+00:00,19.505270306687635,501.1499938964844,325.1400146484375
2026-09-02 01:08:00+00:00,19.505270306687635,501.1499938964844,325.1400146484375
2026-09-02 01:09:00+00:00,19.50301055048385,501.1499938964844,325.1400146484375
2026-09-02 01:10:00+00:00,19.505270306687635,501.1499938964844,325.1400146484375
2026-09-02 01:11:00+00:00,19.505270306687635,501.1499938964844,325.1400146484375
2026-09-02 01:12:00+00:00,19.505270306687635,501.1499938964844,325.1400146484375
2026-09-02 01:13:00+00:00,19.50301055048385,501.1499938964844,325.1400146484375
2026-09-02 01:14:00+00:00,19.50301055048385,501.1499938964844,325.1400146484375
2026-09-02 01:15:00+00:00,19.5075320697797,501.1499938964844,325.1400146484375
2026-09-02 01:16:00+00:00,19.505270306687635,501.1499938964844,325.1400146484375
2026-09-02 01:17:00+00:00,19.505270306687635,501.1499938964844,325.1400146484375
2026-09-02 01:18:00+00:00,19.505270306687635,501.1499938964844,325.1400146484375
2026-09-02 01:19:00+00:00,19.505270306687635,501.1499938964844,325.1400146484375
2026-09-02 01:20:00+00:00,19.505270306687635,501.1499938964844,325.1400146484375
2026-09-02 01:21:00+00:00,19.505270306687635,501.1499938964844,325.1400146484375
2026-09-02 01:22:00+00:00,19.505270306687635,501.1499938964844,325.1400146484375
2026-09-02 01:23:00+00:00,19.505270306687635,501.1499938964844,325.1400146484375
2026-09-02 01:24:00+00:00,19.505270306687635,501.1499938964844,325.1400146484375
2026-09-02 01:25:00+00:00,19.505270306687635,501.1499938964844,325.1400146484375
2026-09-02 01:26:00+00:00,19.505270306687635,501.1499938964844,325.1400146484375
2026-09-02 01:27:00+00:00,19.505270306687635,501.1499938964844,325.1400146484375
2026-09-02 01:28:00+00:00,19.505270306687635,501.1499938964844,325.1400146484375
2026-09-02 01:29:00+00:00,19.505270306687635,501.1499938964844,325.1400146484375
2026-09-02 01:30:00+00:00,19.50301055048385,501.1499938964844,325.1400146484375
2026-09-02 01:31:00+00:00,19.50301055048385,501.1499938964844,325.1400146484375
2026-09-02 01:32:00+00:00,19.50301055048385,501.1499938964844,325.1400146484375
2026-09-02 01:33:00+00:00,19.50301055048385,501.1499938964844,325.1400146484375
2026-09-02 01:34:00+00:00,19.50301055048385,501.1499938964844,325.1400146484375
2026-09-02 01:35:00+00:00,19.500750794280066,501.1499938964844,325.1400146484375
2026-09-02 01:36:00+00:00,19.496235295649058,501.1499938964844,325.1400146484375
2026-09-02 01:37:00+00:00,19.496235295649058,501.1499938964844,325.1400146484375
2026-09-02 01:38:00+00:00,19.496235295649058,501.1499938964844,325.1400146484375
2026-09-02 01:39:00+00:00,19.49849304496456,501.1499938964844,325.1400146484375
2026-09-02 01:40:00+00:00,19.496235295649058,501.1499938964844,325.1400146484375
2026-09-02 01:41:00+00:00,19.49849304496456,501.1499938964844,325.1400146484375
2026-09-02 01:42:00+00:00,19.49849304496456,501.1499938964844,325.1400146484375
2026-09-02 01:43:00+00:00,19.49849304496456,501.1499938964844,325.1400146484375
2026-09-02 01:44:00+00:00,19.496235295649058,501.1499938964844,325.1400146484375
2026-09-02 01:45:00+00:00,19.496235295649058,501.1499938964844,325.1400146484375
2026-09-02 01:46:00+00:00,19.49849304496456,501.1499938964844,325.1400146484375
2026-09-02 01:47:00+00:00,19.496235295649058,501.1499938964844,325.1400146484375
2026-09-02 01:48:00+00:00,19.496235295649058,501.1499938964844,325.1400146484375
2026-09-02 01:49:00+00:00,19.49849304496456,501.1499938964844,325.1400146484375
2026-09-02 01:50:00+00:00,19.496235295649058,501.1499938964844,325.1400146484375
2026-09-02 01:51:00+00:00,19.496235295649058,501.1499938964844,325.1400146484375
2026-09-02 01:52:00+00:00,19.496235295649058,501.1499938964844,325.1400146484375
2026-09-02 01:53:00+00:00,19.496235295649058,501.1499938964844,325.1400146484375
2026-09-02 01:54:00+00:00,19.496235295649058,501.1499938964844,325.1400146484375
2026-09-02 01:55:00+00:00,19.49849304496456,501.1499938964844,325.1400146484375
2026-09-02 01:56:00+00:00,19.496235295649058,501.1499938964844,325.1400146484375
2026-09-02 01:57:00+00:00,19.496235295649058,501.1499938964844,325.1400146484375
2026-09-02 01:58:00+00:00,19.49849304496456,501.1499938964844,325.1400146484375
2026-09-02 01:59:00+00:00,19.49849304496456,501.1499938964844,325.1400146484375
2026-09-02 02:00:00+00:00,19.496235295649058,501.1499938964844,325.1400146484375
2026-09-02 02:01:00+00:00,19.496235295649058,501.1499938964844,325.1400146484375
2026-09-02 02:02:00+00:00,19.493977546333554,501.1499938964844,325.1400146484375
2026-09-02 02:03:00+00:00,19.496235295649058,501.1499938964844,325.1400146484375
2026-09-02 02:04:00+00:00,19.496235295649058,501.1499938964844,325.1400146484375
2026-09-02 02:05:00+00:00,19.496235295649058,501.1499938964844,325.1400146484375
2026-09-02 02:06:00+00:00,19.496235295649058,501.1499938964844,325.1400146484375
2026-09-02 02:07:00+00:00,19.493977546333554,501.1499938964844,325.1400146484375
2026-09-02 02:08:00+00:00,19.493977546333554,501.1499938964844,325.1400146484375
2026-09-02 02:09:00+00:00,19.496235295649058,501.1499938964844,325.1400146484375
2026-09-02 02:10:00+00:00,19.49849304496456,501.1499938964844,325.1400146484375
2026-09-02 02:11:00+00:00,19.496235295649058,501.1499938964844,325.1400146484375
2026-09-02 02:12:00+00:00,19.49849304496456,501.1499938964844,325.1400146484375
2026-09-02 02:13:00+00:00,19.500750794280066,501.1499938964844,325.1400146484375
2026-09-02 02:14:00+00:00,19.500750794280066,501.1499938964844,325.1400146484375
2026-09-02 02:15:00+00:00,19.500750794280066,501.1499938964844,325.1400146484375
2026-09-02 02:16:00+00:00,19.500750794280066,501.1499938964844,325.1400146484375
2026-09-02 02:17:00+00:00,19.500750794280066,501.1499938964844,325.1400146484375
2026-09-02 02:18:00+00:00,19.500750794280066,501.1499938964844,325.1400146484375
2026-09-02 02:19:00+00:00,19.500750794280066,501.1499938964844,325.1400146484375
2026-09-02 02:20:00+00:00,19.50301055048385,501.1499938964844,325.1400146484375
2026-09-02 02:21:00+00:00,19.500750794280066,501.1499938964844,325.1400146484375
2026-09-02 02:22:00+00:00,19.49849304496456,501.1499938964844,325.1400146484375
2026-09-02 02:23:00+00:00,19.49849304496456,501.1499938964844,325.1400146484375
2026-09-02 02:24:00+00:00,19.496235295649058,501.1499938964844,325.1400146484375
2026-09-02 02:25:00+00:00,19.49849304496456,501.1499938964844,325.1400146484375
2026-09-02 02:26:00+00:00,19.49849304496456,501.1499938964844,325.1400146484375
2026-09-02 02:27:00+00:00,19.500750794280066,501.1499938964844,325.1400146484375
2026-09-02 02:28:00+00:00,19.500750794280066,501.1499938964844,325.1400146484375
2026-09-02 02:29:00+00:00,19.500750794280066,501.1499938964844,325.1400146484375
2026-09-02 02:30:00+00:00,19.500750794280066,501.1499938964844,325.1400146484375
2026-09-02 02:31:00+00:00,19.49849304496456,501.1499938964844,325.1400146484375
2026-09-02 02:32:00+00:00,19.500750794280066,501.1499938964844,325.1400146484375
2026-09-02 02:33:00+00:00,19.50301055048385,501.1499938964844,325.1400146484375
2026-09-02 02:34:00+00:00,19.50301055048385,501.1499938964844,325.1400146484375
2026-09-02 02:35:00+00:00,19.500750794280066,501.1499938964844,325.1400146484375
2026-09-02 02:36:00+00:00,19.500750794280066,501.1499938964844,325.1400146484375
2026-09-02 02:37:00+00:00,19.500750794280066,501.1499938964844,325.1400146484375
2026-09-02 02:38:00+00:00,19.50301055048385,501.1499938964844,325.1400146484375
2026-09-02 02:39:00+00:00,19.50301055048385,501.1499938964844,325.1400146484375
2026-09-02 02:40:00+00:00,19.505270306687635,501.1499938964844,325.1400146484375
2026-09-02 02:41:00+00:00,19.505270306687635,501.1499938964844,325.1400146484375
2026-09-02 02:42:00+00:00,19.505270306687635,501.1499938964844,325.1400146484375
2026-09-02 02:43:00+00:00,19.50301055048385,501.1499938964844,325.1400146484375
2026-09-02 02:44:00+00:00,19.50301055048385,501.1499938964844,325.1400146484375
2026-09-02 02:45:00+00:00,19.50301055048385,501.1499938964844,325.1400146484375
2026-09-02 02:46:00+00:00,19.50301055048385,501.1499938964844,325.1400146484375
2026-09-02 02:47:00+00:00,19.50301055048385,501.1499938964844,325.1400146484375
2026-09-02 02:48:00+00:00,19.50301055048385,501.1499938964844,325.1400146484375
2026-09-02 02:49:00+00:00,19.50301055048385,501.1499938964844,325.1400146484375
2026-09-02 02:50:00+00:00,19.500750794280066,501.1499938964844,325.1400146484375
2026-09-02 02:51:00+00:00,19.50301055048385,501.1499938964844,325.1400146484375
2026-09-02 02:52:00+00:00,19.50301055048385,501.1499938964844,325.1400146484375
2026-09-02 02:53:00+00:00,19.50301055048385,501.1499938964844,325.1400146484375
2026-09-02 02:54:00+00:00,19.50301055048385,501.1499938964844,325.1400146484375
2026-09-02 02:55:00+00:00,19.50301055048385,501.1499938964844,325.1400146484375
2026-09-02 02:56:00+00:00,19.50301055048385,501.1499938964844,325.1400146484375
2026-09-02 02:57:00+00:00,19.50301055048385,501.1499938964844,325.1400146484375
2026-09-02 02:58:00+00:00,19.50301055048385,501.1499938964844,325.1400146484375
2026-09-02 02:59:00+00:00,19.50301055048385,501.1499938964844,325.1400146484375
2026-09-02 03:00:00+00:00,19.50301055048385,501.1499938964844,325.1400146484375
2026-09-02 03:01:00+00:00,19.505270306687635,501.1499938964844,325.1400146484375
2026-09-02 03:02:00+00:00,19.50301055048385,501.1499938964844,325.1400146484375
2026-09-02 03:03:00+00:00,19.50301055048385,501.1499938964844,325.1400146484375
2026-09-02 03:04:00+00:00,19.50301055048385,501.1499938964844,325.1400146484375
2026-09-02 03:05:00+00:00,19.50301055048385,501.1499938964844,325.1400146484375
2026-09-02 03:06:00+00:00,19.50301055048385,501.1499938964844,325.1400146484375
2026-09-02 03:07:00+00:00,19.50301055048385,501.1499938964844,325.1400146484375
2026-09-02 03:08:00+00:00,19.50301055048385,501.1499938964844,325.1400146484375
2026-09-02 03:09:00+00:00,19.505270306687635,501.1499938964844,325.1400146484375
2026-09-02 03:10:00+00:00,19.50301055048385,501.1499938964844,325.1400146484375
2026-09-02 03:11:00+00:00,19.50301055048385,501.1499938964844,325.1400146484375
2026-09-02 03:12:00+00:00,19.50301055048385,501.1499938964844,325.1400146484375
2026-09-02 03:13:00+00:00,19.500750794280066,501.1499938964844,325.1400146484375
2026-09-02 03:14:00+00:00,19.500750794280066,501.1499938964844,325.1400146484375
2026-09-02 03:15:00+00:00,19.500750794280066,501.1499938964844,325.1400146484375
2026-09-02 03:16:00+00:00,19.500750794280066,501.1499938964844,325.1400146484375
2026-09-02 03:17:00+00:00,19.500750794280066,501.1499938964844,325.1400146484375
2026-09-02 03:18:00+00:00,19.500750794280066,501.1499938964844,325.1400146484375
2026-09-02 03:19:00+00:00,19.500750794280066,501.1499938964844,325.1400146484375
2026-09-02 03:20:00+00:00,19.500750794280066,501.1499938964844,325.1400146484375
2026-09-02 03:21:00+00:00,19.500750794280066,501.1499938964844,325.1400146484375
2026-09-02 03:22:00+00:00,19.500750794280066,501.1499938964844,325.1400146484375
2026-09-02 03:23:00+00:00,19.49849304496456,501.1499938964844,325.1400146484375
2026-09-02 03:24:00+00:00,19.500750794280066,501.1499938964844,325.1400146484375
2026-09-02 03:25:00+00:00,19.500750794280066,501.1499938964844,325.1400146484375
2026-09-02 03:26:00+00:00,19.500750794280066,501.1499938964844,325.1400146484375
2026-09-02 03:27:00+00:00,19.500750794280066,501.1499938964844,325.1400146484375
2026-09-02 03:28:00+00:00,19.49849304496456,501.1499938964844,325.1400146484375
2026-09-02 03:29:00+00:00,19.49849304496456,501.1499938964844,325.1400146484375
2026-09-02 03:30:00+00:00,19.49849304496456,501.1499938964844,325.1400146484375
2026-09-02 03:31:00+00:00,19.49849304496456,501.1499938964844,325.1400146484375
2026-09-02 03:32:00+00:00,19.49849304496456,501.1499938964844,325.1400146484375
2026-09-02 03:33:00+00:00,19.49849304496456,501.1499938964844,325.1400146484375
2026-09-02 03:34:00+00:00,19.49849304496456,501.1499938964844,325.1400146484375
2026-09-02 03:35:00+00:00,19.49849304496456,501.1499938964844,325.1400146484375
2026-09-02 03:36:00+00:00,19.49849304496456,501.1499938964844,325.1400146484375
2026-09-02 03:37:00+00:00,19.49849304496456,501.1499938964844,325.1400146484375
2026-09-02 03:38:00+00:00,19.49849304496456,501.1499938964844,325.1400146484375
2026-09-02 03:39:00+00:00,19.49849304496456,501.1499938964844,325.1400146484375
2026-09-02 03:40:00+00:00,19.49849304496456,501.1499938964844,325.1400146484375
2026-09-02 03:41:00+00:00,19.49849304496456,501.1499938964844,325.1400146484375
2026-09-02 03:42:00+00:00,19.49849304496456,501.1499938964844,325.1400146484375
2026-09-02 03:43:00+00:00,19.49849304496456,501.1499938964844,325.1400146484375
2026-09-02 03:44:00+00:00,19.49849304496456,501.1499938964844,325.1400146484375
2026-09-02 03:45:00+00:00,19.49849304496456,501.1499938964844,325.1400146484375
2026-09-02 03:46:00+00:00,19.49849304496456,501.1499938964844,325.1400146484375
2026-09-02 03:47:00+00:00,19.500750794280066,501.1499938964844,325.1400146484375
2026-09-02 03:48:00+00:00,19.49849304496456,501.1499938964844,325.1400146484375
2026-09-02 03:49:00+00:00,19.49849304496456,501.1499938964844,325.1400146484375
2026-09-02 03:50:00+00:00,19.500750794280066,501.1499938964844,325.1400146484375
2026-09-02 03:51:00+00:00,19.49849304496456,501.1499938964844,325.1400146484375
2026-09-02 03:52:00+00:00,19.49849304496456,501.1499938964844,325.1400146484375
2026-09-02 03:53:00+00:00,19.49849304496456,501.1499938964844,325.1400146484375
2026-09-02 03:54:00+00:00,19.49849304496456,501.1499938964844,325.1400146484375
2026-09-02 03:55:00+00:00,19.49849304496456,501.1499938964844,325.1400146484375
2026-09-02 03:56:00+00:00,19.49849304496456,501.1499938964844,325.1400146484375
2026-09-02 03:57:00+00:00,19.49849304496456,501.1499938964844,325.1400146484375
2026-09-02 03:58:00+00:00,19.500750794280066,501.1499938964844,325.1400146484375
2026-09-02 03:59:00+00:00,19.500750794280066,501.1499938964844,325.1400146484375
2026-09-02 04:00:00+00:00,19.500750794280066,501.1499938964844,325.1400146484375
2026-09-02 04:01:00+00:00,19.49849304496456,501.1499938964844,325.1400146484375
2026-09-02 04:02:00+00:00,19.49849304496456,501.1499938964844,325.1400146484375
2026-09-02 04:03:00+00:00,19.500750794280066,501.1499938964844,325.1400146484375
2026-09-02 04:04:00+00:00,19.496235295649058,501.1499938964844,325.1400146484375
2026-09-02 04:05:00+00:00,19.49849304496456,501.1499938964844,325.1400146484375
2026-09-02 04:06:00+00:00,19.496235295649058,501.1499938964844,325.1400146484375
2026-09-02 04:07:00+00:00,19.496235295649058,501.1499938964844,325.1400146484375
2026-09-02 04:08:00+00:00,19.496235295649058,501.1499938964844,325.1400146484375
2026-09-02 04:09:00+00:00,19.493977546333554,501.1499938964844,325.1400146484375
2026-09-02 04:10:00+00:00,19.493977546333554,501.1499938964844,325.1400146484375
2026-09-02 04:11:00+00:00,19.496235295649058,501.1499938964844,325.1400146484375
2026-09-02 04:12:00+00:00,19.496235295649058,501.1499938964844,325.1400146484375
2026-09-02 04:13:00+00:00,19.493977546333554,501.1499938964844,325.1400146484375
2026-09-02 04:14:00+00:00,19.493977546333554,501.1499938964844,325.1400146484375
2026-09-02 04:15:00+00:00,19.496235295649058,501.1499938964844,325.1400146484375
2026-09-02 04:16:00+00:00,19.496235295649058,501.1499938964844,325.1400146484375
2026-09-02 04:17:00+00:00,19.493977546333554,501.1499938964844,325.1400146484375
2026-09-02 04:18:00+00:00,19.493977546333554,501.1499938964844,325.1400146484375
2026-09-02 04:19:00+00:00,19.49172180390633,501.1499938964844,325.1400146484375
2026-09-02 04:20:00+00:00,19.49172180390633,501.1499938964844,325.1400146484375
2026-09-02 04:21:00+00:00,19.49172180390633,501.1499938964844,325.1400146484375
2026-09-02 04:22:00+00:00,19.493977546333554,501.1499938964844,325.1400146484375
2026-09-02 04:23:00+00:00,19.493977546333554,501.1499938964844,325.1400146484375
2026-09-02 04:24:00+00:00,19.493977546333554,501.1499938964844,325.1400146484375
2026-09-02 04:25:00+00:00,19.493977546333554,501.1499938964844,325.1400146484375
2026-09-02 04:26:00+00:00,19.493977546333554,501.1499938964844,325.1400146484375
2026-09-02 04:27:00+00:00,19.493977546333554,501.1499938964844,325.1400146484375
2026-09-02 04:28:00+00:00,19.493977546333554,501.1499938964844,325.1400146484375
2026-09-02 04:29:00+00:00,19.493977546333554,501.1499938964844,325.1400146484375
2026-09-02 04:30:00+00:00,19.493977546333554,501.1499938964844,325.1400146484375
2026-09-02 04:31:00+00:00,19.493977546333554,501.1499938964844,325.1400146484375
2026-09-02 04:32:00+00:00,19.493977546333554,501.1499938964844,325.1400146484375
2026-09-02 04:33:00+00:00,19.493977546333554,501.1499938964844,325.1400146484375
2026-09-02 04:34:00+00:00,19.493977546333554,501.1499938964844,325.1400146484375
2026-09-02 04:35:00+00:00,19.493977546333554,501.1499938964844,325.1400146484375
2026-09-02 04:36:00+00:00,19.493977546333554,501.1499938964844,325.1400146484375
2026-09-02 04:37:00+00:00,19.493977546333554,501.1499938964844,325.1400146484375
2026-09-02 04:38:00+00:00,19.493977546333554,501.1499938964844,325.1400146484375
2026-09-02 04:39:00+00:00,19.493977546333554,501.1499938964844,325.1400146484375
2026-09-02 04:40:00+00:00,19.493977546333554,501.1499938964844,325.1400146484375
2026-09-02 04:41:00+00:00,19.493977546333554,501.1499938964844,325.1400146484375
2026-09-02 04:42:00+00:00,19.493977546333554,501.1499938964844,325.1400146484375
2026-09-02 04:43:00+00:00,19.493977546333554,501.1499938964844,325.1400146484375
2026-09-02 04:44:00+00:00,19.493977546333554,501.1499938964844,325.1400146484375
2026-09-02 04:45:00+00:00,19.496235295649058,501.1499938964844,325.1400146484375
2026-09-02 04:46:00+00:00,19.496235295649058,501.1499938964844,325.1400146484375
2026-09-02 04:47:00+00:00,19.493977546333554,501.1499938964844,325.1400146484375
2026-09-02 04:48:00+00:00,19.493977546333554,501.1499938964844,325.1400146484375
2026-09-02 04:49:00+00:00,19.493977546333554,501.1499938964844,325.1400146484375
2026-09-02 04:50:00+00:00,19.493977546333554,501.1499938964844,325.1400146484375
2026-09-02 04:51:00+00:00,19.493977546333554,501.1499938964844,325.1400146484375
2026-09-02 04:52:00+00:00,19.493977546333554,501.1499938964844,325.1400146484375
2026-09-02 04:53:00+00:00,19.493977546333554,501.1499938964844,325.1400146484375
2026-09-02 04:54:00+00:00,19.493977546333554,501.1499938964844,325.1400146484375
2026-09-02 04:55:00+00:00,19.493977546333554,501.1499938964844,325.1400146484375
2026-09-02 04:56:00+00:00,19.493977546333554,501.1499938964844,325.1400146484375
2026-09-02 04:57:00+00:00,19.49172180390633,501.1499938964844,325.1400146484375
2026-09-02 04:58:00+00:00,19.493977546333554,501.1499938964844,325.1400146484375
2026-09-02 04:59:00+00:00,19.493977546333554,501.1499938964844,325.1400146484375
2026-09-02 05:00:00+00:00,19.493977546333554,501.1499938964844,325.1400146484375
2026-09-02 05:01:00+00:00,19.49172180390633,501.1499938964844,325.1400146484375
2026-09-02 05:02:00+00:00,19.49172180390633,501.1499938964844,325.1400146484375
2026-09-02 05:03:00+00:00,19.49172180390633,501.1499938964844,325.1400146484375
2026-09-02 05:04:00+00:00,19.49172180390633,501.1499938964844,325.1400146484375
2026-09-02 05:05:00+00:00,19.489464054590826,501.1499938964844,325.1400146484375
2026-09-02 05:06:00+00:00,19.49172180390633,501.1499938964844,325.1400146484375
2026-09-02 05:07:00+00:00,19.49172180390633,501.1499938964844,325.1400146484375
2026-09-02 05:08:00+00:00,19.49172180390633,501.1499938964844,325.1400146484375
2026-09-02 05:09:00+00:00,19.49172180390633,501.1499938964844,325.1400146484375
2026-09-02 05:10:00+00:00,19.49172180390633,501.1499938964844,325.1400146484375
2026-09-02 05:11:00+00:00,19.493977546333554,501.1499938964844,325.1400146484375
2026-09-02 05:12:00+00:00,19.496235295649058,501.1499938964844,325.1400146484375
2026-09-02 05:13:00+00:00,19.493977546333554,501.1499938964844,325.1400146484375
2026-09-02 05:14:00+00:00,19.496235295649058,501.1499938964844,325.1400146484375
2026-09-02 05:15:00+00:00,19.496235295649058,501.1499938964844,325.1400146484375
2026-09-02 05:16:00+00:00,19.496235295649058,501.1499938964844,325.1400146484375
2026-09-02 05:17:00+00:00,19.49849304496456,501.1499938964844,325.1400146484375
2026-09-02 05:18:00+00:00,19.49849304496456,501.1499938964844,325.1400146484375
2026-09-02 05:19:00+00:00,19.496235295649058,501.1499938964844,325.1400146484375
2026-09-02 05:20:00+00:00,19.496235295649058,501.1499938964844,325.1400146484375
2026-09-02 05:21:00+00:00,19.496235295649058,501.1499938964844,325.1400146484375
2026-09-02 05:22:00+00:00,19.496235295649058,501.1499938964844,325.1400146484375
2026-09-02 05:23:00+00:00,19.49849304496456,501.1499938964844,325.1400146484375
2026-09-02 05:24:00+00:00,19.49849304496456,501.1499938964844,325.1400146484375
2026-09-02 05:25:00+00:00,19.496235295649058,501.1499938964844,325.1400146484375
2026-09-02 05:26:00+00:00,19.496235295649058,501.1499938964844,325.1400146484375
2026-09-02 05:27:00+00:00,19.496235295649058,501.1499938964844,325.1400146484375
2026-09-02 05:28:00+00:00,19.49849304496456,501.1499938964844,325.1400146484375
2026-09-02 05:29:00+00:00,19.49849304496456,501.1499938964844,325.1400146484375
2026-09-02 05:30:00+00:00,19.500750794280066,501.1499938964844,325.1400146484375
2026-09-02 05:31:00+00:00,19.500750794280066,501.1499938964844,325.1400146484375
2026-09-02 05:32:00+00:00,19.500750794280066,501.1499938964844,325.1400146484375
2026-09-02 05:33:00+00:00,19.500750794280066,501.1499938964844,325.1400146484375
2026-09-02 05:34:00+00:00,19.500750794280066,501.1499938964844,325.1400146484375
2026-09-02 05:35:00+00:00,19.500750794280066,501.1499938964844,325.1400146484375
2026-09-02 05:36:00+00:00,19.500750794280066,501.1499938964844,325.1400146484375
2026-09-02 05:37:00+00:00,19.500750794280066,501.1499938964844,325.1400146484375
2026-09-02 05:38:00+00:00,19.500750794280066,501.1499938964844,325.1400146484375
2026-09-02 05:39:00+00:00,19.49849304496456,501.1499938964844,325.1400146484375
2026-09-02 05:40:00+00:00,19.49849304496456,501.1499938964844,325.1400146484375
2026-09-02 05:41:00+00:00,19.500750794280066,501.1499938964844,325.1400146484375
2026-09-02 05:42:00+00:00,19.500750794280066,501.1499938964844,325.1400146484375
2026-09-02 05:43:00+00:00,19.500750794280066,501.1499938964844,325.1400146484375
2026-09-02 05:44:00+00:00,19.500750794280066,501.1499938964844,325.1400146484375
2026-09-02 05:45:00+00:00,19.500750794280066,501.1499938964844,325.1400146484375
2026-09-02 05:46:00+00:00,19.500750794280066,501.1499938964844,325.1400146484375
2026-09-02 05:47:00+00:00,19.500750794280066,501.1499938964844,325.1400146484375
2026-09-02 05:48:00+00:00,19.500750794280066,501.1499938964844,325.1400146484375
2026-09-02 05:49:00+00:00,19.500750794280066,501.1499938964844,325.1400146484375
2026-09-02 05:50:00+00:00,19.500750794280066,501.1499938964844,325.1400146484375
2026-09-02 05:51:00+00:00,19.500750794280066,501.1499938964844,325.1400146484375
2026-09-02 05:52:00+00:00,19.500750794280066,501.1499938964844,325.1400146484375
2026-09-02 05:53:00+00:00,19.50301055048385,501.1499938964844,325.1400146484375
2026-09-02 05:54:00+00:00,19.50301055048385,501.1499938964844,325.1400146484375
2026-09-02 05:55:00+00:00,19.50301055048385,501.1499938964844,325.1400146484375
2026-09-02 05:56:00+00:00,19.50301055048385,501.1499938964844,325.1400146484375
2026-09-02 05:57:00+00:00,19.50301055048385,501.1499938964844,325.1400146484375
2026-09-02 05:58:00+00:00,19.50301055048385,501.1499938964844,325.1400146484375
2026-09-02 05:59:00+00:00,19.500750794280066,501.1499938964844,325.1400146484375
2026-09-02 06:00:00+00:00,19.500750794280066,501.1499938964844,325.1400146484375
2026-09-02 06:01:00+00:00,19.50301055048385,501.1499938964844,325.1400146484375
2026-09-02 06:02:00+00:00,19.505270306687635,501.1499938964844,325.1400146484375
2026-09-02 06:03:00+00:00,19.505270306687635,501.1499938964844,325.1400146484375
2026-09-02 06:04:00+00:00,19.50301055048385,501.1499938964844,325.1400146484375
2026-09-02 06:05:00+00:00,19.50301055048385,501.1499938964844,325.1400146484375
2026-09-02 06:06:00+00:00,19.50301055048385,501.1499938964844,325.1400146484375
2026-09-02 06:07:00+00:00,19.50301055048385,501.1499938964844,325.1400146484375
2026-09-02 06:08:00+00:00,19.500750794280066,501.1499938964844,325.1400146484375
2026-09-02 06:09:00+00:00,19.505270306687635,501.1499938964844,325.1400146484375
2026-09-02 06:10:00+00:00,19.505270306687635,501.1499938964844,325.1400146484375
2026-09-02 06:11:00+00:00,19.505270306687635,501.1499938964844,325.1400146484375
2026-09-02 06:12:00+00:00,19.505270306687635,501.1499938964844,325.1400146484375
2026-09-02 06:13:00+00:00,19.505270306687635,501.1499938964844,325.1400146484375
2026-09-02 06:14:00+00:00,19.505270306687635,501.1499938964844,325.1400146484375
2026-09-02 06:15:00+00:00,19.500750794280066,501.1499938964844,325.1400146484375
2026-09-02 06:16:00+00:00,19.50301055048385,501.1499938964844,325.1400146484375
2026-09-02 06:17:00+00:00,19.500750794280066,501.1499938964844,325.1400146484375
2026-09-02 06:18:00+00:00,19.49849304496456,501.1499938964844,325.1400146484375
2026-09-02 06:19:00+00:00,19.49849304496456,501.1499938964844,325.1400146484375
2026-09-02 06:20:00+00:00,19.49849304496456,501.1499938964844,325.1400146484375
2026-09-02 06:21:00+00:00,19.49849304496456,501.1499938964844,325.1400146484375
2026-09-02 06:22:00+00:00,19.49849304496456,501.1499938964844,325.1400146484375
2026-09-02 06:23:00+00:00,19.500750794280066,501.1499938964844,325.1400146484375
2026-09-02 06:24:00+00:00,19.50301055048385,501.1499938964844,325.1400146484375
2026-09-02 06:25:00+00:00,19.50301055048385,501.1499938964844,325.1400146484375
2026-09-02 06:26:00+00:00,19.50301055048385,501.1499938964844,325.1400146484375
2026-09-02 06:27:00+00:00,19.500750794280066,501.1499938964844,325.1400146484375
2026-09-02 06:28:00+00:00,19.500750794280066,501.1499938964844,325.1400146484375
2026-09-02 06:29:00+00:00,19.496235295649058,501.1499938964844,325.1400146484375
2026-09-02 06:30:00+00:00,19.496235295649058,501.1499938964844,325.1400146484375
2026-09-02 06:31:00+00:00,19.49849304496456,501.1499938964844,325.1400146484375
2026-09-02 06:32:00+00:00,19.496235295649058,501.1499938964844,325.1400146484375
2026-09-02 06:33:00+00:00,19.496235295649058,501.1499938964844,325.1400146484375
2026-09-02 06:34:00+00:00,19.496235295649058,501.1499938964844,325.1400146484375
2026-09-02 06:35:00+00:00,19.496235295649058,501.1499938964844,325.1400146484375
2026-09-02 06:36:00+00:00,19.496235295649058,501.1499938964844,325.1400146484375
2026-09-02 06:37:00+00:00,19.49172180390633,501.1499938964844,325.1400146484375
2026-09-02 06:38:00+00:00,19.49172180390633,501.1499938964844,325.1400146484375
2026-09-02 06:39:00+00:00,19.493977546333554,501.1499938964844,325.1400146484375
2026-09-02 06:40:00+00:00,19.49172180390633,501.1499938964844,325.1400146484375
2026-09-02 06:41:00+00:00,19.496235295649058,501.1499938964844,325.1400146484375
2026-09-02 06:42:00+00:00,19.496235295649058,501.1499938964844,325.1400146484375
2026-09-02 06:43:00+00:00,19.496235295649058,501.1499938964844,325.1400146484375
2026-09-02 06:44:00+00:00,19.496235295649058,501.1499938964844,325.1400146484375
2026-09-02 06:45:00+00:00,19.496235295649058,501.1499938964844,325.1400146484375
2026-09-02 06:46:00+00:00,19.493977546333554,501.1499938964844,325.1400146484375
2026-09-02 06:47:00+00:00,19.49172180390633,501.1499938964844,325.1400146484375
2026-09-02 06:48:00+00:00,19.489464054590826,501.1499938964844,325.1400146484375
2026-09-02 06:49:00+00:00,19.489464054590826,501.1499938964844,325.1400146484375
2026-09-02 06:50:00+00:00,19.489464054590826,501.1499938964844,325.1400146484375
2026-09-02 06:51:00+00:00,19.487208312163602,501.1499938964844,325.1400146484375
2026-09-02 06:52:00+00:00,19.487208312163602,501.1499938964844,325.1400146484375
2026-09-02 06:53:00+00:00,19.48495256973638,501.1499938964844,325.1400146484375
2026-09-02 06:54:00+00:00,19.48495256973638,501.1499938964844,325.1400146484375
2026-09-02 06:55:00+00:00,19.48495256973638,501.1499938964844,325.1400146484375
2026-09-02 06:56:00+00:00,19.482698834197436,501.1499938964844,325.1400146484375
2026-09-02 06:57:00+00:00,19.48495256973638,501.1499938964844,325.1400146484375
2026-09-02 06:58:00+00:00,19.480443091770212,501.1499938964844,325.1400146484375
2026-09-02 06:59:00+00:00,19.480443091770212,501.1499938964844,325.1400146484375
2026-09-02 07:00:00+00:00,19.482698834197436,501.1499938964844,325.1400146484375
2026-09-02 07:01:00+00:00,19.482698834197436,501.1499938964844,325.1400146484375
2026-09-02 07:02:00+00:00,19.48495256973638,501.1499938964844,325.1400146484375
2026-09-02 07:03:00+00:00,19.482698834197436,501.1499938964844,325.1400146484375
2026-09-02 07:04:00+00:00,19.480443091770212,501.1499938964844,325.1400146484375
2026-09-02 07:05:00+00:00,19.480443091770212,501.1499938964844,325.1400146484375
2026-09-02 07:06:00+00:00,19.480443091770212,501.1499938964844,325.1400146484375
2026-09-02 07:07:00+00:00,19.480443091770212,501.1499938964844,325.1400146484375
2026-09-02 07:08:00+00:00,19.482698834197436,501.1499938964844,325.1400146484375
2026-09-02 07:09:00+00:00,19.482698834197436,501.1499938964844,325.1400146484375
2026-09-02 07:10:00+00:00,19.48495256973638,501.1499938964844,325.1400146484375
2026-09-02 07:11:00+00:00,19.48495256973638,501.1499938964844,325.1400146484375
2026-09-02 07:12:00+00:00,19.487208312163602,501.1499938964844,325.1400146484375
2026-09-02 07:13:00+00:00,19.489464054590826,501.1499938964844,325.1400146484375
2026-09-02 07:14:00+00:00,19.489464054590826,501.1499938964844,325.1400146484375
2026-09-02 07:15:00+00:00,19.487208312163602,501.1499938964844,325.1400146484375
2026-09-02 07:16:00+00:00,19.487208312163602,501.1499938964844,325.1400146484375
2026-09-02 07:17:00+00:00,19.489464054590826,501.1499938964844,325.1400146484375
2026-09-02 07:18:00+00:00,19.489464054590826,501.1499938964844,325.1400146484375
2026-09-02 07:19:00+00:00,19.49172180390633,501.1499938964844,325.1400146484375
2026-09-02 07:20:00+00:00,19.489464054590826,501.1499938964844,325.1400146484375
2026-09-02 07:21:00+00:00,19.487208312163602,501.1499938964844,325.1400146484375
2026-09-02 07:22:00+00:00,19.489464054590826,501.1499938964844,325.1400146484375
2026-09-02 07:23:00+00:00,19.487208312163602,501.1499938964844,325.1400146484375
2026-09-02 07:24:00+00:00,19.487208312163602,501.1499938964844,325.1400146484375
2026-09-02 07:25:00+00:00,19.487208312163602,501.1499938964844,325.1400146484375
2026-09-02 07:26:00+00:00,19.489464054590826,501.1499938964844,325.1400146484375
2026-09-02 07:27:00+00:00,19.489464054590826,501.1499938964844,325.1400146484375
2026-09-02 07:28:00+00:00,19.49172180390633,501.1499938964844,325.1400146484375
2026-09-02 07:29:00+00:00,19.489464054590826,501.1499938964844,325.1400146484375
2026-09-02 07:30:00+00:00,19.437370782011385,501.1499938964844,325.1400146484375
2026-09-02 07:31:00+00:00,19.546085091600162,501.1499938964844,325.1400146484375
2026-09-02 07:32:00+00:00,19.55992991693529,501.1499938964844,325.1400146484375
2026-09-02 07:33:00+00:00,19.61556329102359,501.1499938964844,325.1400146484375
2026-09-02 07:34:00+00:00,19.62135203667458,501.1499938964844,325.1400146484375
2026-09-02 07:35:00+00:00,19.580824191311876,501.1499938964844,325.1400146484375
2026-09-02 07:36:00+00:00,19.61431465759415,501.1499938964844,325.1400146484375
2026-09-02 07:37:00+00:00,19.556404955836115,501.1499938964844,325.1400146484375
2026-09-02 07:38:00+00:00,19.504285340608476,501.1499938964844,325.1400146484375
2026-09-02 07:39:00+00:00,19.493977546333554,501.1499938964844,325.1400146484375
2026-09-02 07:40:00+00:00,19.517136946141363,501.1499938964844,325.1400146484375
2026-09-02 07:41:00+00:00,19.507816336688165,501.1499938964844,325.1400146484375
2026-09-02 07:42:00+00:00,19.50555724623746,501.1499938964844,325.1400146484375
2026-09-02 07:43:00+00:00,19.507816336688165,501.1499938964844,325.1400146484375
2026-09-02 07:44:00+00:00,19.52292790039428,501.1499938964844,325.1400146484375
2026-09-02 07:45:00+00:00,19.53097841876638,501.1499938964844,325.1400146484375
2026-09-02 07:46:00+00:00,19.53097841876638,501.1499938964844,325.1400146484375
2026-09-02 07:47:00+00:00,19.565721541883704,501.1499938964844,325.1400146484375
2026-09-02 07:48:00+00:00,19.577302582922812,501.1499938964844,325.1400146484375
2026-09-02 07:49:00+00:00,19.58888362396192,501.1499938964844,325.1400146484375
2026-09-02 07:50:00+00:00,19.60625408109172,501.1499938964844,325.1400146484375
2026-09-02 07:51:00+00:00,19.586615145564792,501.1499938964844,325.1400146484375
2026-09-02 07:52:00+00:00,19.59240389121578,501.1499938964844,325.1400146484375
2026-09-02 07:53:00+00:00,19.594673040052612,501.1499938964844,325.1400146484375
2026-09-02 07:54:00+00:00,19.583091999013504,501.1499938964844,325.1400146484375
2026-09-02 07:55:00+00:00,19.571510957974397,501.1499938964844,325.1400146484375
2026-09-02 07:56:00+00:00,19.554140500844596,501.1499938964844,325.1400146484375
2026-09-02 07:57:00+00:00,19.54834887589618,501.1499938964844,325.1400146484375
2026-09-02 07:58:00+00:00,19.5506126601922,501.1499938964844,325.1400146484375
2026-09-02 07:59:00+00:00,19.544822573661804,501.1499938964844,325.1400146484375
2026-09-02 08:00:00+00:00,19.544822573661804,501.1499938964844,325.1400146484375
2026-09-02 08:01:00+00:00,19.544822573661804,501.1499938964844,325.1400146484375
2026-09-02 08:02:00+00:00,19.55287644448822,501.1499938964844,325.1400146484375
2026-09-02 08:03:00+00:00,19.564460167797733,501.1499938964844,325.1400146484375
2026-09-02 08:04:00+00:00,19.558669410827633,501.1499938964844,325.1400146484375
2026-09-02 08:05:00+00:00,19.564460167797733,501.1499938964844,325.1400146484375
2026-09-02 08:06:00+00:00,19.533240191487494,501.1499938964844,325.1400146484375
2026-09-02 08:07:00+00:00,19.535501964208606,501.1499938964844,325.1400146484375
2026-09-02 08:08:00+00:00,19.535501964208606,501.1499938964844,325.1400146484375
2026-09-02 08:09:00+00:00,19.535501964208606,501.1499938964844,325.1400146484375
2026-09-02 08:10:00+00:00,19.535501964208606,501.1499938964844,325.1400146484375
2026-09-02 08:11:00+00:00,19.481120576259855,501.1499938964844,325.1400146484375
2026-09-02 08:12:00+00:00,19.47533048972946,501.1499938964844,325.1400146484375
2026-09-02 08:13:00+00:00,19.47533048972946,501.1499938964844,325.1400146484375
2026-09-02 08:14:00+00:00,19.469538194085544,501.1499938964844,325.1400146484375
2026-09-02 08:15:00+00:00,19.463748107555148,501.1499938964844,325.1400146484375
2026-09-02 08:16:00+00:00,19.46600183372084,501.1499938964844,325.1400146484375
2026-09-02 08:17:00+00:00,19.463748107555148,501.1499938964844,325.1400146484375
2026-09-02 08:18:00+00:00,19.448627353441225,501.1499938964844,325.1400146484375
2026-09-02 08:19:00+00:00,19.43479325667613,501.1499938964844,325.1400146484375
2026-09-02 08:20:00+00:00,19.419666940482784,501.1499938964844,325.1400146484375
2026-09-02 08:21:00+00:00,19.384917979923557,501.1499938964844,325.1400146484375
2026-09-02 08:22:00+00:00,19.35950887709987,501.1499938964844,325.1400146484375
2026-09-02 08:23:00+00:00,19.37557924772932,501.1499938964844,325.1400146484375
2026-09-02 08:24:00+00:00,19.384917979923557,501.1499938964844,325.1400146484375
2026-09-02 08:25:00+00:00,19.36754129027463,501.1499938964844,325.1400146484375
2026-09-02 08:26:00+00:00,19.36754129027463,501.1499938964844,325.1400146484375
2026-09-02 08:27:00+00:00,19.379125013584144,501.1499938964844,325.1400146484375
2026-09-02 08:28:00+00:00,19.37109125927418,501.1499938964844,325.1400146484375
2026-09-02 08:29:00+00:00,19.36754129027463,501.1499938964844,325.1400146484375
2026-09-02 08:30:00+00:00,19.388463727978888,501.1499938964844,325.1400146484375
2026-09-02 08:31:00+00:00,19.40808321717327,501.1499938964844,325.1400146484375
2026-09-02 08:32:00+00:00,19.448627353441225,501.1499938964844,325.1400146484375
2026-09-02 08:33:00+00:00,19.469538194085544,501.1499938964844,325.1400146484375
2026-09-02 08:34:00+00:00,19.492702958434165,501.1499938964844,325.1400146484375
2026-09-02 08:35:00+00:00,19.43479325667613,501.1499938964844,325.1400146484375
2026-09-02 08:36:00+00:00,19.390708736893657,501.1499938964844,325.1400146484375
2026-09-02 08:37:00+00:00,19.413876183512684,501.1499938964844,325.1400146484375
2026-09-02 08:38:00+00:00,19.42191730065133,501.1499938964844,325.1400146484375
2026-09-02 08:39:00+00:00,19.433502366288167,501.1499938964844,325.1400146484375
2026-09-02 08:40:00+00:00,19.433502366288167,501.1499938964844,325.1400146484375
2026-09-02 08:41:00+00:00,19.427710938282416,501.1499938964844,325.1400146484375
2026-09-02 08:42:00+00:00,19.427710938282416,501.1499938964844,325.1400146484375
2026-09-02 08:43:00+00:00,19.439296003919253,501.1499938964844,325.1400146484375
2026-09-02 08:44:00+00:00,19.43704363013171,501.1499938964844,325.1400146484375
2026-09-02 08:45:00+00:00,19.43704363013171,501.1499938964844,325.1400146484375
2026-09-02 08:46:00+00:00,19.43704363013171,501.1499938964844,325.1400146484375
2026-09-02 08:47:00+00:00,19.425459906822198,501.1499938964844,325.1400146484375
2026-09-02 08:48:00+00:00,19.42321087450182,501.1499938964844,325.1400146484375
2026-09-02 08:49:00+00:00,19.40229246020317,501.1499938964844,325.1400146484375
2026-09-02 08:50:00+00:00,19.40229246020317,501.1499938964844,325.1400146484375
2026-09-02 08:51:00+00:00,19.35950887709987,501.1499938964844,325.1400146484375
2026-09-02 08:52:00+00:00,19.353716581455956,501.1499938964844,325.1400146484375
2026-09-02 08:53:00+00:00,19.37463767802501,501.1499938964844,325.1400146484375
2026-09-02 08:54:00+00:00,19.44991334035035,501.1499938964844,325.1400146484375
2026-09-02 08:55:00+00:00,19.426751258272134,501.1499938964844,325.1400146484375
2026-09-02 08:56:00+00:00,19.42450155551205,501.1499938964844,325.1400146484375
2026-09-02 08:57:00+00:00,19.420004149727674,501.1499938964844,325.1400146484375
2026-09-02 08:58:00+00:00,19.420004149727674,501.1499938964844,325.1400146484375
2026-09-02 08:59:00+00:00,19.420004149727674,501.1499938964844,325.1400146484375
2026-09-02 09:00:00+00:00,19.41775644670338,501.1499938964844,325.1400146484375
2026-09-02 09:01:00+00:00,19.454735206204532,501.1499938964844,325.1400146484375
2026-09-02 09:02:00+00:00,19.49172180390633,501.1499938964844,325.1400146484375
2026-09-02 09:03:00+00:00,19.49976850058647,501.1499938964844,325.1400146484375
2026-09-02 09:04:00+00:00,19.493977546333554,501.1499938964844,325.1400146484375
2026-09-02 09:05:00+00:00,19.490445879558365,501.1499938964844,325.1400146484375
2026-09-02 09:06:00+00:00,19.502026920597473,501.1499938964844,325.1400146484375
2026-09-02 09:07:00+00:00,19.49976850058647,501.1499938964844,325.1400146484375
2026-09-02 09:08:00+00:00,19.49172180390633,501.1499938964844,325.1400146484375
2026-09-02 09:09:00+00:00,19.493977546333554,501.1499938964844,325.1400146484375
2026-09-02 09:10:00+00:00,19.52292790039428,501.1499938964844,325.1400146484375
2026-09-02 09:11:00+00:00,19.534507600298184,501.1499938964844,325.1400146484375
2026-09-02 09:12:00+00:00,19.532247167942387,501.1499938964844,325.1400146484375
2026-09-02 09:13:00+00:00,19.49172180390633,501.1499938964844,325.1400146484375
2026-09-02 09:14:00+00:00,19.468567292331045,501.1499938964844,325.1400146484375
2026-09-02 09:15:00+00:00,19.482400055031576,501.1499938964844,325.1400146484375
2026-09-02 09:16:00+00:00,19.520668807981565,501.1499938964844,325.1400146484375
2026-09-02 09:17:00+00:00,19.54961360371044,501.1499938964844,325.1400146484375
2026-09-02 09:18:00+00:00,19.54382331955685,501.1499938964844,325.1400146484375
2026-09-02 09:19:00+00:00,19.546085091600162,501.1499938964844,325.1400146484375
2026-09-02 09:20:00+00:00,19.56924449140797,501.1499938964844,325.1400146484375
2026-09-02 09:21:00+00:00,19.555401679517672,501.1499938964844,325.1400146484375
2026-09-02 09:22:00+00:00,19.584348683592907,501.1499938964844,325.1400146484375
2026-09-02 09:23:00+00:00,19.54961360371044,501.1499938964844,325.1400146484375
2026-09-02 09:24:00+00:00,19.54382331955685,501.1499938964844,325.1400146484375
2026-09-02 09:25:00+00:00,19.520668807981565,501.1499938964844,325.1400146484375
2026-09-02 09:26:00+00:00,19.520668807981565,501.1499938964844,325.1400146484375
2026-09-02 09:27:00+00:00,19.509090448020743,501.1499938964844,325.1400146484375
2026-09-02 09:28:00+00:00,19.50555724623746,501.1499938964844,325.1400146484375
2026-09-02 09:29:00+00:00,19.50555724623746,501.1499938964844,325.1400146484375
2026-09-02 09:30:00+00:00,19.49976850058647,501.1499938964844,325.1400146484375
2026-09-02 09:31:00+00:00,19.50555724623746,501.1499938964844,325.1400146484375
2026-09-02 09:32:00+00:00,19.49976850058647,501.1499938964844,325.1400146484375
2026-09-02 09:33:00+00:00,19.49751208805992,501.1499938964844,325.1400146484375
2026-09-02 09:34:00+00:00,19.509090448020743,501.1499938964844,325.1400146484375
2026-09-02 09:35:00+00:00,19.509090448020743,501.1499938964844,325.1400146484375
2026-09-02 09:36:00+00:00,19.511348200490374,501.1499938964844,325.1400146484375
2026-09-02 09:37:00+00:00,19.50555724623746,501.1499938964844,325.1400146484375
2026-09-02 09:38:00+00:00,19.509090448020743,501.1499938964844,325.1400146484375
2026-09-02 09:39:00+00:00,19.509090448020743,501.1499938964844,325.1400146484375
2026-09-02 09:40:00+00:00,19.503300163867152,501.1499938964844,325.1400146484375
2026-09-02 09:41:00+00:00,19.506830686874537,501.1499938964844,325.1400146484375
2026-09-02 09:42:00+00:00,19.506830686874537,501.1499938964844,325.1400146484375
2026-09-02 09:43:00+00:00,19.524195111067684,501.1499938964844,325.1400146484375
2026-09-02 09:44:00+00:00,19.535772129893303,501.1499938964844,325.1400146484375
2026-09-02 09:45:00+00:00,19.54155953526083,501.1499938964844,325.1400146484375
2026-09-02 09:46:00+00:00,19.524195111067684,501.1499938964844,325.1400146484375
2026-09-02 09:47:00+00:00,19.524195111067684,501.1499938964844,325.1400146484375
2026-09-02 09:48:00+00:00,19.53803524374962,501.1499938964844,325.1400146484375
2026-09-02 09:49:00+00:00,19.495253668048917,501.1499938964844,325.1400146484375
2026-09-02 09:50:00+00:00,19.47209963039768,501.1499938964844,325.1400146484375
2026-09-02 09:51:00+00:00,19.469845897757295,501.1499938964844,325.1400146484375
2026-09-02 09:52:00+00:00,19.47209963039768,501.1499938964844,325.1400146484375
2026-09-02 09:53:00+00:00,19.469845897757295,501.1499938964844,325.1400146484375
2026-09-02 09:54:00+00:00,19.47563484111606,501.1499938964844,325.1400146484375
2026-09-02 09:55:00+00:00,19.47563484111606,501.1499938964844,325.1400146484375
2026-09-02 09:56:00+00:00,19.49299725552237,501.1499938964844,325.1400146484375
2026-09-02 09:57:00+00:00,19.473380438376353,501.1499938964844,325.1400146484375
2026-09-02 09:58:00+00:00,19.469845897757295,501.1499938964844,325.1400146484375
2026-09-02 09:59:00+00:00,19.469845897757295,501.1499938964844,325.1400146484375
2026-09-02 10:00:00+00:00,19.469845897757295,501.1499938964844,325.1400146484375
2026-09-02 10:01:00+00:00,19.479166504056366,501.1499938964844,325.1400146484375
2026-09-02 10:02:00+00:00,19.479166504056366,501.1499938964844,325.1400146484375
2026-09-02 10:03:00+00:00,19.479166504056366,501.1499938964844,325.1400146484375
2026-09-02 10:04:00+00:00,19.479166504056366,501.1499938964844,325.1400146484375
2026-09-02 10:05:00+00:00,19.47112804133303,501.1499938964844,325.1400146484375
2026-09-02 10:06:00+00:00,19.479166504056366,501.1499938964844,325.1400146484375
2026-09-02 10:07:00+00:00,19.481421576639832,501.1499938964844,325.1400146484375
2026-09-02 10:08:00+00:00,19.406180767820842,501.1499938964844,325.1400146484375
2026-09-02 10:09:00+00:00,19.406180767820842,501.1499938964844,325.1400146484375
2026-09-02 10:10:00+00:00,19.41775644670338,501.1499938964844,325.1400146484375
2026-09-02 10:11:00+00:00,19.406180767820842,501.1499938964844,325.1400146484375
2026-09-02 10:12:00+00:00,19.398148339059617,501.1499938964844,325.1400146484375
2026-09-02 10:13:00+00:00,19.400394032297072,501.1499938964844,325.1400146484375
2026-09-02 10:14:00+00:00,19.43512106894468,501.1499938964844,325.1400146484375
2026-09-02 10:15:00+00:00,19.45827021887476,501.1499938964844,325.1400146484375
2026-09-02 10:16:00+00:00,19.464059162233525,501.1499938964844,325.1400146484375
2026-09-02 10:17:00+00:00,19.47563484111606,501.1499938964844,325.1400146484375
2026-09-02 10:18:00+00:00,19.473380438376353,501.1499938964844,325.1400146484375
2026-09-02 10:19:00+00:00,19.473380438376353,501.1499938964844,325.1400146484375
2026-09-02 10:20:00+00:00,19.473380438376353,501.1499938964844,325.1400146484375
2026-09-02 10:21:00+00:00,19.473380438376353,501.1499938964844,325.1400146484375
2026-09-02 10:22:00+00:00,19.473380438376353,501.1499938964844,325.1400146484375
2026-09-02 10:23:00+00:00,19.479166504056366,501.1499938964844,325.1400146484375
2026-09-02 10:24:00+00:00,19.473380438376353,501.1499938964844,325.1400146484375
2026-09-02 10:25:00+00:00,19.479166504056366,501.1499938964844,325.1400146484375
2026-09-02 10:26:00+00:00,19.487208312163602,501.1499938964844,325.1400146484375
2026-09-02 10:27:00+00:00,19.48495256973638,501.1499938964844,325.1400146484375
2026-09-02 10:28:00+00:00,19.487208312163602,501.1499938964844,325.1400146484375
2026-09-02 10:29:00+00:00,19.482698834197436,501.1499938964844,325.1400146484375
2026-09-02 10:30:00+00:00,19.488486437953725,501.1499938964844,325.1400146484375
2026-09-02 10:31:00+00:00,19.486230025427176,501.1499938964844,325.1400146484375
2026-09-02 10:32:00+00:00,19.49201475201562,501.1499938964844,325.1400146484375
2026-09-02 10:33:00+00:00,19.49201475201562,501.1499938964844,325.1400146484375
2026-09-02 10:34:00+00:00,19.500059438142216,501.1499938964844,325.1400146484375
2026-09-02 10:35:00+00:00,19.509373345917993,501.1499938964844,325.1400146484375
2026-09-02 10:36:00+00:00,19.509373345917993,501.1499938964844,325.1400146484375
2026-09-02 10:37:00+00:00,19.509373345917993,501.1499938964844,325.1400146484375
2026-09-02 10:38:00+00:00,19.51741783476291,501.1499938964844,325.1400146484375
2026-09-02 10:39:00+00:00,19.51741783476291,501.1499938964844,325.1400146484375
2026-09-02 10:40:00+00:00,19.515158072506438,501.1499938964844,325.1400146484375
2026-09-02 10:41:00+00:00,19.511632438330707,501.1499938964844,325.1400146484375
2026-09-02 10:42:00+00:00,19.511632438330707,501.1499938964844,325.1400146484375
2026-09-02 10:43:00+00:00,19.51741783476291,501.1499938964844,325.1400146484375
2026-09-02 10:44:00+00:00,19.515158072506438,501.1499938964844,325.1400146484375
2026-09-02 10:45:00+00:00,19.515158072506438,501.1499938964844,325.1400146484375
2026-09-02 10:46:00+00:00,19.509373345917993,501.1499938964844,325.1400146484375
2026-09-02 10:47:00+00:00,19.515158072506438,501.1499938964844,325.1400146484375
2026-09-02 10:48:00+00:00,19.50358641226103,501.1499938964844,325.1400146484375
2026-09-02 10:49:00+00:00,19.509373345917993,501.1499938964844,325.1400146484375
2026-09-02 10:50:00+00:00,19.515158072506438,501.1499938964844,325.1400146484375
2026-09-02 10:51:00+00:00,19.526729732751846,501.1499938964844,325.1400146484375
2026-09-02 10:52:00+00:00,19.53251445934029,501.1499938964844,325.1400146484375
2026-09-02 10:53:00+00:00,19.53251445934029,501.1499938964844,325.1400146484375
2026-09-02 10:54:00+00:00,19.5289908349514,501.1499938964844,325.1400146484375
2026-09-02 10:55:00+00:00,19.526729732751846,501.1499938964844,325.1400146484375
2026-09-02 10:56:00+00:00,19.5232054385192,501.1499938964844,325.1400146484375
2026-09-02 10:57:00+00:00,19.534776231383603,501.1499938964844,325.1400146484375
2026-09-02 10:58:00+00:00,19.505844834574418,501.1499938964844,325.1400146484375
2026-09-02 10:59:00+00:00,19.504572934404905,501.1499938964844,325.1400146484375
2026-09-02 11:00:00+00:00,19.49878399104614,501.1499938964844,325.1400146484375
2026-09-02 11:01:00+00:00,19.49074084299582,501.1499938964844,325.1400146484375
2026-09-02 11:02:00+00:00,19.504572934404905,501.1499938964844,325.1400146484375
2026-09-02 11:03:00+00:00,19.504572934404905,501.1499938964844,325.1400146484375
2026-09-02 11:04:00+00:00,19.504572934404905,501.1499938964844,325.1400146484375
2026-09-02 11:05:00+00:00,19.510359669928675,501.1499938964844,325.1400146484375
2026-09-02 11:06:00+00:00,19.504572934404905,501.1499938964844,325.1400146484375
2026-09-02 11:07:00+00:00,19.510359669928675,501.1499938964844,325.1400146484375
2026-09-02 11:08:00+00:00,19.51614861328744,501.1499938964844,325.1400146484375
2026-09-02 11:09:00+00:00,19.51614861328744,501.1499938964844,325.1400146484375
2026-09-02 11:10:00+00:00,19.53351102769375,501.1499938964844,325.1400146484375
2026-09-02 11:11:00+00:00,19.529984724525775,501.1499938964844,325.1400146484375
2026-09-02 11:12:00+00:00,19.53351102769375,501.1499938964844,325.1400146484375
2026-09-02 11:13:00+00:00,19.535772129893303,501.1499938964844,325.1400146484375
2026-09-02 11:14:00+00:00,19.534507600298184,501.1499938964844,325.1400146484375
2026-09-02 11:15:00+00:00,19.540296345949173,501.1499938964844,325.1400146484375
2026-09-02 11:16:00+00:00,19.534507600298184,501.1499938964844,325.1400146484375
2026-09-02 11:17:00+00:00,19.54382331955685,501.1499938964844,325.1400146484375
2026-09-02 11:18:00+00:00,19.561191963671263,501.1499938964844,325.1400146484375
2026-09-02 11:19:00+00:00,19.59240389121578,501.1499938964844,325.1400146484375
2026-09-02 11:20:00+00:00,19.59240389121578,501.1499938964844,325.1400146484375
2026-09-02 11:21:00+00:00,19.59240389121578,501.1499938964844,325.1400146484375
2026-09-02 11:22:00+00:00,19.60625408109172,501.1499938964844,325.1400146484375
2026-09-02 11:23:00+00:00,19.60625408109172,501.1499938964844,325.1400146484375
2026-09-02 11:24:00+00:00,19.60625408109172,501.1499938964844,325.1400146484375
2026-09-02 11:25:00+00:00,19.607503195168192,501.1499938964844,325.1400146484375
2026-09-02 11:26:00+00:00,19.632931736578485,501.1499938964844,325.1400146484375
2026-09-02 11:27:00+00:00,19.632931736578485,501.1499938964844,325.1400146484375
2026-09-02 11:28:00+00:00,19.64451143648239,501.1499938964844,325.1400146484375
2026-09-02 11:29:00+00:00,19.64802635085789,501.1499938964844,325.1400146484375
2026-09-02 11:30:00+00:00,19.64575049660084,501.1499938964844,325.1400146484375
2026-09-02 11:31:00+00:00,19.639963091233312,501.1499938964844,325.1400146484375
2026-09-02 11:32:00+00:00,19.636447990897068,501.1499938964844,325.1400146484375
2026-09-02 11:33:00+00:00,19.636447990897068,501.1499938964844,325.1400146484375
2026-09-02 11:34:00+00:00,19.630659915089836,501.1499938964844,325.1400146484375
2026-09-02 11:35:00+00:00,19.636447990897068,501.1499938964844,325.1400146484375
2026-09-02 11:36:00+00:00,19.685039281845093,501.1499938964844,325.1400146484375
2026-09-02 11:37:00+00:00,19.685039281845093,501.1499938964844,325.1400146484375
2026-09-02 11:38:00+00:00,19.68731915950775,501.1499938964844,325.1400146484375
2026-09-02 11:39:00+00:00,19.70118141934472,501.1499938964844,325.1400146484375
2026-09-02 11:40:00+00:00,19.739432739754875,501.1499938964844,325.1400146484375
2026-09-02 11:41:00+00:00,19.733643323664182,501.1499938964844,325.1400146484375
2026-09-02 11:42:00+00:00,19.745222155845568,501.1499938964844,325.1400146484375
2026-09-02 11:43:00+00:00,19.751013780793983,501.1499938964844,325.1400146484375
2026-09-02 11:44:00+00:00,19.748726527015606,501.1499938964844,325.1400146484375
2026-09-02 11:45:00+00:00,19.734862946390876,501.1499938964844,325.1400146484375
2026-09-02 11:46:00+00:00,19.731358081460712,501.1499938964844,325.1400146484375
2026-09-02 11:47:00+00:00,19.722062282625075,501.1499938964844,325.1400146484375
2026-09-02 11:48:00+00:00,19.693108575598444,501.1499938964844,325.1400146484375
2026-09-02 11:49:00+00:00,19.754515272666595,501.1499938964844,325.1400146484375
2026-09-02 11:50:00+00:00,19.75801966631252,501.1499938964844,325.1400146484375
2026-09-02 11:51:00+00:00,19.75801966631252,501.1499938964844,325.1400146484375
2026-09-02 11:52:00+00:00,19.754515272666595,501.1499938964844,325.1400146484375
2026-09-02 11:53:00+00:00,19.76259482183309,501.1499938964844,325.1400146484375
2026-09-02 11:54:00+00:00,19.751013780793983,501.1499938964844,325.1400146484375
2026-09-02 11:55:00+00:00,19.745222155845568,501.1499938964844,325.1400146484375
2026-09-02 11:56:00+00:00,19.76259482183309,501.1499938964844,325.1400146484375
2026-09-02 11:57:00+00:00,19.748726527015606,501.1499938964844,325.1400146484375
2026-09-02 11:58:00+00:00,19.748726527015606,501.1499938964844,325.1400146484375
2026-09-02 11:59:00+00:00,19.68731915950775,501.1499938964844,325.1400146484375
2026-09-02 12:00:00+00:00,19.68152974341706,501.1499938964844,325.1400146484375
2026-09-02 12:01:00+00:00,19.675738118468644,501.1499938964844,325.1400146484375
2026-09-02 12:02:00+00:00,19.68731915950775,501.1499938964844,325.1400146484375
2026-09-02 12:03:00+00:00,19.6780166549961,501.1499938964844,325.1400146484375
2026-09-02 12:04:00+00:00,19.6780166549961,501.1499938964844,325.1400146484375
2026-09-02 12:05:00+00:00,19.680295191523555,501.1499938964844,325.1400146484375
2026-09-02 12:06:00+00:00,19.665199259774226,501.1499938964844,325.1400146484375
2026-09-02 12:07:00+00:00,19.65485189064748,501.1499938964844,325.1400146484375
2026-09-02 12:08:00+00:00,19.646786620299736,501.1499938964844,325.1400146484375
2026-09-02 12:09:00+00:00,19.629416163169935,501.1499938964844,325.1400146484375
2026-09-02 12:10:00+00:00,19.62589703976846,501.1499938964844,325.1400146484375
2026-09-02 12:11:00+00:00,19.60273227541984,501.1499938964844,325.1400146484375
2026-09-02 12:12:00+00:00,19.617835122130828,501.1499938964844,325.1400146484375
2026-09-02 12:13:00+00:00,19.60273227541984,501.1499938964844,325.1400146484375
2026-09-02 12:14:00+00:00,19.596942188889443,501.1499938964844,325.1400146484375
2026-09-02 12:15:00+00:00,19.66643427282179,501.1499938964844,325.1400146484375
2026-09-02 12:16:00+00:00,19.683808950640014,501.1499938964844,325.1400146484375
2026-09-02 12:17:00+00:00,19.722062282625075,501.1499938964844,325.1400146484375
2026-09-02 12:18:00+00:00,19.718553888049428,501.1499938964844,325.1400146484375
2026-09-02 12:19:00+00:00,19.71627065767666,501.1499938964844,325.1400146484375
2026-09-02 12:20:00+00:00,19.71961553920255,501.1499938964844,325.1400146484375
2026-09-02 12:21:00+00:00,19.71961553920255,501.1499938964844,325.1400146484375
2026-09-02 12:22:00+00:00,19.72540763824395,501.1499938964844,325.1400146484375
2026-09-02 12:23:00+00:00,19.72891601596416,501.1499938964844,325.1400146484375
2026-09-02 12:24:00+00:00,19.73120194716671,501.1499938964844,325.1400146484375
2026-09-02 12:25:00+00:00,19.73120194716671,501.1499938964844,325.1400146484375
2026-09-02 12:26:00+00:00,19.727694927692937,501.1499938964844,325.1400146484375
2026-09-02 12:27:00+00:00,19.73120194716671,501.1499938964844,325.1400146484375
2026-09-02 12:28:00+00:00,19.73470744396991,501.1499938964844,325.1400146484375
2026-09-02 12:29:00+00:00,19.74858045417227,501.1499938964844,325.1400146484375
2026-09-02 12:30:00+00:00,19.77525406888617,501.1499938964844,325.1400146484375
2026-09-02 12:31:00+00:00,19.77296276863035,501.1499938964844,325.1400146484375
2026-09-02 12:32:00+00:00,19.77525406888617,501.1499938964844,325.1400146484375
2026-09-02 12:33:00+00:00,19.77525406888617,501.1499938964844,325.1400146484375
2026-09-02 12:34:00+00:00,19.77296276863035,501.1499938964844,325.1400146484375
2026-09-02 12:35:00+00:00,19.735928565867653,501.1499938964844,325.1400146484375
2026-09-02 12:36:00+00:00,19.718553888049428,501.1499938964844,325.1400146484375
2026-09-02 12:37:00+00:00,19.710481241585967,501.1499938964844,325.1400146484375
2026-09-02 12:38:00+00:00,19.704689616637552,501.1499938964844,325.1400146484375
2026-09-02 12:39:00+00:00,19.69890020054686,501.1499938964844,325.1400146484375
2026-09-02 12:40:00+00:00,19.695389123700807,501.1499938964844,325.1400146484375
2026-09-02 12:41:00+00:00,19.68152974341706,501.1499938964844,325.1400146484375
2026-09-02 12:42:00+00:00,19.672226568465703,501.1499938964844,325.1400146484375
2026-09-02 12:43:00+00:00,19.664157077429536,501.1499938964844,325.1400146484375
2026-09-02 12:44:00+00:00,19.65257603639043,501.1499938964844,325.1400146484375
2026-09-02 12:45:00+00:00,19.65257603639043,501.1499938964844,325.1400146484375
2026-09-02 12:46:00+00:00,19.646786620299736,501.1499938964844,325.1400146484375
2026-09-02 12:47:00+00:00,19.65589140034035,501.1499938964844,325.1400146484375
2026-09-02 12:48:00+00:00,19.642029128500553,501.1499938964844,325.1400146484375
2026-09-02 12:49:00+00:00,19.69187891483307,501.1499938964844,325.1400146484375
2026-09-02 12:50:00+00:00,19.680295191523555,501.1499938964844,325.1400146484375
2026-09-02 12:51:00+00:00,19.6780166549961,501.1499938964844,325.1400146484375
2026-09-02 12:52:00+00:00,19.668711468214042,501.1499938964844,325.1400146484375
2026-09-02 12:53:00+00:00,19.6780166549961,501.1499938964844,325.1400146484375
2026-09-02 12:54:00+00:00,19.649061804117082,501.1499938964844,325.1400146484375
2026-09-02 12:55:00+00:00,19.63747942194277,501.1499938964844,325.1400146484375
2026-09-02 12:56:00+00:00,19.63747942194277,501.1499938964844,325.1400146484375
2026-09-02 12:57:00+00:00,19.620106953238064,501.1499938964844,325.1400146484375
2026-09-02 12:58:00+00:00,19.61431465759415,501.1499938964844,325.1400146484375
2026-09-02 12:59:00+00:00,19.596942188889443,501.1499938964844,325.1400146484375
2026-09-02 13:00:00+00:00,19.633962507654815,501.1499938964844,325.1400146484375
2026-09-02 13:01:00+00:00,19.645544021595015,501.1499938964844,325.1400146484375
2026-09-02 13:02:00+00:00,19.647820556506304,501.1499938964844,325.1400146484375
2026-09-02 13:03:00+00:00,19.636237700494803,501.1499938964844,325.1400146484375
2026-09-02 13:04:00+00:00,19.65712774490453,501.1499938964844,325.1400146484375
2026-09-02 13:05:00+00:00,19.645544021595015,501.1499938964844,325.1400146484375
2026-09-02 13:06:00+00:00,19.645544021595015,501.1499938964844,325.1400146484375
2026-09-02 13:07:00+00:00,19.645544021595015,501.1499938964844,325.1400146484375
2026-09-02 13:08:00+00:00,19.642029128500553,501.1499938964844,325.1400146484375
2026-09-02 13:09:00+00:00,19.65361419413739,501.1499938964844,325.1400146484375
2026-09-02 13:10:00+00:00,19.65712774490453,501.1499938964844,325.1400146484375
2026-09-02 13:11:00+00:00,19.682575753416813,501.1499938964844,325.1400146484375
2026-09-02 13:12:00+00:00,19.69416081905365,501.1499938964844,325.1400146484375
2026-09-02 13:13:00+00:00,19.68959903717041,501.1499938964844,325.1400146484375
2026-09-02 13:14:00+00:00,19.68959903717041,501.1499938964844,325.1400146484375
2026-09-02 13:15:00+00:00,19.68959903717041,501.1499938964844,325.1400146484375
2026-09-02 13:16:00+00:00,19.68959903717041,501.1499938964844,325.1400146484375
2026-09-02 13:17:00+00:00,19.69416081905365,501.1499938964844,325.1400146484375
2026-09-02 13:18:00+00:00,19.69416081905365,501.1499938964844,325.1400146484375
2026-09-02 13:19:00+00:00,19.69644272327423,501.1499938964844,325.1400146484375
2026-09-02 13:20:00+00:00,19.68485631531007,501.1499938964844,325.1400146484375
2026-09-02 13:21:00+00:00,19.701008558273315,501.1499938964844,325.1400146484375
2026-09-02 13:22:00+00:00,19.70329248905182,501.1499938964844,325.1400146484375
2026-09-02 13:23:00+00:00,19.711371204802163,501.1499938964844,325.1400146484375
2026-09-02 13:24:00+00:00,19.75072381328846,501.1499938964844,325.1400146484375
2026-09-02 13:25:00+00:00,19.757595804384437,501.1499938964844,325.1400146484375
2026-09-02 13:26:00+00:00,19.77945582803295,501.1499938964844,325.1400146484375
2026-09-02 13:27:00+00:00,19.77486503036198,501.1499938964844,325.1400146484375
2026-09-02 13:28:00+00:00,19.76798289650833,501.1499938964844,325.1400146484375
2026-09-02 13:29:00+00:00,19.765689528999246,501.1499938964844,325.1400146484375
2026-09-02 13:30:00+00:00,19.765689528999246,496.2341003417969,328.0150146484375
2026-09-02 13:31:00+00:00,19.761104825307484,496.864990234375,326.0050048828125
2026-09-02 13:32:00+00:00,19.73562186392428,496.0,326.45770263671875
2026-09-02 13:33:00+00:00,19.744927685053426,497.7900085449219,326.5299072265625
2026-09-02 13:34:00+00:00,19.744927685053426,497.2850036621094,325.6300048828125
2026-09-02 13:35:00+00:00,19.729822851786594,497.9200134277344,325.2099914550781
2026-09-02 13:36:00+00:00,19.71945144722804,496.010009765625,324.2749938964844
2026-09-02 13:37:00+00:00,19.721738749276028,495.70001220703125,324.3900146484375
2026-09-02 13:38:00+00:00,19.71945144722804,496.1499938964844,324.260009765625
2026-09-02 13:39:00+00:00,19.71945144722804,495.9599914550781,325.010009765625
2026-09-02 13:40:00+00:00,19.713653780058394,496.3900146484375,324.8599853515625
2026-09-02 13:41:00+00:00,19.726313353372007,495.6050109863281,325.0899963378906
2026-09-02 13:42:00+00:00,19.72280029831427,496.23199462890625,324.8699951171875
2026-09-02 13:43:00+00:00,19.717002153396606,496.4784851074219,324.8699951171875
2026-09-02 13:44:00+00:00,19.721578121185303,496.5,325.45001220703125
2026-09-02 13:45:00+00:00,19.71471619606018,496.9800109863281,325.05999755859375
2026-09-02 13:46:00+00:00,19.712430238723755,497.5299987792969,325.25
2026-09-02 13:47:00+00:00,19.717002153396606,497.80499267578125,325.239990234375
2026-09-02 13:48:00+00:00,19.732110826062126,498.3349914550781,324.79998779296875
2026-09-02 13:49:00+00:00,19.766902297997603,498.852294921875,324.5450134277344
2026-09-02 13:50:00+00:00,19.751797659466774,499.0050048828125,324.9200134277344
2026-09-02 13:51:00+00:00,19.757595804384437,498.364990234375,324.65008544921875
2026-09-02 13:52:00+00:00,19.75867372428297,497.8949890136719,325.1199951171875
2026-09-02 13:53:00+00:00,19.75867372428297,497.80499267578125,325.3299865722656
2026-09-02 13:54:00+00:00,19.76096574588837,497.54010009765625,325.0050048828125
2026-09-02 13:55:00+00:00,19.75867372428297,497.2250061035156,324.70001220703125
2026-09-02 13:56:00+00:00,19.763259797628052,497.6600036621094,325.05999755859375
2026-09-02 13:57:00+00:00,19.75745607452518,498.0950012207031,325.3999938964844
2026-09-02 13:58:00+00:00,19.773650757577343,498.2200012207031,325.364990234375
2026-09-02 13:59:00+00:00,19.820082465279484,498.5350036621094,325.19000244140625
2026-09-02 14:00:00+00:00,19.815482238194818,497.7049865722656,324.80999755859375
2026-09-02 14:01:00+00:00,19.80858596856524,497.3399963378906,324.8999938964844
2026-09-02 14:02:00+00:00,19.810884046608862,497.4200134277344,324.7900085449219
2026-09-02 14:03:00+00:00,19.810884046608862,497.42999267578125,324.17999267578125
2026-09-02 14:04:00+00:00,19.815482238194818,497.6400146484375,323.9649963378906
2026-09-02 14:05:00+00:00,19.810884046608862,497.8999938964844,323.6099853515625
2026-09-02 14:06:00+00:00,19.810884046608862,497.9100036621094,324.03509521484375
2026-09-02 14:07:00+00:00,19.806287890521617,498.0,324.0799865722656
2026-09-02 14:08:00+00:00,19.80858596856524,498.1177978515625,324.4299011230469
2026-09-02 14:09:00+00:00,19.684490593509736,497.6099853515625,324.20001220703125
2026-09-02 14:10:00+00:00,19.686774539693033,498.20001220703125,323.6600036621094
2026-09-02 14:11:00+00:00,19.686774539693033,498.5,323.8026123046875
2026-09-02 14:12:00+00:00,19.684490593509736,498.5574951171875,323.75
2026-09-02 14:13:00+00:00,19.679924724124703,498.70001220703125,323.8900146484375
2026-09-02 14:14:00+00:00,19.679924724124703,498.8599853515625,323.989990234375
2026-09-02 14:15:00+00:00,19.68220664732644,498.55999755859375,324.0299987792969
2026-09-02 14:16:00+00:00,19.679924724124703,498.17999267578125,324.159912109375
2026-09-02 14:17:00+00:00,19.68220664732644,497.7200927734375,324.0249938964844
2026-09-02 14:18:00+00:00,19.679924724124703,497.7262878417969,323.93499755859375
2026-09-02 14:19:00+00:00,19.677642800922968,497.7349853515625,323.7847900390625
2026-09-02 14:20:00+00:00,19.677642800922968,497.9700012207031,324.08599853515625
2026-09-02 14:21:00+00:00,19.675360877721232,497.8699951171875,324.0736083984375
2026-09-02 14:22:00+00:00,19.673078954519497,498.1600036621094,324.0400085449219
2026-09-02 14:23:00+00:00,19.673078954519497,498.3399963378906,324.1099853515625
2026-09-02 14:24:00+00:00,19.673078954519497,497.8323059082031,324.07501220703125
2026-09-02 14:25:00+00:00,19.675360877721232,497.7200012207031,324.1600036621094
2026-09-02 14:26:00+00:00,19.677642800922968,498.135009765625,324.5299987792969
2026-09-02 14:27:00+00:00,19.677642800922968,498.0425109863281,324.57501220703125
2026-09-02 14:28:00+00:00,19.675360877721232,497.8550109863281,324.8182067871094
2026-09-02 14:29:00+00:00,19.675360877721232,497.7900085449219,324.57000732421875
2026-09-02 14:30:00+00:00,19.675360877721232,497.8500061035156,324.1099853515625
2026-09-02 14:31:00+00:00,19.677642800922968,497.25,324.67498779296875
2026-09-02 14:32:00+00:00,19.679924724124703,497.20001220703125,324.3599853515625
2026-09-02 14:33:00+00:00,19.677642800922968,496.82501220703125,324.2099914550781
2026-09-02 14:34:00+00:00,19.677642800922968,497.2300109863281,324.07000732421875
2026-09-02 14:35:00+00:00,19.677642800922968,497.0899963378906,324.1600036621094
2026-09-02 14:36:00+00:00,19.675360877721232,497.3299865722656,324.07501220703125
2026-09-02 14:37:00+00:00,19.677642800922968,497.43499755859375,324.4700012207031
2026-09-02 14:38:00+00:00,19.677642800922968,497.1300048828125,324.5400085449219
2026-09-02 14:39:00+00:00,19.675360877721232,497.5790100097656,324.55999755859375
2026-09-02 14:40:00+00:00,19.675360877721232,497.6908874511719,324.70001220703125
2026-09-02 14:41:00+00:00,19.675360877721232,497.67999267578125,324.6650085449219
2026-09-02 14:42:00+00:00,19.677642800922968,497.64129638671875,324.6299133300781
2026-09-02 14:43:00+00:00,19.675360877721232,497.7699890136719,324.57000732421875
2026-09-02 14:44:00+00:00,19.675360877721232,497.95001220703125,324.7250061035156
2026-09-02 14:45:00+00:00,19.677642800922968,497.9949951171875,324.5799865722656
2026-09-02 14:46:00+00:00,19.675360877721232,497.8599853515625,324.8500061035156
2026-09-02 14:47:00+00:00,19.675360877721232,498.19000244140625,325.0799865722656
2026-09-02 14:48:00+00:00,19.675360877721232,497.92498779296875,324.9119873046875
2026-09-02 14:49:00+00:00,19.675360877721232,498.239990234375,324.75
2026-09-02 14:50:00+00:00,19.679924724124703,498.1199035644531,324.6199951171875
2026-09-02 14:51:00+00:00,19.675360877721232,498.44000244140625,324.6099853515625
2026-09-02 14:52:00+00:00,19.675360877721232,498.2799987792969,324.6199951171875
2026-09-02 14:53:00+00:00,19.673078954519497,498.239990234375,324.44000244140625
2026-09-02 14:54:00+00:00,19.675360877721232,498.364990234375,324.2049865722656
2026-09-02 14:55:00+00:00,19.677642800922968,498.57000732421875,324.4800109863281
2026-09-02 14:56:00+00:00,19.677642800922968,497.93499755859375,324.4700012207031
2026-09-02 14:57:00+00:00,19.679924724124703,498.42999267578125,324.6351013183594
2026-09-02 14:58:00+00:00,19.679924724124703,498.44000244140625,324.5899963378906
2026-09-02 14:59:00+00:00,19.677642800922968,498.3999938964844,324.6191101074219
2026-09-02 15:00:00+00:00,19.677642800922968,498.4849853515625,324.6700134277344
2026-09-02 15:01:00+00:00,19.68220664732644,498.2650146484375,324.7200012207031
2026-09-02 15:02:00+00:00,19.68220664732644,498.31500244140625,324.8599853515625
2026-09-02 15:03:00+00:00,19.684490593509736,498.635009765625,324.8800964355469
2026-09-02 15:04:00+00:00,19.679924724124703,497.6499938964844,324.40240478515625
2026-09-02 15:05:00+00:00,19.68220664732644,497.9591064453125,324.3699951171875
2026-09-02 15:06:00+00:00,19.68220664732644,498.0899963378906,324.5950012207031
2026-09-02 15:07:00+00:00,19.68220664732644,497.57501220703125,324.5849914550781
2026-09-02 15:08:00+00:00,19.68220664732644,497.2432861328125,324.6700134277344
2026-09-02 15:09:00+00:00,19.679924724124703,497.1400146484375,324.3900146484375
2026-09-02 15:10:00+00:00,19.679924724124703,497.0450134277344,324.2200012207031
2026-09-02 15:11:00+00:00,19.679924724124703,497.32000732421875,324.5400085449219
2026-09-02 15:12:00+00:00,19.679924724124703,497.1700134277344,324.4800109863281
2026-09-02 15:13:00+00:00,19.679924724124703,496.5849914550781,324.32501220703125
2026-09-02 15:14:00+00:00,19.677642800922968,497.0552062988281,324.4599914550781
2026-09-02 15:15:00+00:00,19.675360877721232,497.0,324.7200012207031
2026-09-02 15:16:00+00:00,19.677642800922968,496.9100036621094,324.79998779296875
2026-09-02 15:17:00+00:00,19.677642800922968,496.8299865722656,324.6611022949219
2026-09-02 15:18:00+00:00,19.677642800922968,496.9494934082031,324.8900146484375
2026-09-02 15:19:00+00:00,19.679924724124703,497.1400146484375,325.2099914550781
2026-09-02 15:20:00+00:00,19.677642800922968,496.989990234375,325.05499267578125
2026-09-02 15:21:00+00:00,19.673078954519497,497.239990234375,325.17498779296875
2026-09-02 15:22:00+00:00,19.675360877721232,497.69000244140625,325.19000244140625
2026-09-02 15:23:00+00:00,19.677642800922968,497.8949890136719,325.2477111816406
2026-09-02 15:24:00+00:00,19.677642800922968,497.79998779296875,325.4800109863281
2026-09-02 15:25:00+00:00,19.679924724124703,497.7099914550781,325.8599853515625
2026-09-02 15:26:00+00:00,19.679924724124703,497.7799987792969,325.9100036621094
2026-09-02 15:27:00+00:00,19.679924724124703,497.760009765625,325.6700134277344
2026-09-02 15:28:00+00:00,19.679924724124703,497.5050048828125,325.7900085449219
2026-09-02 15:29:00+00:00,19.68220664732644,497.04998779296875,326.54998779296875
2026-09-02 15:30:00+00:00,19.684490593509736,496.739990234375,326.66009521484375
2026-09-02 15:31:00+00:00,19.684490593509736,496.7200012207031,326.95989990234375
2026-09-02 15:32:00+00:00,19.68220664732644,496.7799987792969,326.9849853515625
2026-09-02 15:33:00+00:00,19.679924724124703,496.3699951171875,326.9100036621094
2026-09-02 15:34:00+00:00,19.679924724124703,496.20001220703125,326.71258544921875
2026-09-02 15:35:00+00:00,19.679924724124703,496.0299987792969,326.2749938964844
2026-09-02 15:36:00+00:00,19.679924724124703,496.2900085449219,326.7349853515625
2026-09-02 15:37:00+00:00,19.677642800922968,496.1199951171875,326.8310852050781
2026-09-02 15:38:00+00:00,19.679924724124703,495.760009765625,326.8550109863281
2026-09-02 15:39:00+00:00,19.68220664732644,495.7850036621094,326.70001220703125
2026-09-02 15:40:00+00:00,19.679924724124703,495.30999755859375,326.2900085449219
2026-09-02 15:41:00+00:00,19.677642800922968,495.6907043457031,325.6600036621094
2026-09-02 15:42:00+00:00,19.679924724124703,495.510009765625,325.6000061035156
2026-09-02 15:43:00+00:00,19.677642800922968,495.29998779296875,325.29998779296875
2026-09-02 15:44:00+00:00,19.675360877721232,495.489990234375,325.114990234375
2026-09-02 15:45:00+00:00,19.675360877721232,495.0199890136719,325.07830810546875
2026-09-02 15:46:00+00:00,19.675360877721232,495.0299987792969,325.3900146484375
2026-09-02 15:47:00+00:00,19.677642800922968,494.7049865722656,324.82501220703125
2026-09-02 15:48:00+00:00,19.677642800922968,494.4206848144531,324.45001220703125
2026-09-02 15:49:00+00:00,19.675360877721232,494.3999938964844,324.1400146484375
2026-09-02 15:50:00+00:00,19.677642800922968,494.17498779296875,323.9800109863281
2026-09-02 15:51:00+00:00,19.675360877721232,494.1400146484375,324.125
2026-09-02 15:52:00+00:00,19.675360877721232,494.44000244140625,324.42999267578125
2026-09-02 15:53:00+00:00,19.675360877721232,494.2049865722656,324.489990234375
2026-09-02 15:54:00+00:00,19.675360877721232,494.20001220703125,324.54998779296875
2026-09-02 15:55:00+00:00,19.673078954519497,494.1549987792969,324.3900146484375
2026-09-02 15:56:00+00:00,19.675360877721232,493.9414978027344,324.3949890136719
2026-09-02 15:57:00+00:00,19.677642800922968,494.4150085449219,324.4700012207031
2026-09-02 15:58:00+00:00,19.677642800922968,494.68499755859375,325.1300048828125
2026-09-02 15:59:00+00:00,19.675360877721232,494.7749938964844,325.010009765625
2026-09-02 16:00:00+00:00,19.679924724124703,494.76251220703125,325.3399963378906
2026-09-02 16:01:00+00:00,19.679924724124703,495.1499938964844,325.29998779296875
2026-09-02 16:02:00+00:00,19.677642800922968,494.82000732421875,325.6449890136719
2026-09-02 16:03:00+00:00,19.679924724124703,494.8550109863281,325.6388854980469
2026-09-02 16:04:00+00:00,19.675360877721232,495.05999755859375,325.8550109863281
2026-09-02 16:05:00+00:00,19.677642800922968,494.8699951171875,325.7300109863281
2026-09-02 16:06:00+00:00,19.675360877721232,494.7799987792969,325.94000244140625
2026-09-02 16:07:00+00:00,19.677642800922968,494.94500732421875,326.04998779296875
2026-09-02 16:08:00+00:00,19.677642800922968,494.8901062011719,325.7001037597656
2026-09-02 16:09:00+00:00,19.677642800922968,494.9100036621094,325.760009765625
2026-09-02 16:10:00+00:00,19.677642800922968,494.6300964355469,325.6885070800781
2026-09-02 16:11:00+00:00,19.675360877721232,494.6400146484375,325.739990234375
2026-09-02 16:12:00+00:00,19.677642800922968,494.69000244140625,325.82501220703125
2026-09-02 16:13:00+00:00,19.675360877721232,494.6499938964844,325.82000732421875
2026-09-02 16:14:00+00:00,19.677642800922968,494.5199890136719,325.29998779296875
2026-09-02 16:15:00+00:00,19.679924724124703,494.17999267578125,325.1199951171875
2026-09-02 16:16:00+00:00,19.677642800922968,494.1000061035156,325.2101135253906
2026-09-02 16:17:00+00:00,19.679924724124703,494.3699951171875,325.010009765625
2026-09-02 16:18:00+00:00,19.677642800922968,494.2300109863281,324.7099914550781
2026-09-02 16:19:00+00:00,19.679924724124703,494.5899963378906,324.8399963378906
2026-09-02 16:20:00+00:00,19.679924724124703,494.5199890136719,325.0899963378906
2026-09-02 16:21:00+00:00,19.679924724124703,494.30999755859375,325.04998779296875
2026-09-02 16:22:00+00:00,19.679924724124703,494.260009765625,324.8800048828125
2026-09-02 16:23:00+00:00,19.677642800922968,494.0,324.5299987792969
2026-09-02 16:24:00+00:00,19.675360877721232,493.8599853515625,324.5851135253906
2026-09-02 16:25:00+00:00,19.675360877721232,494.05499267578125,324.6700134277344
2026-09-02 16:26:00+00:00,19.675360877721232,493.9150085449219,324.7200012207031
2026-09-02 16:27:00+00:00,19.673078954519497,494.1499938964844,324.69000244140625
2026-09-02 16:28:00+00:00,19.673078954519497,493.8919982910156,324.6400146484375
2026-09-02 16:29:00+00:00,19.673078954519497,494.17999267578125,324.6698913574219
2026-09-02 16:30:00+00:00,19.673078954519497,494.1700134277344,324.9750061035156
2026-09-02 16:31:00+00:00,19.675360877721232,494.31500244140625,325.3500061035156
2026-09-02 16:32:00+00:00,19.675360877721232,494.0849914550781,325.44000244140625
2026-09-02 16:33:00+00:00,19.675360877721232,494.0400085449219,325.3320007324219
2026-09-02 16:34:00+00:00,19.675360877721232,494.07501220703125,325.4599914550781
2026-09-02 16:35:00+00:00,19.675360877721232,494.375,325.4200134277344
2026-09-02 16:36:00+00:00,19.675360877721232,494.6099853515625,325.32501220703125
2026-09-02 16:37:00+00:00,19.675360877721232,494.9200134277344,325.6145935058594
2026-09-02 16:38:00+00:00,19.675360877721232,494.79998779296875,325.3800048828125
2026-09-02 16:39:00+00:00,19.675360877721232,494.8949890136719,325.42999267578125
2026-09-02 16:40:00+00:00,19.675360877721232,494.6600036621094,325.3299865722656
2026-09-02 16:41:00+00:00,19.673078954519497,494.80999755859375,325.3450012207031
2026-09-02 16:42:00+00:00,19.675360877721232,494.6650085449219,325.4800109863281
2026-09-02 16:43:00+00:00,19.675360877721232,494.55999755859375,325.42999267578125
2026-09-02 16:44:00+00:00,19.673078954519497,494.5450134277344,325.385009765625
2026-09-02 16:45:00+00:00,19.675360877721232,495.1000061035156,325.3900146484375
2026-09-02 16:46:00+00:00,19.677642800922968,495.30999755859375,325.4599914550781
2026-09-02 16:47:00+00:00,19.675360877721232,495.2200012207031,325.4700012207031
2026-09-02 16:48:00+00:00,19.675360877721232,495.2349853515625,325.45001220703125
2026-09-02 16:49:00+00:00,19.673078954519497,495.5199890136719,325.5050048828125
2026-09-02 16:50:00+00:00,19.673078954519497,495.389892578125,325.5899963378906
2026-09-02 16:51:00+00:00,19.675360877721232,495.4599914550781,325.7049865722656
2026-09-02 16:52:00+00:00,19.675360877721232,495.44000244140625,325.92498779296875
2026-09-02 16:53:00+00:00,19.675360877721232,495.9599914550781,325.79998779296875
2026-09-02 16:54:00+00:00,19.675360877721232,496.0350036621094,326.0
2026-09-02 16:55:00+00:00,19.675360877721232,496.19500732421875,326.21990966796875
2026-09-02 16:56:00+00:00,19.673078954519497,496.1300048828125,326.114990234375
2026-09-02 16:57:00+00:00,19.673078954519497,496.1600036621094,326.0000915527344
2026-09-02 16:58:00+00:00,19.670801077280885,495.9750061035156,326.0050048828125
2026-09-02 16:59:00+00:00,19.670801077280885,495.8345947265625,326.1199951171875
2026-09-02 17:00:00+00:00,19.670801077280885,496.2799987792969,326.239990234375
2026-09-02 17:01:00+00:00,19.670801077280885,496.2121887207031,326.29010009765625
2026-09-02 17:02:00+00:00,19.670801077280885,496.739990234375,326.3500061035156
2026-09-02 17:03:00+00:00,19.670801077280885,496.75,326.385498046875
2026-09-02 17:04:00+00:00,19.670801077280885,496.6700134277344,326.2749938964844
2026-09-02 17:05:00+00:00,19.66852117706071,496.6300048828125,326.1650085449219
2026-09-02 17:06:00+00:00,19.670801077280885,496.2850036621094,326.19000244140625
2026-09-02 17:07:00+00:00,19.66852117706071,496.1600036621094,326.2349853515625
2026-09-02 17:08:00+00:00,19.66852117706071,496.0450134277344,326.1000061035156
2026-09-02 17:09:00+00:00,19.666241276840537,495.94000244140625,325.75
2026-09-02 17:10:00+00:00,19.66852117706071,496.3599853515625,325.5679931640625
2026-09-02 17:11:00+00:00,19.666241276840537,496.3599853515625,325.7149963378906
2026-09-02 17:12:00+00:00,19.666241276840537,496.2950134277344,325.69000244140625
2026-09-02 17:13:00+00:00,19.666241276840537,496.4288024902344,325.7124938964844
2026-09-02 17:14:00+00:00,19.666241276840537,496.55999755859375,325.5599060058594
2026-09-02 17:15:00+00:00,19.666241276840537,496.5400085449219,325.68499755859375
2026-09-02 17:16:00+00:00,19.666241276840537,496.239990234375,325.80010986328125
2026-09-02 17:17:00+00:00,19.666241276840537,496.1099853515625,325.69000244140625
2026-09-02 17:18:00+00:00,19.663963399601926,495.8500061035156,325.5498046875
2026-09-02 17:19:00+00:00,19.663963399601926,495.7699890136719,325.67010498046875
2026-09-02 17:20:00+00:00,19.663963399601926,495.8500061035156,325.715087890625
2026-09-02 17:21:00+00:00,19.663963399601926,495.68499755859375,325.6700134277344
2026-09-02 17:22:00+00:00,19.663963399601926,496.1650085449219,325.67999267578125
2026-09-02 17:23:00+00:00,19.663963399601926,496.1300048828125,325.6697082519531
2026-09-02 17:24:00+00:00,19.666241276840537,496.3599853515625,325.6099853515625
2026-09-02 17:25:00+00:00,19.666241276840537,496.3800048828125,325.5299987792969
2026-09-02 17:26:00+00:00,19.666241276840537,496.5249938964844,325.2449035644531
2026-09-02 17:27:00+00:00,19.666241276840537,496.4729919433594,325.2401123046875
2026-09-02 17:28:00+00:00,19.666241276840537,496.57501220703125,325.2828063964844
2026-09-02 17:29:00+00:00,19.66852117706071,496.4599914550781,325.07501220703125
2026-09-02 17:30:00+00:00,19.66852117706071,496.55999755859375,325.135009765625
2026-09-02 17:31:00+00:00,19.666241276840537,496.7200012207031,324.94000244140625
2026-09-02 17:32:00+00:00,19.663963399601926,496.82000732421875,324.94189453125
2026-09-02 17:33:00+00:00,19.666241276840537,496.7200012207031,324.760009765625
2026-09-02 17:34:00+00:00,19.66852117706071,496.75,324.8699951171875
2026-09-02 17:35:00+00:00,19.666241276840537,496.79998779296875,324.8999938964844
2026-09-02 17:36:00+00:00,19.666241276840537,496.6199951171875,325.06500244140625
2026-09-02 17:37:00+00:00,19.666241276840537,496.54998779296875,325.05999755859375
2026-09-02 17:38:00+00:00,19.666241276840537,496.42010498046875,325.114990234375
2026-09-02 17:39:00+00:00,19.666241276840537,496.6000061035156,325.0199890136719
2026-09-02 17:40:00+00:00,19.666241276840537,496.6300048828125,324.8900146484375
2026-09-02 17:41:00+00:00,19.66852117706071,496.627197265625,324.9794921875
2026-09-02 17:42:00+00:00,19.66852117706071,496.6300048828125,325.3450012207031
2026-09-02 17:43:00+00:00,19.66852117706071,496.7449951171875,325.3399963378906
2026-09-02 17:44:00+00:00,19.66852117706071,496.9100036621094,325.3301086425781
2026-09-02 17:45:00+00:00,19.673078954519497,496.94000244140625,325.375
2026-09-02 17:46:00+00:00,19.673078954519497,496.8450012207031,325.4700012207031
2026-09-02 17:47:00+00:00,19.670801077280885,496.3999938964844,325.6000061035156
2026-09-02 17:48:00+00:00,19.670801077280885,496.55499267578125,325.6650085449219
2026-09-02 17:49:00+00:00,19.673078954519497,496.79998779296875,325.5
2026-09-02 17:50:00+00:00,19.670801077280885,496.840087890625,325.4949951171875
2026-09-02 17:51:00+00:00,19.670801077280885,496.9200134277344,325.4949951171875
2026-09-02 17:52:00+00:00,19.670801077280885,496.8489990234375,325.5950012207031
2026-09-02 17:53:00+00:00,19.670801077280885,497.0557861328125,325.6098937988281
2026-09-02 17:54:00+00:00,19.66852117706071,496.92999267578125,325.8299865722656
2026-09-02 17:55:00+00:00,19.66852117706071,497.0950927734375,325.9049987792969
2026-09-02 17:56:00+00:00,19.670801077280885,497.2550048828125,325.989990234375
2026-09-02 17:57:00+00:00,19.670801077280885,497.7489929199219,326.1199951171875
2026-09-02 17:58:00+00:00,19.66852117706071,497.68499755859375,325.9849853515625
2026-09-02 17:59:00+00:00,19.66852117706071,497.6449890136719,325.9549865722656
2026-09-02 18:00:00+00:00,19.66852117706071,497.4200134277344,325.7900085449219
2026-09-02 18:01:00+00:00,19.66852117706071,497.32501220703125,326.0299987792969
2026-09-02 18:02:00+00:00,19.66852117706071,496.9100036621094,326.1099853515625
2026-09-02 18:03:00+00:00,19.670801077280885,497.04998779296875,326.2950134277344
2026-09-02 18:04:00+00:00,19.66852117706071,496.8500061035156,326.30010986328125
2026-09-02 18:05:00+00:00,19.670801077280885,496.4549865722656,326.2099914550781
2026-09-02 18:06:00+00:00,19.66852117706071,496.5199890136719,326.1299133300781
2026-09-02 18:07:00+00:00,19.66852117706071,496.3900146484375,326.04998779296875
2026-09-02 18:08:00+00:00,19.66852117706071,496.30999755859375,325.9549865722656
2026-09-02 18:09:00+00:00,19.66852117706071,496.2799987792969,325.9700012207031
2026-09-02 18:10:00+00:00,19.66852117706071,496.29150390625,326.0150146484375
2026-09-02 18:11:00+00:00,19.66852117706071,496.1099853515625,325.92498779296875
2026-09-02 18:12:00+00:00,19.66852117706071,496.1300048828125,325.94000244140625
2026-09-02 18:13:00+00:00,19.66852117706071,496.2699890136719,325.8999938964844
2026-09-02 18:14:00+00:00,19.66852117706071,496.2250061035156,326.0
2026-09-02 18:15:00+00:00,19.666241276840537,496.2149963378906,326.04998779296875
2026-09-02 18:16:00+00:00,19.666241276840537,496.05999755859375,326.07000732421875
2026-09-02 18:17:00+00:00,19.666241276840537,496.18499755859375,326.1000061035156
2026-09-02 18:18:00+00:00,19.670801077280885,496.6199951171875,326.2200012207031
2026-09-02 18:19:00+00:00,19.66852117706071,496.6300048828125,326.19000244140625
2026-09-02 18:20:00+00:00,19.670801077280885,496.54998779296875,326.2449951171875
2026-09-02 18:21:00+00:00,19.66852117706071,496.3500061035156,326.3599853515625
2026-09-02 18:22:00+00:00,19.666241276840537,496.29998779296875,326.19000244140625
2026-09-02 18:23:00+00:00,19.666241276840537,496.19189453125,326.1650085449219
2026-09-02 18:24:00+00:00,19.666241276840537,496.29998779296875,326.17999267578125
2026-09-02 18:25:00+00:00,19.666241276840537,496.17999267578125,326.18499755859375
2026-09-02 18:26:00+00:00,19.666241276840537,496.1300048828125,326.4599914550781
2026-09-02 18:27:00+00:00,19.666241276840537,496.10009765625,326.30499267578125
2026-09-02 18:28:00+00:00,19.666241276840537,495.9150085449219,326.3800048828125
2026-09-02 18:29:00+00:00,19.666241276840537,496.1050109863281,326.2955017089844
2026-09-02 18:30:00+00:00,19.66852117706071,496.2699890136719,326.4200134277344
2026-09-02 18:31:00+00:00,19.66852117706071,496.2900085449219,326.3399963378906
2026-09-02 18:32:00+00:00,19.66852117706071,496.2799987792969,326.2449951171875
2026-09-02 18:33:00+00:00,19.66852117706071,496.4700012207031,326.0899963378906
2026-09-02 18:34:00+00:00,19.66852117706071,496.0987854003906,325.94500732421875
2026-09-02 18:35:00+00:00,19.66852117706071,496.0824890136719,326.0400085449219
2026-09-02 18:36:00+00:00,19.66852117706071,495.81500244140625,325.989990234375
2026-09-02 18:37:00+00:00,19.670801077280885,495.80999755859375,325.8500061035156
2026-09-02 18:38:00+00:00,19.670801077280885,495.82501220703125,325.875
2026-09-02 18:39:00+00:00,19.670801077280885,495.5450134277344,325.80010986328125
2026-09-02 18:40:00+00:00,19.670801077280885,495.6700134277344,325.5950012207031
2026-09-02 18:41:00+00:00,19.66852117706071,495.32501220703125,325.5199890136719
2026-09-02 18:42:00+00:00,19.666241276840537,495.2200012207031,325.57598876953125
2026-09-02 18:43:00+00:00,19.666241276840537,495.1300048828125,325.29998779296875
2026-09-02 18:44:00+00:00,19.663963399601926,495.19000244140625,325.3399963378906
2026-09-02 18:45:00+00:00,19.666241276840537,495.1600036621094,325.2449951171875
2026-09-02 18:46:00+00:00,19.666241276840537,494.85009765625,325.125
2026-09-02 18:47:00+00:00,19.666241276840537,494.94000244140625,325.2200927734375
2026-09-02 18:48:00+00:00,19.666241276840537,495.1700134277344,325.260009765625
2026-09-02 18:49:00+00:00,19.666241276840537,495.2099914550781,325.29998779296875
2026-09-02 18:50:00+00:00,19.66852117706071,495.4100036621094,325.3399963378906
2026-09-02 18:51:00+00:00,19.66852117706071,495.1600036621094,325.25
2026-09-02 18:52:00+00:00,19.66852117706071,495.0950012207031,325.0
2026-09-02 18:53:00+00:00,19.66852117706071,495.1109924316406,325.1700134277344
2026-09-02 18:54:00+00:00,19.66852117706071,495.1549987792969,325.17498779296875
2026-09-02 18:55:00+00:00,19.666241276840537,495.19000244140625,325.1499938964844
2026-09-02 18:56:00+00:00,19.666241276840537,495.19500732421875,325.139892578125
2026-09-02 18:57:00+00:00,19.666241276840537,495.0534973144531,324.95001220703125
2026-09-02 18:58:00+00:00,19.666241276840537,495.0934143066406,324.9549865722656
2026-09-02 18:59:00+00:00,19.666241276840537,495.2799987792969,325.0
2026-09-02 19:00:00+00:00,19.666241276840537,495.489990234375,324.6499938964844
2026-09-02 19:01:00+00:00,19.666241276840537,495.6400146484375,324.7460021972656
2026-09-02 19:02:00+00:00,19.66852117706071,495.75,324.82000732421875
2026-09-02 19:03:00+00:00,19.666241276840537,495.6300048828125,324.9100036621094
2026-09-02 19:04:00+00:00,19.666241276840537,495.6549987792969,324.97979736328125
2026-09-02 19:05:00+00:00,19.666241276840537,495.6050109863281,325.1300048828125
2026-09-02 19:06:00+00:00,19.666241276840537,495.677490234375,325.26239013671875
2026-09-02 19:07:00+00:00,19.666241276840537,495.7300109863281,325.1700134277344
2026-09-02 19:08:00+00:00,19.666241276840537,495.7699890136719,325.25030517578125
2026-09-02 19:09:00+00:00,19.663963399601926,496.0450134277344,325.4750061035156
2026-09-02 19:10:00+00:00,19.663963399601926,496.0,325.42059326171875
2026-09-02 19:11:00+00:00,19.663963399601926,496.0335998535156,325.6300048828125
2026-09-02 19:12:00+00:00,19.663963399601926,496.3699951171875,325.6778869628906
2026-09-02 19:13:00+00:00,19.661683499381752,496.3399963378906,325.7149963378906
2026-09-02 19:14:00+00:00,19.661683499381752,496.3399963378906,325.5299987792969
2026-09-02 19:15:00+00:00,19.663963399601926,496.3699951171875,325.4800109863281
2026-09-02 19:16:00+00:00,19.663963399601926,496.6900939941406,325.6700134277344
2026-09-02 19:17:00+00:00,19.663963399601926,496.489990234375,325.5799865722656
2026-09-02 19:18:00+00:00,19.666241276840537,496.4549865722656,325.489990234375
2026-09-02 19:19:00+00:00,19.666241276840537,496.5950012207031,325.6050109863281
2026-09-02 19:20:00+00:00,19.666241276840537,496.3800048828125,325.4949951171875
2026-09-02 19:21:00+00:00,19.666241276840537,496.5799865722656,325.55999755859375
2026-09-02 19:22:00+00:00,19.66852117706071,496.7799987792969,325.5199890136719
2026-09-02 19:23:00+00:00,19.666241276840537,496.66400146484375,325.57501220703125
2026-09-02 19:24:00+00:00,19.666241276840537,496.8500061035156,325.4800109863281
2026-09-02 19:25:00+00:00,19.666241276840537,496.6700134277344,325.5
2026-09-02 19:26:00+00:00,19.666241276840537,496.7200012207031,325.57000732421875
2026-09-02 19:27:00+00:00,19.663963399601926,496.8500061035156,325.625
2026-09-02 19:28:00+00:00,19.663963399601926,497.06500244140625,325.56500244140625
2026-09-02 19:29:00+00:00,19.663963399601926,497.1549987792969,325.6400146484375
2026-09-02 19:30:00+00:00,19.666241276840537,496.8299865722656,325.5799865722656
2026-09-02 19:31:00+00:00,19.663963399601926,496.8999938964844,325.5199890136719
2026-09-02 19:32:00+00:00,19.663963399601926,496.3399963378906,325.6046142578125
2026-09-02 19:33:00+00:00,19.666241276840537,497.1099853515625,325.67498779296875
2026-09-02 19:34:00+00:00,19.666241276840537,496.8890075683594,325.9200134277344
2026-09-02 19:35:00+00:00,19.666241276840537,497.04998779296875,325.7900085449219
2026-09-02 19:36:00+00:00,19.663963399601926,496.6889953613281,325.6000061035156
2026-09-02 19:37:00+00:00,19.666241276840537,496.60009765625,325.3550109863281
2026-09-02 19:38:00+00:00,19.666241276840537,496.6534118652344,325.20001220703125
2026-09-02 19:39:00+00:00,19.666241276840537,496.8999938964844,325.1099853515625
2026-09-02 19:40:00+00:00,19.666241276840537,496.8900146484375,325.20001220703125
2026-09-02 19:41:00+00:00,19.666241276840537,497.010009765625,325.1000061035156
2026-09-02 19:42:00+00:00,19.666241276840537,497.1872863769531,324.989990234375
2026-09-02 19:43:00+00:00,19.666241276840537,497.19000244140625,325.260009765625
2026-09-02 19:44:00+00:00,19.666241276840537,497.31500244140625,325.20001220703125
2026-09-02 19:45:00+00:00,19.666241276840537,497.2349853515625,325.1700134277344
2026-09-02 19:46:00+00:00,19.663963399601926,497.2981872558594,325.2550048828125
2026-09-02 19:47:00+00:00,19.663963399601926,497.0899963378906,325.3299865722656
2026-09-02 19:48:00+00:00,19.663963399601926,497.0899963378906,325.4200134277344
2026-09-02 19:49:00+00:00,19.663963399601926,496.8900146484375,325.2699890136719
2026-09-02 19:50:00+00:00,19.663963399601926,496.989990234375,325.1600036621094
2026-09-02 19:51:00+00:00,19.663963399601926,496.9725036621094,325.0545959472656
2026-09-02 19:52:00+00:00,19.663963399601926,496.9110107421875,325.0799865722656
2026-09-02 19:53:00+00:00,19.663963399601926,497.1549987792969,325.0299987792969
2026-09-02 19:54:00+00:00,19.663963399601926,497.2799987792969,325.2699890136719
2026-09-02 19:55:00+00:00,19.663963399601926,496.6400146484375,324.8550109863281
2026-09-02 19:56:00+00:00,19.666241276840537,496.5199890136719,324.9800109863281
2026-09-02 19:57:00+00:00,19.66852117706071,496.635009765625,324.8699951171875
2026-09-02 19:58:00+00:00,19.66852117706071,496.5899963378906,324.8699951171875
2026-09-02 19:59:00+00:00,19.66852117706071,496.80999755859375,324.989990234375
2026-09-02 20:00:00+00:00,19.670801077280885,496.80999755859375,324.989990234375
2026-09-02 20:01:00+00:00,19.670801077280885,496.80999755859375,324.989990234375
2026-09-02 20:02:00+00:00,19.673078954519497,496.80999755859375,324.989990234375
2026-09-02 20:03:00+00:00,19.670801077280885,496.80999755859375,324.989990234375
2026-09-02 20:04:00+00:00,19.673078954519497,496.80999755859375,324.989990234375
2026-09-02 20:05:00+00:00,19.673078954519497,496.80999755859375,324.989990234375
2026-09-02 20:06:00+00:00,19.670801077280885,496.80999755859375,324.989990234375
2026-09-02 20:07:00+00:00,19.673078954519497,496.80999755859375,324.989990234375
2026-09-02 20:08:00+00:00,19.670801077280885,496.80999755859375,324.989990234375
2026-09-02 20:09:00+00:00,19.673078954519497,496.80999755859375,324.989990234375
2026-09-02 20:10:00+00:00,19.673078954519497,496.80999755859375,324.989990234375
2026-09-02 20:11:00+00:00,19.673078954519497,496.80999755859375,324.989990234375
2026-09-02 20:12:00+00:00,19.673078954519497,496.80999755859375,324.989990234375
2026-09-02 20:13:00+00:00,19.673078954519497,496.80999755859375,324.989990234375
2026-09-02 20:14:00+00:00,19.670801077280885,496.80999755859375,324.989990234375
2026-09-02 20:15:00+00:00,19.673078954519497,496.80999755859375,324.989990234375
2026-09-02 20:16:00+00:00,19.673078954519497,496.80999755859375,324.989990234375
2026-09-02 20:17:00+00:00,19.673078954519497,496.80999755859375,324.989990234375
2026-09-02 20:18:00+00:00,19.673078954519497,496.80999755859375,324.989990234375
2026-09-02 20:19:00+00:00,19.670801077280885,496.80999755859375,324.989990234375
2026-09-02 20:20:00+00:00,19.670801077280885,496.80999755859375,324.989990234375
2026-09-02 20:21:00+00:00,19.670801077280885,496.80999755859375,324.989990234375
2026-09-02 20:22:00+00:00,19.670801077280885,496.80999755859375,324.989990234375
2026-09-02 20:23:00+00:00,19.670801077280885,496.80999755859375,324.989990234375
2026-09-02 20:24:00+00:00,19.673078954519497,496.80999755859375,324.989990234375
2026-09-02 20:25:00+00:00,19.673078954519497,496.80999755859375,324.989990234375
2026-09-02 20:26:00+00:00,19.670801077280885,496.80999755859375,324.989990234375
2026-09-02 20:27:00+00:00,19.670801077280885,496.80999755859375,324.989990234375
2026-09-02 20:28:00+00:00,19.670801077280885,496.80999755859375,324.989990234375
2026-09-02 20:29:00+00:00,19.670801077280885,496.80999755859375,324.989990234375
2026-09-02 20:30:00+00:00,19.670801077280885,496.80999755859375,324.989990234375
2026-09-02 20:31:00+00:00,19.670801077280885,496.80999755859375,324.989990234375
2026-09-02 20:32:00+00:00,19.670801077280885,496.80999755859375,324.989990234375
2026-09-02 20:33:00+00:00,19.670801077280885,496.80999755859375,324.989990234375
2026-09-02 20:34:00+00:00,19.670801077280885,496.80999755859375,324.989990234375
2026-09-02 20:35:00+00:00,19.673078954519497,496.80999755859375,324.989990234375
2026-09-02 20:36:00+00:00,19.670801077280885,496.80999755859375,324.989990234375
2026-09-02 20:37:00+00:00,19.670801077280885,496.80999755859375,324.989990234375
2026-09-02 20:38:00+00:00,19.670801077280885,496.80999755859375,324.989990234375
2026-09-02 20:39:00+00:00,19.670801077280885,496.80999755859375,324.989990234375
2026-09-02 20:40:00+00:00,19.673078954519497,496.80999755859375,324.989990234375
2026-09-02 20:41:00+00:00,19.670801077280885,496.80999755859375,324.989990234375
2026-09-02 20:42:00+00:00,19.673078954519497,496.80999755859375,324.989990234375
2026-09-02 20:43:00+00:00,19.673078954519497,496.80999755859375,324.989990234375
2026-09-02 20:44:00+00:00,19.670801077280885,496.80999755859375,324.989990234375
2026-09-02 20:45:00+00:00,19.673078954519497,496.80999755859375,324.989990234375
2026-09-02 20:46:00+00:00,19.673078954519497,496.80999755859375,324.989990234375
2026-09-02 20:47:00+00:00,19.673078954519497,496.80999755859375,324.989990234375
2026-09-02 20:48:00+00:00,19.673078954519497,496.80999755859375,324.989990234375
2026-09-02 20:49:00+00:00,19.673078954519497,496.80999755859375,324.989990234375
2026-09-02 20:50:00+00:00,19.673078954519497,496.80999755859375,324.989990234375
2026-09-02 20:51:00+00:00,19.673078954519497,496.80999755859375,324.989990234375
2026-09-02 20:52:00+00:00,19.673078954519497,496.80999755859375,324.989990234375
2026-09-02 20:53:00+00:00,19.670801077280885,496.80999755859375,324.989990234375
2026-09-02 20:54:00+00:00,19.670801077280885,496.80999755859375,324.989990234375
2026-09-02 20:55:00+00:00,19.670801077280885,496.80999755859375,324.989990234375
2026-09-02 20:56:00+00:00,19.670801077280885,496.80999755859375,324.989990234375
2026-09-02 20:57:00+00:00,19.670801077280885,496.80999755859375,324.989990234375
2026-09-02 20:58:00+00:00,19.670801077280885,496.80999755859375,324.989990234375
2026-09-02 20:59:00+00:00,19.670801077280885,496.80999755859375,324.989990234375
2026-09-02 21:00:00+00:00,19.666241276840537,496.80999755859375,324.989990234375
2026-09-02 21:01:00+00:00,19.66852117706071,496.80999755859375,324.989990234375
2026-09-02 21:02:00+00:00,19.670801077280885,496.80999755859375,324.989990234375
2026-09-02 21:03:00+00:00,19.670801077280885,496.80999755859375,324.989990234375
2026-09-02 21:04:00+00:00,19.673078954519497,496.80999755859375,324.989990234375
2026-09-02 21:05:00+00:00,19.673078954519497,496.80999755859375,324.989990234375
2026-09-02 21:06:00+00:00,19.66852117706071,496.80999755859375,324.989990234375
2026-09-02 21:07:00+00:00,19.670801077280885,496.80999755859375,324.989990234375
2026-09-02 21:08:00+00:00,19.66852117706071,496.80999755859375,324.989990234375
2026-09-02 21:09:00+00:00,19.673078954519497,496.80999755859375,324.989990234375
2026-09-02 21:10:00+00:00,19.673078954519497,496.80999755859375,324.989990234375
2026-09-02 21:11:00+00:00,19.670801077280885,496.80999755859375,324.989990234375
2026-09-02 21:12:00+00:00,19.670801077280885,496.80999755859375,324.989990234375
2026-09-02 21:13:00+00:00,19.670801077280885,496.80999755859375,324.989990234375
2026-09-02 21:14:00+00:00,19.66852117706071,496.80999755859375,324.989990234375
2026-09-02 21:15:00+00:00,19.66852117706071,496.80999755859375,324.989990234375
2026-09-02 21:16:00+00:00,19.673078954519497,496.80999755859375,324.989990234375
2026-09-02 21:17:00+00:00,19.670801077280885,496.80999755859375,324.989990234375
2026-09-02 21:18:00+00:00,19.66852117706071,496.80999755859375,324.989990234375
2026-09-02 21:19:00+00:00,19.670801077280885,496.80999755859375,324.989990234375
2026-09-02 21:20:00+00:00,19.66852117706071,496.80999755859375,324.989990234375
2026-09-02 21:21:00+00:00,19.670801077280885,496.80999755859375,324.989990234375
2026-09-02 21:22:00+00:00,19.670801077280885,496.80999755859375,324.989990234375
2026-09-02 21:23:00+00:00,19.66852117706071,496.80999755859375,324.989990234375
2026-09-02 21:24:00+00:00,19.66852117706071,496.80999755859375,324.989990234375
2026-09-02 21:25:00+00:00,19.670801077280885,496.80999755859375,324.989990234375
2026-09-02 21:26:00+00:00,19.66852117706071,496.80999755859375,324.989990234375
2026-09-02 21:27:00+00:00,19.66852117706071,496.80999755859375,324.989990234375
2026-09-02 21:28:00+00:00,19.673078954519497,496.80999755859375,324.989990234375
2026-09-02 21:29:00+00:00,19.670801077280885,496.80999755859375,324.989990234375
2026-09-02 21:30:00+00:00,19.670801077280885,496.80999755859375,324.989990234375
2026-09-02 21:31:00+00:00,19.670801077280885,496.80999755859375,324.989990234375
2026-09-02 21:32:00+00:00,19.673078954519497,496.80999755859375,324.989990234375
2026-09-02 21:33:00+00:00,19.670801077280885,496.80999755859375,324.989990234375
2026-09-02 21:34:00+00:00,19.670801077280885,496.80999755859375,324.989990234375
2026-09-02 21:35:00+00:00,19.673078954519497,496.80999755859375,324.989990234375
2026-09-02 21:36:00+00:00,19.670801077280885,496.80999755859375,324.989990234375
2026-09-02 21:37:00+00:00,19.673078954519497,496.80999755859375,324.989990234375
2026-09-02 21:38:00+00:00,19.673078954519497,496.80999755859375,324.989990234375
2026-09-02 21:39:00+00:00,19.66852117706071,496.80999755859375,324.989990234375
2026-09-02 21:40:00+00:00,19.673078954519497,496.80999755859375,324.989990234375
2026-09-02 21:41:00+00:00,19.670801077280885,496.80999755859375,324.989990234375
2026-09-02 21:42:00+00:00,19.66852117706071,496.80999755859375,324.989990234375
2026-09-02 21:43:00+00:00,19.670801077280885,496.80999755859375,324.989990234375
2026-09-02 21:44:00+00:00,19.670801077280885,496.80999755859375,324.989990234375
2026-09-02 21:45:00+00:00,19.66852117706071,496.80999755859375,324.989990234375
2026-09-02 21:46:00+00:00,19.66852117706071,496.80999755859375,324.989990234375
2026-09-02 21:47:00+00:00,19.670801077280885,496.80999755859375,324.989990234375
2026-09-02 21:48:00+00:00,19.66852117706071,496.80999755859375,324.989990234375
2026-09-02 21:49:00+00:00,19.670801077280885,496.80999755859375,324.989990234375
2026-09-02 21:50:00+00:00,19.66852117706071,496.80999755859375,324.989990234375
2026-09-02 21:51:00+00:00,19.670801077280885,496.80999755859375,324.989990234375
2026-09-02 21:52:00+00:00,19.670801077280885,496.80999755859375,324.989990234375
2026-09-02 21:53:00+00:00,19.670801077280885,496.80999755859375,324.989990234375
2026-09-02 21:54:00+00:00,19.670801077280885,496.80999755859375,324.989990234375
2026-09-02 21:55:00+00:00,19.670801077280885,496.80999755859375,324.989990234375
2026-09-02 21:56:00+00:00,19.670801077280885,496.80999755859375,324.989990234375
2026-09-02 21:57:00+00:00,19.670801077280885,496.80999755859375,324.989990234375
2026-09-02 21:58:00+00:00,19.666241276840537,496.80999755859375,324.989990234375
2026-09-02 21:59:00+00:00,19.673078954519497,496.80999755859375,324.989990234375
2026-09-02 22:00:00+00:00,19.673078954519497,496.80999755859375,324.989990234375
2026-09-02 22:01:00+00:00,19.66852117706071,496.80999755859375,324.989990234375
2026-09-02 22:02:00+00:00,19.670801077280885,496.80999755859375,324.989990234375
2026-09-02 22:03:00+00:00,19.66852117706071,496.80999755859375,324.989990234375
2026-09-02 22:04:00+00:00,19.66852117706071,496.80999755859375,324.989990234375
2026-09-02 22:05:00+00:00,19.66852117706071,496.80999755859375,324.989990234375
2026-09-02 22:06:00+00:00,19.66852117706071,496.80999755859375,324.989990234375
2026-09-02 22:07:00+00:00,19.66852117706071,496.80999755859375,324.989990234375
2026-09-02 22:08:00+00:00,19.66852117706071,496.80999755859375,324.989990234375
2026-09-02 22:09:00+00:00,19.66852117706071,496.80999755859375,324.989990234375
2026-09-02 22:10:00+00:00,19.66852117706071,496.80999755859375,324.989990234375
2026-09-02 22:11:00+00:00,19.66852117706071,496.80999755859375,324.989990234375
2026-09-02 22:12:00+00:00,19.66852117706071,496.80999755859375,324.989990234375
2026-09-02 22:13:00+00:00,19.66852117706071,496.80999755859375,324.989990234375
2026-09-02 22:14:00+00:00,19.66852117706071,496.80999755859375,324.989990234375
2026-09-02 22:15:00+00:00,19.66852117706071,496.80999755859375,324.989990234375
2026-09-02 22:16:00+00:00,19.66852117706071,496.80999755859375,324.989990234375
2026-09-02 22:17:00+00:00,19.666241276840537,496.80999755859375,324.989990234375
2026-09-02 22:18:00+00:00,19.666241276840537,496.80999755859375,324.989990234375
2026-09-02 22:19:00+00:00,19.666241276840537,496.80999755859375,324.989990234375
2026-09-02 22:20:00+00:00,19.666241276840537,496.80999755859375,324.989990234375
2026-09-02 22:21:00+00:00,19.66852117706071,496.80999755859375,324.989990234375
2026-09-02 22:22:00+00:00,19.66852117706071,496.80999755859375,324.989990234375
2026-09-02 22:23:00+00:00,19.66852117706071,496.80999755859375,324.989990234375
2026-09-02 22:24:00+00:00,19.66852117706071,496.80999755859375,324.989990234375
2026-09-02 22:25:00+00:00,19.66852117706071,496.80999755859375,324.989990234375
2026-09-02 22:26:00+00:00,19.66852117706071,496.80999755859375,324.989990234375
2026-09-02 22:27:00+00:00,19.66852117706071,496.80999755859375,324.989990234375
2026-09-02 22:28:00+00:00,19.66852117706071,496.80999755859375,324.989990234375
2026-09-02 22:29:00+00:00,19.66852117706071,496.80999755859375,324.989990234375
2026-09-02 22:30:00+00:00,19.66852117706071,496.80999755859375,324.989990234375
2026-09-02 22:31:00+00:00,19.66852117706071,496.80999755859375,324.989990234375
2026-09-02 22:32:00+00:00,19.66852117706071,496.80999755859375,324.989990234375
2026-09-02 22:33:00+00:00,19.66852117706071,496.80999755859375,324.989990234375
2026-09-02 22:34:00+00:00,19.66852117706071,496.80999755859375,324.989990234375
2026-09-02 22:35:00+00:00,19.66852117706071,496.80999755859375,324.989990234375
2026-09-02 22:36:00+00:00,19.66852117706071,496.80999755859375,324.989990234375
2026-09-02 22:37:00+00:00,19.670801077280885,496.80999755859375,324.989990234375
2026-09-02 22:38:00+00:00,19.670801077280885,496.80999755859375,324.989990234375
2026-09-02 22:39:00+00:00,19.670801077280885,496.80999755859375,324.989990234375
2026-09-02 22:40:00+00:00,19.670801077280885,496.80999755859375,324.989990234375
2026-09-02 22:41:00+00:00,19.670801077280885,496.80999755859375,324.989990234375
2026-09-02 22:42:00+00:00,19.66852117706071,496.80999755859375,324.989990234375
2026-09-02 22:43:00+00:00,19.66852117706071,496.80999755859375,324.989990234375
2026-09-02 22:44:00+00:00,19.66852117706071,496.80999755859375,324.989990234375
2026-09-02 22:45:00+00:00,19.66852117706071,496.80999755859375,324.989990234375
2026-09-02 22:46:00+00:00,19.66852117706071,496.80999755859375,324.989990234375
2026-09-02 22:47:00+00:00,19.66852117706071,496.80999755859375,324.989990234375
2026-09-02 22:48:00+00:00,19.66852117706071,496.80999755859375,324.989990234375
2026-09-02 22:49:00+00:00,19.66852117706071,496.80999755859375,324.989990234375
2026-09-02 22:50:00+00:00,19.66852117706071,496.80999755859375,324.989990234375
2026-09-02 22:51:00+00:00,19.670801077280885,496.80999755859375,324.989990234375
2026-09-02 22:52:00+00:00,19.670801077280885,496.80999755859375,324.989990234375
2026-09-02 22:53:00+00:00,19.670801077280885,496.80999755859375,324.989990234375
2026-09-02 22:54:00+00:00,19.66852117706071,496.80999755859375,324.989990234375
2026-09-02 22:55:00+00:00,19.66852117706071,496.80999755859375,324.989990234375
2026-09-02 22:56:00+00:00,19.66852117706071,496.80999755859375,324.989990234375
2026-09-02 22:57:00+00:00,19.66852117706071,496.80999755859375,324.989990234375
2026-09-02 22:58:00+00:00,19.66852117706071,496.80999755859375,324.989990234375
2026-09-02 23:00:00+00:00,19.66852117706071,496.80999755859375,324.989990234375
2026-09-02 23:01:00+00:00,19.66852117706071,496.80999755859375,324.989990234375
2026-09-02 23:02:00+00:00,19.66852117706071,496.80999755859375,324.989990234375
2026-09-02 23:03:00+00:00,19.66852117706071,496.80999755859375,324.989990234375
2026-09-02 23:04:00+00:00,19.66852117706071,496.80999755859375,324.989990234375
2026-09-02 23:05:00+00:00,19.66852117706071,496.80999755859375,324.989990234375
2026-09-02 23:06:00+00:00,19.66852117706071,496.80999755859375,324.989990234375
2026-09-02 23:07:00+00:00,19.666241276840537,496.80999755859375,324.989990234375
2026-09-02 23:08:00+00:00,19.666241276840537,496.80999755859375,324.989990234375
2026-09-02 23:09:00+00:00,19.666241276840537,496.80999755859375,324.989990234375
2026-09-02 23:10:00+00:00,19.666241276840537,496.80999755859375,324.989990234375
2026-09-02 23:11:00+00:00,19.666241276840537,496.80999755859375,324.989990234375
2026-09-02 23:12:00+00:00,19.666241276840537,496.80999755859375,324.989990234375
2026-09-02 23:13:00+00:00,19.666241276840537,496.80999755859375,324.989990234375
2026-09-02 23:14:00+00:00,19.666241276840537,496.80999755859375,324.989990234375
2026-09-02 23:15:00+00:00,19.666241276840537,496.80999755859375,324.989990234375
2026-09-02 23:16:00+00:00,19.666241276840537,496.80999755859375,324.989990234375
2026-09-02 23:17:00+00:00,19.666241276840537,496.80999755859375,324.989990234375
2026-09-02 23:18:00+00:00,19.666241276840537,496.80999755859375,324.989990234375
2026-09-02 23:19:00+00:00,19.666241276840537,496.80999755859375,324.989990234375
2026-09-02 23:20:00+00:00,19.666241276840537,496.80999755859375,324.989990234375
2026-09-02 23:21:00+00:00,19.666241276840537,496.80999755859375,324.989990234375
2026-09-02 23:22:00+00:00,19.666241276840537,496.80999755859375,324.989990234375
2026-09-02 23:23:00+00:00,19.666241276840537,496.80999755859375,324.989990234375
2026-09-02 23:24:00+00:00,19.666241276840537,496.80999755859375,324.989990234375
2026-09-02 23:25:00+00:00,19.66852117706071,496.80999755859375,324.989990234375
2026-09-02 23:26:00+00:00,19.666241276840537,496.80999755859375,324.989990234375
2026-09-02 23:27:00+00:00,19.666241276840537,496.80999755859375,324.989990234375
2026-09-02 23:28:00+00:00,19.666241276840537,496.80999755859375,324.989990234375
2026-09-02 23:29:00+00:00,19.666241276840537,496.80999755859375,324.989990234375
2026-09-02 23:30:00+00:00,19.666241276840537,496.80999755859375,324.989990234375
2026-09-02 23:31:00+00:00,19.666241276840537,496.80999755859375,324.989990234375
2026-09-02 23:32:00+00:00,19.666241276840537,496.80999755859375,324.989990234375
2026-09-02 23:33:00+00:00,19.666241276840537,496.80999755859375,324.989990234375
2026-09-02 23:34:00+00:00,19.666241276840537,496.80999755859375,324.989990234375
2026-09-02 23:35:00+00:00,19.666241276840537,496.80999755859375,324.989990234375
2026-09-02 23:36:00+00:00,19.666241276840537,496.80999755859375,324.989990234375
2026-09-02 23:37:00+00:00,19.666241276840537,496.80999755859375,324.989990234375
2026-09-02 23:38:00+00:00,19.663963399601926,496.80999755859375,324.989990234375
2026-09-02 23:39:00+00:00,19.663963399601926,496.80999755859375,324.989990234375
2026-09-02 23:40:00+00:00,19.666241276840537,496.80999755859375,324.989990234375
2026-09-02 23:41:00+00:00,19.666241276840537,496.80999755859375,324.989990234375
2026-09-02 23:42:00+00:00,19.666241276840537,496.80999755859375,324.989990234375
2026-09-02 23:43:00+00:00,19.666241276840537,496.80999755859375,324.989990234375
2026-09-02 23:44:00+00:00,19.666241276840537,496.80999755859375,324.989990234375
2026-09-02 23:45:00+00:00,19.666241276840537,496.80999755859375,324.989990234375
2026-09-02 23:46:00+00:00,19.666241276840537,496.80999755859375,324.989990234375
2026-09-02 23:47:00+00:00,19.666241276840537,496.80999755859375,324.989990234375
2026-09-02 23:48:00+00:00,19.666241276840537,496.80999755859375,324.989990234375
2026-09-02 23:49:00+00:00,19.666241276840537,496.80999755859375,324.989990234375
2026-09-02 23:50:00+00:00,19.666241276840537,496.80999755859375,324.989990234375
2026-09-02 23:51:00+00:00,19.666241276840537,496.80999755859375,324.989990234375
2026-09-02 23:52:00+00:00,19.666241276840537,496.80999755859375,324.989990234375
2026-09-02 23:53:00+00:00,19.666241276840537,496.80999755859375,324.989990234375
2026-09-02 23:54:00+00:00,19.666241276840537,496.80999755859375,324.989990234375
2026-09-02 23:55:00+00:00,19.666241276840537,496.80999755859375,324.989990234375
2026-09-02 23:56:00+00:00,19.666241276840537,496.80999755859375,324.989990234375
2026-09-02 23:57:00+00:00,19.666241276840537,496.80999755859375,324.989990234375
2026-09-02 23:58:00+00:00,19.666241276840537,496.80999755859375,324.989990234375
2026-09-02 23:59:00+00:00,19.666241276840537,496.80999755859375,324.989990234375
2026-09-03 00:00:00+00:00,19.663963399601926,496.80999755859375,324.989990234375
2026-09-03 00:01:00+00:00,19.666241276840537,496.80999755859375,324.989990234375
2026-09-03 00:02:00+00:00,19.666241276840537,496.80999755859375,324.989990234375
2026-09-03 00:03:00+00:00,19.66852117706071,496.80999755859375,324.989990234375
2026-09-03 00:04:00+00:00,19.66852117706071,496.80999755859375,324.989990234375
2026-09-03 00:05:00+00:00,19.66852117706071,496.80999755859375,324.989990234375
2026-09-03 00:06:00+00:00,19.666241276840537,496.80999755859375,324.989990234375
2026-09-03 00:07:00+00:00,19.666241276840537,496.80999755859375,324.989990234375
2026-09-03 00:08:00+00:00,19.666241276840537,496.80999755859375,324.989990234375
2026-09-03 00:09:00+00:00,19.666241276840537,496.80999755859375,324.989990234375
2026-09-03 00:10:00+00:00,19.666241276840537,496.80999755859375,324.989990234375
2026-09-03 00:11:00+00:00,19.66852117706071,496.80999755859375,324.989990234375
2026-09-03 00:12:00+00:00,19.66852117706071,496.80999755859375,324.989990234375
2026-09-03 00:13:00+00:00,19.666241276840537,496.80999755859375,324.989990234375
2026-09-03 00:14:00+00:00,19.666241276840537,496.80999755859375,324.989990234375
2026-09-03 00:15:00+00:00,19.666241276840537,496.80999755859375,324.989990234375
2026-09-03 00:16:00+00:00,19.666241276840537,496.80999755859375,324.989990234375
2026-09-03 00:17:00+00:00,19.66852117706071,496.80999755859375,324.989990234375
2026-09-03 00:18:00+00:00,19.666241276840537,496.80999755859375,324.989990234375
2026-09-03 00:19:00+00:00,19.66852117706071,496.80999755859375,324.989990234375
2026-09-03 00:20:00+00:00,19.66852117706071,496.80999755859375,324.989990234375
2026-09-03 00:21:00+00:00,19.66852117706071,496.80999755859375,324.989990234375
2026-09-03 00:22:00+00:00,19.66852117706071,496.80999755859375,324.989990234375
2026-09-03 00:23:00+00:00,19.670801077280885,496.80999755859375,324.989990234375
2026-09-03 00:24:00+00:00,19.670801077280885,496.80999755859375,324.989990234375
2026-09-03 00:25:00+00:00,19.670801077280885,496.80999755859375,324.989990234375
2026-09-03 00:26:00+00:00,19.673078954519497,496.80999755859375,324.989990234375
2026-09-03 00:27:00+00:00,19.673078954519497,496.80999755859375,324.989990234375
2026-09-03 00:28:00+00:00,19.673078954519497,496.80999755859375,324.989990234375
2026-09-03 00:29:00+00:00,19.673078954519497,496.80999755859375,324.989990234375
2026-09-03 00:30:00+00:00,19.673078954519497,496.80999755859375,324.989990234375
2026-09-03 00:31:00+00:00,19.670801077280885,496.80999755859375,324.989990234375
2026-09-03 00:32:00+00:00,19.670801077280885,496.80999755859375,324.989990234375
2026-09-03 00:33:00+00:00,19.670801077280885,496.80999755859375,324.989990234375
2026-09-03 00:34:00+00:00,19.673078954519497,496.80999755859375,324.989990234375
2026-09-03 00:35:00+00:00,19.670801077280885,496.80999755859375,324.989990234375
2026-09-03 00:36:00+00:00,19.670801077280885,496.80999755859375,324.989990234375
2026-09-03 00:37:00+00:00,19.670801077280885,496.80999755859375,324.989990234375
2026-09-03 00:38:00+00:00,19.670801077280885,496.80999755859375,324.989990234375
2026-09-03 00:39:00+00:00,19.670801077280885,496.80999755859375,324.989990234375
2026-09-03 00:40:00+00:00,19.670801077280885,496.80999755859375,324.989990234375
2026-09-03 00:41:00+00:00,19.670801077280885,496.80999755859375,324.989990234375
2026-09-03 00:42:00+00:00,19.670801077280885,496.80999755859375,324.989990234375
2026-09-03 00:43:00+00:00,19.66852117706071,496.80999755859375,324.989990234375
2026-09-03 00:44:00+00:00,19.670801077280885,496.80999755859375,324.989990234375
2026-09-03 00:45:00+00:00,19.66852117706071,496.80999755859375,324.989990234375
2026-09-03 00:46:00+00:00,19.670801077280885,496.80999755859375,324.989990234375
2026-09-03 00:47:00+00:00,19.673078954519497,496.80999755859375,324.989990234375
2026-09-03 00:48:00+00:00,19.673078954519497,496.80999755859375,324.989990234375
2026-09-03 00:49:00+00:00,19.673078954519497,496.80999755859375,324.989990234375
2026-09-03 00:50:00+00:00,19.673078954519497,496.80999755859375,324.989990234375
2026-09-03 00:51:00+00:00,19.675360877721232,496.80999755859375,324.989990234375
2026-09-03 00:52:00+00:00,19.675360877721232,496.80999755859375,324.989990234375
2026-09-03 00:53:00+00:00,19.673078954519497,496.80999755859375,324.989990234375
2026-09-03 00:54:00+00:00,19.673078954519497,496.80999755859375,324.989990234375
2026-09-03 00:55:00+00:00,19.673078954519497,496.80999755859375,324.989990234375
2026-09-03 00:56:00+00:00,19.673078954519497,496.80999755859375,324.989990234375
2026-09-03 00:57:00+00:00,19.673078954519497,496.80999755859375,324.989990234375
2026-09-03 00:58:00+00:00,19.673078954519497,496.80999755859375,324.989990234375
2026-09-03 00:59:00+00:00,19.673078954519497,496.80999755859375,324.989990234375
2026-09-03 01:00:00+00:00,19.673078954519497,496.80999755859375,324.989990234375
2026-09-03 01:01:00+00:00,19.673078954519497,496.80999755859375,324.989990234375
2026-09-03 01:02:00+00:00,19.673078954519497,496.80999755859375,324.989990234375
2026-09-03 01:03:00+00:00,19.673078954519497,496.80999755859375,324.989990234375
2026-09-03 01:04:00+00:00,19.673078954519497,496.80999755859375,324.989990234375
2026-09-03 01:05:00+00:00,19.673078954519497,496.80999755859375,324.989990234375
2026-09-03 01:06:00+00:00,19.673078954519497,496.80999755859375,324.989990234375
2026-09-03 01:07:00+00:00,19.673078954519497,496.80999755859375,324.989990234375
2026-09-03 01:08:00+00:00,19.673078954519497,496.80999755859375,324.989990234375
2026-09-03 01:09:00+00:00,19.673078954519497,496.80999755859375,324.989990234375
2026-09-03 01:10:00+00:00,19.673078954519497,496.80999755859375,324.989990234375
2026-09-03 01:11:00+00:00,19.673078954519497,496.80999755859375,324.989990234375
2026-09-03 01:12:00+00:00,19.673078954519497,496.80999755859375,324.989990234375
2026-09-03 01:13:00+00:00,19.673078954519497,496.80999755859375,324.989990234375
2026-09-03 01:14:00+00:00,19.673078954519497,496.80999755859375,324.989990234375
2026-09-03 01:15:00+00:00,19.673078954519497,496.80999755859375,324.989990234375
2026-09-03 01:16:00+00:00,19.673078954519497,496.80999755859375,324.989990234375
2026-09-03 01:17:00+00:00,19.673078954519497,496.80999755859375,324.989990234375
2026-09-03 01:18:00+00:00,19.675360877721232,496.80999755859375,324.989990234375
2026-09-03 01:19:00+00:00,19.673078954519497,496.80999755859375,324.989990234375
2026-09-03 01:20:00+00:00,19.673078954519497,496.80999755859375,324.989990234375
2026-09-03 01:21:00+00:00,19.670801077280885,496.80999755859375,324.989990234375
2026-09-03 01:22:00+00:00,19.670801077280885,496.80999755859375,324.989990234375
2026-09-03 01:23:00+00:00,19.670801077280885,496.80999755859375,324.989990234375
2026-09-03 01:24:00+00:00,19.670801077280885,496.80999755859375,324.989990234375
2026-09-03 01:25:00+00:00,19.673078954519497,496.80999755859375,324.989990234375
2026-09-03 01:26:00+00:00,19.673078954519497,496.80999755859375,324.989990234375
2026-09-03 01:27:00+00:00,19.673078954519497,496.80999755859375,324.989990234375
2026-09-03 01:28:00+00:00,19.675360877721232,496.80999755859375,324.989990234375
2026-09-03 01:29:00+00:00,19.675360877721232,496.80999755859375,324.989990234375
2026-09-03 01:30:00+00:00,19.675360877721232,496.80999755859375,324.989990234375
2026-09-03 01:31:00+00:00,19.677642800922968,496.80999755859375,324.989990234375
2026-09-03 01:32:00+00:00,19.677642800922968,496.80999755859375,324.989990234375
2026-09-03 01:33:00+00:00,19.677642800922968,496.80999755859375,324.989990234375
2026-09-03 01:34:00+00:00,19.679924724124703,496.80999755859375,324.989990234375
2026-09-03 01:35:00+00:00,19.677642800922968,496.80999755859375,324.989990234375
2026-09-03 01:36:00+00:00,19.677642800922968,496.80999755859375,324.989990234375
2026-09-03 01:37:00+00:00,19.675360877721232,496.80999755859375,324.989990234375
2026-09-03 01:38:00+00:00,19.677642800922968,496.80999755859375,324.989990234375
2026-09-03 01:39:00+00:00,19.677642800922968,496.80999755859375,324.989990234375
2026-09-03 01:40:00+00:00,19.677642800922968,496.80999755859375,324.989990234375
2026-09-03 01:41:00+00:00,19.675360877721232,496.80999755859375,324.989990234375
2026-09-03 01:42:00+00:00,19.675360877721232,496.80999755859375,324.989990234375
2026-09-03 01:43:00+00:00,19.675360877721232,496.80999755859375,324.989990234375
2026-09-03 01:44:00+00:00,19.673078954519497,496.80999755859375,324.989990234375
2026-09-03 01:45:00+00:00,19.673078954519497,496.80999755859375,324.989990234375
2026-09-03 01:46:00+00:00,19.670801077280885,496.80999755859375,324.989990234375
2026-09-03 01:47:00+00:00,19.670801077280885,496.80999755859375,324.989990234375
2026-09-03 01:48:00+00:00,19.670801077280885,496.80999755859375,324.989990234375
2026-09-03 01:49:00+00:00,19.670801077280885,496.80999755859375,324.989990234375
2026-09-03 01:50:00+00:00,19.670801077280885,496.80999755859375,324.989990234375
2026-09-03 01:51:00+00:00,19.66852117706071,496.80999755859375,324.989990234375
2026-09-03 01:52:00+00:00,19.670801077280885,496.80999755859375,324.989990234375
2026-09-03 01:53:00+00:00,19.670801077280885,496.80999755859375,324.989990234375
2026-09-03 01:54:00+00:00,19.670801077280885,496.80999755859375,324.989990234375
2026-09-03 01:55:00+00:00,19.66852117706071,496.80999755859375,324.989990234375
2026-09-03 01:56:00+00:00,19.666241276840537,496.80999755859375,324.989990234375
2026-09-03 01:57:00+00:00,19.666241276840537,496.80999755859375,324.989990234375
2026-09-03 01:58:00+00:00,19.666241276840537,496.80999755859375,324.989990234375
2026-09-03 01:59:00+00:00,19.666241276840537,496.80999755859375,324.989990234375
2026-09-03 02:00:00+00:00,19.66852117706071,496.80999755859375,324.989990234375
2026-09-03 02:01:00+00:00,19.66852117706071,496.80999755859375,324.989990234375
2026-09-03 02:02:00+00:00,19.66852117706071,496.80999755859375,324.989990234375
2026-09-03 02:03:00+00:00,19.670801077280885,496.80999755859375,324.989990234375
2026-09-03 02:04:00+00:00,19.66852117706071,496.80999755859375,324.989990234375
2026-09-03 02:05:00+00:00,19.66852117706071,496.80999755859375,324.989990234375
2026-09-03 02:06:00+00:00,19.66852117706071,496.80999755859375,324.989990234375
2026-09-03 02:07:00+00:00,19.66852117706071,496.80999755859375,324.989990234375
2026-09-03 02:08:00+00:00,19.66852117706071,496.80999755859375,324.989990234375
2026-09-03 02:09:00+00:00,19.66852117706071,496.80999755859375,324.989990234375
2026-09-03 02:10:00+00:00,19.666241276840537,496.80999755859375,324.989990234375
2026-09-03 02:11:00+00:00,19.666241276840537,496.80999755859375,324.989990234375
2026-09-03 02:12:00+00:00,19.666241276840537,496.80999755859375,324.989990234375
2026-09-03 02:13:00+00:00,19.66852117706071,496.80999755859375,324.989990234375
2026-09-03 02:14:00+00:00,19.66852117706071,496.80999755859375,324.989990234375
2026-09-03 02:15:00+00:00,19.66852117706071,496.80999755859375,324.989990234375
2026-09-03 02:16:00+00:00,19.66852117706071,496.80999755859375,324.989990234375
2026-09-03 02:17:00+00:00,19.670801077280885,496.80999755859375,324.989990234375
2026-09-03 02:18:00+00:00,19.666241276840537,496.80999755859375,324.989990234375
2026-09-03 02:19:00+00:00,19.66852117706071,496.80999755859375,324.989990234375
2026-09-03 02:20:00+00:00,19.66852117706071,496.80999755859375,324.989990234375
2026-09-03 02:21:00+00:00,19.670801077280885,496.80999755859375,324.989990234375
2026-09-03 02:22:00+00:00,19.670801077280885,496.80999755859375,324.989990234375
2026-09-03 02:23:00+00:00,19.670801077280885,496.80999755859375,324.989990234375
2026-09-03 02:24:00+00:00,19.673078954519497,496.80999755859375,324.989990234375
2026-09-03 02:25:00+00:00,19.673078954519497,496.80999755859375,324.989990234375
2026-09-03 02:26:00+00:00,19.670801077280885,496.80999755859375,324.989990234375
2026-09-03 02:27:00+00:00,19.670801077280885,496.80999755859375,324.989990234375
2026-09-03 02:28:00+00:00,19.673078954519497,496.80999755859375,324.989990234375
2026-09-03 02:29:00+00:00,19.673078954519497,496.80999755859375,324.989990234375
2026-09-03 02:30:00+00:00,19.673078954519497,496.80999755859375,324.989990234375
2026-09-03 02:31:00+00:00,19.673078954519497,496.80999755859375,324.989990234375
2026-09-03 02:32:00+00:00,19.673078954519497,496.80999755859375,324.989990234375
2026-09-03 02:33:00+00:00,19.677642800922968,496.80999755859375,324.989990234375
2026-09-03 02:34:00+00:00,19.677642800922968,496.80999755859375,324.989990234375
2026-09-03 02:35:00+00:00,19.679924724124703,496.80999755859375,324.989990234375
2026-09-03 02:36:00+00:00,19.677642800922968,496.80999755859375,324.989990234375
2026-09-03 02:37:00+00:00,19.677642800922968,496.80999755859375,324.989990234375
2026-09-03 02:38:00+00:00,19.679924724124703,496.80999755859375,324.989990234375
2026-09-03 02:39:00+00:00,19.68220664732644,496.80999755859375,324.989990234375
2026-09-03 02:40:00+00:00,19.679924724124703,496.80999755859375,324.989990234375
2026-09-03 02:41:00+00:00,19.677642800922968,496.80999755859375,324.989990234375
2026-09-03 02:42:00+00:00,19.675360877721232,496.80999755859375,324.989990234375
2026-09-03 02:43:00+00:00,19.677642800922968,496.80999755859375,324.989990234375
2026-09-03 02:44:00+00:00,19.675360877721232,496.80999755859375,324.989990234375
2026-09-03 02:45:00+00:00,19.675360877721232,496.80999755859375,324.989990234375
2026-09-03 02:46:00+00:00,19.675360877721232,496.80999755859375,324.989990234375
2026-09-03 02:47:00+00:00,19.673078954519497,496.80999755859375,324.989990234375
2026-09-03 02:48:00+00:00,19.673078954519497,496.80999755859375,324.989990234375
2026-09-03 02:49:00+00:00,19.677642800922968,496.80999755859375,324.989990234375
2026-09-03 02:50:00+00:00,19.677642800922968,496.80999755859375,324.989990234375
2026-09-03 02:51:00+00:00,19.675360877721232,496.80999755859375,324.989990234375
2026-09-03 02:52:00+00:00,19.677642800922968,496.80999755859375,324.989990234375
2026-09-03 02:53:00+00:00,19.677642800922968,496.80999755859375,324.989990234375
2026-09-03 02:54:00+00:00,19.679924724124703,496.80999755859375,324.989990234375
2026-09-03 02:55:00+00:00,19.677642800922968,496.80999755859375,324.989990234375
2026-09-03 02:56:00+00:00,19.677642800922968,496.80999755859375,324.989990234375
2026-09-03 02:57:00+00:00,19.677642800922968,496.80999755859375,324.989990234375
2026-09-03 02:58:00+00:00,19.675360877721232,496.80999755859375,324.989990234375
2026-09-03 02:59:00+00:00,19.675360877721232,496.80999755859375,324.989990234375
2026-09-03 03:00:00+00:00,19.677642800922968,496.80999755859375,324.989990234375
2026-09-03 03:01:00+00:00,19.675360877721232,496.80999755859375,324.989990234375
2026-09-03 03:02:00+00:00,19.675360877721232,496.80999755859375,324.989990234375
2026-09-03 03:03:00+00:00,19.677642800922968,496.80999755859375,324.989990234375
2026-09-03 03:04:00+00:00,19.679924724124703,496.80999755859375,324.989990234375
2026-09-03 03:05:00+00:00,19.679924724124703,496.80999755859375,324.989990234375
2026-09-03 03:06:00+00:00,19.68220664732644,496.80999755859375,324.989990234375
2026-09-03 03:07:00+00:00,19.68220664732644,496.80999755859375,324.989990234375
2026-09-03 03:08:00+00:00,19.68220664732644,496.80999755859375,324.989990234375
2026-09-03 03:09:00+00:00,19.684490593509736,496.80999755859375,324.989990234375
2026-09-03 03:10:00+00:00,19.68220664732644,496.80999755859375,324.989990234375
2026-09-03 03:11:00+00:00,19.684490593509736,496.80999755859375,324.989990234375
2026-09-03 03:12:00+00:00,19.684490593509736,496.80999755859375,324.989990234375
2026-09-03 03:13:00+00:00,19.68220664732644,496.80999755859375,324.989990234375
2026-09-03 03:14:00+00:00,19.68220664732644,496.80999755859375,324.989990234375
2026-09-03 03:15:00+00:00,19.68220664732644,496.80999755859375,324.989990234375
2026-09-03 03:16:00+00:00,19.68220664732644,496.80999755859375,324.989990234375
2026-09-03 03:17:00+00:00,19.68220664732644,496.80999755859375,324.989990234375
2026-09-03 03:18:00+00:00,19.68220664732644,496.80999755859375,324.989990234375
2026-09-03 03:19:00+00:00,19.684490593509736,496.80999755859375,324.989990234375
2026-09-03 03:20:00+00:00,19.68220664732644,496.80999755859375,324.989990234375
2026-09-03 03:21:00+00:00,19.68220664732644,496.80999755859375,324.989990234375
2026-09-03 03:22:00+00:00,19.68220664732644,496.80999755859375,324.989990234375
2026-09-03 03:23:00+00:00,19.68220664732644,496.80999755859375,324.989990234375
2026-09-03 03:24:00+00:00,19.68220664732644,496.80999755859375,324.989990234375
2026-09-03 03:25:00+00:00,19.68220664732644,496.80999755859375,324.989990234375
2026-09-03 03:26:00+00:00,19.684490593509736,496.80999755859375,324.989990234375
2026-09-03 03:27:00+00:00,19.68220664732644,496.80999755859375,324.989990234375
2026-09-03 03:28:00+00:00,19.684490593509736,496.80999755859375,324.989990234375
2026-09-03 03:29:00+00:00,19.684490593509736,496.80999755859375,324.989990234375
2026-09-03 03:30:00+00:00,19.684490593509736,496.80999755859375,324.989990234375
2026-09-03 03:31:00+00:00,19.68220664732644,496.80999755859375,324.989990234375
2026-09-03 03:32:00+00:00,19.68220664732644,496.80999755859375,324.989990234375
2026-09-03 03:33:00+00:00,19.684490593509736,496.80999755859375,324.989990234375
2026-09-03 03:34:00+00:00,19.684490593509736,496.80999755859375,324.989990234375
2026-09-03 03:35:00+00:00,19.684490593509736,496.80999755859375,324.989990234375
2026-09-03 03:36:00+00:00,19.684490593509736,496.80999755859375,324.989990234375
2026-09-03 03:37:00+00:00,19.684490593509736,496.80999755859375,324.989990234375
2026-09-03 03:38:00+00:00,19.684490593509736,496.80999755859375,324.989990234375
2026-09-03 03:39:00+00:00,19.684490593509736,496.80999755859375,324.989990234375
2026-09-03 03:40:00+00:00,19.684490593509736,496.80999755859375,324.989990234375
2026-09-03 03:41:00+00:00,19.684490593509736,496.80999755859375,324.989990234375
2026-09-03 03:42:00+00:00,19.686774539693033,496.80999755859375,324.989990234375
2026-09-03 03:43:00+00:00,19.686774539693033,496.80999755859375,324.989990234375
2026-09-03 03:44:00+00:00,19.686774539693033,496.80999755859375,324.989990234375
2026-09-03 03:45:00+00:00,19.684490593509736,496.80999755859375,324.989990234375
2026-09-03 03:46:00+00:00,19.684490593509736,496.80999755859375,324.989990234375
2026-09-03 03:47:00+00:00,19.686774539693033,496.80999755859375,324.989990234375
2026-09-03 03:48:00+00:00,19.684490593509736,496.80999755859375,324.989990234375
2026-09-03 03:49:00+00:00,19.684490593509736,496.80999755859375,324.989990234375
2026-09-03 03:50:00+00:00,19.686774539693033,496.80999755859375,324.989990234375
2026-09-03 03:51:00+00:00,19.686774539693033,496.80999755859375,324.989990234375
2026-09-03 03:52:00+00:00,19.684490593509736,496.80999755859375,324.989990234375
2026-09-03 03:53:00+00:00,19.686774539693033,496.80999755859375,324.989990234375
2026-09-03 03:54:00+00:00,19.686774539693033,496.80999755859375,324.989990234375
2026-09-03 03:55:00+00:00,19.686774539693033,496.80999755859375,324.989990234375
2026-09-03 03:56:00+00:00,19.684490593509736,496.80999755859375,324.989990234375
2026-09-03 03:57:00+00:00,19.684490593509736,496.80999755859375,324.989990234375
2026-09-03 03:58:00+00:00,19.684490593509736,496.80999755859375,324.989990234375
2026-09-03 03:59:00+00:00,19.684490593509736,496.80999755859375,324.989990234375
2026-09-03 04:00:00+00:00,19.686774539693033,496.80999755859375,324.989990234375
2026-09-03 04:01:00+00:00,19.684490593509736,496.80999755859375,324.989990234375
2026-09-03 04:02:00+00:00,19.684490593509736,496.80999755859375,324.989990234375
2026-09-03 04:03:00+00:00,19.684490593509736,496.80999755859375,324.989990234375
2026-09-03 04:04:00+00:00,19.684490593509736,496.80999755859375,324.989990234375
2026-09-03 04:05:00+00:00,19.684490593509736,496.80999755859375,324.989990234375
2026-09-03 04:06:00+00:00,19.684490593509736,496.80999755859375,324.989990234375
2026-09-03 04:07:00+00:00,19.684490593509736,496.80999755859375,324.989990234375
2026-09-03 04:08:00+00:00,19.684490593509736,496.80999755859375,324.989990234375
2026-09-03 04:09:00+00:00,19.684490593509736,496.80999755859375,324.989990234375
2026-09-03 04:10:00+00:00,19.684490593509736,496.80999755859375,324.989990234375
2026-09-03 04:11:00+00:00,19.684490593509736,496.80999755859375,324.989990234375
2026-09-03 04:12:00+00:00,19.684490593509736,496.80999755859375,324.989990234375
2026-09-03 04:13:00+00:00,19.686774539693033,496.80999755859375,324.989990234375
2026-09-03 04:14:00+00:00,19.686774539693033,496.80999755859375,324.989990234375
2026-09-03 04:15:00+00:00,19.686774539693033,496.80999755859375,324.989990234375
2026-09-03 04:16:00+00:00,19.684490593509736,496.80999755859375,324.989990234375
2026-09-03 04:17:00+00:00,19.684490593509736,496.80999755859375,324.989990234375
2026-09-03 04:18:00+00:00,19.684490593509736,496.80999755859375,324.989990234375
2026-09-03 04:19:00+00:00,19.684490593509736,496.80999755859375,324.989990234375
2026-09-03 04:20:00+00:00,19.684490593509736,496.80999755859375,324.989990234375
2026-09-03 04:21:00+00:00,19.684490593509736,496.80999755859375,324.989990234375
2026-09-03 04:22:00+00:00,19.686774539693033,496.80999755859375,324.989990234375
2026-09-03 04:23:00+00:00,19.686774539693033,496.80999755859375,324.989990234375
2026-09-03 04:24:00+00:00,19.684490593509736,496.80999755859375,324.989990234375
2026-09-03 04:25:00+00:00,19.684490593509736,496.80999755859375,324.989990234375
2026-09-03 04:26:00+00:00,19.686774539693033,496.80999755859375,324.989990234375
2026-09-03 04:27:00+00:00,19.686774539693033,496.80999755859375,324.989990234375
2026-09-03 04:28:00+00:00,19.686774539693033,496.80999755859375,324.989990234375
2026-09-03 04:29:00+00:00,19.686774539693033,496.80999755859375,324.989990234375
2026-09-03 04:30:00+00:00,19.686774539693033,496.80999755859375,324.989990234375
2026-09-03 04:31:00+00:00,19.68905848587633,496.80999755859375,324.989990234375
2026-09-03 04:32:00+00:00,19.68905848587633,496.80999755859375,324.989990234375
2026-09-03 04:33:00+00:00,19.68905848587633,496.80999755859375,324.989990234375
2026-09-03 04:34:00+00:00,19.68905848587633,496.80999755859375,324.989990234375
2026-09-03 04:35:00+00:00,19.68905848587633,496.80999755859375,324.989990234375
2026-09-03 04:36:00+00:00,19.686774539693033,496.80999755859375,324.989990234375
2026-09-03 04:37:00+00:00,19.68905848587633,496.80999755859375,324.989990234375
2026-09-03 04:38:00+00:00,19.68905848587633,496.80999755859375,324.989990234375
2026-09-03 04:39:00+00:00,19.68905848587633,496.80999755859375,324.989990234375
2026-09-03 04:40:00+00:00,19.691342432059628,496.80999755859375,324.989990234375
2026-09-03 04:41:00+00:00,19.68905848587633,496.80999755859375,324.989990234375
2026-09-03 04:42:00+00:00,19.68905848587633,496.80999755859375,324.989990234375
2026-09-03 04:43:00+00:00,19.691342432059628,496.80999755859375,324.989990234375
2026-09-03 04:44:00+00:00,19.68905848587633,496.80999755859375,324.989990234375
2026-09-03 04:45:00+00:00,19.68905848587633,496.80999755859375,324.989990234375
2026-09-03 04:46:00+00:00,19.68905848587633,496.80999755859375,324.989990234375
2026-09-03 04:47:00+00:00,19.68905848587633,496.80999755859375,324.989990234375
2026-09-03 04:48:00+00:00,19.68905848587633,496.80999755859375,324.989990234375
2026-09-03 04:49:00+00:00,19.686774539693033,496.80999755859375,324.989990234375
2026-09-03 04:50:00+00:00,19.68905848587633,496.80999755859375,324.989990234375
2026-09-03 04:51:00+00:00,19.686774539693033,496.80999755859375,324.989990234375
2026-09-03 04:52:00+00:00,19.684490593509736,496.80999755859375,324.989990234375
2026-09-03 04:53:00+00:00,19.684490593509736,496.80999755859375,324.989990234375
2026-09-03 04:54:00+00:00,19.684490593509736,496.80999755859375,324.989990234375
2026-09-03 04:55:00+00:00,19.684490593509736,496.80999755859375,324.989990234375
2026-09-03 04:56:00+00:00,19.684490593509736,496.80999755859375,324.989990234375
2026-09-03 04:57:00+00:00,19.68220664732644,496.80999755859375,324.989990234375
2026-09-03 04:58:00+00:00,19.68220664732644,496.80999755859375,324.989990234375
2026-09-03 04:59:00+00:00,19.68220664732644,496.80999755859375,324.989990234375
2026-09-03 05:00:00+00:00,19.684490593509736,496.80999755859375,324.989990234375
2026-09-03 05:01:00+00:00,19.68220664732644,496.80999755859375,324.989990234375
2026-09-03 05:02:00+00:00,19.68220664732644,496.80999755859375,324.989990234375
2026-09-03 05:03:00+00:00,19.679924724124703,496.80999755859375,324.989990234375
2026-09-03 05:04:00+00:00,19.68220664732644,496.80999755859375,324.989990234375
2026-09-03 05:05:00+00:00,19.68220664732644,496.80999755859375,324.989990234375
2026-09-03 05:06:00+00:00,19.679924724124703,496.80999755859375,324.989990234375
2026-09-03 05:07:00+00:00,19.68220664732644,496.80999755859375,324.989990234375
2026-09-03 05:08:00+00:00,19.68220664732644,496.80999755859375,324.989990234375
2026-09-03 05:09:00+00:00,19.679924724124703,496.80999755859375,324.989990234375
2026-09-03 05:10:00+00:00,19.679924724124703,496.80999755859375,324.989990234375
2026-09-03 05:11:00+00:00,19.679924724124703,496.80999755859375,324.989990234375
2026-09-03 05:12:00+00:00,19.68220664732644,496.80999755859375,324.989990234375
2026-09-03 05:13:00+00:00,19.68220664732644,496.80999755859375,324.989990234375
2026-09-03 05:14:00+00:00,19.68220664732644,496.80999755859375,324.989990234375
2026-09-03 05:15:00+00:00,19.68220664732644,496.80999755859375,324.989990234375
2026-09-03 05:16:00+00:00,19.68220664732644,496.80999755859375,324.989990234375
2026-09-03 05:17:00+00:00,19.68220664732644,496.80999755859375,324.989990234375
2026-09-03 05:18:00+00:00,19.684490593509736,496.80999755859375,324.989990234375
2026-09-03 05:19:00+00:00,19.68220664732644,496.80999755859375,324.989990234375
2026-09-03 05:20:00+00:00,19.68220664732644,496.80999755859375,324.989990234375
2026-09-03 05:21:00+00:00,19.68220664732644,496.80999755859375,324.989990234375
2026-09-03 05:22:00+00:00,19.684490593509736,496.80999755859375,324.989990234375
2026-09-03 05:23:00+00:00,19.684490593509736,496.80999755859375,324.989990234375
2026-09-03 05:24:00+00:00,19.686774539693033,496.80999755859375,324.989990234375
2026-09-03 05:25:00+00:00,19.686774539693033,496.80999755859375,324.989990234375
2026-09-03 05:26:00+00:00,19.68905848587633,496.80999755859375,324.989990234375
2026-09-03 05:27:00+00:00,19.68905848587633,496.80999755859375,324.989990234375
2026-09-03 05:28:00+00:00,19.686774539693033,496.80999755859375,324.989990234375
2026-09-03 05:29:00+00:00,19.686774539693033,496.80999755859375,324.989990234375
2026-09-03 05:30:00+00:00,19.686774539693033,496.80999755859375,324.989990234375
2026-09-03 05:31:00+00:00,19.686774539693033,496.80999755859375,324.989990234375
2026-09-03 05:32:00+00:00,19.686774539693033,496.80999755859375,324.989990234375
2026-09-03 05:33:00+00:00,19.686774539693033,496.80999755859375,324.989990234375
2026-09-03 05:34:00+00:00,19.686774539693033,496.80999755859375,324.989990234375
2026-09-03 05:35:00+00:00,19.686774539693033,496.80999755859375,324.989990234375
2026-09-03 05:36:00+00:00,19.686774539693033,496.80999755859375,324.989990234375
2026-09-03 05:37:00+00:00,19.68905848587633,496.80999755859375,324.989990234375
2026-09-03 05:38:00+00:00,19.68905848587633,496.80999755859375,324.989990234375
2026-09-03 05:39:00+00:00,19.68905848587633,496.80999755859375,324.989990234375
2026-09-03 05:40:00+00:00,19.68905848587633,496.80999755859375,324.989990234375
2026-09-03 05:41:00+00:00,19.68905848587633,496.80999755859375,324.989990234375
2026-09-03 05:42:00+00:00,19.68905848587633,496.80999755859375,324.989990234375
2026-09-03 05:43:00+00:00,19.68905848587633,496.80999755859375,324.989990234375
2026-09-03 05:44:00+00:00,19.68905848587633,496.80999755859375,324.989990234375
2026-09-03 05:45:00+00:00,19.68905848587633,496.80999755859375,324.989990234375
2026-09-03 05:46:00+00:00,19.686774539693033,496.80999755859375,324.989990234375
2026-09-03 05:47:00+00:00,19.68905848587633,496.80999755859375,324.989990234375
2026-09-03 05:48:00+00:00,19.68905848587633,496.80999755859375,324.989990234375
2026-09-03 05:49:00+00:00,19.68905848587633,496.80999755859375,324.989990234375
2026-09-03 05:50:00+00:00,19.691342432059628,496.80999755859375,324.989990234375
2026-09-03 05:51:00+00:00,19.691342432059628,496.80999755859375,324.989990234375
2026-09-03 05:52:00+00:00,19.68905848587633,496.80999755859375,324.989990234375
2026-09-03 05:53:00+00:00,19.68905848587633,496.80999755859375,324.989990234375
2026-09-03 05:54:00+00:00,19.686774539693033,496.80999755859375,324.989990234375
2026-09-03 05:55:00+00:00,19.68905848587633,496.80999755859375,324.989990234375
2026-09-03 05:56:00+00:00,19.68905848587633,496.80999755859375,324.989990234375
2026-09-03 05:57:00+00:00,19.691342432059628,496.80999755859375,324.989990234375
2026-09-03 05:58:00+00:00,19.691342432059628,496.80999755859375,324.989990234375
2026-09-03 05:59:00+00:00,19.691342432059628,496.80999755859375,324.989990234375
2026-09-03 06:00:00+00:00,19.691342432059628,496.80999755859375,324.989990234375
2026-09-03 06:01:00+00:00,19.68905848587633,496.80999755859375,324.989990234375
2026-09-03 06:02:00+00:00,19.68905848587633,496.80999755859375,324.989990234375
2026-09-03 06:03:00+00:00,19.68905848587633,496.80999755859375,324.989990234375
2026-09-03 06:04:00+00:00,19.68905848587633,496.80999755859375,324.989990234375
2026-09-03 06:05:00+00:00,19.691342432059628,496.80999755859375,324.989990234375
2026-09-03 06:06:00+00:00,19.691342432059628,496.80999755859375,324.989990234375
2026-09-03 06:07:00+00:00,19.686774539693033,496.80999755859375,324.989990234375
2026-09-03 06:08:00+00:00,19.691342432059628,496.80999755859375,324.989990234375
2026-09-03 06:09:00+00:00,19.68905848587633,496.80999755859375,324.989990234375
2026-09-03 06:10:00+00:00,19.686774539693033,496.80999755859375,324.989990234375
2026-09-03 06:11:00+00:00,19.684490593509736,496.80999755859375,324.989990234375
2026-09-03 06:12:00+00:00,19.686774539693033,496.80999755859375,324.989990234375
2026-09-03 06:13:00+00:00,19.684490593509736,496.80999755859375,324.989990234375
2026-09-03 06:14:00+00:00,19.686774539693033,496.80999755859375,324.989990234375
2026-09-03 06:15:00+00:00,19.686774539693033,496.80999755859375,324.989990234375
2026-09-03 06:16:00+00:00,19.686774539693033,496.80999755859375,324.989990234375
2026-09-03 06:17:00+00:00,19.68905848587633,496.80999755859375,324.989990234375
2026-09-03 06:18:00+00:00,19.68905848587633,496.80999755859375,324.989990234375
2026-09-03 06:19:00+00:00,19.686774539693033,496.80999755859375,324.989990234375
2026-09-03 06:20:00+00:00,19.686774539693033,496.80999755859375,324.989990234375
2026-09-03 06:21:00+00:00,19.686774539693033,496.80999755859375,324.989990234375
2026-09-03 06:22:00+00:00,19.686774539693033,496.80999755859375,324.989990234375
2026-09-03 06:23:00+00:00,19.686774539693033,496.80999755859375,324.989990234375
2026-09-03 06:24:00+00:00,19.686774539693033,496.80999755859375,324.989990234375
2026-09-03 06:25:00+00:00,19.686774539693033,496.80999755859375,324.989990234375
2026-09-03 06:26:00+00:00,19.68905848587633,496.80999755859375,324.989990234375
2026-09-03 06:27:00+00:00,19.691342432059628,496.80999755859375,324.989990234375
2026-09-03 06:28:00+00:00,19.691342432059628,496.80999755859375,324.989990234375
2026-09-03 06:29:00+00:00,19.691342432059628,496.80999755859375,324.989990234375
2026-09-03 06:30:00+00:00,19.693628401224487,496.80999755859375,324.989990234375
2026-09-03 06:31:00+00:00,19.695914370389346,496.80999755859375,324.989990234375
2026-09-03 06:32:00+00:00,19.698200339554205,496.80999755859375,324.989990234375
2026-09-03 06:33:00+00:00,19.702774300865485,496.80999755859375,324.989990234375
2026-09-03 06:34:00+00:00,19.700486308719064,496.80999755859375,324.989990234375
2026-09-03 06:35:00+00:00,19.702774300865485,496.80999755859375,324.989990234375
2026-09-03 06:36:00+00:00,19.702774300865485,496.80999755859375,324.989990234375
2026-09-03 06:37:00+00:00,19.700486308719064,496.80999755859375,324.989990234375
2026-09-03 06:38:00+00:00,19.700486308719064,496.80999755859375,324.989990234375
2026-09-03 06:39:00+00:00,19.700486308719064,496.80999755859375,324.989990234375
2026-09-03 06:40:00+00:00,19.702774300865485,496.80999755859375,324.989990234375
2026-09-03 06:41:00+00:00,19.702774300865485,496.80999755859375,324.989990234375
2026-09-03 06:42:00+00:00,19.702774300865485,496.80999755859375,324.989990234375
2026-09-03 06:43:00+00:00,19.702774300865485,496.80999755859375,324.989990234375
2026-09-03 06:44:00+00:00,19.702774300865485,496.80999755859375,324.989990234375
2026-09-03 06:45:00+00:00,19.702774300865485,496.80999755859375,324.989990234375
2026-09-03 06:46:00+00:00,19.702774300865485,496.80999755859375,324.989990234375
2026-09-03 06:47:00+00:00,19.702774300865485,496.80999755859375,324.989990234375
2026-09-03 06:48:00+00:00,19.705062293011906,496.80999755859375,324.989990234375
2026-09-03 06:49:00+00:00,19.702774300865485,496.80999755859375,324.989990234375
2026-09-03 06:50:00+00:00,19.702774300865485,496.80999755859375,324.989990234375
2026-09-03 06:51:00+00:00,19.702774300865485,496.80999755859375,324.989990234375
2026-09-03 06:52:00+00:00,19.702774300865485,496.80999755859375,324.989990234375
2026-09-03 06:53:00+00:00,19.702774300865485,496.80999755859375,324.989990234375
2026-09-03 06:54:00+00:00,19.702774300865485,496.80999755859375,324.989990234375
2026-09-03 06:55:00+00:00,19.702774300865485,496.80999755859375,324.989990234375
2026-09-03 06:56:00+00:00,19.705062293011906,496.80999755859375,324.989990234375
2026-09-03 06:57:00+00:00,19.705062293011906,496.80999755859375,324.989990234375
2026-09-03 06:58:00+00:00,19.700486308719064,496.80999755859375,324.989990234375
2026-09-03 06:59:00+00:00,19.698200339554205,496.80999755859375,324.989990234375
2026-09-03 07:00:00+00:00,19.700486308719064,496.80999755859375,324.989990234375
2026-09-03 07:01:00+00:00,19.705062293011906,496.80999755859375,324.989990234375
2026-09-03 07:02:00+00:00,19.71192829243273,496.80999755859375,324.989990234375
2026-09-03 07:03:00+00:00,19.709638277304748,496.80999755859375,324.989990234375
2026-09-03 07:04:00+00:00,19.71192829243273,496.80999755859375,324.989990234375
2026-09-03 07:05:00+00:00,19.714218307560714,496.80999755859375,324.989990234375
2026-09-03 07:06:00+00:00,19.71192829243273,496.80999755859375,324.989990234375
2026-09-03 07:07:00+00:00,19.714218307560714,496.80999755859375,324.989990234375
2026-09-03 07:08:00+00:00,19.714218307560714,496.80999755859375,324.989990234375
2026-09-03 07:09:00+00:00,19.714218307560714,496.80999755859375,324.989990234375
2026-09-03 07:10:00+00:00,19.714218307560714,496.80999755859375,324.989990234375
2026-09-03 07:11:00+00:00,19.71192829243273,496.80999755859375,324.989990234375
2026-09-03 07:12:00+00:00,19.707350285158327,496.80999755859375,324.989990234375
2026-09-03 07:13:00+00:00,19.707350285158327,496.80999755859375,324.989990234375
2026-09-03 07:14:00+00:00,19.702774300865485,496.80999755859375,324.989990234375
2026-09-03 07:15:00+00:00,19.702774300865485,496.80999755859375,324.989990234375
2026-09-03 07:16:00+00:00,19.705062293011906,496.80999755859375,324.989990234375
2026-09-03 07:17:00+00:00,19.702774300865485,496.80999755859375,324.989990234375
2026-09-03 07:18:00+00:00,19.707350285158327,496.80999755859375,324.989990234375
2026-09-03 07:19:00+00:00,19.707350285158327,496.80999755859375,324.989990234375
2026-09-03 07:20:00+00:00,19.705062293011906,496.80999755859375,324.989990234375
2026-09-03 07:21:00+00:00,19.702774300865485,496.80999755859375,324.989990234375
2026-09-03 07:22:00+00:00,19.702774300865485,496.80999755859375,324.989990234375
2026-09-03 07:23:00+00:00,19.707350285158327,496.80999755859375,324.989990234375
2026-09-03 07:24:00+00:00,19.705062293011906,496.80999755859375,324.989990234375
2026-09-03 07:25:00+00:00,19.702774300865485,496.80999755859375,324.989990234375
2026-09-03 07:26:00+00:00,19.700486308719064,496.80999755859375,324.989990234375
2026-09-03 07:27:00+00:00,19.702774300865485,496.80999755859375,324.989990234375
2026-09-03 07:28:00+00:00,19.702774300865485,496.80999755859375,324.989990234375
2026-09-03 07:29:00+00:00,19.700486308719064,496.80999755859375,324.989990234375
2026-09-03 07:30:00+00:00,19.77594548273646,496.80999755859375,324.989990234375
2026-09-03 07:31:00+00:00,19.79916403077914,496.80999755859375,324.989990234375
2026-09-03 07:32:00+00:00,19.76433620871512,496.80999755859375,324.989990234375
2026-09-03 07:33:00+00:00,19.770141952847098,496.80999755859375,324.989990234375
2026-09-03 07:34:00+00:00,19.79916403077914,496.80999755859375,324.989990234375
2026-09-03 07:35:00+00:00,19.79807328235802,496.80999755859375,324.989990234375
2026-09-03 07:36:00+00:00,19.794569192077688,496.80999755859375,324.989990234375
2026-09-03 07:37:00+00:00,19.788764795298448,496.80999755859375,324.989990234375
2026-09-03 07:38:00+00:00,19.750434903726273,496.80999755859375,324.989990234375
2026-09-03 07:39:00+00:00,19.738826976800738,496.80999755859375,324.989990234375
2026-09-03 07:40:00+00:00,19.72493192682805,496.80999755859375,324.989990234375
2026-09-03 07:41:00+00:00,19.73653629292903,496.80999755859375,324.989990234375
2026-09-03 07:42:00+00:00,19.763259797628052,496.80999755859375,324.989990234375
2026-09-03 07:43:00+00:00,19.759749452588494,496.80999755859375,324.989990234375
2026-09-03 07:44:00+00:00,19.769061307259108,496.80999755859375,324.989990234375
2026-09-03 07:45:00+00:00,19.791061540972805,496.80999755859375,324.989990234375
2026-09-03 07:46:00+00:00,19.771356032418225,496.80999755859375,324.989990234375
2026-09-03 07:47:00+00:00,19.788764795298448,496.80999755859375,324.989990234375
2026-09-03 07:48:00+00:00,19.780666539993035,496.80999755859375,324.989990234375
2026-09-03 07:49:00+00:00,19.782962612247957,496.80999755859375,324.989990234375
2026-09-03 07:50:00+00:00,19.782962612247957,496.80999755859375,324.989990234375
2026-09-03 07:51:00+00:00,19.77486503036198,496.80999755859375,324.989990234375
2026-09-03 07:52:00+00:00,19.788764795298448,496.80999755859375,324.989990234375
2026-09-03 07:53:00+00:00,19.785258684502878,496.80999755859375,324.989990234375
2026-09-03 07:54:00+00:00,19.7875547567578,496.80999755859375,324.989990234375
2026-09-03 07:55:00+00:00,19.785258684502878,496.80999755859375,324.989990234375
2026-09-03 07:56:00+00:00,19.791061540972805,496.80999755859375,324.989990234375
2026-09-03 07:57:00+00:00,19.778242238625808,496.80999755859375,324.989990234375
2026-09-03 07:58:00+00:00,19.785258684502878,496.80999755859375,324.989990234375
2026-09-03 07:59:00+00:00,19.785258684502878,496.80999755859375,324.989990234375
2026-09-03 08:00:00+00:00,19.777160429197465,496.80999755859375,324.989990234375
2026-09-03 08:01:00+00:00,19.753947269538003,496.80999755859375,324.989990234375
2026-09-03 08:02:00+00:00,19.75745607452518,496.80999755859375,324.989990234375
2026-09-03 08:03:00+00:00,19.770141952847098,496.80999755859375,324.989990234375
2026-09-03 08:04:00+00:00,19.785258684502878,496.80999755859375,324.989990234375
2026-09-03 08:05:00+00:00,19.78985286093507,496.80999755859375,324.989990234375
2026-09-03 08:06:00+00:00,19.784048657030326,496.80999755859375,324.989990234375
2026-09-03 08:07:00+00:00,19.784048657030326,496.80999755859375,324.989990234375
2026-09-03 08:08:00+00:00,19.781751226868437,496.80999755859375,324.989990234375
2026-09-03 08:09:00+00:00,19.795657064839816,496.80999755859375,324.989990234375
2026-09-03 08:10:00+00:00,19.80037137512818,496.80999755859375,324.989990234375
2026-09-03 08:11:00+00:00,19.80617577190742,496.80999755859375,324.989990234375
2026-09-03 08:12:00+00:00,19.80617577190742,496.80999755859375,324.989990234375
2026-09-03 08:13:00+00:00,19.813182124652485,496.80999755859375,324.989990234375
2026-09-03 08:14:00+00:00,19.795775189587857,496.80999755859375,324.989990234375
2026-09-03 08:15:00+00:00,19.795775189587857,496.80999755859375,324.989990234375
2026-09-03 08:16:00+00:00,19.784171303949734,496.80999755859375,324.989990234375
2026-09-03 08:17:00+00:00,19.73195492518562,496.80999755859375,324.989990234375
2026-09-03 08:18:00+00:00,19.743558810823743,496.80999755859375,324.989990234375
2026-09-03 08:19:00+00:00,19.748142872758763,496.80999755859375,324.989990234375
2026-09-03 08:20:00+00:00,19.759749452588494,496.80999755859375,324.989990234375
2026-09-03 08:21:00+00:00,19.794569192077688,496.80999755859375,324.989990234375
2026-09-03 08:22:00+00:00,19.792271772726963,496.80999755859375,324.989990234375
2026-09-03 08:23:00+00:00,19.79807328235802,496.80999755859375,324.989990234375
2026-09-03 08:24:00+00:00,19.78646804962409,496.80999755859375,324.989990234375
2026-09-03 08:25:00+00:00,19.788764795298448,496.80999755859375,324.989990234375
2026-09-03 08:26:00+00:00,19.782962612247957,496.80999755859375,324.989990234375
2026-09-03 08:27:00+00:00,19.782962612247957,496.80999755859375,324.989990234375
2026-09-03 08:28:00+00:00,19.777160429197465,496.80999755859375,324.989990234375
2026-09-03 08:29:00+00:00,19.785258684502878,496.80999755859375,324.989990234375
2026-09-03 08:30:00+00:00,19.777160429197465,496.80999755859375,324.989990234375
2026-09-03 08:31:00+00:00,19.782962612247957,496.80999755859375,324.989990234375
2026-09-03 08:32:00+00:00,19.785258684502878,496.80999755859375,324.989990234375
2026-09-03 08:33:00+00:00,19.782962612247957,496.80999755859375,324.989990234375
2026-09-03 08:34:00+00:00,19.777160429197465,496.80999755859375,324.989990234375
2026-09-03 08:35:00+00:00,19.777160429197465,496.80999755859375,324.989990234375
2026-09-03 08:36:00+00:00,19.777160429197465,496.80999755859375,324.989990234375
2026-09-03 08:37:00+00:00,19.771356032418225,496.80999755859375,324.989990234375
2026-09-03 08:38:00+00:00,19.773650757577343,496.80999755859375,324.989990234375
2026-09-03 08:39:00+00:00,19.773650757577343,496.80999755859375,324.989990234375
2026-09-03 08:40:00+00:00,19.773650757577343,496.80999755859375,324.989990234375
2026-09-03 08:41:00+00:00,19.773650757577343,496.80999755859375,324.989990234375
2026-09-03 08:42:00+00:00,19.80847453835395,496.80999755859375,324.989990234375
2026-09-03 08:43:00+00:00,19.833989638600542,496.80999755859375,324.989990234375
2026-09-03 08:44:00+00:00,19.83629313567235,496.80999755859375,324.989990234375
2026-09-03 08:45:00+00:00,19.871125002600138,496.80999755859375,324.989990234375
2026-09-03 08:46:00+00:00,19.92799891394725,496.80999755859375,324.989990234375
2026-09-03 08:47:00+00:00,19.89084939305303,496.80999755859375,324.989990234375
2026-09-03 08:48:00+00:00,19.89665648573009,496.80999755859375,324.989990234375
2026-09-03 08:49:00+00:00,19.908268456327278,496.80999755859375,324.989990234375
2026-09-03 08:50:00+00:00,19.914073334247405,496.80999755859375,324.989990234375
2026-09-03 08:51:00+00:00,19.91756749183719,496.80999755859375,324.989990234375
2026-09-03 08:52:00+00:00,19.919880426924465,496.80999755859375,324.989990234375
2026-09-03 08:53:00+00:00,19.91869785587687,496.80999755859375,324.989990234375
2026-09-03 08:54:00+00:00,19.91869785587687,496.80999755859375,324.989990234375
2026-09-03 08:55:00+00:00,19.92799891394725,496.80999755859375,324.989990234375
2026-09-03 08:56:00+00:00,19.93729727544178,496.80999755859375,324.989990234375
2026-09-03 08:57:00+00:00,19.93380668089685,496.80999755859375,324.989990234375
2026-09-03 08:58:00+00:00,19.92799891394725,496.80999755859375,324.989990234375
2026-09-03 08:59:00+00:00,19.904772276177027,496.80999755859375,324.989990234375
2026-09-03 09:00:00+00:00,19.901276962752945,496.80999755859375,324.989990234375
2026-09-03 09:01:00+00:00,19.901276962752945,496.80999755859375,324.989990234375
2026-09-03 09:02:00+00:00,19.875740086471296,496.80999755859375,324.989990234375
2026-09-03 09:03:00+00:00,19.864126767586185,496.80999755859375,324.989990234375
2026-09-03 09:04:00+00:00,19.864126767586185,496.80999755859375,324.989990234375
2026-09-03 09:05:00+00:00,19.865320798695393,496.80999755859375,324.989990234375
2026-09-03 09:06:00+00:00,19.865320798695393,496.80999755859375,324.989990234375
2026-09-03 09:07:00+00:00,19.863013930775196,496.80999755859375,324.989990234375
2026-09-03 09:08:00+00:00,19.888539828814146,496.80999755859375,324.989990234375
2026-09-03 09:09:00+00:00,19.888539828814146,496.80999755859375,324.989990234375
2026-09-03 09:10:00+00:00,19.888539828814146,496.80999755859375,324.989990234375
2026-09-03 09:11:00+00:00,19.874623204796535,496.80999755859375,324.989990234375
2026-09-03 09:12:00+00:00,19.90015045112341,496.80999755859375,324.989990234375
2026-09-03 09:13:00+00:00,19.90015045112341,496.80999755859375,324.989990234375
2026-09-03 09:14:00+00:00,19.89553066931694,496.80999755859375,324.989990234375
2026-09-03 09:15:00+00:00,19.874623204796535,496.80999755859375,324.989990234375
2026-09-03 09:16:00+00:00,19.889727812847013,496.80999755859375,324.989990234375
2026-09-03 09:17:00+00:00,19.889727812847013,496.80999755859375,324.989990234375
2026-09-03 09:18:00+00:00,19.892036008707237,496.80999755859375,324.989990234375
2026-09-03 09:19:00+00:00,19.892036008707237,496.80999755859375,324.989990234375
2026-09-03 09:20:00+00:00,19.8978395385966,496.80999755859375,324.989990234375
2026-09-03 09:21:00+00:00,19.89322180003728,496.80999755859375,324.989990234375
2026-09-03 09:22:00+00:00,19.892036008707237,496.80999755859375,324.989990234375
2026-09-03 09:23:00+00:00,19.874623204796535,496.80999755859375,324.989990234375
2026-09-03 09:24:00+00:00,19.883922742391405,496.80999755859375,324.989990234375
2026-09-03 09:25:00+00:00,19.88161522020755,496.80999755859375,324.989990234375
2026-09-03 09:26:00+00:00,19.870010854106567,496.80999755859375,324.989990234375
2026-09-03 09:27:00+00:00,19.858404274276836,496.80999755859375,324.989990234375
2026-09-03 09:28:00+00:00,19.864206457327327,496.80999755859375,324.989990234375
2026-09-03 09:29:00+00:00,19.852599877497596,496.80999755859375,324.989990234375
2026-09-03 09:30:00+00:00,19.852599877497596,496.80999755859375,324.989990234375
2026-09-03 09:31:00+00:00,19.852599877497596,496.80999755859375,324.989990234375
2026-09-03 09:32:00+00:00,19.864206457327327,496.80999755859375,324.989990234375
2026-09-03 09:33:00+00:00,19.84449421329373,496.80999755859375,324.989990234375
2026-09-03 09:34:00+00:00,19.84449421329373,496.80999755859375,324.989990234375
2026-09-03 09:35:00+00:00,19.84449421329373,496.80999755859375,324.989990234375
2026-09-03 09:36:00+00:00,19.84449421329373,496.80999755859375,324.989990234375
2026-09-03 09:37:00+00:00,19.84449421329373,496.80999755859375,324.989990234375
2026-09-03 09:38:00+00:00,19.846797694447105,496.80999755859375,324.989990234375
2026-09-03 09:39:00+00:00,19.846797694447105,496.80999755859375,324.989990234375
2026-09-03 09:40:00+00:00,19.840993297667865,496.80999755859375,324.989990234375
2026-09-03 09:41:00+00:00,19.840993297667865,496.80999755859375,324.989990234375
2026-09-03 09:42:00+00:00,19.840993297667865,496.80999755859375,324.989990234375
2026-09-03 09:43:00+00:00,19.843296105144873,496.80999755859375,324.989990234375
2026-09-03 09:44:00+00:00,19.843296105144873,496.80999755859375,324.989990234375
2026-09-03 09:45:00+00:00,19.843296105144873,496.80999755859375,324.989990234375
2026-09-03 09:46:00+00:00,19.843296105144873,496.80999755859375,324.989990234375
2026-09-03 09:47:00+00:00,19.843296105144873,496.80999755859375,324.989990234375
2026-09-03 09:48:00+00:00,19.84559891262188,496.80999755859375,324.989990234375
2026-09-03 09:49:00+00:00,19.84559891262188,496.80999755859375,324.989990234375
2026-09-03 09:50:00+00:00,19.84559891262188,496.80999755859375,324.989990234375
2026-09-03 09:51:00+00:00,19.84559891262188,496.80999755859375,324.989990234375
2026-09-03 09:52:00+00:00,19.837493248674946,496.80999755859375,324.989990234375
2026-09-03 09:53:00+00:00,19.839795382732518,496.80999755859375,324.989990234375
2026-09-03 09:54:00+00:00,19.839795382732518,496.80999755859375,324.989990234375
2026-09-03 09:55:00+00:00,19.831688178219338,496.80999755859375,324.989990234375
2026-09-03 09:56:00+00:00,19.843296105144873,496.80999755859375,324.989990234375
2026-09-03 09:57:00+00:00,19.84559891262188,496.80999755859375,324.989990234375
2026-09-03 09:58:00+00:00,19.84559891262188,496.80999755859375,324.989990234375
2026-09-03 09:59:00+00:00,19.833989638600542,496.80999755859375,324.989990234375
2026-09-03 10:00:00+00:00,19.851404656753857,496.80999755859375,324.989990234375
2026-09-03 10:01:00+00:00,19.851404656753857,496.80999755859375,324.989990234375
2026-09-03 10:02:00+00:00,19.854904032070408,496.80999755859375,324.989990234375
2026-09-03 10:03:00+00:00,19.85720818664322,496.80999755859375,324.989990234375
2026-09-03 10:04:00+00:00,19.85720818664322,496.80999755859375,324.989990234375
2026-09-03 10:05:00+00:00,19.863013930775196,496.80999755859375,324.989990234375
2026-09-03 10:06:00+00:00,19.903645282728576,496.80999755859375,324.989990234375
2026-09-03 10:07:00+00:00,19.8978395385966,496.80999755859375,324.989990234375
2026-09-03 10:08:00+00:00,19.91874652316801,496.80999755859375,324.989990234375
2026-09-03 10:09:00+00:00,19.92455159362362,496.80999755859375,324.989990234375
2026-09-03 10:10:00+00:00,19.916434959696744,496.80999755859375,324.989990234375
2026-09-03 10:11:00+00:00,19.904828379867013,496.80999755859375,324.989990234375
2026-09-03 10:12:00+00:00,19.904828379867013,496.80999755859375,324.989990234375
2026-09-03 10:13:00+00:00,19.90251816349155,496.80999755859375,324.989990234375
2026-09-03 10:14:00+00:00,19.890912930757622,496.80999755859375,324.989990234375
2026-09-03 10:15:00+00:00,19.87350618839264,496.80999755859375,324.989990234375
2026-09-03 10:16:00+00:00,19.8328889805598,496.80999755859375,324.989990234375
2026-09-03 10:17:00+00:00,19.792271772726963,496.80999755859375,324.989990234375
2026-09-03 10:18:00+00:00,19.780666539993035,496.80999755859375,324.989990234375
2026-09-03 10:19:00+00:00,19.80737907522598,496.80999755859375,324.989990234375
2026-09-03 10:20:00+00:00,19.80737907522598,496.80999755859375,324.989990234375
2026-09-03 10:21:00+00:00,19.815482238194818,496.80999755859375,324.989990234375
2026-09-03 10:22:00+00:00,19.815482238194818,496.80999755859375,324.989990234375
2026-09-03 10:23:00+00:00,19.809678515091946,496.80999755859375,324.989990234375
2026-09-03 10:24:00+00:00,19.77486503036198,496.80999755859375,324.989990234375
2026-09-03 10:25:00+00:00,19.777160429197465,496.80999755859375,324.989990234375
2026-09-03 10:26:00+00:00,19.78646804962409,496.80999755859375,324.989990234375
2026-09-03 10:27:00+00:00,19.78646804962409,496.80999755859375,324.989990234375
2026-09-03 10:28:00+00:00,19.78646804962409,496.80999755859375,324.989990234375
2026-09-03 10:29:00+00:00,19.80157823901436,496.80999755859375,324.989990234375
2026-09-03 10:30:00+00:00,19.80387700546089,496.80999755859375,324.989990234375
2026-09-03 10:31:00+00:00,19.80737907522598,496.80999755859375,324.989990234375
2026-09-03 10:32:00+00:00,19.805081670262553,496.80999755859375,324.989990234375
2026-09-03 10:33:00+00:00,19.80737907522598,496.80999755859375,324.989990234375
2026-09-03 10:34:00+00:00,19.816684209996993,496.80999755859375,324.989990234375
2026-09-03 10:35:00+00:00,19.816684209996993,496.80999755859375,324.989990234375
2026-09-03 10:36:00+00:00,19.851491829200313,496.80999755859375,324.989990234375
2026-09-03 10:37:00+00:00,19.857291992588443,496.80999755859375,324.989990234375
2026-09-03 10:38:00+00:00,19.828286749731433,496.80999755859375,324.989990234375
2026-09-03 10:39:00+00:00,19.822484373385123,496.80999755859375,324.989990234375
2026-09-03 10:40:00+00:00,19.81438545912988,496.80999755859375,324.989990234375
2026-09-03 10:41:00+00:00,19.805081670262553,496.80999755859375,324.989990234375
2026-09-03 10:42:00+00:00,19.799281506874422,496.80999755859375,324.989990234375
2026-09-03 10:43:00+00:00,19.796984774734483,496.80999755859375,324.989990234375
2026-09-03 10:44:00+00:00,19.805081670262553,496.80999755859375,324.989990234375
2026-09-03 10:45:00+00:00,19.828286749731433,496.80999755859375,324.989990234375
2026-09-03 10:46:00+00:00,19.828286749731433,496.80999755859375,324.989990234375
2026-09-03 10:47:00+00:00,19.83058684650223,496.80999755859375,324.989990234375
2026-09-03 10:48:00+00:00,19.83058684650223,496.80999755859375,324.989990234375
2026-09-03 10:49:00+00:00,19.83058684650223,496.80999755859375,324.989990234375
2026-09-03 10:50:00+00:00,19.8328889805598,496.80999755859375,324.989990234375
2026-09-03 10:51:00+00:00,19.83058684650223,496.80999755859375,324.989990234375
2026-09-03 10:52:00+00:00,19.824783797075725,496.80999755859375,324.989990234375
2026-09-03 10:53:00+00:00,19.80387700546089,496.80999755859375,324.989990234375
2026-09-03 10:54:00+00:00,19.80387700546089,496.80999755859375,324.989990234375
2026-09-03 10:55:00+00:00,19.80617577190742,496.80999755859375,324.989990234375
2026-09-03 10:56:00+00:00,19.80847453835395,496.80999755859375,324.989990234375
2026-09-03 10:57:00+00:00,19.796866611428413,496.80999755859375,324.989990234375
2026-09-03 10:58:00+00:00,19.77945582803295,496.80999755859375,324.989990234375
2026-09-03 10:59:00+00:00,19.77945582803295,496.80999755859375,324.989990234375
2026-09-03 11:00:00+00:00,19.771356032418225,496.80999755859375,324.989990234375
2026-09-03 11:01:00+00:00,19.771356032418225,496.80999755859375,324.989990234375
2026-09-03 11:02:00+00:00,19.794569192077688,496.80999755859375,324.989990234375
2026-09-03 11:03:00+00:00,19.796866611428413,496.80999755859375,324.989990234375
2026-09-03 11:04:00+00:00,19.80617577190742,496.80999755859375,324.989990234375
2026-09-03 11:05:00+00:00,19.80266946789834,496.80999755859375,324.989990234375
2026-09-03 11:06:00+00:00,19.81197795495791,496.80999755859375,324.989990234375
2026-09-03 11:07:00+00:00,19.809678515091946,496.80999755859375,324.989990234375
2026-09-03 11:08:00+00:00,19.823584534787642,496.80999755859375,324.989990234375
2026-09-03 11:09:00+00:00,19.851404656753857,496.80999755859375,324.989990234375
2026-09-03 11:10:00+00:00,19.888539828814146,496.80999755859375,324.989990234375
2026-09-03 11:11:00+00:00,19.888539828814146,496.80999755859375,324.989990234375
2026-09-03 11:12:00+00:00,19.871125002600138,496.80999755859375,324.989990234375
2026-09-03 11:13:00+00:00,19.888539828814146,496.80999755859375,324.989990234375
2026-09-03 11:14:00+00:00,19.89084939305303,496.80999755859375,324.989990234375
2026-09-03 11:15:00+00:00,19.856015696018403,496.80999755859375,324.989990234375
2026-09-03 11:16:00+00:00,19.850208603341343,496.80999755859375,324.989990234375
2026-09-03 11:17:00+00:00,19.835094577880454,496.80999755859375,324.989990234375
2026-09-03 11:18:00+00:00,19.81416806659081,496.80999755859375,324.989990234375
2026-09-03 11:19:00+00:00,19.801347445666124,496.80999755859375,324.989990234375
2026-09-03 11:20:00+00:00,19.793240409004284,496.80999755859375,324.989990234375
2026-09-03 11:21:00+00:00,19.804854210128724,496.80999755859375,324.989990234375
2026-09-03 11:22:00+00:00,19.85131827674104,496.80999755859375,324.989990234375
2026-09-03 11:23:00+00:00,19.86643296123384,496.80999755859375,324.989990234375
2026-09-03 11:24:00+00:00,19.878047628406875,496.80999755859375,324.989990234375
2026-09-03 11:25:00+00:00,19.875740086471296,496.80999755859375,324.989990234375
2026-09-03 11:26:00+00:00,19.887353405356407,496.80999755859375,324.989990234375
2026-09-03 11:27:00+00:00,19.89665648573009,496.80999755859375,324.989990234375
2026-09-03 11:28:00+00:00,19.898966724241518,496.80999755859375,324.989990234375
2026-09-03 11:29:00+00:00,19.898966724241518,496.80999755859375,324.989990234375
2026-09-03 11:30:00+00:00,19.904772276177027,496.80999755859375,324.989990234375
2026-09-03 11:31:00+00:00,19.914073334247405,496.80999755859375,324.989990234375
2026-09-03 11:32:00+00:00,19.91638559506214,496.80999755859375,324.989990234375
2026-09-03 11:33:00+00:00,19.925685304844592,496.80999755859375,324.989990234375
2026-09-03 11:34:00+00:00,19.93961223283236,496.80999755859375,324.989990234375
2026-09-03 11:35:00+00:00,19.94192719022294,496.80999755859375,324.989990234375
2026-09-03 11:36:00+00:00,19.947733416173833,496.80999755859375,324.989990234375
2026-09-03 11:37:00+00:00,19.93961223283236,496.80999755859375,324.989990234375
2026-09-03 11:38:00+00:00,19.93729727544178,496.80999755859375,324.989990234375
2026-09-03 11:39:00+00:00,19.93961223283236,496.80999755859375,324.989990234375
2026-09-03 11:40:00+00:00,19.93961223283236,496.80999755859375,324.989990234375
2026-09-03 11:41:00+00:00,19.94541778476787,496.80999755859375,324.989990234375
2026-09-03 11:42:00+00:00,19.95122555171747,496.80999755859375,324.989990234375
2026-09-03 11:43:00+00:00,19.95122555171747,496.80999755859375,324.989990234375
2026-09-03 11:44:00+00:00,19.95122555171747,496.80999755859375,324.989990234375
2026-09-03 11:45:00+00:00,19.95703110365298,496.80999755859375,324.989990234375
2026-09-03 11:46:00+00:00,19.959348083346867,496.80999755859375,324.989990234375
2026-09-03 11:47:00+00:00,19.959348083346867,496.80999755859375,324.989990234375
2026-09-03 11:48:00+00:00,19.961667111652332,496.80999755859375,324.989990234375
2026-09-03 11:49:00+00:00,19.96979593091737,496.80999755859375,324.989990234375
2026-09-03 11:50:00+00:00,19.96979593091737,496.80999755859375,324.989990234375
2026-09-03 11:51:00+00:00,19.96515652456901,496.80999755859375,324.989990234375
2026-09-03 11:52:00+00:00,19.96747622774319,496.80999755859375,324.989990234375
2026-09-03 11:53:00+00:00,19.961667111652332,496.80999755859375,324.989990234375
2026-09-03 11:54:00+00:00,19.891973227262497,496.80999755859375,324.989990234375
2026-09-03 11:55:00+00:00,19.901276962752945,496.80999755859375,324.989990234375
2026-09-03 11:56:00+00:00,19.950051094999253,496.80999755859375,324.989990234375
2026-09-03 11:57:00+00:00,19.950051094999253,496.80999755859375,324.989990234375
2026-09-03 11:58:00+00:00,19.944244194437033,496.80999755859375,324.989990234375
2026-09-03 11:59:00+00:00,19.950051094999253,496.80999755859375,324.989990234375
2026-09-03 12:00:00+00:00,19.96515652456901,496.80999755859375,324.989990234375
2026-09-03 12:01:00+00:00,19.96747622774319,496.80999755859375,324.989990234375
2026-09-03 12:02:00+00:00,19.96979593091737,496.80999755859375,324.989990234375
2026-09-03 12:03:00+00:00,19.97211563409155,496.80999755859375,324.989990234375
2026-09-03 12:04:00+00:00,19.97211563409155,496.80999755859375,324.989990234375
2026-09-03 12:05:00+00:00,19.97792388387643,496.80999755859375,324.989990234375
2026-09-03 12:06:00+00:00,19.98373434970472,496.80999755859375,324.989990234375
2026-09-03 12:07:00+00:00,19.974437386473483,496.80999755859375,324.989990234375
2026-09-03 12:08:00+00:00,19.98373434970472,496.80999755859375,324.989990234375
2026-09-03 12:09:00+00:00,19.98373434970472,496.80999755859375,324.989990234375
2026-09-03 12:10:00+00:00,19.97792388387643,496.80999755859375,324.989990234375
2026-09-03 12:11:00+00:00,19.96747622774319,496.80999755859375,324.989990234375
2026-09-03 12:12:00+00:00,19.97909224439627,496.80999755859375,324.989990234375
2026-09-03 12:13:00+00:00,19.96747622774319,496.80999755859375,324.989990234375
2026-09-03 12:14:00+00:00,19.981413297050494,496.80999755859375,324.989990234375
2026-09-03 12:15:00+00:00,19.981413297050494,496.80999755859375,324.989990234375
2026-09-03 12:16:00+00:00,19.981413297050494,496.80999755859375,324.989990234375
2026-09-03 12:17:00+00:00,19.981413297050494,496.80999755859375,324.989990234375
2026-09-03 12:18:00+00:00,19.97909224439627,496.80999755859375,324.989990234375
2026-09-03 12:19:00+00:00,19.99302844739759,496.80999755859375,324.989990234375
2026-09-03 12:20:00+00:00,19.98838364364383,496.80999755859375,324.989990234375
2026-09-03 12:21:00+00:00,19.99070604552071,496.80999755859375,324.989990234375
2026-09-03 12:22:00+00:00,19.98838364364383,496.80999755859375,324.989990234375
2026-09-03 12:23:00+00:00,19.98606329335871,496.80999755859375,324.989990234375
2026-09-03 12:24:00+00:00,19.994192084865972,496.80999755859375,324.989990234375
2026-09-03 12:25:00+00:00,19.991871060308313,496.80999755859375,324.989990234375
2026-09-03 12:26:00+00:00,19.989550035750653,496.80999755859375,324.989990234375
2026-09-03 12:27:00+00:00,19.977938065153467,496.80999755859375,324.989990234375
2026-09-03 12:28:00+00:00,19.977938065153467,496.80999755859375,324.989990234375
2026-09-03 12:29:00+00:00,19.974452189487693,496.80999755859375,324.989990234375
2026-09-03 12:30:00+00:00,19.98256873905484,496.80999755859375,324.989990234375
2026-09-03 12:31:00+00:00,19.98372644520896,496.80999755859375,324.989990234375
2026-09-03 12:32:00+00:00,19.98605024679864,496.80999755859375,324.989990234375
2026-09-03 12:33:00+00:00,19.994184976608267,496.80999755859375,324.989990234375
2026-09-03 12:34:00+00:00,19.9930267619211,496.80999755859375,324.989990234375
2026-09-03 12:35:00+00:00,19.986057452758814,496.80999755859375,324.989990234375
2026-09-03 12:36:00+00:00,19.990701608467134,496.80999755859375,324.989990234375
2026-09-03 12:37:00+00:00,19.990701608467134,496.80999755859375,324.989990234375
2026-09-03 12:38:00+00:00,19.9930267619211,496.80999755859375,324.989990234375
2026-09-03 12:39:00+00:00,20.015116193079848,496.80999755859375,324.989990234375
2026-09-03 12:40:00+00:00,20.012789011958375,496.80999755859375,324.989990234375
2026-09-03 12:41:00+00:00,20.00813464971543,496.80999755859375,324.989990234375
2026-09-03 12:42:00+00:00,20.00813464971543,496.80999755859375,324.989990234375
2026-09-03 12:43:00+00:00,20.00813464971543,496.80999755859375,324.989990234375
2026-09-03 12:44:00+00:00,20.01975741615297,496.80999755859375,324.989990234375
2026-09-03 12:45:00+00:00,20.01743298992733,496.80999755859375,324.989990234375
2026-09-03 12:46:00+00:00,20.022085949138727,496.80999755859375,324.989990234375
2026-09-03 12:47:00+00:00,20.02674301511024,496.80999755859375,324.989990234375
2026-09-03 12:48:00+00:00,20.02906949471594,496.80999755859375,324.989990234375
2026-09-03 12:49:00+00:00,20.038369837140635,496.80999755859375,324.989990234375
2026-09-03 12:50:00+00:00,20.041851578707792,496.80999755859375,324.989990234375
2026-09-03 12:51:00+00:00,20.041851578707792,496.80999755859375,324.989990234375
2026-09-03 12:52:00+00:00,20.04884326066758,496.80999755859375,324.989990234375
2026-09-03 12:53:00+00:00,20.053506437142232,496.80999755859375,324.989990234375
2026-09-03 12:54:00+00:00,20.04769143111298,496.80999755859375,324.989990234375
2026-09-03 12:55:00+00:00,20.0500233705352,496.80999755859375,324.989990234375
2026-09-03 12:56:00+00:00,20.031400081081756,496.80999755859375,324.989990234375
2026-09-03 12:57:00+00:00,20.0406976674185,496.80999755859375,324.989990234375
2026-09-03 12:58:00+00:00,20.05117587648897,496.80999755859375,324.989990234375
2026-09-03 12:59:00+00:00,20.04884326066758,496.80999755859375,324.989990234375
2026-09-03 13:00:00+00:00,20.04884326066758,496.80999755859375,324.989990234375
2026-09-03 13:01:00+00:00,20.053506437142232,496.80999755859375,324.989990234375
2026-09-03 13:02:00+00:00,20.05465913259968,496.80999755859375,324.989990234375
2026-09-03 13:03:00+00:00,20.04884326066758,496.80999755859375,324.989990234375
2026-09-03 13:04:00+00:00,20.05465913259968,496.80999755859375,324.989990234375
2026-09-03 13:05:00+00:00,20.052325840121057,496.80999755859375,324.989990234375
2026-09-03 13:06:00+00:00,20.052325840121057,496.80999755859375,324.989990234375
2026-09-03 13:07:00+00:00,20.058138817548752,496.80999755859375,324.989990234375
2026-09-03 13:08:00+00:00,20.058138817548752,496.80999755859375,324.989990234375
2026-09-03 13:09:00+00:00,20.034882472143636,496.80999755859375,324.989990234375
2026-09-03 13:10:00+00:00,20.03255531733066,496.80999755859375,324.989990234375
2026-09-03 13:11:00+00:00,20.015116193079848,496.80999755859375,324.989990234375
2026-09-03 13:12:00+00:00,20.05580896139145,496.80999755859375,324.989990234375
2026-09-03 13:13:00+00:00,20.084874907672656,496.80999755859375,324.989990234375
2026-09-03 13:14:00+00:00,20.08373183794447,496.80999755859375,324.989990234375
2026-09-03 13:15:00+00:00,20.095361363703432,496.80999755859375,324.989990234375
2026-09-03 13:16:00+00:00,20.075579967679005,496.80999755859375,324.989990234375
2026-09-03 13:17:00+00:00,20.07091414545721,496.80999755859375,324.989990234375
2026-09-03 13:18:00+00:00,20.068580205272156,496.80999755859375,324.989990234375
2026-09-03 13:19:00+00:00,20.07091414545721,496.80999755859375,324.989990234375
2026-09-03 13:20:00+00:00,20.07091414545721,496.80999755859375,324.989990234375
2026-09-03 13:21:00+00:00,20.079062605452236,496.80999755859375,324.989990234375
2026-09-03 13:22:00+00:00,20.079062605452236,496.80999755859375,324.989990234375
2026-09-03 13:23:00+00:00,20.079062605452236,496.80999755859375,324.989990234375
2026-09-03 13:24:00+00:00,20.08253961562332,496.80999755859375,324.989990234375
2026-09-03 13:25:00+00:00,20.084874907672656,496.80999755859375,324.989990234375
2026-09-03 13:26:00+00:00,20.09068942748263,496.80999755859375,324.989990234375
2026-09-03 13:27:00+00:00,20.094165085789427,496.80999755859375,324.989990234375
2026-09-03 13:28:00+00:00,20.102316249513024,496.80999755859375,324.989990234375
2026-09-03 13:29:00+00:00,20.113940853953864,496.80999755859375,324.989990234375
2026-09-03 13:30:00+00:00,20.099978929538338,504.57501220703125,324.764404296875
2026-09-03 13:31:00+00:00,20.111602182372735,506.885009765625,325.3800048828125
2026-09-03 13:32:00+00:00,20.129041496287755,507.9006042480469,327.3900146484375
2026-09-03 13:33:00+00:00,20.16044814207544,508.9800109863281,326.0766906738281
2026-09-03 13:34:00+00:00,20.16044814207544,508.489990234375,325.6199951171875
2026-09-03 13:35:00+00:00,20.148821320045045,509.239990234375,324.364990234375
2026-09-03 13:36:00+00:00,20.15229021928826,509.1400146484375,324.82000732421875
2026-09-03 13:37:00+00:00,20.133720831191795,510.489990234375,325.2799987792969
2026-09-03 13:38:00+00:00,20.119755373763837,510.2799987792969,325.7950134277344
2026-09-03 13:39:00+00:00,20.15810406303717,511.1300048828125,326.45001220703125
2026-09-03 13:40:00+00:00,20.147603413333854,510.57000732421875,325.5799865722656
2026-09-03 13:41:00+00:00,20.149946816311058,510.45001220703125,325.9200134277344
2026-09-03 13:42:00+00:00,20.14413586569708,510.7300109863281,325.9150085449219
2026-09-03 13:43:00+00:00,20.16972953320328,510.94500732421875,326.0299987792969
2026-09-03 13:44:00+00:00,20.172074964105832,510.7049865722656,326.4849853515625
2026-09-03 13:45:00+00:00,20.172074964105832,511.32000732421875,326.45001220703125
2026-09-03 13:46:00+00:00,20.16738410230073,511.8450012207031,326.3900146484375
2026-09-03 13:47:00+00:00,20.16503867139818,512.239990234375,326.6000061035156
2026-09-03 13:48:00+00:00,20.16503867139818,511.8500061035156,326.4800109863281
2026-09-03 13:49:00+00:00,20.162697377058066,511.54998779296875,326.5899963378906
2026-09-03 13:50:00+00:00,20.16503867139818,512.0250244140625,326.3999938964844
2026-09-03 13:51:00+00:00,20.170848946208935,512.1699829101562,326.4739990234375
2026-09-03 13:52:00+00:00,20.196443289518356,511.6499938964844,326.260009765625
2026-09-03 13:53:00+00:00,20.18481917121653,511.1400146484375,326.31500244140625
2026-09-03 13:54:00+00:00,20.18716662978659,511.1549987792969,326.2699890136719
2026-09-03 13:55:00+00:00,20.177887266326252,511.2950134277344,326.2099914550781
2026-09-03 13:56:00+00:00,20.18604649942972,510.8800048828125,325.9949951171875
2026-09-03 13:57:00+00:00,20.18023130415486,511.0899963378906,325.8399963378906
2026-09-03 13:58:00+00:00,20.19074420391007,511.29998779296875,325.69000244140625
2026-09-03 13:59:00+00:00,20.196558534136102,511.7799987792969,326.7200012207031
2026-09-03 14:00:00+00:00,20.189514088356646,511.0,326.1400146484375
2026-09-03 14:01:00+00:00,20.191859476857417,511.7250061035156,326.3900146484375
2026-09-03 14:02:00+00:00,20.18481917121653,512.0399780273438,326.3599853515625
2026-09-03 14:03:00+00:00,20.189514088356646,512.0250244140625,326.6700134277344
2026-09-03 14:04:00+00:00,20.18716662978659,511.05810546875,326.0400085449219
2026-09-03 14:05:00+00:00,20.18481917121653,511.68499755859375,326.3900146484375
2026-09-03 14:06:00+00:00,20.189514088356646,511.0400085449219,326.69000244140625
2026-09-03 14:07:00+00:00,20.189514088356646,511.0,326.7099914550781
2026-09-03 14:08:00+00:00,20.18716662978659,510.80010986328125,327.0256042480469
2026-09-03 14:09:00+00:00,20.18716662978659,511.0400085449219,327.06878662109375
2026-09-03 14:10:00+00:00,20.20114091038704,510.8800048828125,326.8299865722656
2026-09-03 14:11:00+00:00,20.198792099952698,511.3450012207031,327.0400085449219
2026-09-03 14:12:00+00:00,20.203487649559975,511.9750061035156,327.32501220703125
2026-09-03 14:13:00+00:00,20.205838531255722,512.3400268554688,327.5199890136719
2026-09-03 14:14:00+00:00,20.205838531255722,512.8300170898438,328.1300048828125
2026-09-03 14:15:00+00:00,20.203487649559975,512.3499755859375,328.2254943847656
2026-09-03 14:16:00+00:00,20.203487649559975,512.5900268554688,328.2755126953125
2026-09-03 14:17:00+00:00,20.203487649559975,511.32110595703125,328.260009765625
2026-09-03 14:18:00+00:00,20.203487649559975,511.1000061035156,328.3077087402344
2026-09-03 14:19:00+00:00,20.203487649559975,511.6499938964844,328.70001220703125
2026-09-03 14:20:00+00:00,20.20114091038704,511.30999755859375,328.6449890136719
2026-09-03 14:21:00+00:00,20.203487649559975,511.364990234375,328.82000732421875
2026-09-03 14:22:00+00:00,20.198792099952698,512.0770263671875,329.0398864746094
2026-09-03 14:23:00+00:00,20.20114091038704,512.5150146484375,329.2401123046875
2026-09-03 14:24:00+00:00,20.20114091038704,512.2000122070312,329.1654052734375
2026-09-03 14:25:00+00:00,20.198792099952698,510.9949951171875,329.2099914550781
2026-09-03 14:26:00+00:00,20.196443289518356,510.70001220703125,329.9049987792969
2026-09-03 14:27:00+00:00,20.198792099952698,510.5,330.1300048828125
2026-09-03 14:28:00+00:00,20.20114091038704,510.0849914550781,329.9750061035156
2026-09-03 14:29:00+00:00,20.20114091038704,510.1697998046875,329.7149963378906
2026-09-03 14:30:00+00:00,20.20114091038704,510.5950012207031,330.30999755859375
2026-09-03 14:31:00+00:00,20.20114091038704,510.7749938964844,330.45001220703125
2026-09-03 14:32:00+00:00,20.194094479084015,511.1000061035156,330.3349914550781
2026-09-03 14:33:00+00:00,20.196443289518356,510.7900085449219,329.9400939941406
2026-09-03 14:34:00+00:00,20.194094479084015,510.4881896972656,329.4200134277344
2026-09-03 14:35:00+00:00,20.194094479084015,510.5950012207031,329.56500244140625
2026-09-03 14:36:00+00:00,20.191749811172485,510.43499755859375,329.44500732421875
2026-09-03 14:37:00+00:00,20.194094479084015,510.3999938964844,329.07000732421875
2026-09-03 14:38:00+00:00,20.191749811172485,509.8500061035156,328.7049865722656
2026-09-03 14:39:00+00:00,20.18940307199955,509.510009765625,328.375
2026-09-03 14:40:00+00:00,20.18940307199955,509.0335998535156,328.1700134277344
2026-09-03 14:41:00+00:00,20.187056332826614,509.4800109863281,328.17999267578125
2026-09-03 14:42:00+00:00,20.187056332826614,509.2598876953125,328.4100036621094
2026-09-03 14:43:00+00:00,20.187056332826614,508.9049987792969,328.25
2026-09-03 14:44:00+00:00,20.187056332826614,508.9031982421875,328.31500244140625
2026-09-03 14:45:00+00:00,20.184711664915085,509.3750915527344,328.3399963378906
2026-09-03 14:46:00+00:00,20.187056332826614,508.7900085449219,328.5400085449219
2026-09-03 14:47:00+00:00,20.18940307199955,509.05999755859375,328.56500244140625
2026-09-03 14:48:00+00:00,20.191749811172485,509.226806640625,328.67999267578125
2026-09-03 14:49:00+00:00,20.18940307199955,509.44879150390625,328.860107421875
2026-09-03 14:50:00+00:00,20.194094479084015,508.7699890136719,328.80499267578125
2026-09-03 14:51:00+00:00,20.194094479084015,508.95001220703125,328.53070068359375
2026-09-03 14:52:00+00:00,20.194094479084015,508.489990234375,328.1400146484375
2026-09-03 14:53:00+00:00,20.196443289518356,508.1199951171875,327.7099914550781
2026-09-03 14:54:00+00:00,20.194094479084015,508.247314453125,328.1300048828125
2026-09-03 14:55:00+00:00,20.196443289518356,509.3399963378906,328.3299865722656
2026-09-03 14:56:00+00:00,20.194094479084015,509.30999755859375,328.17999267578125
2026-09-03 14:57:00+00:00,20.196443289518356,509.2699890136719,328.135009765625
2026-09-03 14:58:00+00:00,20.194094479084015,509.3599853515625,328.1499938964844
2026-09-03 14:59:00+00:00,20.191749811172485,509.96990966796875,327.9849853515625
2026-09-03 15:00:00+00:00,20.194094479084015,510.052001953125,328.989990234375
2026-09-03 15:01:00+00:00,20.198792099952698,510.0899963378906,328.875
2026-09-03 15:02:00+00:00,20.196443289518356,510.0450134277344,328.6199951171875
2026-09-03 15:03:00+00:00,20.198792099952698,510.3800048828125,328.9200134277344
2026-09-03 15:04:00+00:00,20.198792099952698,510.93499755859375,329.20001220703125
2026-09-03 15:05:00+00:00,20.198792099952698,511.260009765625,329.4100036621094
2026-09-03 15:06:00+00:00,20.20114091038704,511.04998779296875,329.5799865722656
2026-09-03 15:07:00+00:00,20.20114091038704,511.0249938964844,329.67999267578125
2026-09-03 15:08:00+00:00,20.20114091038704,511.3949890136719,329.7950134277344
2026-09-03 15:09:00+00:00,20.20114091038704,511.30499267578125,330.0450134277344
2026-09-03 15:10:00+00:00,20.20114091038704,511.70001220703125,330.5299987792969
2026-09-03 15:11:00+00:00,20.20114091038704,511.6099853515625,330.5885009765625
2026-09-03 15:12:00+00:00,20.20114091038704,511.93499755859375,330.67999267578125
2026-09-03 15:13:00+00:00,20.20114091038704,512.0250244140625,330.614990234375
2026-09-03 15:14:00+00:00,20.203487649559975,512.2100219726562,330.4649963378906
2026-09-03 15:15:00+00:00,20.20114091038704,512.5999755859375,330.6050109863281
2026-09-03 15:16:00+00:00,20.198792099952698,512.864990234375,330.57000732421875
2026-09-03 15:17:00+00:00,20.20114091038704,512.5349731445312,330.360107421875
2026-09-03 15:18:00+00:00,20.198792099952698,512.3200073242188,330.1600036621094
2026-09-03 15:19:00+00:00,20.20114091038704,513.2249755859375,330.05999755859375
2026-09-03 15:20:00+00:00,20.20114091038704,512.6300048828125,330.05999755859375
2026-09-03 15:21:00+00:00,20.20114091038704,512.18408203125,330.2699890136719
2026-09-03 15:22:00+00:00,20.20114091038704,512.5050048828125,329.9400939941406
2026-09-03 15:23:00+00:00,20.203487649559975,513.0599975585938,329.82000732421875
2026-09-03 15:24:00+00:00,20.20114091038704,512.5399780273438,329.5299072265625
2026-09-03 15:25:00+00:00,20.203487649559975,512.780029296875,329.7550048828125
2026-09-03 15:26:00+00:00,20.203487649559975,513.0700073242188,330.2300109863281
2026-09-03 15:27:00+00:00,20.20114091038704,512.6599731445312,330.19000244140625
2026-09-03 15:28:00+00:00,20.20114091038704,512.4299926757812,329.7900085449219
2026-09-03 15:29:00+00:00,20.20114091038704,512.719970703125,329.8299865722656
2026-09-03 15:30:00+00:00,20.205838531255722,512.52001953125,329.9100036621094
2026-09-03 15:31:00+00:00,20.20818941295147,512.780029296875,329.9280090332031
2026-09-03 15:32:00+00:00,20.203487649559975,512.7899780273438,329.8800048828125
2026-09-03 15:33:00+00:00,20.203487649559975,512.3800048828125,330.0474853515625
2026-09-03 15:34:00+00:00,20.203487649559975,512.6600952148438,330.110107421875
2026-09-03 15:35:00+00:00,20.20114091038704,513.094970703125,330.19000244140625
2026-09-03 15:36:00+00:00,20.198792099952698,512.8699951171875,330.010009765625
2026-09-03 15:37:00+00:00,20.198792099952698,513.0,330.1199951171875
2026-09-03 15:38:00+00:00,20.196443289518356,512.9400024414062,330.0199890136719
2026-09-03 15:39:00+00:00,20.194094479084015,512.4349975585938,329.8399963378906
2026-09-03 15:40:00+00:00,20.196443289518356,512.2838134765625,329.68499755859375
2026-09-03 15:41:00+00:00,20.196443289518356,512.3200073242188,329.4200134277344
2026-09-03 15:42:00+00:00,20.194094479084015,512.8150024414062,329.4750061035156
2026-09-03 15:43:00+00:00,20.196443289518356,512.7100219726562,329.6199951171875
2026-09-03 15:44:00+00:00,20.196443289518356,512.6005249023438,329.67999267578125
2026-09-03 15:45:00+00:00,20.194094479084015,512.7650146484375,329.7149963378906
2026-09-03 15:46:00+00:00,20.194094479084015,512.8201293945312,329.6180114746094
2026-09-03 15:47:00+00:00,20.194094479084015,512.8701171875,329.5205078125
2026-09-03 15:48:00+00:00,20.194094479084015,512.8292236328125,329.7200012207031
2026-09-03 15:49:00+00:00,20.194094479084015,512.8405151367188,329.7300109863281
2026-09-03 15:50:00+00:00,20.191749811172485,512.989990234375,329.4100036621094
2026-09-03 15:51:00+00:00,20.191749811172485,513.52001953125,329.45001220703125
2026-09-03 15:52:00+00:00,20.191749811172485,513.6099853515625,329.3399963378906
2026-09-03 15:53:00+00:00,20.191749811172485,513.5599975585938,329.4446105957031
2026-09-03 15:54:00+00:00,20.191749811172485,514.3699951171875,329.5403137207031
2026-09-03 15:55:00+00:00,20.194094479084015,514.1099853515625,329.375
2026-09-03 15:56:00+00:00,20.194094479084015,514.0999755859375,329.3710021972656
2026-09-03 15:57:00+00:00,20.194094479084015,514.7449951171875,329.5849914550781
2026-09-03 15:58:00+00:00,20.198792099952698,514.8300170898438,329.614990234375
2026-09-03 15:59:00+00:00,20.20114091038704,514.7000122070312,329.7699890136719
2026-09-03 16:00:00+00:00,20.20114091038704,514.5050048828125,329.7349853515625
2026-09-03 16:01:00+00:00,20.20114091038704,514.844970703125,329.8550109863281
2026-09-03 16:02:00+00:00,20.20114091038704,514.8800048828125,329.94000244140625
2026-09-03 16:03:00+00:00,20.203487649559975,514.8049926757812,329.92498779296875
2026-09-03 16:04:00+00:00,20.203487649559975,514.1099853515625,329.9200134277344
2026-09-03 16:05:00+00:00,20.20114091038704,513.6138916015625,329.6700134277344
2026-09-03 16:06:00+00:00,20.20114091038704,513.60498046875,329.6401062011719
2026-09-03 16:07:00+00:00,20.203487649559975,513.219970703125,329.5950012207031
2026-09-03 16:08:00+00:00,20.203487649559975,513.3099975585938,329.7049865722656
2026-09-03 16:09:00+00:00,20.205838531255722,513.3236083984375,329.57000732421875
2026-09-03 16:10:00+00:00,20.205838531255722,513.5391845703125,329.7300109863281
2026-09-03 16:11:00+00:00,20.205838531255722,513.0750122070312,329.4504089355469
2026-09-03 16:12:00+00:00,20.20818941295147,513.27001953125,329.635009765625
2026-09-03 16:13:00+00:00,20.20818941295147,513.8049926757812,329.7850036621094
2026-09-03 16:14:00+00:00,20.20818941295147,513.9000244140625,330.02020263671875
2026-09-03 16:15:00+00:00,20.20818941295147,513.6199951171875,330.010009765625
2026-09-03 16:16:00+00:00,20.21288910508156,513.2449951171875,329.8800048828125
2026-09-03 16:17:00+00:00,20.21524205803871,513.27001953125,329.82000732421875
2026-09-03 16:18:00+00:00,20.21288910508156,513.47998046875,329.7699890136719
2026-09-03 16:19:00+00:00,20.21524205803871,513.3699951171875,329.6400146484375
2026-09-03 16:20:00+00:00,20.21288910508156,513.4801025390625,329.70001220703125
2026-09-03 16:21:00+00:00,20.21524205803871,513.2449951171875,329.8399963378906
2026-09-03 16:22:00+00:00,20.21524205803871,513.1500244140625,330.1200866699219
2026-09-03 16:23:00+00:00,20.21524205803871,513.2384033203125,330.5299987792969
2026-09-03 16:24:00+00:00,20.217595010995865,513.0206298828125,330.385009765625
2026-09-03 16:25:00+00:00,20.219945892691612,512.655029296875,330.0400085449219
2026-09-03 16:26:00+00:00,20.217595010995865,512.2412109375,329.9549865722656
2026-09-03 16:27:00+00:00,20.222298845648766,512.5700073242188,330.1650085449219
2026-09-03 16:28:00+00:00,20.222298845648766,512.4000244140625,330.1199951171875
2026-09-03 16:29:00+00:00,20.222298845648766,512.1799926757812,330.06988525390625
2026-09-03 16:30:00+00:00,20.224653869867325,512.239990234375,330.0249938964844
2026-09-03 16:31:00+00:00,20.222298845648766,512.094970703125,329.9849853515625
2026-09-03 16:32:00+00:00,20.222298845648766,512.02001953125,330.0199890136719
2026-09-03 16:33:00+00:00,20.222298845648766,512.280029296875,330.05499267578125
2026-09-03 16:34:00+00:00,20.222298845648766,512.3400268554688,330.1099853515625
2026-09-03 16:35:00+00:00,20.219945892691612,512.3701171875,329.7749938964844
2026-09-03 16:36:00+00:00,20.219945892691612,512.2449951171875,329.79998779296875
2026-09-03 16:37:00+00:00,20.222298845648766,512.0601196289062,329.8999938964844
2026-09-03 16:38:00+00:00,20.224653869867325,512.322021484375,329.9649963378906
2026-09-03 16:39:00+00:00,20.222298845648766,512.0399780273438,329.8999938964844
2026-09-03 16:40:00+00:00,20.222298845648766,512.0549926757812,329.8550109863281
2026-09-03 16:41:00+00:00,20.222298845648766,512.1400146484375,329.95001220703125
2026-09-03 16:42:00+00:00,20.222298845648766,512.1799926757812,329.8800048828125
2026-09-03 16:43:00+00:00,20.224653869867325,512.0750122070312,329.8599853515625
2026-09-03 16:44:00+00:00,20.224653869867325,512.0399780273438,329.8299865722656
2026-09-03 16:45:00+00:00,20.224653869867325,512.135009765625,329.6400146484375
2026-09-03 16:46:00+00:00,20.227006822824478,511.8500061035156,329.6145935058594
2026-09-03 16:47:00+00:00,20.227006822824478,511.44000244140625,329.6199951171875
2026-09-03 16:48:00+00:00,20.227006822824478,511.3999938964844,329.42999267578125
2026-09-03 16:49:00+00:00,20.227006822824478,511.3699951171875,329.4200134277344
2026-09-03 16:50:00+00:00,20.229363918304443,511.0799865722656,329.5151062011719
2026-09-03 16:51:00+00:00,20.229363918304443,511.3299865722656,329.364990234375
2026-09-03 16:52:00+00:00,20.229363918304443,511.239990234375,329.4949951171875
2026-09-03 16:53:00+00:00,20.231718942523003,511.04998779296875,329.25
2026-09-03 16:54:00+00:00,20.227006822824478,511.4794921875,329.31500244140625
2026-09-03 16:55:00+00:00,20.229363918304443,511.1499938964844,329.1549987792969
2026-09-03 16:56:00+00:00,20.229363918304443,511.0299987792969,329.010009765625
2026-09-03 16:57:00+00:00,20.229363918304443,510.9956970214844,329.1400146484375
2026-09-03 16:58:00+00:00,20.229363918304443,511.0050048828125,329.0199890136719
2026-09-03 16:59:00+00:00,20.227006822824478,511.0849914550781,328.9400939941406
2026-09-03 17:00:00+00:00,20.227006822824478,510.5849914550781,328.9849853515625
2026-09-03 17:01:00+00:00,20.227006822824478,510.4811096191406,328.8320007324219
2026-09-03 17:02:00+00:00,20.227006822824478,510.6499938964844,328.48028564453125
2026-09-03 17:03:00+00:00,20.227006822824478,510.82000732421875,328.614990234375
2026-09-03 17:04:00+00:00,20.224653869867325,510.7699890136719,328.69000244140625
2026-09-03 17:05:00+00:00,20.227006822824478,510.9501037597656,328.7099914550781
2026-09-03 17:06:00+00:00,20.227006822824478,510.7300109863281,328.6300048828125
2026-09-03 17:07:00+00:00,20.227006822824478,510.760009765625,328.6000061035156
2026-09-03 17:08:00+00:00,20.224653869867325,510.79998779296875,328.6050109863281
2026-09-03 17:09:00+00:00,20.222298845648766,510.67498779296875,328.510009765625
2026-09-03 17:10:00+00:00,20.224653869867325,510.9700012207031,328.3399963378906
2026-09-03 17:11:00+00:00,20.224653869867325,510.9700012207031,328.1000061035156
2026-09-03 17:12:00+00:00,20.224653869867325,510.8699951171875,328.19500732421875
2026-09-03 17:13:00+00:00,20.224653869867325,510.9200134277344,328.17999267578125
2026-09-03 17:14:00+00:00,20.224653869867325,511.1000061035156,328.114990234375
2026-09-03 17:15:00+00:00,20.227006822824478,510.9649963378906,328.2699890136719
2026-09-03 17:16:00+00:00,20.224653869867325,510.63250732421875,328.1300048828125
2026-09-03 17:17:00+00:00,20.224653869867325,510.67498779296875,328.1453857421875
2026-09-03 17:18:00+00:00,20.224653869867325,510.4649963378906,328.1400146484375
2026-09-03 17:19:00+00:00,20.222298845648766,510.5201110839844,327.9700012207031
2026-09-03 17:20:00+00:00,20.224653869867325,510.54998779296875,327.75
2026-09-03 17:21:00+00:00,20.227006822824478,510.57000732421875,327.6000061035156
2026-09-03 17:22:00+00:00,20.227006822824478,510.56500244140625,327.625
2026-09-03 17:23:00+00:00,20.227006822824478,510.32501220703125,327.7225036621094
2026-09-03 17:24:00+00:00,20.227006822824478,510.04998779296875,327.6600036621094
2026-09-03 17:25:00+00:00,20.224653869867325,510.19000244140625,327.7300109863281
2026-09-03 17:26:00+00:00,20.222298845648766,510.1199951171875,327.6600036621094
2026-09-03 17:27:00+00:00,20.222298845648766,510.0199890136719,327.5899963378906
2026-09-03 17:28:00+00:00,20.224653869867325,509.79998779296875,327.510009765625
2026-09-03 17:29:00+00:00,20.224653869867325,510.1000061035156,327.7300109863281
2026-09-03 17:30:00+00:00,20.227006822824478,509.97979736328125,327.7699890136719
2026-09-03 17:31:00+00:00,20.224653869867325,510.17498779296875,327.67999267578125
2026-09-03 17:32:00+00:00,20.227006822824478,509.8900146484375,327.6600036621094
2026-09-03 17:33:00+00:00,20.227006822824478,509.9150085449219,327.8299865722656
2026-09-03 17:34:00+00:00,20.224653869867325,509.9649963378906,327.75
2026-09-03 17:35:00+00:00,20.224653869867325,510.0523986816406,327.67608642578125
2026-09-03 17:36:00+00:00,20.224653869867325,510.1199951171875,327.5799865722656
2026-09-03 17:37:00+00:00,20.224653869867325,510.0199890136719,327.5400085449219
2026-09-03 17:38:00+00:00,20.224653869867325,510.04998779296875,327.2703857421875
2026-09-03 17:39:00+00:00,20.224653869867325,509.8450012207031,327.2149963378906
2026-09-03 17:40:00+00:00,20.224653869867325,509.8599853515625,326.7900085449219
2026-09-03 17:41:00+00:00,20.224653869867325,509.8349914550781,326.8900146484375
2026-09-03 17:42:00+00:00,20.224653869867325,509.8349914550781,326.9949951171875
2026-09-03 17:43:00+00:00,20.224653869867325,509.7799987792969,326.8299865722656
2026-09-03 17:44:00+00:00,20.224653869867325,510.19000244140625,326.9200134277344
2026-09-03 17:45:00+00:00,20.224653869867325,510.3699951171875,326.8800048828125
2026-09-03 17:46:00+00:00,20.224653869867325,510.3294982910156,326.7699890136719
2026-09-03 17:47:00+00:00,20.224653869867325,510.5050048828125,327.1400146484375
2026-09-03 17:48:00+00:00,20.224653869867325,510.6549987792969,327.1955871582031
2026-09-03 17:49:00+00:00,20.224653869867325,510.4599914550781,327.2054138183594
2026-09-03 17:50:00+00:00,20.222298845648766,510.9150085449219,327.0899963378906
2026-09-03 17:51:00+00:00,20.222298845648766,511.1600036621094,327.1400146484375
2026-09-03 17:52:00+00:00,20.222298845648766,511.2799987792969,327.0400085449219
2026-09-03 17:53:00+00:00,20.222298845648766,511.1900939941406,327.0799865722656
2026-09-03 17:54:00+00:00,20.222298845648766,511.17999267578125,327.1300048828125
2026-09-03 17:55:00+00:00,20.219945892691612,511.1095886230469,327.1152038574219
2026-09-03 17:56:00+00:00,20.219945892691612,511.1665954589844,327.1050109863281
2026-09-03 17:57:00+00:00,20.219945892691612,510.9200134277344,327.19000244140625
2026-09-03 17:58:00+00:00,20.219945892691612,510.94000244140625,327.010009765625
2026-09-03 17:59:00+00:00,20.217595010995865,510.9949951171875,326.8999938964844
2026-09-03 18:00:00+00:00,20.219945892691612,511.875,327.1499938964844
2026-09-03 18:01:00+00:00,20.219945892691612,512.0750122070312,327.1600036621094
2026-09-03 18:02:00+00:00,20.219945892691612,512.1849975585938,327.2349853515625
2026-09-03 18:03:00+00:00,20.219945892691612,513.2000122070312,327.2203063964844
2026-09-03 18:04:00+00:00,20.219945892691612,513.4199829101562,327.135009765625
2026-09-03 18:05:00+00:00,20.217595010995865,513.9749755859375,327.2650146484375
2026-09-03 18:06:00+00:00,20.217595010995865,514.342529296875,327.1700134277344
2026-09-03 18:07:00+00:00,20.217595010995865,514.6898803710938,327.1091003417969
2026-09-03 18:08:00+00:00,20.217595010995865,514.6099853515625,327.1296081542969
2026-09-03 18:10:00+00:00,20.222298845648766,514.760009765625,327.19500732421875
2026-09-03 18:11:00+00:00,20.222298845648766,514.719970703125,327.2900085449219
2026-09-03 18:12:00+00:00,20.222298845648766,514.8201293945312,327.364990234375
2026-09-03 18:13:00+00:00,20.222298845648766,514.8276977539062,327.3599853515625
2026-09-03 18:14:00+00:00,20.222298845648766,514.5850219726562,327.3299865722656
2026-09-03 18:15:00+00:00,20.222298845648766,514.5050048828125,327.5199890136719
2026-09-03 18:16:00+00:00,20.222298845648766,514.6400146484375,327.3500061035156
2026-09-03 18:17:00+00:00,20.222298845648766,514.5599975585938,327.44000244140625
2026-09-03 18:18:00+00:00,20.222298845648766,514.35498046875,327.3800048828125
2026-09-03 18:19:00+00:00,20.219945892691612,514.5800170898438,327.2174072265625
2026-09-03 18:20:00+00:00,20.219945892691612,514.7349853515625,327.1549987792969
2026-09-03 18:21:00+00:00,20.222298845648766,514.3800048828125,327.2099914550781
2026-09-03 18:22:00+00:00,20.219945892691612,514.4000854492188,327.17120361328125
2026-09-03 18:23:00+00:00,20.219945892691612,514.5399780273438,326.9599914550781
2026-09-03 18:24:00+00:00,20.222298845648766,514.97998046875,326.9501953125
2026-09-03 18:25:00+00:00,20.219945892691612,514.9099731445312,327.1401062011719
2026-09-03 18:26:00+00:00,20.222298845648766,515.1322021484375,327.04998779296875
2026-09-03 18:27:00+00:00,20.224653869867325,514.5,327.0299987792969
2026-09-03 18:28:00+00:00,20.222298845648766,514.77001953125,327.05499267578125
2026-09-03 18:29:00+00:00,20.222298845648766,514.72998046875,327.1199951171875
2026-09-03 18:30:00+00:00,20.222298845648766,514.3699951171875,327.010009765625
2026-09-03 18:31:00+00:00,20.219945892691612,513.8200073242188,327.1050109863281
2026-09-03 18:32:00+00:00,20.219945892691612,513.844970703125,327.1400146484375
2026-09-03 18:33:00+00:00,20.219945892691612,514.280029296875,327.20001220703125
2026-09-03 18:34:00+00:00,20.219945892691612,513.8049926757812,327.239990234375
2026-09-03 18:35:00+00:00,20.219945892691612,513.625,327.1499938964844
2026-09-03 18:36:00+00:00,20.219945892691612,513.5449829101562,327.1589050292969
2026-09-03 18:37:00+00:00,20.219945892691612,513.760009765625,327.0299987792969
2026-09-03 18:38:00+00:00,20.219945892691612,513.5700073242188,327.05499267578125
2026-09-03 18:39:00+00:00,20.219945892691612,513.7249755859375,327.1600036621094
2026-09-03 18:40:00+00:00,20.219945892691612,513.5349731445312,327.0199890136719
2026-09-03 18:41:00+00:00,20.219945892691612,513.4199829101562,326.989990234375
2026-09-03 18:42:00+00:00,20.219945892691612,513.3499755859375,326.95001220703125
2026-09-03 18:43:00+00:00,20.219945892691612,513.1099853515625,327.1099853515625
2026-09-03 18:44:00+00:00,20.219945892691612,513.3198852539062,326.8951110839844
2026-09-03 18:45:00+00:00,20.219945892691612,512.8499145507812,326.8699951171875
2026-09-03 18:46:00+00:00,20.219945892691612,512.6699829101562,326.67999267578125
2026-09-03 18:47:00+00:00,20.219945892691612,512.9650268554688,326.7820129394531
2026-09-03 18:48:00+00:00,20.217595010995865,512.8400268554688,326.8699951171875
2026-09-03 18:49:00+00:00,20.217595010995865,512.52001953125,326.7900085449219
2026-09-03 18:50:00+00:00,20.217595010995865,512.614990234375,326.69500732421875
2026-09-03 18:51:00+00:00,20.219945892691612,512.719970703125,326.5950012207031
2026-09-03 18:52:00+00:00,20.219945892691612,512.8400268554688,326.7300109863281
2026-09-03 18:53:00+00:00,20.219945892691612,512.655029296875,326.9849853515625
2026-09-03 18:54:00+00:00,20.219945892691612,512.3400268554688,326.94500732421875
2026-09-03 18:55:00+00:00,20.219945892691612,512.260009765625,326.760009765625
2026-09-03 18:56:00+00:00,20.219945892691612,512.2150268554688,326.9093933105469
2026-09-03 18:57:00+00:00,20.222298845648766,512.2000122070312,326.8800048828125
2026-09-03 18:58:00+00:00,20.219945892691612,512.2550048828125,326.95001220703125
2026-09-03 18:59:00+00:00,20.219945892691612,512.35498046875,327.19000244140625
2026-09-03 19:00:00+00:00,20.219945892691612,511.7049865722656,327.16009521484375
2026-09-03 19:01:00+00:00,20.219945892691612,511.91009521484375,327.25
2026-09-03 19:02:00+00:00,20.219945892691612,511.70001220703125,327.2449951171875
2026-09-03 19:03:00+00:00,20.217595010995865,511.92999267578125,327.3399963378906
2026-09-03 19:04:00+00:00,20.217595010995865,512.1240234375,327.2699890136719
2026-09-03 19:05:00+00:00,20.217595010995865,512.27001953125,327.239990234375
2026-09-03 19:06:00+00:00,20.217595010995865,512.3599853515625,327.4100036621094
2026-09-03 19:07:00+00:00,20.217595010995865,511.7300109863281,327.4700012207031
2026-09-03 19:08:00+00:00,20.217595010995865,512.02001953125,327.5205078125
2026-09-03 19:09:00+00:00,20.217595010995865,512.0399780273438,327.4800109863281
2026-09-03 19:10:00+00:00,20.217595010995865,511.4700012207031,327.4200134277344
2026-09-03 19:11:00+00:00,20.217595010995865,511.3901062011719,327.510009765625
2026-09-03 19:12:00+00:00,20.21524205803871,511.2699890136719,327.56500244140625
2026-09-03 19:13:00+00:00,20.21288910508156,511.4700012207031,327.4473876953125
2026-09-03 19:14:00+00:00,20.21288910508156,511.364990234375,327.3500061035156
2026-09-03 19:15:00+00:00,20.21288910508156,511.5600891113281,327.3399963378906
2026-09-03 19:16:00+00:00,20.21053822338581,511.8800048828125,327.5260009765625
2026-09-03 19:17:00+00:00,20.21053822338581,512.0399169921875,327.489990234375
2026-09-03 19:18:00+00:00,20.21288910508156,511.875,327.5199890136719
2026-09-03 19:19:00+00:00,20.21053822338581,512.0599975585938,327.5299987792969
2026-09-03 19:20:00+00:00,20.20818941295147,511.8500061035156,327.5050048828125
2026-09-03 19:21:00+00:00,20.20818941295147,511.6300048828125,327.55499267578125
2026-09-03 19:22:00+00:00,20.20818941295147,511.5299987792969,327.5574951171875
2026-09-03 19:23:00+00:00,20.20818941295147,511.32049560546875,327.54998779296875
2026-09-03 19:24:00+00:00,20.205838531255722,511.2900085449219,327.510009765625
2026-09-03 19:25:00+00:00,20.205838531255722,511.4049987792969,327.57550048828125
2026-09-03 19:26:00+00:00,20.205838531255722,511.3399963378906,327.7300109863281
2026-09-03 19:27:00+00:00,20.205838531255722,511.30999755859375,327.7699890136719
2026-09-03 19:28:00+00:00,20.205838531255722,511.04998779296875,327.7749938964844
2026-09-03 19:29:00+00:00,20.205838531255722,511.3699951171875,327.7950134277344
2026-09-03 19:30:00+00:00,20.205838531255722,511.0899963378906,327.57501220703125
2026-09-03 19:31:00+00:00,20.205838531255722,511.1000061035156,327.6000061035156
2026-09-03 19:32:00+00:00,20.20818941295147,510.8750915527344,327.55999755859375
2026-09-03 19:33:00+00:00,20.205838531255722,510.6400146484375,327.44500732421875
2026-09-03 19:34:00+00:00,20.205838531255722,510.7799987792969,327.5679931640625
2026-09-03 19:35:00+00:00,20.205838531255722,510.7699890136719,327.6582946777344
2026-09-03 19:36:00+00:00,20.205838531255722,510.6199951171875,327.57501220703125
2026-09-03 19:37:00+00:00,20.205838531255722,510.8999938964844,327.70001220703125
2026-09-03 19:38:00+00:00,20.205838531255722,510.94000244140625,327.635009765625
2026-09-03 19:39:00+00:00,20.205838531255722,510.95001220703125,327.510009765625
2026-09-03 19:40:00+00:00,20.205838531255722,510.6700134277344,327.489990234375
2026-09-03 19:41:00+00:00,20.20818941295147,510.6099853515625,327.5350036621094
2026-09-03 19:42:00+00:00,20.20818941295147,510.6199951171875,327.6700134277344
2026-09-03 19:43:00+00:00,20.20818941295147,510.6000061035156,327.7850036621094
2026-09-03 19:44:00+00:00,20.20818941295147,510.375,327.7835998535156
2026-09-03 19:45:00+00:00,20.21053822338581,510.7650146484375,327.8699951171875
2026-09-03 19:46:00+00:00,20.21053822338581,510.6400146484375,328.1499938964844
2026-09-03 19:47:00+00:00,20.21053822338581,510.510009765625,328.05999755859375
2026-09-03 19:48:00+00:00,20.21053822338581,510.6400146484375,328.1449890136719
2026-09-03 19:49:00+00:00,20.21053822338581,510.489990234375,328.0144958496094
2026-09-03 19:50:00+00:00,20.21053822338581,510.8599853515625,327.7850036621094
2026-09-03 19:51:00+00:00,20.21053822338581,510.92498779296875,327.8877868652344
2026-09-03 19:52:00+00:00,20.21053822338581,510.8699951171875,328.1549987792969
2026-09-03 19:53:00+00:00,20.20818941295147,510.9100036621094,328.18499755859375
2026-09-03 19:54:00+00:00,20.20818941295147,510.9649963378906,328.6199951171875
2026-09-03 19:55:00+00:00,20.21053822338581,510.4649963378906,328.4700012207031
2026-09-03 19:56:00+00:00,20.21053822338581,509.95001220703125,328.0299987792969
2026-09-03 19:57:00+00:00,20.21288910508156,509.94000244140625,328.1099853515625
2026-09-03 19:58:00+00:00,20.21288910508156,509.7699890136719,328.0799865722656
2026-09-03 19:59:00+00:00,20.21288910508156,510.0799865722656,328.2099914550781
2026-09-03 20:00:00+00:00,20.21053822338581,510.0799865722656,328.2099914550781
2026-09-03 20:01:00+00:00,20.21053822338581,510.0799865722656,328.2099914550781
2026-09-03 20:02:00+00:00,20.21053822338581,510.0799865722656,328.2099914550781
2026-09-03 20:03:00+00:00,20.21053822338581,510.0799865722656,328.2099914550781
2026-09-03 20:04:00+00:00,20.21288910508156,510.0799865722656,328.2099914550781
2026-09-03 20:05:00+00:00,20.21288910508156,510.0799865722656,328.2099914550781
2026-09-03 20:06:00+00:00,20.21288910508156,510.0799865722656,328.2099914550781
2026-09-03 20:07:00+00:00,20.21288910508156,510.0799865722656,328.2099914550781
2026-09-03 20:08:00+00:00,20.21288910508156,510.0799865722656,328.2099914550781
2026-09-03 20:09:00+00:00,20.21288910508156,510.0799865722656,328.2099914550781
2026-09-03 20:10:00+00:00,20.21288910508156,510.0799865722656,328.2099914550781
2026-09-03 20:11:00+00:00,20.21288910508156,510.0799865722656,328.2099914550781
2026-09-03 20:12:00+00:00,20.21288910508156,510.0799865722656,328.2099914550781
2026-09-03 20:13:00+00:00,20.21053822338581,510.0799865722656,328.2099914550781
2026-09-03 20:14:00+00:00,20.20818941295147,510.0799865722656,328.2099914550781
2026-09-03 20:15:00+00:00,20.20818941295147,510.0799865722656,328.2099914550781
2026-09-03 20:16:00+00:00,20.205838531255722,510.0799865722656,328.2099914550781
2026-09-03 20:17:00+00:00,20.20818941295147,510.0799865722656,328.2099914550781
2026-09-03 20:18:00+00:00,20.20818941295147,510.0799865722656,328.2099914550781
2026-09-03 20:19:00+00:00,20.20818941295147,510.0799865722656,328.2099914550781
2026-09-03 20:20:00+00:00,20.20818941295147,510.0799865722656,328.2099914550781
2026-09-03 20:21:00+00:00,20.20818941295147,510.0799865722656,328.2099914550781
2026-09-03 20:22:00+00:00,20.20818941295147,510.0799865722656,328.2099914550781
2026-09-03 20:23:00+00:00,20.20818941295147,510.0799865722656,328.2099914550781
2026-09-03 20:24:00+00:00,20.205838531255722,510.0799865722656,328.2099914550781
2026-09-03 20:25:00+00:00,20.205838531255722,510.0799865722656,328.2099914550781
2026-09-03 20:26:00+00:00,20.205838531255722,510.0799865722656,328.2099914550781
2026-09-03 20:27:00+00:00,20.205838531255722,510.0799865722656,328.2099914550781
2026-09-03 20:28:00+00:00,20.205838531255722,510.0799865722656,328.2099914550781
2026-09-03 20:29:00+00:00,20.20818941295147,510.0799865722656,328.2099914550781
2026-09-03 20:30:00+00:00,20.20818941295147,510.0799865722656,328.2099914550781
2026-09-03 20:31:00+00:00,20.20818941295147,510.0799865722656,328.2099914550781
2026-09-03 20:32:00+00:00,20.20818941295147,510.0799865722656,328.2099914550781
2026-09-03 20:33:00+00:00,20.20818941295147,510.0799865722656,328.2099914550781
2026-09-03 20:34:00+00:00,20.20818941295147,510.0799865722656,328.2099914550781
2026-09-03 20:35:00+00:00,20.205838531255722,510.0799865722656,328.2099914550781
2026-09-03 20:36:00+00:00,20.20818941295147,510.0799865722656,328.2099914550781
2026-09-03 20:37:00+00:00,20.20818941295147,510.0799865722656,328.2099914550781
2026-09-03 20:38:00+00:00,20.20818941295147,510.0799865722656,328.2099914550781
2026-09-03 20:39:00+00:00,20.20818941295147,510.0799865722656,328.2099914550781
2026-09-03 20:40:00+00:00,20.20818941295147,510.0799865722656,328.2099914550781
2026-09-03 20:41:00+00:00,20.20818941295147,510.0799865722656,328.2099914550781
2026-09-03 20:42:00+00:00,20.20818941295147,510.0799865722656,328.2099914550781
2026-09-03 20:43:00+00:00,20.20818941295147,510.0799865722656,328.2099914550781
2026-09-03 20:44:00+00:00,20.20818941295147,510.0799865722656,328.2099914550781
2026-09-03 20:45:00+00:00,20.20818941295147,510.0799865722656,328.2099914550781
2026-09-03 20:46:00+00:00,20.205838531255722,510.0799865722656,328.2099914550781
2026-09-03 20:47:00+00:00,20.20818941295147,510.0799865722656,328.2099914550781
2026-09-03 20:48:00+00:00,20.20818941295147,510.0799865722656,328.2099914550781
2026-09-03 20:49:00+00:00,20.20818941295147,510.0799865722656,328.2099914550781
2026-09-03 20:50:00+00:00,20.20818941295147,510.0799865722656,328.2099914550781
2026-09-03 20:51:00+00:00,20.20818941295147,510.0799865722656,328.2099914550781
2026-09-03 20:52:00+00:00,20.20818941295147,510.0799865722656,328.2099914550781
2026-09-03 20:53:00+00:00,20.20818941295147,510.0799865722656,328.2099914550781
2026-09-03 20:54:00+00:00,20.20818941295147,510.0799865722656,328.2099914550781
2026-09-03 20:55:00+00:00,20.20818941295147,510.0799865722656,328.2099914550781
2026-09-03 20:56:00+00:00,20.20818941295147,510.0799865722656,328.2099914550781
2026-09-03 20:57:00+00:00,20.205838531255722,510.0799865722656,328.2099914550781
2026-09-03 20:58:00+00:00,20.205838531255722,510.0799865722656,328.2099914550781
2026-09-03 20:59:00+00:00,20.205838531255722,510.0799865722656,328.2099914550781
2026-09-03 21:00:00+00:00,20.198792099952698,510.0799865722656,328.2099914550781
2026-09-03 21:01:00+00:00,20.198792099952698,510.0799865722656,328.2099914550781
2026-09-03 21:02:00+00:00,20.198792099952698,510.0799865722656,328.2099914550781
2026-09-03 21:03:00+00:00,20.198792099952698,510.0799865722656,328.2099914550781
2026-09-03 21:04:00+00:00,20.203487649559975,510.0799865722656,328.2099914550781
2026-09-03 21:05:00+00:00,20.205838531255722,510.0799865722656,328.2099914550781
2026-09-03 21:06:00+00:00,20.21053822338581,510.0799865722656,328.2099914550781
2026-09-03 21:07:00+00:00,20.205838531255722,510.0799865722656,328.2099914550781
2026-09-03 21:08:00+00:00,20.20818941295147,510.0799865722656,328.2099914550781
2026-09-03 21:09:00+00:00,20.205838531255722,510.0799865722656,328.2099914550781
2026-09-03 21:10:00+00:00,20.20818941295147,510.0799865722656,328.2099914550781
2026-09-03 21:11:00+00:00,20.21053822338581,510.0799865722656,328.2099914550781
2026-09-03 21:12:00+00:00,20.21053822338581,510.0799865722656,328.2099914550781
2026-09-03 21:13:00+00:00,20.21053822338581,510.0799865722656,328.2099914550781
2026-09-03 21:14:00+00:00,20.21288910508156,510.0799865722656,328.2099914550781
2026-09-03 21:15:00+00:00,20.21053822338581,510.0799865722656,328.2099914550781
2026-09-03 21:16:00+00:00,20.21053822338581,510.0799865722656,328.2099914550781
2026-09-03 21:17:00+00:00,20.21053822338581,510.0799865722656,328.2099914550781
2026-09-03 21:18:00+00:00,20.20818941295147,510.0799865722656,328.2099914550781
2026-09-03 21:19:00+00:00,20.20818941295147,510.0799865722656,328.2099914550781
2026-09-03 21:20:00+00:00,20.21053822338581,510.0799865722656,328.2099914550781
2026-09-03 21:21:00+00:00,20.205838531255722,510.0799865722656,328.2099914550781
2026-09-03 21:22:00+00:00,20.21053822338581,510.0799865722656,328.2099914550781
2026-09-03 21:23:00+00:00,20.205838531255722,510.0799865722656,328.2099914550781
2026-09-03 21:24:00+00:00,20.20818941295147,510.0799865722656,328.2099914550781
2026-09-03 21:25:00+00:00,20.20818941295147,510.0799865722656,328.2099914550781
2026-09-03 21:26:00+00:00,20.205838531255722,510.0799865722656,328.2099914550781
2026-09-03 21:27:00+00:00,20.205838531255722,510.0799865722656,328.2099914550781
2026-09-03 21:28:00+00:00,20.205838531255722,510.0799865722656,328.2099914550781
2026-09-03 21:29:00+00:00,20.205838531255722,510.0799865722656,328.2099914550781
2026-09-03 21:30:00+00:00,20.20818941295147,510.0799865722656,328.2099914550781
2026-09-03 21:31:00+00:00,20.20818941295147,510.0799865722656,328.2099914550781
2026-09-03 21:32:00+00:00,20.203487649559975,510.0799865722656,328.2099914550781
2026-09-03 21:33:00+00:00,20.205838531255722,510.0799865722656,328.2099914550781
2026-09-03 21:34:00+00:00,20.205838531255722,510.0799865722656,328.2099914550781
2026-09-03 21:35:00+00:00,20.20818941295147,510.0799865722656,328.2099914550781
2026-09-03 21:36:00+00:00,20.205838531255722,510.0799865722656,328.2099914550781
2026-09-03 21:37:00+00:00,20.203487649559975,510.0799865722656,328.2099914550781
2026-09-03 21:38:00+00:00,20.203487649559975,510.0799865722656,328.2099914550781
2026-09-03 21:39:00+00:00,20.20818941295147,510.0799865722656,328.2099914550781
2026-09-03 21:40:00+00:00,20.205838531255722,510.0799865722656,328.2099914550781
2026-09-03 21:41:00+00:00,20.203487649559975,510.0799865722656,328.2099914550781
2026-09-03 21:42:00+00:00,20.205838531255722,510.0799865722656,328.2099914550781
2026-09-03 21:43:00+00:00,20.205838531255722,510.0799865722656,328.2099914550781
2026-09-03 21:44:00+00:00,20.203487649559975,510.0799865722656,328.2099914550781
2026-09-03 21:45:00+00:00,20.203487649559975,510.0799865722656,328.2099914550781
2026-09-03 21:46:00+00:00,20.205838531255722,510.0799865722656,328.2099914550781
2026-09-03 21:47:00+00:00,20.203487649559975,510.0799865722656,328.2099914550781
2026-09-03 21:48:00+00:00,20.205838531255722,510.0799865722656,328.2099914550781
2026-09-03 21:49:00+00:00,20.203487649559975,510.0799865722656,328.2099914550781
2026-09-03 21:50:00+00:00,20.205838531255722,510.0799865722656,328.2099914550781
2026-09-03 21:51:00+00:00,20.20818941295147,510.0799865722656,328.2099914550781
2026-09-03 21:52:00+00:00,20.203487649559975,510.0799865722656,328.2099914550781
2026-09-03 21:53:00+00:00,20.203487649559975,510.0799865722656,328.2099914550781
2026-09-03 21:54:00+00:00,20.20818941295147,510.0799865722656,328.2099914550781
2026-09-03 21:55:00+00:00,20.205838531255722,510.0799865722656,328.2099914550781
2026-09-03 21:56:00+00:00,20.205838531255722,510.0799865722656,328.2099914550781
2026-09-03 21:57:00+00:00,20.20818941295147,510.0799865722656,328.2099914550781
2026-09-03 21:58:00+00:00,20.20818941295147,510.0799865722656,328.2099914550781
2026-09-03 21:59:00+00:00,20.20818941295147,510.0799865722656,328.2099914550781
2026-09-03 22:00:00+00:00,20.20818941295147,510.0799865722656,328.2099914550781
2026-09-03 22:01:00+00:00,20.203487649559975,510.0799865722656,328.2099914550781
2026-09-03 22:02:00+00:00,20.205838531255722,510.0799865722656,328.2099914550781
2026-09-03 22:03:00+00:00,20.205838531255722,510.0799865722656,328.2099914550781
2026-09-03 22:04:00+00:00,20.205838531255722,510.0799865722656,328.2099914550781
2026-09-03 22:05:00+00:00,20.205838531255722,510.0799865722656,328.2099914550781
2026-09-03 22:06:00+00:00,20.203487649559975,510.0799865722656,328.2099914550781
2026-09-03 22:07:00+00:00,20.203487649559975,510.0799865722656,328.2099914550781
2026-09-03 22:08:00+00:00,20.203487649559975,510.0799865722656,328.2099914550781
2026-09-03 22:09:00+00:00,20.203487649559975,510.0799865722656,328.2099914550781
2026-09-03 22:10:00+00:00,20.205838531255722,510.0799865722656,328.2099914550781
2026-09-03 22:11:00+00:00,20.205838531255722,510.0799865722656,328.2099914550781
2026-09-03 22:12:00+00:00,20.20818941295147,510.0799865722656,328.2099914550781
2026-09-03 22:13:00+00:00,20.205838531255722,510.0799865722656,328.2099914550781
2026-09-03 22:14:00+00:00,20.20818941295147,510.0799865722656,328.2099914550781
2026-09-03 22:15:00+00:00,20.20818941295147,510.0799865722656,328.2099914550781
2026-09-03 22:16:00+00:00,20.20818941295147,510.0799865722656,328.2099914550781
2026-09-03 22:17:00+00:00,20.20818941295147,510.0799865722656,328.2099914550781
2026-09-03 22:18:00+00:00,20.20818941295147,510.0799865722656,328.2099914550781
2026-09-03 22:19:00+00:00,20.205838531255722,510.0799865722656,328.2099914550781
2026-09-03 22:20:00+00:00,20.205838531255722,510.0799865722656,328.2099914550781
2026-09-03 22:21:00+00:00,20.205838531255722,510.0799865722656,328.2099914550781
2026-09-03 22:22:00+00:00,20.205838531255722,510.0799865722656,328.2099914550781
2026-09-03 22:23:00+00:00,20.205838531255722,510.0799865722656,328.2099914550781
2026-09-03 22:24:00+00:00,20.205838531255722,510.0799865722656,328.2099914550781
2026-09-03 22:25:00+00:00,20.205838531255722,510.0799865722656,328.2099914550781
2026-09-03 22:26:00+00:00,20.205838531255722,510.0799865722656,328.2099914550781
2026-09-03 22:27:00+00:00,20.205838531255722,510.0799865722656,328.2099914550781
2026-09-03 22:28:00+00:00,20.205838531255722,510.0799865722656,328.2099914550781
2026-09-03 22:29:00+00:00,20.205838531255722,510.0799865722656,328.2099914550781
2026-09-03 22:30:00+00:00,20.205838531255722,510.0799865722656,328.2099914550781
2026-09-03 22:31:00+00:00,20.205838531255722,510.0799865722656,328.2099914550781
2026-09-03 22:32:00+00:00,20.205838531255722,510.0799865722656,328.2099914550781
2026-09-03 22:33:00+00:00,20.20818941295147,510.0799865722656,328.2099914550781
2026-09-03 22:34:00+00:00,20.205838531255722,510.0799865722656,328.2099914550781
2026-09-03 22:35:00+00:00,20.205838531255722,510.0799865722656,328.2099914550781
2026-09-03 22:36:00+00:00,20.205838531255722,510.0799865722656,328.2099914550781
2026-09-03 22:37:00+00:00,20.205838531255722,510.0799865722656,328.2099914550781
2026-09-03 22:38:00+00:00,20.205838531255722,510.0799865722656,328.2099914550781
2026-09-03 22:39:00+00:00,20.205838531255722,510.0799865722656,328.2099914550781
2026-09-03 22:40:00+00:00,20.205838531255722,510.0799865722656,328.2099914550781
2026-09-03 22:41:00+00:00,20.205838531255722,510.0799865722656,328.2099914550781
2026-09-03 22:42:00+00:00,20.205838531255722,510.0799865722656,328.2099914550781
2026-09-03 22:43:00+00:00,20.205838531255722,510.0799865722656,328.2099914550781
2026-09-03 22:44:00+00:00,20.205838531255722,510.0799865722656,328.2099914550781
2026-09-03 22:45:00+00:00,20.205838531255722,510.0799865722656,328.2099914550781
2026-09-03 22:46:00+00:00,20.205838531255722,510.0799865722656,328.2099914550781
2026-09-03 22:47:00+00:00,20.203487649559975,510.0799865722656,328.2099914550781
2026-09-03 22:48:00+00:00,20.203487649559975,510.0799865722656,328.2099914550781
2026-09-03 22:49:00+00:00,20.203487649559975,510.0799865722656,328.2099914550781
2026-09-03 22:50:00+00:00,20.203487649559975,510.0799865722656,328.2099914550781
2026-09-03 22:51:00+00:00,20.203487649559975,510.0799865722656,328.2099914550781
2026-09-03 22:52:00+00:00,20.203487649559975,510.0799865722656,328.2099914550781
2026-09-03 22:53:00+00:00,20.203487649559975,510.0799865722656,328.2099914550781
2026-09-03 22:54:00+00:00,20.20114091038704,510.0799865722656,328.2099914550781
2026-09-03 22:55:00+00:00,20.20114091038704,510.0799865722656,328.2099914550781
2026-09-03 22:56:00+00:00,20.20114091038704,510.0799865722656,328.2099914550781
2026-09-03 22:57:00+00:00,20.20114091038704,510.0799865722656,328.2099914550781
2026-09-03 22:58:00+00:00,20.20114091038704,510.0799865722656,328.2099914550781
2026-09-03 23:00:00+00:00,20.203487649559975,510.0799865722656,328.2099914550781
2026-09-03 23:01:00+00:00,20.20114091038704,510.0799865722656,328.2099914550781
2026-09-03 23:02:00+00:00,20.203487649559975,510.0799865722656,328.2099914550781
2026-09-03 23:03:00+00:00,20.20114091038704,510.0799865722656,328.2099914550781
2026-09-03 23:04:00+00:00,20.203487649559975,510.0799865722656,328.2099914550781
2026-09-03 23:05:00+00:00,20.203487649559975,510.0799865722656,328.2099914550781
2026-09-03 23:06:00+00:00,20.20114091038704,510.0799865722656,328.2099914550781
2026-09-03 23:07:00+00:00,20.203487649559975,510.0799865722656,328.2099914550781
2026-09-03 23:08:00+00:00,20.203487649559975,510.0799865722656,328.2099914550781
2026-09-03 23:09:00+00:00,20.203487649559975,510.0799865722656,328.2099914550781
2026-09-03 23:10:00+00:00,20.203487649559975,510.0799865722656,328.2099914550781
2026-09-03 23:11:00+00:00,20.203487649559975,510.0799865722656,328.2099914550781
2026-09-03 23:12:00+00:00,20.20114091038704,510.0799865722656,328.2099914550781
2026-09-03 23:13:00+00:00,20.203487649559975,510.0799865722656,328.2099914550781
2026-09-03 23:14:00+00:00,20.203487649559975,510.0799865722656,328.2099914550781
2026-09-03 23:15:00+00:00,20.203487649559975,510.0799865722656,328.2099914550781
2026-09-03 23:16:00+00:00,20.203487649559975,510.0799865722656,328.2099914550781
2026-09-03 23:17:00+00:00,20.203487649559975,510.0799865722656,328.2099914550781
2026-09-03 23:18:00+00:00,20.203487649559975,510.0799865722656,328.2099914550781
2026-09-03 23:19:00+00:00,20.203487649559975,510.0799865722656,328.2099914550781
2026-09-03 23:20:00+00:00,20.203487649559975,510.0799865722656,328.2099914550781
2026-09-03 23:21:00+00:00,20.203487649559975,510.0799865722656,328.2099914550781
2026-09-03 23:22:00+00:00,20.203487649559975,510.0799865722656,328.2099914550781
2026-09-03 23:23:00+00:00,20.205838531255722,510.0799865722656,328.2099914550781
2026-09-03 23:24:00+00:00,20.205838531255722,510.0799865722656,328.2099914550781
2026-09-03 23:25:00+00:00,20.205838531255722,510.0799865722656,328.2099914550781
2026-09-03 23:26:00+00:00,20.205838531255722,510.0799865722656,328.2099914550781
2026-09-03 23:27:00+00:00,20.205838531255722,510.0799865722656,328.2099914550781
2026-09-03 23:28:00+00:00,20.203487649559975,510.0799865722656,328.2099914550781
2026-09-03 23:29:00+00:00,20.205838531255722,510.0799865722656,328.2099914550781
2026-09-03 23:30:00+00:00,20.205838531255722,510.0799865722656,328.2099914550781
2026-09-03 23:31:00+00:00,20.20818941295147,510.0799865722656,328.2099914550781
2026-09-03 23:32:00+00:00,20.205838531255722,510.0799865722656,328.2099914550781
2026-09-03 23:33:00+00:00,20.205838531255722,510.0799865722656,328.2099914550781
2026-09-03 23:34:00+00:00,20.205838531255722,510.0799865722656,328.2099914550781
2026-09-03 23:35:00+00:00,20.205838531255722,510.0799865722656,328.2099914550781
2026-09-03 23:36:00+00:00,20.205838531255722,510.0799865722656,328.2099914550781
2026-09-03 23:37:00+00:00,20.205838531255722,510.0799865722656,328.2099914550781
2026-09-03 23:38:00+00:00,20.205838531255722,510.0799865722656,328.2099914550781
2026-09-03 23:39:00+00:00,20.205838531255722,510.0799865722656,328.2099914550781
2026-09-03 23:40:00+00:00,20.205838531255722,510.0799865722656,328.2099914550781
2026-09-03 23:41:00+00:00,20.20818941295147,510.0799865722656,328.2099914550781
2026-09-03 23:42:00+00:00,20.205838531255722,510.0799865722656,328.2099914550781
2026-09-03 23:43:00+00:00,20.205838531255722,510.0799865722656,328.2099914550781
2026-09-03 23:44:00+00:00,20.205838531255722,510.0799865722656,328.2099914550781
2026-09-03 23:45:00+00:00,20.205838531255722,510.0799865722656,328.2099914550781
2026-09-03 23:46:00+00:00,20.205838531255722,510.0799865722656,328.2099914550781
2026-09-03 23:47:00+00:00,20.20818941295147,510.0799865722656,328.2099914550781
2026-09-03 23:48:00+00:00,20.205838531255722,510.0799865722656,328.2099914550781
2026-09-03 23:49:00+00:00,20.20818941295147,510.0799865722656,328.2099914550781
2026-09-03 23:50:00+00:00,20.21053822338581,510.0799865722656,328.2099914550781
2026-09-03 23:51:00+00:00,20.21053822338581,510.0799865722656,328.2099914550781
2026-09-03 23:52:00+00:00,20.20818941295147,510.0799865722656,328.2099914550781
2026-09-03 23:53:00+00:00,20.20818941295147,510.0799865722656,328.2099914550781
2026-09-03 23:54:00+00:00,20.21053822338581,510.0799865722656,328.2099914550781
2026-09-03 23:55:00+00:00,20.21053822338581,510.0799865722656,328.2099914550781
2026-09-03 23:56:00+00:00,20.20818941295147,510.0799865722656,328.2099914550781
2026-09-03 23:57:00+00:00,20.20818941295147,510.0799865722656,328.2099914550781
2026-09-03 23:58:00+00:00,20.21053822338581,510.0799865722656,328.2099914550781
2026-09-03 23:59:00+00:00,20.21053822338581,510.0799865722656,328.2099914550781
2026-09-04 00:00:00+00:00,20.21053822338581,510.0799865722656,328.2099914550781
2026-09-04 00:01:00+00:00,20.21053822338581,510.0799865722656,328.2099914550781
2026-09-04 00:02:00+00:00,20.21053822338581,510.0799865722656,328.2099914550781
2026-09-04 00:03:00+00:00,20.21288910508156,510.0799865722656,328.2099914550781
2026-09-04 00:04:00+00:00,20.21288910508156,510.0799865722656,328.2099914550781
2026-09-04 00:05:00+00:00,20.21524205803871,510.0799865722656,328.2099914550781
2026-09-04 00:06:00+00:00,20.21524205803871,510.0799865722656,328.2099914550781
2026-09-04 00:07:00+00:00,20.21288910508156,510.0799865722656,328.2099914550781
2026-09-04 00:08:00+00:00,20.21053822338581,510.0799865722656,328.2099914550781
2026-09-04 00:09:00+00:00,20.21053822338581,510.0799865722656,328.2099914550781
2026-09-04 00:10:00+00:00,20.21053822338581,510.0799865722656,328.2099914550781
2026-09-04 00:11:00+00:00,20.21053822338581,510.0799865722656,328.2099914550781
2026-09-04 00:12:00+00:00,20.21053822338581,510.0799865722656,328.2099914550781
2026-09-04 00:13:00+00:00,20.21053822338581,510.0799865722656,328.2099914550781
2026-09-04 00:14:00+00:00,20.21053822338581,510.0799865722656,328.2099914550781
2026-09-04 00:15:00+00:00,20.21053822338581,510.0799865722656,328.2099914550781
2026-09-04 00:16:00+00:00,20.20818941295147,510.0799865722656,328.2099914550781
2026-09-04 00:17:00+00:00,20.20818941295147,510.0799865722656,328.2099914550781
2026-09-04 00:18:00+00:00,20.21053822338581,510.0799865722656,328.2099914550781
2026-09-04 00:19:00+00:00,20.20818941295147,510.0799865722656,328.2099914550781
2026-09-04 00:20:00+00:00,20.20818941295147,510.0799865722656,328.2099914550781
2026-09-04 00:21:00+00:00,20.20818941295147,510.0799865722656,328.2099914550781
2026-09-04 00:22:00+00:00,20.20818941295147,510.0799865722656,328.2099914550781
2026-09-04 00:23:00+00:00,20.21053822338581,510.0799865722656,328.2099914550781
2026-09-04 00:24:00+00:00,20.21053822338581,510.0799865722656,328.2099914550781
2026-09-04 00:25:00+00:00,20.20818941295147,510.0799865722656,328.2099914550781
2026-09-04 00:26:00+00:00,20.21053822338581,510.0799865722656,328.2099914550781
2026-09-04 00:27:00+00:00,20.20818941295147,510.0799865722656,328.2099914550781
2026-09-04 00:28:00+00:00,20.20818941295147,510.0799865722656,328.2099914550781
2026-09-04 00:29:00+00:00,20.205838531255722,510.0799865722656,328.2099914550781
2026-09-04 00:30:00+00:00,20.20818941295147,510.0799865722656,328.2099914550781
2026-09-04 00:31:00+00:00,20.20818941295147,510.0799865722656,328.2099914550781
2026-09-04 00:32:00+00:00,20.20818941295147,510.0799865722656,328.2099914550781
2026-09-04 00:33:00+00:00,20.20818941295147,510.0799865722656,328.2099914550781
2026-09-04 00:34:00+00:00,20.205838531255722,510.0799865722656,328.2099914550781
2026-09-04 00:35:00+00:00,20.20818941295147,510.0799865722656,328.2099914550781
2026-09-04 00:36:00+00:00,20.20818941295147,510.0799865722656,328.2099914550781
2026-09-04 00:37:00+00:00,20.205838531255722,510.0799865722656,328.2099914550781
2026-09-04 00:38:00+00:00,20.205838531255722,510.0799865722656,328.2099914550781
2026-09-04 00:39:00+00:00,20.205838531255722,510.0799865722656,328.2099914550781
2026-09-04 00:40:00+00:00,20.20818941295147,510.0799865722656,328.2099914550781
2026-09-04 00:41:00+00:00,20.205838531255722,510.0799865722656,328.2099914550781
2026-09-04 00:42:00+00:00,20.20818941295147,510.0799865722656,328.2099914550781
2026-09-04 00:43:00+00:00,20.20818941295147,510.0799865722656,328.2099914550781
2026-09-04 00:44:00+00:00,20.20818941295147,510.0799865722656,328.2099914550781
2026-09-04 00:45:00+00:00,20.21053822338581,510.0799865722656,328.2099914550781
2026-09-04 00:46:00+00:00,20.21053822338581,510.0799865722656,328.2099914550781
2026-09-04 00:47:00+00:00,20.21288910508156,510.0799865722656,328.2099914550781
2026-09-04 00:48:00+00:00,20.21288910508156,510.0799865722656,328.2099914550781
2026-09-04 00:49:00+00:00,20.21288910508156,510.0799865722656,328.2099914550781
2026-09-04 00:50:00+00:00,20.21288910508156,510.0799865722656,328.2099914550781
2026-09-04 00:51:00+00:00,20.21288910508156,510.0799865722656,328.2099914550781
2026-09-04 00:52:00+00:00,20.21288910508156,510.0799865722656,328.2099914550781
2026-09-04 00:53:00+00:00,20.21288910508156,510.0799865722656,328.2099914550781
2026-09-04 00:54:00+00:00,20.21524205803871,510.0799865722656,328.2099914550781
2026-09-04 00:55:00+00:00,20.21288910508156,510.0799865722656,328.2099914550781
2026-09-04 00:56:00+00:00,20.21288910508156,510.0799865722656,328.2099914550781
2026-09-04 00:57:00+00:00,20.21288910508156,510.0799865722656,328.2099914550781
2026-09-04 00:58:00+00:00,20.21288910508156,510.0799865722656,328.2099914550781
2026-09-04 00:59:00+00:00,20.21053822338581,510.0799865722656,328.2099914550781
2026-09-04 01:00:00+00:00,20.21053822338581,510.0799865722656,328.2099914550781
2026-09-04 01:01:00+00:00,20.21053822338581,510.0799865722656,328.2099914550781
2026-09-04 01:02:00+00:00,20.21053822338581,510.0799865722656,328.2099914550781
2026-09-04 01:03:00+00:00,20.21053822338581,510.0799865722656,328.2099914550781
2026-09-04 01:04:00+00:00,20.20818941295147,510.0799865722656,328.2099914550781
2026-09-04 01:05:00+00:00,20.21053822338581,510.0799865722656,328.2099914550781
2026-09-04 01:06:00+00:00,20.21053822338581,510.0799865722656,328.2099914550781
2026-09-04 01:07:00+00:00,20.21053822338581,510.0799865722656,328.2099914550781
2026-09-04 01:08:00+00:00,20.21053822338581,510.0799865722656,328.2099914550781
2026-09-04 01:09:00+00:00,20.21053822338581,510.0799865722656,328.2099914550781
2026-09-04 01:10:00+00:00,20.21053822338581,510.0799865722656,328.2099914550781
2026-09-04 01:11:00+00:00,20.21288910508156,510.0799865722656,328.2099914550781
2026-09-04 01:12:00+00:00,20.21053822338581,510.0799865722656,328.2099914550781
2026-09-04 01:13:00+00:00,20.21053822338581,510.0799865722656,328.2099914550781
2026-09-04 01:14:00+00:00,20.20818941295147,510.0799865722656,328.2099914550781
2026-09-04 01:15:00+00:00,20.21053822338581,510.0799865722656,328.2099914550781
2026-09-04 01:16:00+00:00,20.21053822338581,510.0799865722656,328.2099914550781
2026-09-04 01:17:00+00:00,20.21053822338581,510.0799865722656,328.2099914550781
2026-09-04 01:18:00+00:00,20.21053822338581,510.0799865722656,328.2099914550781
2026-09-04 01:19:00+00:00,20.21053822338581,510.0799865722656,328.2099914550781
2026-09-04 01:20:00+00:00,20.21053822338581,510.0799865722656,328.2099914550781
2026-09-04 01:21:00+00:00,20.21288910508156,510.0799865722656,328.2099914550781
2026-09-04 01:22:00+00:00,20.21524205803871,510.0799865722656,328.2099914550781
2026-09-04 01:23:00+00:00,20.21524205803871,510.0799865722656,328.2099914550781
2026-09-04 01:24:00+00:00,20.21288910508156,510.0799865722656,328.2099914550781
2026-09-04 01:25:00+00:00,20.21288910508156,510.0799865722656,328.2099914550781
2026-09-04 01:26:00+00:00,20.21053822338581,510.0799865722656,328.2099914550781
2026-09-04 01:27:00+00:00,20.21053822338581,510.0799865722656,328.2099914550781
2026-09-04 01:28:00+00:00,20.21288910508156,510.0799865722656,328.2099914550781
2026-09-04 01:29:00+00:00,20.21053822338581,510.0799865722656,328.2099914550781
2026-09-04 01:30:00+00:00,20.21053822338581,510.0799865722656,328.2099914550781
2026-09-04 01:31:00+00:00,20.21053822338581,510.0799865722656,328.2099914550781
2026-09-04 01:32:00+00:00,20.21288910508156,510.0799865722656,328.2099914550781
2026-09-04 01:33:00+00:00,20.21053822338581,510.0799865722656,328.2099914550781
2026-09-04 01:34:00+00:00,20.21053822338581,510.0799865722656,328.2099914550781
2026-09-04 01:35:00+00:00,20.21053822338581,510.0799865722656,328.2099914550781
2026-09-04 01:36:00+00:00,20.21288910508156,510.0799865722656,328.2099914550781
2026-09-04 01:37:00+00:00,20.21053822338581,510.0799865722656,328.2099914550781
2026-09-04 01:38:00+00:00,20.21053822338581,510.0799865722656,328.2099914550781
2026-09-04 01:39:00+00:00,20.21053822338581,510.0799865722656,328.2099914550781
2026-09-04 01:40:00+00:00,20.21053822338581,510.0799865722656,328.2099914550781
2026-09-04 01:41:00+00:00,20.21053822338581,510.0799865722656,328.2099914550781
2026-09-04 01:42:00+00:00,20.21053822338581,510.0799865722656,328.2099914550781
2026-09-04 01:43:00+00:00,20.21053822338581,510.0799865722656,328.2099914550781
2026-09-04 01:44:00+00:00,20.21288910508156,510.0799865722656,328.2099914550781
2026-09-04 01:45:00+00:00,20.21053822338581,510.0799865722656,328.2099914550781
2026-09-04 01:46:00+00:00,20.21053822338581,510.0799865722656,328.2099914550781
2026-09-04 01:47:00+00:00,20.21053822338581,510.0799865722656,328.2099914550781
2026-09-04 01:48:00+00:00,20.21053822338581,510.0799865722656,328.2099914550781
2026-09-04 01:49:00+00:00,20.21053822338581,510.0799865722656,328.2099914550781
2026-09-04 01:50:00+00:00,20.21053822338581,510.0799865722656,328.2099914550781
2026-09-04 01:51:00+00:00,20.21053822338581,510.0799865722656,328.2099914550781
2026-09-04 01:52:00+00:00,20.21053822338581,510.0799865722656,328.2099914550781
2026-09-04 01:53:00+00:00,20.21053822338581,510.0799865722656,328.2099914550781
2026-09-04 01:54:00+00:00,20.21053822338581,510.0799865722656,328.2099914550781
2026-09-04 01:55:00+00:00,20.21053822338581,510.0799865722656,328.2099914550781
2026-09-04 01:56:00+00:00,20.21288910508156,510.0799865722656,328.2099914550781
2026-09-04 01:57:00+00:00,20.21053822338581,510.0799865722656,328.2099914550781
2026-09-04 01:58:00+00:00,20.21288910508156,510.0799865722656,328.2099914550781
2026-09-04 01:59:00+00:00,20.21288910508156,510.0799865722656,328.2099914550781
2026-09-04 02:00:00+00:00,20.21288910508156,510.0799865722656,328.2099914550781
2026-09-04 02:01:00+00:00,20.21524205803871,510.0799865722656,328.2099914550781
2026-09-04 02:02:00+00:00,20.21524205803871,510.0799865722656,328.2099914550781
2026-09-04 02:03:00+00:00,20.217595010995865,510.0799865722656,328.2099914550781
2026-09-04 02:04:00+00:00,20.217595010995865,510.0799865722656,328.2099914550781
2026-09-04 02:05:00+00:00,20.21524205803871,510.0799865722656,328.2099914550781
2026-09-04 02:06:00+00:00,20.21524205803871,510.0799865722656,328.2099914550781
2026-09-04 02:07:00+00:00,20.21524205803871,510.0799865722656,328.2099914550781
2026-09-04 02:08:00+00:00,20.21288910508156,510.0799865722656,328.2099914550781
2026-09-04 02:09:00+00:00,20.21288910508156,510.0799865722656,328.2099914550781
2026-09-04 02:10:00+00:00,20.21288910508156,510.0799865722656,328.2099914550781
2026-09-04 02:11:00+00:00,20.21288910508156,510.0799865722656,328.2099914550781
2026-09-04 02:12:00+00:00,20.21288910508156,510.0799865722656,328.2099914550781
2026-09-04 02:13:00+00:00,20.21288910508156,510.0799865722656,328.2099914550781
2026-09-04 02:14:00+00:00,20.21288910508156,510.0799865722656,328.2099914550781
2026-09-04 02:15:00+00:00,20.21288910508156,510.0799865722656,328.2099914550781
2026-09-04 02:16:00+00:00,20.21288910508156,510.0799865722656,328.2099914550781
2026-09-04 02:17:00+00:00,20.21053822338581,510.0799865722656,328.2099914550781
2026-09-04 02:18:00+00:00,20.21053822338581,510.0799865722656,328.2099914550781
2026-09-04 02:19:00+00:00,20.21053822338581,510.0799865722656,328.2099914550781
2026-09-04 02:20:00+00:00,20.21053822338581,510.0799865722656,328.2099914550781
2026-09-04 02:21:00+00:00,20.21053822338581,510.0799865722656,328.2099914550781
2026-09-04 02:22:00+00:00,20.20818941295147,510.0799865722656,328.2099914550781
2026-09-04 02:23:00+00:00,20.20818941295147,510.0799865722656,328.2099914550781
2026-09-04 02:24:00+00:00,20.20818941295147,510.0799865722656,328.2099914550781
2026-09-04 02:25:00+00:00,20.20818941295147,510.0799865722656,328.2099914550781
2026-09-04 02:26:00+00:00,20.205838531255722,510.0799865722656,328.2099914550781
2026-09-04 02:27:00+00:00,20.205838531255722,510.0799865722656,328.2099914550781
2026-09-04 02:28:00+00:00,20.20818941295147,510.0799865722656,328.2099914550781
2026-09-04 02:29:00+00:00,20.20818941295147,510.0799865722656,328.2099914550781
2026-09-04 02:30:00+00:00,20.20818941295147,510.0799865722656,328.2099914550781
2026-09-04 02:31:00+00:00,20.20818941295147,510.0799865722656,328.2099914550781
2026-09-04 02:32:00+00:00,20.20818941295147,510.0799865722656,328.2099914550781
2026-09-04 02:33:00+00:00,20.21053822338581,510.0799865722656,328.2099914550781
2026-09-04 02:34:00+00:00,20.20818941295147,510.0799865722656,328.2099914550781
2026-09-04 02:35:00+00:00,20.20818941295147,510.0799865722656,328.2099914550781
2026-09-04 02:36:00+00:00,20.21053822338581,510.0799865722656,328.2099914550781
2026-09-04 02:37:00+00:00,20.21053822338581,510.0799865722656,328.2099914550781
2026-09-04 02:38:00+00:00,20.21053822338581,510.0799865722656,328.2099914550781
2026-09-04 02:39:00+00:00,20.21053822338581,510.0799865722656,328.2099914550781
2026-09-04 02:40:00+00:00,20.21053822338581,510.0799865722656,328.2099914550781
2026-09-04 02:41:00+00:00,20.21053822338581,510.0799865722656,328.2099914550781
2026-09-04 02:42:00+00:00,20.21053822338581,510.0799865722656,328.2099914550781
2026-09-04 02:43:00+00:00,20.21053822338581,510.0799865722656,328.2099914550781
2026-09-04 02:44:00+00:00,20.21053822338581,510.0799865722656,328.2099914550781
2026-09-04 02:45:00+00:00,20.21053822338581,510.0799865722656,328.2099914550781
2026-09-04 02:46:00+00:00,20.21053822338581,510.0799865722656,328.2099914550781
2026-09-04 02:47:00+00:00,20.21053822338581,510.0799865722656,328.2099914550781
2026-09-04 02:48:00+00:00,20.21053822338581,510.0799865722656,328.2099914550781
2026-09-04 02:49:00+00:00,20.21053822338581,510.0799865722656,328.2099914550781
2026-09-04 02:50:00+00:00,20.21053822338581,510.0799865722656,328.2099914550781
2026-09-04 02:51:00+00:00,20.21053822338581,510.0799865722656,328.2099914550781
2026-09-04 02:52:00+00:00,20.21053822338581,510.0799865722656,328.2099914550781
2026-09-04 02:53:00+00:00,20.21053822338581,510.0799865722656,328.2099914550781
2026-09-04 02:54:00+00:00,20.21288910508156,510.0799865722656,328.2099914550781
2026-09-04 02:55:00+00:00,20.21288910508156,510.0799865722656,328.2099914550781
2026-09-04 02:56:00+00:00,20.21053822338581,510.0799865722656,328.2099914550781
2026-09-04 02:57:00+00:00,20.20818941295147,510.0799865722656,328.2099914550781
2026-09-04 02:58:00+00:00,20.20818941295147,510.0799865722656,328.2099914550781
2026-09-04 02:59:00+00:00,20.20818941295147,510.0799865722656,328.2099914550781
2026-09-04 03:00:00+00:00,20.20818941295147,510.0799865722656,328.2099914550781
2026-09-04 03:01:00+00:00,20.21053822338581,510.0799865722656,328.2099914550781
2026-09-04 03:02:00+00:00,20.21053822338581,510.0799865722656,328.2099914550781
2026-09-04 03:03:00+00:00,20.21053822338581,510.0799865722656,328.2099914550781
2026-09-04 03:04:00+00:00,20.21053822338581,510.0799865722656,328.2099914550781
2026-09-04 03:05:00+00:00,20.20818941295147,510.0799865722656,328.2099914550781
2026-09-04 03:06:00+00:00,20.20818941295147,510.0799865722656,328.2099914550781
2026-09-04 03:07:00+00:00,20.20818941295147,510.0799865722656,328.2099914550781
2026-09-04 03:08:00+00:00,20.20818941295147,510.0799865722656,328.2099914550781
2026-09-04 03:09:00+00:00,20.20818941295147,510.0799865722656,328.2099914550781
2026-09-04 03:10:00+00:00,20.20818941295147,510.0799865722656,328.2099914550781
2026-09-04 03:11:00+00:00,20.20818941295147,510.0799865722656,328.2099914550781
2026-09-04 03:12:00+00:00,20.20818941295147,510.0799865722656,328.2099914550781
2026-09-04 03:13:00+00:00,20.21053822338581,510.0799865722656,328.2099914550781
2026-09-04 03:14:00+00:00,20.21053822338581,510.0799865722656,328.2099914550781
2026-09-04 03:15:00+00:00,20.21053822338581,510.0799865722656,328.2099914550781
2026-09-04 03:16:00+00:00,20.21053822338581,510.0799865722656,328.2099914550781
2026-09-04 03:17:00+00:00,20.21053822338581,510.0799865722656,328.2099914550781
2026-09-04 03:18:00+00:00,20.21053822338581,510.0799865722656,328.2099914550781
2026-09-04 03:19:00+00:00,20.21053822338581,510.0799865722656,328.2099914550781
2026-09-04 03:20:00+00:00,20.21053822338581,510.0799865722656,328.2099914550781
2026-09-04 03:21:00+00:00,20.21053822338581,510.0799865722656,328.2099914550781
2026-09-04 03:22:00+00:00,20.21053822338581,510.0799865722656,328.2099914550781
2026-09-04 03:23:00+00:00,20.21053822338581,510.0799865722656,328.2099914550781
2026-09-04 03:24:00+00:00,20.21053822338581,510.0799865722656,328.2099914550781
2026-09-04 03:25:00+00:00,20.20818941295147,510.0799865722656,328.2099914550781
2026-09-04 03:26:00+00:00,20.20818941295147,510.0799865722656,328.2099914550781
2026-09-04 03:27:00+00:00,20.20818941295147,510.0799865722656,328.2099914550781
2026-09-04 03:28:00+00:00,20.20818941295147,510.0799865722656,328.2099914550781
2026-09-04 03:29:00+00:00,20.20818941295147,510.0799865722656,328.2099914550781
2026-09-04 03:30:00+00:00,20.205838531255722,510.0799865722656,328.2099914550781
2026-09-04 03:31:00+00:00,20.205838531255722,510.0799865722656,328.2099914550781
2026-09-04 03:32:00+00:00,20.205838531255722,510.0799865722656,328.2099914550781
2026-09-04 03:33:00+00:00,20.205838531255722,510.0799865722656,328.2099914550781
2026-09-04 03:34:00+00:00,20.20818941295147,510.0799865722656,328.2099914550781
2026-09-04 03:35:00+00:00,20.20818941295147,510.0799865722656,328.2099914550781
2026-09-04 03:36:00+00:00,20.205838531255722,510.0799865722656,328.2099914550781
2026-09-04 03:37:00+00:00,20.205838531255722,510.0799865722656,328.2099914550781
2026-09-04 03:38:00+00:00,20.205838531255722,510.0799865722656,328.2099914550781
2026-09-04 03:39:00+00:00,20.203487649559975,510.0799865722656,328.2099914550781
2026-09-04 03:40:00+00:00,20.205838531255722,510.0799865722656,328.2099914550781
2026-09-04 03:41:00+00:00,20.203487649559975,510.0799865722656,328.2099914550781
2026-09-04 03:42:00+00:00,20.203487649559975,510.0799865722656,328.2099914550781
2026-09-04 03:43:00+00:00,20.203487649559975,510.0799865722656,328.2099914550781
2026-09-04 03:44:00+00:00,20.20114091038704,510.0799865722656,328.2099914550781
2026-09-04 03:45:00+00:00,20.203487649559975,510.0799865722656,328.2099914550781
2026-09-04 03:46:00+00:00,20.20114091038704,510.0799865722656,328.2099914550781
2026-09-04 03:47:00+00:00,20.20114091038704,510.0799865722656,328.2099914550781
2026-09-04 03:48:00+00:00,20.20114091038704,510.0799865722656,328.2099914550781
2026-09-04 03:49:00+00:00,20.20114091038704,510.0799865722656,328.2099914550781
2026-09-04 03:50:00+00:00,20.203487649559975,510.0799865722656,328.2099914550781
2026-09-04 03:51:00+00:00,20.203487649559975,510.0799865722656,328.2099914550781
2026-09-04 03:52:00+00:00,20.203487649559975,510.0799865722656,328.2099914550781
2026-09-04 03:53:00+00:00,20.203487649559975,510.0799865722656,328.2099914550781
2026-09-04 03:54:00+00:00,20.20114091038704,510.0799865722656,328.2099914550781
2026-09-04 03:55:00+00:00,20.20114091038704,510.0799865722656,328.2099914550781
2026-09-04 03:56:00+00:00,20.20114091038704,510.0799865722656,328.2099914550781
2026-09-04 03:57:00+00:00,20.20114091038704,510.0799865722656,328.2099914550781
2026-09-04 03:58:00+00:00,20.20114091038704,510.0799865722656,328.2099914550781
2026-09-04 03:59:00+00:00,20.20114091038704,510.0799865722656,328.2099914550781
2026-09-04 04:00:00+00:00,20.20114091038704,510.0799865722656,328.2099914550781
2026-09-04 04:01:00+00:00,20.20114091038704,510.0799865722656,328.2099914550781
2026-09-04 04:02:00+00:00,20.205838531255722,510.0799865722656,328.2099914550781
2026-09-04 04:03:00+00:00,20.205838531255722,510.0799865722656,328.2099914550781
2026-09-04 04:04:00+00:00,20.20818941295147,510.0799865722656,328.2099914550781
2026-09-04 04:05:00+00:00,20.20818941295147,510.0799865722656,328.2099914550781
2026-09-04 04:06:00+00:00,20.20818941295147,510.0799865722656,328.2099914550781
2026-09-04 04:07:00+00:00,20.20818941295147,510.0799865722656,328.2099914550781
2026-09-04 04:08:00+00:00,20.205838531255722,510.0799865722656,328.2099914550781
2026-09-04 04:09:00+00:00,20.205838531255722,510.0799865722656,328.2099914550781
2026-09-04 04:10:00+00:00,20.205838531255722,510.0799865722656,328.2099914550781
2026-09-04 04:11:00+00:00,20.205838531255722,510.0799865722656,328.2099914550781
2026-09-04 04:12:00+00:00,20.205838531255722,510.0799865722656,328.2099914550781
2026-09-04 04:13:00+00:00,20.205838531255722,510.0799865722656,328.2099914550781
2026-09-04 04:14:00+00:00,20.205838531255722,510.0799865722656,328.2099914550781
2026-09-04 04:15:00+00:00,20.205838531255722,510.0799865722656,328.2099914550781
2026-09-04 04:16:00+00:00,20.203487649559975,510.0799865722656,328.2099914550781
2026-09-04 04:17:00+00:00,20.203487649559975,510.0799865722656,328.2099914550781
2026-09-04 04:18:00+00:00,20.205838531255722,510.0799865722656,328.2099914550781
2026-09-04 04:19:00+00:00,20.203487649559975,510.0799865722656,328.2099914550781
2026-09-04 04:20:00+00:00,20.205838531255722,510.0799865722656,328.2099914550781
2026-09-04 04:21:00+00:00,20.205838531255722,510.0799865722656,328.2099914550781
2026-09-04 04:22:00+00:00,20.203487649559975,510.0799865722656,328.2099914550781
2026-09-04 04:23:00+00:00,20.203487649559975,510.0799865722656,328.2099914550781
2026-09-04 04:24:00+00:00,20.203487649559975,510.0799865722656,328.2099914550781
2026-09-04 04:25:00+00:00,20.203487649559975,510.0799865722656,328.2099914550781
2026-09-04 04:26:00+00:00,20.203487649559975,510.0799865722656,328.2099914550781
2026-09-04 04:27:00+00:00,20.203487649559975,510.0799865722656,328.2099914550781
2026-09-04 04:28:00+00:00,20.203487649559975,510.0799865722656,328.2099914550781
2026-09-04 04:29:00+00:00,20.205838531255722,510.0799865722656,328.2099914550781
2026-09-04 04:30:00+00:00,20.205838531255722,510.0799865722656,328.2099914550781
2026-09-04 04:31:00+00:00,20.20818941295147,510.0799865722656,328.2099914550781
2026-09-04 04:32:00+00:00,20.205838531255722,510.0799865722656,328.2099914550781
2026-09-04 04:33:00+00:00,20.205838531255722,510.0799865722656,328.2099914550781
2026-09-04 04:34:00+00:00,20.203487649559975,510.0799865722656,328.2099914550781
2026-09-04 04:35:00+00:00,20.203487649559975,510.0799865722656,328.2099914550781
2026-09-04 04:36:00+00:00,20.205838531255722,510.0799865722656,328.2099914550781
2026-09-04 04:37:00+00:00,20.205838531255722,510.0799865722656,328.2099914550781
2026-09-04 04:38:00+00:00,20.20818941295147,510.0799865722656,328.2099914550781
2026-09-04 04:39:00+00:00,20.20818941295147,510.0799865722656,328.2099914550781
2026-09-04 04:40:00+00:00,20.20818941295147,510.0799865722656,328.2099914550781
2026-09-04 04:41:00+00:00,20.20818941295147,510.0799865722656,328.2099914550781
2026-09-04 04:42:00+00:00,20.20818941295147,510.0799865722656,328.2099914550781
2026-09-04 04:43:00+00:00,20.20818941295147,510.0799865722656,328.2099914550781
2026-09-04 04:44:00+00:00,20.20818941295147,510.0799865722656,328.2099914550781
2026-09-04 04:45:00+00:00,20.20818941295147,510.0799865722656,328.2099914550781
2026-09-04 04:46:00+00:00,20.20818941295147,510.0799865722656,328.2099914550781
2026-09-04 04:47:00+00:00,20.205838531255722,510.0799865722656,328.2099914550781
2026-09-04 04:48:00+00:00,20.205838531255722,510.0799865722656,328.2099914550781
2026-09-04 04:49:00+00:00,20.20818941295147,510.0799865722656,328.2099914550781
2026-09-04 04:50:00+00:00,20.205838531255722,510.0799865722656,328.2099914550781
2026-09-04 04:51:00+00:00,20.20818941295147,510.0799865722656,328.2099914550781
2026-09-04 04:52:00+00:00,20.20818941295147,510.0799865722656,328.2099914550781
2026-09-04 04:53:00+00:00,20.205838531255722,510.0799865722656,328.2099914550781
2026-09-04 04:54:00+00:00,20.20818941295147,510.0799865722656,328.2099914550781
2026-09-04 04:55:00+00:00,20.20818941295147,510.0799865722656,328.2099914550781
2026-09-04 04:56:00+00:00,20.20818941295147,510.0799865722656,328.2099914550781
2026-09-04 04:57:00+00:00,20.20818941295147,510.0799865722656,328.2099914550781
2026-09-04 04:58:00+00:00,20.205838531255722,510.0799865722656,328.2099914550781
2026-09-04 04:59:00+00:00,20.20818941295147,510.0799865722656,328.2099914550781
2026-09-04 05:00:00+00:00,20.205838531255722,510.0799865722656,328.2099914550781
2026-09-04 05:01:00+00:00,20.205838531255722,510.0799865722656,328.2099914550781
2026-09-04 05:02:00+00:00,20.205838531255722,510.0799865722656,328.2099914550781
2026-09-04 05:03:00+00:00,20.205838531255722,510.0799865722656,328.2099914550781
2026-09-04 05:04:00+00:00,20.205838531255722,510.0799865722656,328.2099914550781
2026-09-04 05:05:00+00:00,20.205838531255722,510.0799865722656,328.2099914550781
2026-09-04 05:06:00+00:00,20.203487649559975,510.0799865722656,328.2099914550781
2026-09-04 05:07:00+00:00,20.205838531255722,510.0799865722656,328.2099914550781
2026-09-04 05:08:00+00:00,20.205838531255722,510.0799865722656,328.2099914550781
2026-09-04 05:09:00+00:00,20.205838531255722,510.0799865722656,328.2099914550781
2026-09-04 05:10:00+00:00,20.205838531255722,510.0799865722656,328.2099914550781
2026-09-04 05:11:00+00:00,20.205838531255722,510.0799865722656,328.2099914550781
2026-09-04 05:12:00+00:00,20.205838531255722,510.0799865722656,328.2099914550781
2026-09-04 05:13:00+00:00,20.205838531255722,510.0799865722656,328.2099914550781
2026-09-04 05:14:00+00:00,20.20818941295147,510.0799865722656,328.2099914550781
2026-09-04 05:15:00+00:00,20.20818941295147,510.0799865722656,328.2099914550781
2026-09-04 05:16:00+00:00,20.20818941295147,510.0799865722656,328.2099914550781
2026-09-04 05:17:00+00:00,20.20818941295147,510.0799865722656,328.2099914550781
2026-09-04 05:18:00+00:00,20.20818941295147,510.0799865722656,328.2099914550781
2026-09-04 05:19:00+00:00,20.20818941295147,510.0799865722656,328.2099914550781
2026-09-04 05:20:00+00:00,20.20818941295147,510.0799865722656,328.2099914550781
2026-09-04 05:21:00+00:00,20.20818941295147,510.0799865722656,328.2099914550781
2026-09-04 05:22:00+00:00,20.20818941295147,510.0799865722656,328.2099914550781
2026-09-04 05:23:00+00:00,20.20818941295147,510.0799865722656,328.2099914550781
2026-09-04 05:24:00+00:00,20.20818941295147,510.0799865722656,328.2099914550781
2026-09-04 05:25:00+00:00,20.20818941295147,510.0799865722656,328.2099914550781
2026-09-04 05:26:00+00:00,20.20818941295147,510.0799865722656,328.2099914550781
2026-09-04 05:27:00+00:00,20.20818941295147,510.0799865722656,328.2099914550781
2026-09-04 05:28:00+00:00,20.20818941295147,510.0799865722656,328.2099914550781
2026-09-04 05:29:00+00:00,20.20818941295147,510.0799865722656,328.2099914550781
2026-09-04 05:30:00+00:00,20.20818941295147,510.0799865722656,328.2099914550781
2026-09-04 05:31:00+00:00,20.20818941295147,510.0799865722656,328.2099914550781
2026-09-04 05:32:00+00:00,20.21053822338581,510.0799865722656,328.2099914550781
2026-09-04 05:33:00+00:00,20.21053822338581,510.0799865722656,328.2099914550781
2026-09-04 05:34:00+00:00,20.21053822338581,510.0799865722656,328.2099914550781
2026-09-04 05:35:00+00:00,20.21053822338581,510.0799865722656,328.2099914550781
2026-09-04 05:36:00+00:00,20.21053822338581,510.0799865722656,328.2099914550781
2026-09-04 05:37:00+00:00,20.21053822338581,510.0799865722656,328.2099914550781
2026-09-04 05:38:00+00:00,20.21053822338581,510.0799865722656,328.2099914550781
2026-09-04 05:39:00+00:00,20.20818941295147,510.0799865722656,328.2099914550781
2026-09-04 05:40:00+00:00,20.20818941295147,510.0799865722656,328.2099914550781
2026-09-04 05:41:00+00:00,20.20818941295147,510.0799865722656,328.2099914550781
2026-09-04 05:42:00+00:00,20.20818941295147,510.0799865722656,328.2099914550781
2026-09-04 05:43:00+00:00,20.20818941295147,510.0799865722656,328.2099914550781
2026-09-04 05:44:00+00:00,20.205838531255722,510.0799865722656,328.2099914550781
2026-09-04 05:45:00+00:00,20.205838531255722,510.0799865722656,328.2099914550781
2026-09-04 05:46:00+00:00,20.205838531255722,510.0799865722656,328.2099914550781
2026-09-04 05:47:00+00:00,20.205838531255722,510.0799865722656,328.2099914550781
2026-09-04 05:48:00+00:00,20.20818941295147,510.0799865722656,328.2099914550781
2026-09-04 05:49:00+00:00,20.20818941295147,510.0799865722656,328.2099914550781
2026-09-04 05:50:00+00:00,20.205838531255722,510.0799865722656,328.2099914550781
2026-09-04 05:51:00+00:00,20.205838531255722,510.0799865722656,328.2099914550781
2026-09-04 05:52:00+00:00,20.205838531255722,510.0799865722656,328.2099914550781
2026-09-04 05:53:00+00:00,20.20818941295147,510.0799865722656,328.2099914550781
2026-09-04 05:54:00+00:00,20.205838531255722,510.0799865722656,328.2099914550781
2026-09-04 05:55:00+00:00,20.20818941295147,510.0799865722656,328.2099914550781
2026-09-04 05:56:00+00:00,20.20818941295147,510.0799865722656,328.2099914550781
2026-09-04 05:57:00+00:00,20.20818941295147,510.0799865722656,328.2099914550781
2026-09-04 05:58:00+00:00,20.21053822338581,510.0799865722656,328.2099914550781
2026-09-04 05:59:00+00:00,20.21053822338581,510.0799865722656,328.2099914550781
2026-09-04 06:00:00+00:00,20.20818941295147,510.0799865722656,328.2099914550781
2026-09-04 06:01:00+00:00,20.21288910508156,510.0799865722656,328.2099914550781
2026-09-04 06:02:00+00:00,20.21288910508156,510.0799865722656,328.2099914550781
2026-09-04 06:03:00+00:00,20.21288910508156,510.0799865722656,328.2099914550781
2026-09-04 06:04:00+00:00,20.21288910508156,510.0799865722656,328.2099914550781
2026-09-04 06:05:00+00:00,20.21288910508156,510.0799865722656,328.2099914550781
2026-09-04 06:06:00+00:00,20.21288910508156,510.0799865722656,328.2099914550781
2026-09-04 06:07:00+00:00,20.21288910508156,510.0799865722656,328.2099914550781
2026-09-04 06:08:00+00:00,20.21288910508156,510.0799865722656,328.2099914550781
2026-09-04 06:09:00+00:00,20.21288910508156,510.0799865722656,328.2099914550781
2026-09-04 06:10:00+00:00,20.21288910508156,510.0799865722656,328.2099914550781
2026-09-04 06:11:00+00:00,20.21288910508156,510.0799865722656,328.2099914550781
2026-09-04 06:12:00+00:00,20.21053822338581,510.0799865722656,328.2099914550781
2026-09-04 06:13:00+00:00,20.21288910508156,510.0799865722656,328.2099914550781
2026-09-04 06:14:00+00:00,20.21288910508156,510.0799865722656,328.2099914550781
2026-09-04 06:15:00+00:00,20.21288910508156,510.0799865722656,328.2099914550781
2026-09-04 06:16:00+00:00,20.21288910508156,510.0799865722656,328.2099914550781
2026-09-04 06:17:00+00:00,20.21288910508156,510.0799865722656,328.2099914550781
2026-09-04 06:18:00+00:00,20.21053822338581,510.0799865722656,328.2099914550781
2026-09-04 06:19:00+00:00,20.21053822338581,510.0799865722656,328.2099914550781
2026-09-04 06:20:00+00:00,20.21053822338581,510.0799865722656,328.2099914550781
2026-09-04 06:21:00+00:00,20.21288910508156,510.0799865722656,328.2099914550781
2026-09-04 06:22:00+00:00,20.21053822338581,510.0799865722656,328.2099914550781
2026-09-04 06:23:00+00:00,20.21053822338581,510.0799865722656,328.2099914550781
2026-09-04 06:24:00+00:00,20.21053822338581,510.0799865722656,328.2099914550781
2026-09-04 06:25:00+00:00,20.21053822338581,510.0799865722656,328.2099914550781
2026-09-04 06:26:00+00:00,20.21053822338581,510.0799865722656,328.2099914550781
2026-09-04 06:27:00+00:00,20.21053822338581,510.0799865722656,328.2099914550781
2026-09-04 06:28:00+00:00,20.21053822338581,510.0799865722656,328.2099914550781
2026-09-04 06:29:00+00:00,20.21053822338581,510.0799865722656,328.2099914550781
2026-09-04 06:30:00+00:00,20.20818941295147,510.0799865722656,328.2099914550781
2026-09-04 06:31:00+00:00,20.20818941295147,510.0799865722656,328.2099914550781
2026-09-04 06:32:00+00:00,20.21053822338581,510.0799865722656,328.2099914550781
2026-09-04 06:33:00+00:00,20.21288910508156,510.0799865722656,328.2099914550781
2026-09-04 06:34:00+00:00,20.21288910508156,510.0799865722656,328.2099914550781
2026-09-04 06:35:00+00:00,20.21288910508156,510.0799865722656,328.2099914550781
2026-09-04 06:36:00+00:00,20.21053822338581,510.0799865722656,328.2099914550781
2026-09-04 06:37:00+00:00,20.21053822338581,510.0799865722656,328.2099914550781
2026-09-04 06:38:00+00:00,20.21053822338581,510.0799865722656,328.2099914550781
2026-09-04 06:39:00+00:00,20.21053822338581,510.0799865722656,328.2099914550781
2026-09-04 06:40:00+00:00,20.21053822338581,510.0799865722656,328.2099914550781
2026-09-04 06:41:00+00:00,20.21053822338581,510.0799865722656,328.2099914550781
2026-09-04 06:42:00+00:00,20.21053822338581,510.0799865722656,328.2099914550781
2026-09-04 06:43:00+00:00,20.21288910508156,510.0799865722656,328.2099914550781
2026-09-04 06:44:00+00:00,20.21053822338581,510.0799865722656,328.2099914550781
2026-09-04 06:45:00+00:00,20.20818941295147,510.0799865722656,328.2099914550781
2026-09-04 06:46:00+00:00,20.20818941295147,510.0799865722656,328.2099914550781
2026-09-04 06:47:00+00:00,20.21053822338581,510.0799865722656,328.2099914550781
2026-09-04 06:48:00+00:00,20.21053822338581,510.0799865722656,328.2099914550781
2026-09-04 06:49:00+00:00,20.21053822338581,510.0799865722656,328.2099914550781
2026-09-04 06:50:00+00:00,20.21053822338581,510.0799865722656,328.2099914550781
2026-09-04 06:51:00+00:00,20.21053822338581,510.0799865722656,328.2099914550781
2026-09-04 06:52:00+00:00,20.21053822338581,510.0799865722656,328.2099914550781
2026-09-04 06:53:00+00:00,20.21053822338581,510.0799865722656,328.2099914550781
2026-09-04 06:54:00+00:00,20.21053822338581,510.0799865722656,328.2099914550781
2026-09-04 06:55:00+00:00,20.21053822338581,510.0799865722656,328.2099914550781
2026-09-04 06:56:00+00:00,20.21053822338581,510.0799865722656,328.2099914550781
2026-09-04 06:57:00+00:00,20.20818941295147,510.0799865722656,328.2099914550781
2026-09-04 06:58:00+00:00,20.21053822338581,510.0799865722656,328.2099914550781
2026-09-04 06:59:00+00:00,20.20818941295147,510.0799865722656,328.2099914550781
2026-09-04 07:00:00+00:00,20.21053822338581,510.0799865722656,328.2099914550781
2026-09-04 07:01:00+00:00,20.21053822338581,510.0799865722656,328.2099914550781
2026-09-04 07:02:00+00:00,20.21053822338581,510.0799865722656,328.2099914550781
2026-09-04 07:03:00+00:00,20.21053822338581,510.0799865722656,328.2099914550781
2026-09-04 07:04:00+00:00,20.21053822338581,510.0799865722656,328.2099914550781
2026-09-04 07:05:00+00:00,20.21288910508156,510.0799865722656,328.2099914550781
2026-09-04 07:06:00+00:00,20.21053822338581,510.0799865722656,328.2099914550781
2026-09-04 07:07:00+00:00,20.21053822338581,510.0799865722656,328.2099914550781
2026-09-04 07:08:00+00:00,20.21053822338581,510.0799865722656,328.2099914550781
2026-09-04 07:09:00+00:00,20.20818941295147,510.0799865722656,328.2099914550781
2026-09-04 07:10:00+00:00,20.21053822338581,510.0799865722656,328.2099914550781
2026-09-04 07:11:00+00:00,20.21053822338581,510.0799865722656,328.2099914550781
2026-09-04 07:12:00+00:00,20.20818941295147,510.0799865722656,328.2099914550781
2026-09-04 07:13:00+00:00,20.20818941295147,510.0799865722656,328.2099914550781
2026-09-04 07:14:00+00:00,20.205838531255722,510.0799865722656,328.2099914550781
2026-09-04 07:15:00+00:00,20.205838531255722,510.0799865722656,328.2099914550781
2026-09-04 07:16:00+00:00,20.205838531255722,510.0799865722656,328.2099914550781
2026-09-04 07:17:00+00:00,20.20818941295147,510.0799865722656,328.2099914550781
2026-09-04 07:18:00+00:00,20.205838531255722,510.0799865722656,328.2099914550781
2026-09-04 07:19:00+00:00,20.205838531255722,510.0799865722656,328.2099914550781
2026-09-04 07:20:00+00:00,20.205838531255722,510.0799865722656,328.2099914550781
2026-09-04 07:21:00+00:00,20.205838531255722,510.0799865722656,328.2099914550781
2026-09-04 07:22:00+00:00,20.20818941295147,510.0799865722656,328.2099914550781
2026-09-04 07:23:00+00:00,20.20818941295147,510.0799865722656,328.2099914550781
2026-09-04 07:24:00+00:00,20.205838531255722,510.0799865722656,328.2099914550781
2026-09-04 07:25:00+00:00,20.20818941295147,510.0799865722656,328.2099914550781
2026-09-04 07:26:00+00:00,20.20818941295147,510.0799865722656,328.2099914550781
2026-09-04 07:27:00+00:00,20.20818941295147,510.0799865722656,328.2099914550781
2026-09-04 07:28:00+00:00,20.20818941295147,510.0799865722656,328.2099914550781
2026-09-04 07:29:00+00:00,20.21053822338581,510.0799865722656,328.2099914550781
2026-09-04 07:30:00+00:00,20.1465620639583,510.0799865722656,328.2099914550781
2026-09-04 07:31:00+00:00,20.21053822338581,510.0799865722656,328.2099914550781
2026-09-04 07:32:00+00:00,20.222170454065463,510.0799865722656,328.2099914550781
2026-09-04 07:33:00+00:00,20.193090986676907,510.0799865722656,328.2099914550781
2026-09-04 07:34:00+00:00,20.222170454065463,510.0799865722656,328.2099914550781
2026-09-04 07:35:00+00:00,20.227985460094715,510.0799865722656,328.2099914550781
2026-09-04 07:36:00+00:00,20.324495982741837,510.0799865722656,328.2099914550781
2026-09-04 07:37:00+00:00,20.326858311561182,510.0799865722656,328.2099914550781
2026-09-04 07:38:00+00:00,20.341941191783235,510.0799865722656,328.2099914550781
2026-09-04 07:39:00+00:00,20.341941191783235,510.0799865722656,328.2099914550781
2026-09-04 07:40:00+00:00,20.39772237912075,510.0799865722656,328.2099914550781
2026-09-04 07:41:00+00:00,20.388464707044704,510.0799865722656,328.2099914550781
2026-09-04 07:42:00+00:00,20.429171673716837,510.0799865722656,328.2099914550781
2026-09-04 07:43:00+00:00,20.434986003942868,510.0799865722656,328.2099914550781
2026-09-04 07:44:00+00:00,20.489705103834012,510.0799865722656,328.2099914550781
2026-09-04 07:45:00+00:00,20.507152340542916,510.0799865722656,328.2099914550781
2026-09-04 07:46:00+00:00,20.487323849430368,510.0799865722656,328.2099914550781
2026-09-04 07:47:00+00:00,20.487323849430368,510.0799865722656,328.2099914550781
2026-09-04 07:48:00+00:00,20.458247761573602,510.0799865722656,328.2099914550781
2026-09-04 07:49:00+00:00,20.446616882758235,510.0799865722656,328.2099914550781
2026-09-04 07:50:00+00:00,20.434986003942868,510.0799865722656,328.2099914550781
2026-09-04 07:51:00+00:00,20.418603299939377,510.0799865722656,328.2099914550781
2026-09-04 07:52:00+00:00,20.358099681413023,510.0799865722656,328.2099914550781
2026-09-04 07:53:00+00:00,20.358099681413023,510.0799865722656,328.2099914550781
2026-09-04 07:54:00+00:00,20.363911983633443,510.0799865722656,328.2099914550781
2026-09-04 07:55:00+00:00,20.358099681413023,510.0799865722656,328.2099914550781
2026-09-04 07:56:00+00:00,20.358099681413023,510.0799865722656,328.2099914550781
2026-09-04 07:57:00+00:00,20.367358091363712,510.0799865722656,328.2099914550781
2026-09-04 07:58:00+00:00,20.355732621197603,510.0799865722656,328.2099914550781
2026-09-04 07:59:00+00:00,20.369726503443417,510.0799865722656,328.2099914550781
2026-09-04 08:00:00+00:00,20.375538805663837,510.0799865722656,328.2099914550781
2026-09-04 08:01:00+00:00,20.367358091363712,510.0799865722656,328.2099914550781
2026-09-04 08:02:00+00:00,20.37316971778091,510.0799865722656,328.2099914550781
2026-09-04 08:03:00+00:00,20.375538805663837,510.0799865722656,328.2099914550781
2026-09-04 08:04:00+00:00,20.375538805663837,510.0799865722656,328.2099914550781
2026-09-04 08:05:00+00:00,20.349918777448693,510.0799865722656,328.2099914550781
2026-09-04 08:06:00+00:00,20.344107151031494,510.0799865722656,328.2099914550781
2026-09-04 08:07:00+00:00,20.34174144268036,510.0799865722656,328.2099914550781
2026-09-04 08:08:00+00:00,20.321942693080928,510.0799865722656,328.2099914550781
2026-09-04 08:09:00+00:00,20.324306373764557,510.0799865722656,328.2099914550781
2026-09-04 08:10:00+00:00,20.316130201454143,510.0799865722656,328.2099914550781
2026-09-04 08:11:00+00:00,20.316130201454143,510.0799865722656,328.2099914550781
2026-09-04 08:12:00+00:00,20.298697160205847,510.0799865722656,328.2099914550781
2026-09-04 08:13:00+00:00,20.292884668579063,510.0799865722656,328.2099914550781
2026-09-04 08:14:00+00:00,20.292884668579063,510.0799865722656,328.2099914550781
2026-09-04 08:15:00+00:00,20.292884668579063,510.0799865722656,328.2099914550781
2026-09-04 08:16:00+00:00,20.292884668579063,510.0799865722656,328.2099914550781
2026-09-04 08:17:00+00:00,20.289434018859083,510.0799865722656,328.2099914550781
2026-09-04 08:18:00+00:00,20.289434018859083,510.0799865722656,328.2099914550781
2026-09-04 08:19:00+00:00,20.28598201753266,510.0799865722656,328.2099914550781
2026-09-04 08:20:00+00:00,20.28598201753266,510.0799865722656,328.2099914550781
2026-09-04 08:21:00+00:00,20.303419114115968,510.0799865722656,328.2099914550781
2026-09-04 08:22:00+00:00,20.283623068245106,510.0799865722656,328.2099914550781
2026-09-04 08:23:00+00:00,20.301058137160908,510.0799865722656,328.2099914550781
2026-09-04 08:24:00+00:00,20.289434018859083,510.0799865722656,328.2099914550781
2026-09-04 08:25:00+00:00,20.301058137160908,510.0799865722656,328.2099914550781
2026-09-04 08:26:00+00:00,20.303419114115968,510.0799865722656,328.2099914550781
2026-09-04 08:27:00+00:00,20.303419114115968,510.0799865722656,328.2099914550781
2026-09-04 08:28:00+00:00,20.29179364394986,510.0799865722656,328.2099914550781
2026-09-04 08:29:00+00:00,20.30578009107103,510.0799865722656,328.2099914550781
2026-09-04 08:30:00+00:00,20.297605270367058,510.0799865722656,328.2099914550781
2026-09-04 08:31:00+00:00,20.29179364394986,510.0799865722656,328.2099914550781
2026-09-04 08:32:00+00:00,20.270899624979847,510.0799865722656,328.2099914550781
2026-09-04 08:33:00+00:00,20.270899624979847,510.0799865722656,328.2099914550781
2026-09-04 08:34:00+00:00,20.26854270361764,510.0799865722656,328.2099914550781
2026-09-04 08:35:00+00:00,20.265087322759427,510.0799865722656,328.2099914550781
2026-09-04 08:36:00+00:00,20.26854270361764,510.0799865722656,328.2099914550781
2026-09-04 08:37:00+00:00,20.26854270361764,510.0799865722656,328.2099914550781
2026-09-04 08:38:00+00:00,20.245293980617134,510.0799865722656,328.2099914550781
2026-09-04 08:39:00+00:00,20.233668510451025,510.0799865722656,328.2099914550781
2026-09-04 08:40:00+00:00,20.227854666702115,510.0799865722656,328.2099914550781
2026-09-04 08:41:00+00:00,20.230206856668246,510.0799865722656,328.2099914550781
2026-09-04 08:42:00+00:00,20.218580034637853,510.0799865722656,328.2099914550781
2026-09-04 08:43:00+00:00,20.23602137647822,510.0799865722656,328.2099914550781
2026-09-04 08:44:00+00:00,20.247648198508614,510.0799865722656,328.2099914550781
2026-09-04 08:45:00+00:00,20.261626295225597,510.0799865722656,328.2099914550781
2026-09-04 08:46:00+00:00,20.261626295225597,510.0799865722656,328.2099914550781
2026-09-04 08:47:00+00:00,20.279069663203018,510.0799865722656,328.2099914550781
2026-09-04 08:48:00+00:00,20.259272802949454,510.0799865722656,328.2099914550781
2026-09-04 08:49:00+00:00,20.270899624979847,510.0799865722656,328.2099914550781
2026-09-04 08:50:00+00:00,20.273254467928155,510.0799865722656,328.2099914550781
2026-09-04 08:51:00+00:00,20.279069663203018,510.0799865722656,328.2099914550781
2026-09-04 08:52:00+00:00,20.26744149050046,510.0799865722656,328.2099914550781
2026-09-04 08:53:00+00:00,20.28252644701024,510.0799865722656,328.2099914550781
2026-09-04 08:54:00+00:00,20.284882640630713,510.0799865722656,328.2099914550781
2026-09-04 08:55:00+00:00,20.28252644701024,510.0799865722656,328.2099914550781
2026-09-04 08:56:00+00:00,20.279069663203018,510.0799865722656,328.2099914550781
2026-09-04 08:57:00+00:00,20.316315698808012,510.0799865722656,328.2099914550781
2026-09-04 08:58:00+00:00,20.313951963463523,510.0799865722656,328.2099914550781
2026-09-04 08:59:00+00:00,20.313951963463523,510.0799865722656,328.2099914550781
2026-09-04 09:00:00+00:00,20.299965571261055,510.0799865722656,328.2099914550781
2026-09-04 09:01:00+00:00,20.290697835905576,510.0799865722656,328.2099914550781
2026-09-04 09:02:00+00:00,20.290697835905576,510.0799865722656,328.2099914550781
2026-09-04 09:03:00+00:00,20.259272802949454,510.0799865722656,328.2099914550781
2026-09-04 09:04:00+00:00,20.28016817378375,510.0799865722656,328.2099914550781
2026-09-04 09:05:00+00:00,20.320856210699276,510.0799865722656,328.2099914550781
2026-09-04 09:06:00+00:00,20.315044584282077,510.0799865722656,328.2099914550781
2026-09-04 09:07:00+00:00,20.315044584282077,510.0799865722656,328.2099914550781
2026-09-04 09:08:00+00:00,20.323219215321842,510.0799865722656,328.2099914550781
2026-09-04 09:09:00+00:00,20.323219215321842,510.0799865722656,328.2099914550781
2026-09-04 09:10:00+00:00,20.31159239329145,510.0799865722656,328.2099914550781
2026-09-04 09:11:00+00:00,20.320856210699276,510.0799865722656,328.2099914550781
2026-09-04 09:12:00+00:00,20.303419114115968,510.0799865722656,328.2099914550781
2026-09-04 09:13:00+00:00,20.323219215321842,510.0799865722656,328.2099914550781
2026-09-04 09:14:00+00:00,20.320856210699276,510.0799865722656,328.2099914550781
2026-09-04 09:15:00+00:00,20.323219215321842,510.0799865722656,328.2099914550781
2026-09-04 09:16:00+00:00,20.303419114115968,510.0799865722656,328.2099914550781
2026-09-04 09:17:00+00:00,20.334846037352236,510.0799865722656,328.2099914550781
2026-09-04 09:18:00+00:00,20.369726503443417,510.0799865722656,328.2099914550781
2026-09-04 09:19:00+00:00,20.369726503443417,510.0799865722656,328.2099914550781
2026-09-04 09:20:00+00:00,20.369726503443417,510.0799865722656,328.2099914550781
2026-09-04 09:21:00+00:00,20.369726503443417,510.0799865722656,328.2099914550781
2026-09-04 09:22:00+00:00,20.369726503443417,510.0799865722656,328.2099914550781
2026-09-04 09:23:00+00:00,20.369726503443417,510.0799865722656,328.2099914550781
2026-09-04 09:24:00+00:00,20.367358091363712,510.0799865722656,328.2099914550781
2026-09-04 09:25:00+00:00,20.361544247614802,510.0799865722656,328.2099914550781
2026-09-04 09:26:00+00:00,20.361544247614802,510.0799865722656,328.2099914550781
2026-09-04 09:27:00+00:00,20.367358091363712,510.0799865722656,328.2099914550781
2026-09-04 09:28:00+00:00,20.367358091363712,510.0799865722656,328.2099914550781
2026-09-04 09:29:00+00:00,20.367358091363712,510.0799865722656,328.2099914550781
2026-09-04 09:30:00+00:00,20.37316971778091,510.0799865722656,328.2099914550781
2026-09-04 09:31:00+00:00,20.349918777448693,510.0799865722656,328.2099914550781
2026-09-04 09:32:00+00:00,20.370800629897985,510.0799865722656,328.2099914550781
2026-09-04 09:33:00+00:00,20.364989679284008,510.0799865722656,328.2099914550781
2026-09-04 09:34:00+00:00,20.34518600913998,510.0799865722656,328.2099914550781
2026-09-04 09:35:00+00:00,20.33593049206638,510.0799865722656,328.2099914550781
2026-09-04 09:36:00+00:00,20.33593049206638,510.0799865722656,328.2099914550781
2026-09-04 09:37:00+00:00,20.33593049206638,510.0799865722656,328.2099914550781
2026-09-04 09:38:00+00:00,20.33593049206638,510.0799865722656,328.2099914550781
2026-09-04 09:39:00+00:00,20.33593049206638,510.0799865722656,328.2099914550781
2026-09-04 09:40:00+00:00,20.344107151031494,510.0799865722656,328.2099914550781
2026-09-04 09:41:00+00:00,20.355732621197603,510.0799865722656,328.2099914550781
2026-09-04 09:42:00+00:00,20.347552393294336,510.0799865722656,328.2099914550781
2026-09-04 09:43:00+00:00,20.306869087774885,510.0799865722656,328.2099914550781
2026-09-04 09:44:00+00:00,20.301058137160908,510.0799865722656,328.2099914550781
2026-09-04 09:45:00+00:00,20.301058137160908,510.0799865722656,328.2099914550781
2026-09-04 09:46:00+00:00,20.301058137160908,510.0799865722656,328.2099914550781
2026-09-04 09:47:00+00:00,20.301058137160908,510.0799865722656,328.2099914550781
2026-09-04 09:48:00+00:00,20.29524496947306,510.0799865722656,328.2099914550781
2026-09-04 09:49:00+00:00,20.29524496947306,510.0799865722656,328.2099914550781
2026-09-04 09:50:00+00:00,20.292884668579063,510.0799865722656,328.2099914550781
2026-09-04 09:51:00+00:00,20.29052853047324,510.0799865722656,328.2099914550781
2026-09-04 09:52:00+00:00,20.29052853047324,510.0799865722656,328.2099914550781
2026-09-04 09:53:00+00:00,20.292884668579063,510.0799865722656,328.2099914550781
2026-09-04 09:54:00+00:00,20.292884668579063,510.0799865722656,328.2099914550781
2026-09-04 09:55:00+00:00,20.287074393768307,510.0799865722656,328.2099914550781
2026-09-04 09:56:00+00:00,20.289434018859083,510.0799865722656,328.2099914550781
2026-09-04 09:57:00+00:00,20.27199894994328,510.0799865722656,328.2099914550781
2026-09-04 09:58:00+00:00,20.24750118712518,510.0799865722656,328.2099914550781
2026-09-04 09:59:00+00:00,20.23823547900247,510.0799865722656,328.2099914550781
2026-09-04 10:00:00+00:00,20.23823547900247,510.0799865722656,328.2099914550781
2026-09-04 10:01:00+00:00,20.2324236622444,510.0799865722656,328.2099914550781
2026-09-04 10:02:00+00:00,20.2324236622444,510.0799865722656,328.2099914550781
2026-09-04 10:03:00+00:00,20.23823547900247,510.0799865722656,328.2099914550781
2026-09-04 10:04:00+00:00,20.23823547900247,510.0799865722656,328.2099914550781
2026-09-04 10:05:00+00:00,20.26728791311689,510.0799865722656,328.2099914550781
2026-09-04 10:06:00+00:00,20.23823547900247,510.0799865722656,328.2099914550781
2026-09-04 10:07:00+00:00,20.263828860893227,510.0799865722656,328.2099914550781
2026-09-04 10:08:00+00:00,20.26147609635882,510.0799865722656,328.2099914550781
2026-09-04 10:09:00+00:00,20.24639581964493,510.0799865722656,328.2099914550781
2026-09-04 10:10:00+00:00,20.28126411895755,510.0799865722656,328.2099914550781
2026-09-04 10:11:00+00:00,20.296340347231308,510.0799865722656,328.2099914550781
2026-09-04 10:12:00+00:00,20.287074393768307,510.0799865722656,328.2099914550781
2026-09-04 10:13:00+00:00,20.28471893027381,510.0799865722656,328.2099914550781
2026-09-04 10:14:00+00:00,20.287074393768307,510.0799865722656,328.2099914550781
2026-09-04 10:15:00+00:00,20.287074393768307,510.0799865722656,328.2099914550781
2026-09-04 10:16:00+00:00,20.283623068245106,510.0799865722656,328.2099914550781
2026-09-04 10:17:00+00:00,20.283623068245106,510.0799865722656,328.2099914550781
2026-09-04 10:18:00+00:00,20.283623068245106,510.0799865722656,328.2099914550781
2026-09-04 10:19:00+00:00,20.330117324378534,510.0799865722656,328.2099914550781
2026-09-04 10:20:00+00:00,20.321942693080928,510.0799865722656,328.2099914550781
2026-09-04 10:21:00+00:00,20.321942693080928,510.0799865722656,328.2099914550781
2026-09-04 10:22:00+00:00,20.321942693080928,510.0799865722656,328.2099914550781
2026-09-04 10:23:00+00:00,20.321942693080928,510.0799865722656,328.2099914550781
2026-09-04 10:24:00+00:00,20.327752967891684,510.0799865722656,328.2099914550781
2026-09-04 10:25:00+00:00,20.333565459518468,510.0799865722656,328.2099914550781
2026-09-04 10:26:00+00:00,20.3195831811463,510.0799865722656,328.2099914550781
2026-09-04 10:27:00+00:00,20.331204598103795,510.0799865722656,328.2099914550781
2026-09-04 10:28:00+00:00,20.325392781345727,510.0799865722656,328.2099914550781
2026-09-04 10:29:00+00:00,20.331204598103795,510.0799865722656,328.2099914550781
2026-09-04 10:30:00+00:00,20.31377136438823,510.0799865722656,328.2099914550781
2026-09-04 10:31:00+00:00,20.31377136438823,510.0799865722656,328.2099914550781
2026-09-04 10:32:00+00:00,20.333565459518468,510.0799865722656,328.2099914550781
2026-09-04 10:33:00+00:00,20.339375734329224,510.0799865722656,328.2099914550781
2026-09-04 10:34:00+00:00,20.350998500766764,510.0799865722656,328.2099914550781
2026-09-04 10:35:00+00:00,20.350998500766764,510.0799865722656,328.2099914550781
2026-09-04 10:36:00+00:00,20.34282379850265,510.0799865722656,328.2099914550781
2026-09-04 10:37:00+00:00,20.34282379850265,510.0799865722656,328.2099914550781
2026-09-04 10:38:00+00:00,20.34282379850265,510.0799865722656,328.2099914550781
2026-09-04 10:39:00+00:00,20.34282379850265,510.0799865722656,328.2099914550781
2026-09-04 10:40:00+00:00,20.34518600913998,510.0799865722656,328.2099914550781
2026-09-04 10:41:00+00:00,20.339375734329224,510.0799865722656,328.2099914550781
2026-09-04 10:42:00+00:00,20.339375734329224,510.0799865722656,328.2099914550781
2026-09-04 10:43:00+00:00,20.324306373764557,510.0799865722656,328.2099914550781
2026-09-04 10:44:00+00:00,20.324306373764557,510.0799865722656,328.2099914550781
2026-09-04 10:45:00+00:00,20.326670054448186,510.0799865722656,328.2099914550781
2026-09-04 10:46:00+00:00,20.332481680865385,510.0799865722656,328.2099914550781
2026-09-04 10:47:00+00:00,20.34066055716221,510.0799865722656,328.2099914550781
2026-09-04 10:48:00+00:00,20.344107151031494,510.0799865722656,328.2099914550781
2026-09-04 10:49:00+00:00,20.34174144268036,510.0799865722656,328.2099914550781
2026-09-04 10:50:00+00:00,20.344107151031494,510.0799865722656,328.2099914550781
2026-09-04 10:51:00+00:00,20.34174144268036,510.0799865722656,328.2099914550781
2026-09-04 10:52:00+00:00,20.332481680865385,510.0799865722656,328.2099914550781
2026-09-04 10:53:00+00:00,20.34174144268036,510.0799865722656,328.2099914550781
2026-09-04 10:54:00+00:00,20.37316971778091,510.0799865722656,328.2099914550781
2026-09-04 10:55:00+00:00,20.376613797585833,510.0799865722656,328.2099914550781
2026-09-04 10:56:00+00:00,20.37898356152982,510.0799865722656,328.2099914550781
2026-09-04 10:57:00+00:00,20.37316971778091,510.0799865722656,328.2099914550781
2026-09-04 10:58:00+00:00,20.38479518794702,510.0799865722656,328.2099914550781
2026-09-04 10:59:00+00:00,20.38242474819981,510.0799865722656,328.2099914550781
2026-09-04 11:00:00+00:00,20.38479518794702,510.0799865722656,328.2099914550781
2026-09-04 11:01:00+00:00,20.38479518794702,510.0799865722656,328.2099914550781
2026-09-04 11:02:00+00:00,20.39060903169593,510.0799865722656,328.2099914550781
2026-09-04 11:03:00+00:00,20.37898356152982,510.0799865722656,328.2099914550781
2026-09-04 11:04:00+00:00,20.39060903169593,510.0799865722656,328.2099914550781
2026-09-04 11:05:00+00:00,20.37898356152982,510.0799865722656,328.2099914550781
2026-09-04 11:06:00+00:00,20.376613797585833,510.0799865722656,328.2099914550781
2026-09-04 11:07:00+00:00,20.370800629897985,510.0799865722656,328.2099914550781
2026-09-04 11:08:00+00:00,20.370800629897985,510.0799865722656,328.2099914550781
2026-09-04 11:09:00+00:00,20.370800629897985,510.0799865722656,328.2099914550781
2026-09-04 11:10:00+00:00,20.38479518794702,510.0799865722656,328.2099914550781
2026-09-04 11:11:00+00:00,20.38479518794702,510.0799865722656,328.2099914550781
2026-09-04 11:12:00+00:00,20.39642065811313,510.0799865722656,328.2099914550781
2026-09-04 11:13:00+00:00,20.39060903169593,510.0799865722656,328.2099914550781
2026-09-04 11:14:00+00:00,20.39060903169593,510.0799865722656,328.2099914550781
2026-09-04 11:15:00+00:00,20.38479518794702,510.0799865722656,328.2099914550781
2026-09-04 11:16:00+00:00,20.361544247614802,510.0799865722656,328.2099914550781
2026-09-04 11:17:00+00:00,20.344107151031494,510.0799865722656,328.2099914550781
2026-09-04 11:18:00+00:00,20.344107151031494,510.0799865722656,328.2099914550781
2026-09-04 11:19:00+00:00,20.344107151031494,510.0799865722656,328.2099914550781
2026-09-04 11:20:00+00:00,20.358099681413023,510.0799865722656,328.2099914550781
2026-09-04 11:21:00+00:00,20.344107151031494,510.0799865722656,328.2099914550781
2026-09-04 11:22:00+00:00,20.34647285938263,510.0799865722656,328.2099914550781
2026-09-04 11:23:00+00:00,20.34647285938263,510.0799865722656,328.2099914550781
2026-09-04 11:24:00+00:00,20.358099681413023,510.0799865722656,328.2099914550781
2026-09-04 11:25:00+00:00,20.355732621197603,510.0799865722656,328.2099914550781
2026-09-04 11:26:00+00:00,20.355732621197603,510.0799865722656,328.2099914550781
2026-09-04 11:27:00+00:00,20.392980147504204,510.0799865722656,328.2099914550781
2026-09-04 11:28:00+00:00,20.39060903169593,510.0799865722656,328.2099914550781
2026-09-04 11:29:00+00:00,20.39060903169593,510.0799865722656,328.2099914550781
2026-09-04 11:30:00+00:00,20.394048866501635,510.0799865722656,328.2099914550781
2026-09-04 11:31:00+00:00,20.376613797585833,510.0799865722656,328.2099914550781
2026-09-04 11:32:00+00:00,20.38479518794702,510.0799865722656,328.2099914550781
2026-09-04 11:33:00+00:00,20.370800629897985,510.0799865722656,328.2099914550781
2026-09-04 11:34:00+00:00,20.37316971778091,510.0799865722656,328.2099914550781
2026-09-04 11:35:00+00:00,20.361544247614802,510.0799865722656,328.2099914550781
2026-09-04 11:36:00+00:00,20.367358091363712,510.0799865722656,328.2099914550781
2026-09-04 11:37:00+00:00,20.35917651159616,510.0799865722656,328.2099914550781
2026-09-04 11:38:00+00:00,20.361544247614802,510.0799865722656,328.2099914550781
2026-09-04 11:39:00+00:00,20.370800629897985,510.0799865722656,328.2099914550781
2026-09-04 11:40:00+00:00,20.37316971778091,510.0799865722656,328.2099914550781
2026-09-04 11:41:00+00:00,20.37316971778091,510.0799865722656,328.2099914550781
2026-09-04 11:42:00+00:00,20.370800629897985,510.0799865722656,328.2099914550781
2026-09-04 11:43:00+00:00,20.35917651159616,510.0799865722656,328.2099914550781
2026-09-04 11:44:00+00:00,20.353365560982184,510.0799865722656,328.2099914550781
2026-09-04 11:45:00+00:00,20.358099681413023,510.0799865722656,328.2099914550781
2026-09-04 11:46:00+00:00,20.358099681413023,510.0799865722656,328.2099914550781
2026-09-04 11:47:00+00:00,20.349918777448693,510.0799865722656,328.2099914550781
2026-09-04 11:48:00+00:00,20.326670054448186,510.0799865722656,328.2099914550781
2026-09-04 11:49:00+00:00,20.326670054448186,510.0799865722656,328.2099914550781
2026-09-04 11:50:00+00:00,20.334846037352236,510.0799865722656,328.2099914550781
2026-09-04 11:51:00+00:00,20.334846037352236,510.0799865722656,328.2099914550781
2026-09-04 11:52:00+00:00,20.320856210699276,510.0799865722656,328.2099914550781
2026-09-04 11:53:00+00:00,20.326670054448186,510.0799865722656,328.2099914550781
2026-09-04 11:54:00+00:00,20.329033735131816,510.0799865722656,328.2099914550781
2026-09-04 11:55:00+00:00,20.31159239329145,510.0799865722656,328.2099914550781
2026-09-04 11:56:00+00:00,20.303419114115968,510.0799865722656,328.2099914550781
2026-09-04 11:57:00+00:00,20.303419114115968,510.0799865722656,328.2099914550781
2026-09-04 11:58:00+00:00,20.303419114115968,510.0799865722656,328.2099914550781
2026-09-04 11:59:00+00:00,20.301058137160908,510.0799865722656,328.2099914550781
2026-09-04 12:00:00+00:00,20.338295524614296,510.0799865722656,328.2099914550781
2026-09-04 12:01:00+00:00,20.338295524614296,510.0799865722656,328.2099914550781
2026-09-04 12:02:00+00:00,20.34066055716221,510.0799865722656,328.2099914550781
2026-09-04 12:03:00+00:00,20.343023504143503,510.0799865722656,328.2099914550781
2026-09-04 12:04:00+00:00,20.34066055716221,510.0799865722656,328.2099914550781
2026-09-04 12:05:00+00:00,20.329033735131816,510.0799865722656,328.2099914550781
2026-09-04 12:06:00+00:00,20.34066055716221,510.0799865722656,328.2099914550781
2026-09-04 12:07:00+00:00,20.338295524614296,510.0799865722656,328.2099914550781
2026-09-04 12:08:00+00:00,20.338295524614296,510.0799865722656,328.2099914550781
2026-09-04 12:09:00+00:00,20.334846037352236,510.0799865722656,328.2099914550781
2026-09-04 12:10:00+00:00,20.35228516160305,510.0799865722656,328.2099914550781
2026-09-04 12:11:00+00:00,20.35228516160305,510.0799865722656,328.2099914550781
2026-09-04 12:12:00+00:00,20.349918777448693,510.0799865722656,328.2099914550781
2026-09-04 12:13:00+00:00,20.353365560982184,510.0799865722656,328.2099914550781
2026-09-04 12:14:00+00:00,20.361544247614802,510.0799865722656,328.2099914550781
2026-09-04 12:15:00+00:00,20.363911983633443,510.0799865722656,328.2099914550781
2026-09-04 12:16:00+00:00,20.34066055716221,510.0799865722656,328.2099914550781
2026-09-04 12:17:00+00:00,20.343023504143503,510.0799865722656,328.2099914550781
2026-09-04 12:18:00+00:00,20.323219215321842,510.0799865722656,328.2099914550781
2026-09-04 12:19:00+00:00,20.313951963463523,510.0799865722656,328.2099914550781
2026-09-04 12:20:00+00:00,20.31159239329145,510.0799865722656,328.2099914550781
2026-09-04 12:21:00+00:00,20.30813898603583,510.0799865722656,328.2099914550781
2026-09-04 12:22:00+00:00,20.30813898603583,510.0799865722656,328.2099914550781
2026-09-04 12:23:00+00:00,20.299965571261055,510.0799865722656,328.2099914550781
2026-09-04 12:24:00+00:00,20.302323790760965,510.0799865722656,328.2099914550781
2026-09-04 12:25:00+00:00,20.302323790760965,510.0799865722656,328.2099914550781
2026-09-04 12:26:00+00:00,20.299965571261055,510.0799865722656,328.2099914550781
2026-09-04 12:27:00+00:00,20.32558013616608,510.0799865722656,328.2099914550781
2026-09-04 12:28:00+00:00,20.327945224566975,510.0799865722656,328.2099914550781
2026-09-04 12:29:00+00:00,20.341941191783235,510.0799865722656,328.2099914550781
2026-09-04 12:30:00+00:00,20.272463811186753,510.0799865722656,328.2099914550781
2026-09-04 12:31:00+00:00,20.238785073484905,510.0799865722656,328.2099914550781
2026-09-04 12:32:00+00:00,20.226085939631957,510.0799865722656,328.2099914550781
2026-09-04 12:33:00+00:00,20.180931173391855,510.0799865722656,328.2099914550781
2026-09-04 12:34:00+00:00,20.151936024427414,510.0799865722656,328.2099914550781
2026-09-04 12:35:00+00:00,20.124071633495078,510.0799865722656,328.2099914550781
2026-09-04 12:36:00+00:00,20.11480816962603,510.0799865722656,328.2099914550781
2026-09-04 12:37:00+00:00,20.117140518357246,510.0799865722656,328.2099914550781
2026-09-04 12:38:00+00:00,20.11020815735901,510.0799865722656,328.2099914550781
2026-09-04 12:39:00+00:00,20.183272992150023,510.0799865722656,328.2099914550781
2026-09-04 12:40:00+00:00,20.176251684358704,510.0799865722656,328.2099914550781
2026-09-04 12:41:00+00:00,20.189074022335944,510.0799865722656,328.2099914550781
2026-09-04 12:42:00+00:00,20.197216004738948,510.0799865722656,328.2099914550781
2026-09-04 12:43:00+00:00,20.186731530497582,510.0799865722656,328.2099914550781
2026-09-04 12:44:00+00:00,20.207705383489156,510.0799865722656,328.2099914550781
2026-09-04 12:45:00+00:00,20.191416514174307,510.0799865722656,328.2099914550781
2026-09-04 12:46:00+00:00,20.193646509096652,510.0799865722656,328.2099914550781
2026-09-04 12:47:00+00:00,20.184391113496986,510.0799865722656,328.2099914550781
2026-09-04 12:48:00+00:00,20.179710279495794,510.0799865722656,328.2099914550781
2026-09-04 12:49:00+00:00,20.16709067714828,510.0799865722656,328.2099914550781
2026-09-04 12:50:00+00:00,20.16363036632538,510.0799865722656,328.2099914550781
2026-09-04 12:51:00+00:00,20.16363036632538,510.0799865722656,328.2099914550781
2026-09-04 12:52:00+00:00,20.149685955298537,510.0799865722656,328.2099914550781
2026-09-04 12:53:00+00:00,20.12414376760603,510.0799865722656,328.2099914550781
2026-09-04 12:54:00+00:00,20.12414376760603,510.0799865722656,328.2099914550781
2026-09-04 12:55:00+00:00,20.12647818402229,510.0799865722656,328.2099914550781
2026-09-04 12:56:00+00:00,20.12414376760603,510.0799865722656,328.2099914550781
2026-09-04 12:57:00+00:00,20.116009860625127,510.0799865722656,328.2099914550781
2026-09-04 12:58:00+00:00,20.12301315849254,510.0799865722656,328.2099914550781
2026-09-04 12:59:00+00:00,20.117209435389668,510.0799865722656,328.2099914550781
2026-09-04 13:00:00+00:00,20.11254122787159,510.0799865722656,328.2099914550781
2026-09-04 13:01:00+00:00,20.117209435389668,510.0799865722656,328.2099914550781
2026-09-04 13:02:00+00:00,20.111407925758613,510.0799865722656,328.2099914550781
2026-09-04 13:03:00+00:00,20.105606416127557,510.0799865722656,328.2099914550781
2026-09-04 13:04:00+00:00,20.100940901095328,510.0799865722656,328.2099914550781
2026-09-04 13:05:00+00:00,20.095138524749018,510.0799865722656,328.2099914550781
2026-09-04 13:06:00+00:00,20.097469576534422,510.0799865722656,328.2099914550781
2026-09-04 13:07:00+00:00,20.089338361360888,510.0799865722656,328.2099914550781
2026-09-04 13:08:00+00:00,20.081206279132857,510.0799865722656,328.2099914550781
2026-09-04 13:09:00+00:00,20.083535985014578,510.0799865722656,328.2099914550781
2026-09-04 13:10:00+00:00,20.092807472963614,510.0799865722656,328.2099914550781
2026-09-04 13:11:00+00:00,20.1183436042179,510.0799865722656,328.2099914550781
2026-09-04 13:12:00+00:00,20.106741064483458,510.0799865722656,328.2099914550781
2026-09-04 13:13:00+00:00,20.12067734781067,510.0799865722656,328.2099914550781
2026-09-04 13:14:00+00:00,20.109073462172546,510.0799865722656,328.2099914550781
2026-09-04 13:15:00+00:00,20.121879709400673,510.0799865722656,328.2099914550781
2026-09-04 13:16:00+00:00,20.118411316516813,510.0799865722656,328.2099914550781
2026-09-04 13:17:00+00:00,20.11260778662745,510.0799865722656,328.2099914550781
2026-09-04 13:18:00+00:00,20.106802042495474,510.0799865722656,328.2099914550781
2026-09-04 13:19:00+00:00,20.109137223690595,510.0799865722656,328.2099914550781
2026-09-04 13:20:00+00:00,20.10566752696559,510.0799865722656,328.2099914550781
2026-09-04 13:21:00+00:00,20.10800203414533,510.0799865722656,328.2099914550781
2026-09-04 13:22:00+00:00,20.10566752696559,510.0799865722656,328.2099914550781
2026-09-04 13:23:00+00:00,20.10566752696559,510.0799865722656,328.2099914550781
2026-09-04 13:24:00+00:00,20.19163699626506,510.0799865722656,328.2099914550781
2026-09-04 13:25:00+00:00,20.19163699626506,510.0799865722656,328.2099914550781
2026-09-04 13:26:00+00:00,20.202136606221757,510.0799865722656,328.2099914550781
2026-09-04 13:27:00+00:00,20.196329031048208,510.0799865722656,328.2099914550781
2026-09-04 13:28:00+00:00,20.167286723608413,510.0799865722656,328.2099914550781
2026-09-04 13:29:00+00:00,20.158010651815403,510.0799865722656,328.2099914550781
2026-09-04 13:30:00+00:00,20.212643204570213,509.1300048828125,328.0199890136719
2026-09-04 13:31:00+00:00,20.268385126075373,508.7900085449219,327.135009765625
2026-09-04 13:32:00+00:00,20.260223436887372,508.07000732421875,328.3399963378906
2026-09-04 13:33:00+00:00,20.24044486474031,506.3800048828125,327.2900085449219
2026-09-04 13:34:00+00:00,20.260223436887372,506.2950134277344,327.17999267578125
2026-09-04 13:35:00+00:00,20.298524948005706,505.75,326.5450134277344
2026-09-04 13:36:00+00:00,20.29035834432898,505.70001220703125,325.7699890136719
2026-09-04 13:37:00+00:00,20.304331848567926,505.7900085449219,325.6650085449219
2026-09-04 13:38:00+00:00,20.278743677155944,507.1700134277344,326.8699951171875
2026-09-04 13:39:00+00:00,20.255516558081126,506.8999938964844,326.29998779296875
2026-09-04 13:40:00+00:00,20.23463796417809,505.7049865722656,325.81500244140625
2026-09-04 13:41:00+00:00,20.25786999748425,505.68499755859375,325.739990234375
2026-09-04 13:42:00+00:00,20.298524948005706,504.8900146484375,324.5400085449219
2026-09-04 13:43:00+00:00,20.30088311046029,504.7900085449219,324.760009765625
2026-09-04 13:44:00+00:00,20.295073319500716,504.75,324.82000732421875
2026-09-04 13:45:00+00:00,20.31141044354399,504.0799865722656,324.2200012207031
2026-09-04 13:46:00+00:00,20.312682255462732,504.0,324.2799987792969
2026-09-04 13:47:00+00:00,20.338295524614296,503.0003967285156,323.635009765625
2026-09-04 13:48:00+00:00,20.33593049206638,503.20001220703125,324.0199890136719
2026-09-04 13:49:00+00:00,20.339375734329224,503.69000244140625,323.93499755859375
2026-09-04 13:50:00+00:00,20.325392781345727,503.9649963378906,323.8399963378906
2026-09-04 13:51:00+00:00,20.3195831811463,503.1600036621094,323.4200134277344
2026-09-04 13:52:00+00:00,20.32066823831292,503.8999938964844,323.635009765625
2026-09-04 13:53:00+00:00,20.312500476593414,504.5660095214844,323.5950012207031
2026-09-04 13:54:00+00:00,20.332286953926086,504.2049865722656,324.20989990234375
2026-09-04 13:55:00+00:00,20.329925417900085,504.6000061035156,323.42999267578125
2026-09-04 13:56:00+00:00,20.34154278403321,504.4526062011719,323.5950012207031
2026-09-04 13:57:00+00:00,20.350795915180242,504.1650085449219,323.7799987792969
2026-09-04 13:58:00+00:00,20.36348840457549,504.4100036621094,323.57000732421875
2026-09-04 13:59:00+00:00,20.377467240491114,504.6700134277344,323.69500732421875
2026-09-04 14:00:00+00:00,20.375101723460602,503.614990234375,322.989990234375
2026-09-04 14:01:00+00:00,20.377467240491114,503.1400146484375,322.7099914550781
2026-09-04 14:02:00+00:00,20.377467240491114,503.69500732421875,322.9999084472656
2026-09-04 14:03:00+00:00,20.377467240491114,503.6199951171875,322.92498779296875
2026-09-04 14:04:00+00:00,20.375101723460602,503.73309326171875,323.07000732421875
2026-09-04 14:05:00+00:00,20.377467240491114,504.1000061035156,322.7359924316406
2026-09-04 14:06:00+00:00,20.37983484904862,503.7049865722656,322.885009765625
2026-09-04 14:07:00+00:00,20.384570066163633,503.20989990234375,322.70001220703125
2026-09-04 14:08:00+00:00,20.384570066163633,502.989990234375,322.80499267578125
2026-09-04 14:09:00+00:00,20.39037831594851,502.9100036621094,322.7008972167969
2026-09-04 14:10:00+00:00,20.388010032779675,503.10931396484375,321.69500732421875
2026-09-04 14:11:00+00:00,20.383273466442006,503.7900085449219,321.5799865722656
2026-09-04 14:12:00+00:00,20.383273466442006,503.44500732421875,321.8420104980469
2026-09-04 14:13:00+00:00,20.38564174961084,503.0,321.44000244140625
2026-09-04 14:14:00+00:00,20.388010032779675,503.1000061035156,321.2099914550781
2026-09-04 14:15:00+00:00,20.38564174961084,503.35009765625,321.760009765625
2026-09-04 14:16:00+00:00,20.38564174961084,503.0849914550781,321.7099914550781
2026-09-04 14:17:00+00:00,20.388010032779675,503.0,321.55999755859375
2026-09-04 14:18:00+00:00,20.39037831594851,502.739990234375,321.590087890625
2026-09-04 14:19:00+00:00,20.392748691240286,502.43499755859375,321.5899963378906
2026-09-04 14:20:00+00:00,20.392748691240286,502.25,321.3599853515625
2026-09-04 14:21:00+00:00,20.39037831594851,502.385009765625,321.4100036621094
2026-09-04 14:22:00+00:00,20.392748691240286,502.8290100097656,321.45001220703125
2026-09-04 14:23:00+00:00,20.392748691240286,502.3949890136719,321.4800109863281
2026-09-04 14:24:00+00:00,20.39037831594851,502.0799865722656,321.239990234375
2026-09-04 14:25:00+00:00,20.392748691240286,502.1400146484375,321.17999267578125
2026-09-04 14:26:00+00:00,20.392748691240286,502.375,320.93499755859375
2026-09-04 14:27:00+00:00,20.392748691240286,502.05999755859375,320.6700134277344
2026-09-04 14:28:00+00:00,20.392748691240286,501.95001220703125,320.70001220703125
2026-09-04 14:29:00+00:00,20.392748691240286,501.68499755859375,320.7099914550781
2026-09-04 14:30:00+00:00,20.39037831594851,501.7950134277344,320.9800109863281
2026-09-04 14:31:00+00:00,20.392748691240286,501.6650085449219,321.0
2026-09-04 14:32:00+00:00,20.39511906653206,501.8743896484375,320.79998779296875
2026-09-04 14:33:00+00:00,20.399859817115612,501.760009765625,320.8699951171875
2026-09-04 14:34:00+00:00,20.399859817115612,501.8599853515625,320.8800048828125
2026-09-04 14:35:00+00:00,20.399859817115612,502.20001220703125,321.02178955078125
2026-09-04 14:36:00+00:00,20.397487349700896,502.1199951171875,320.9006042480469
2026-09-04 14:37:00+00:00,20.39511906653206,502.30999755859375,321.0249938964844
2026-09-04 14:38:00+00:00,20.397487349700896,502.3699951171875,320.8800048828125
2026-09-04 14:39:00+00:00,20.397487349700896,502.4599914550781,320.67999267578125
2026-09-04 14:40:00+00:00,20.399859817115612,502.2300109863281,320.489990234375
2026-09-04 14:41:00+00:00,20.399859817115612,502.6300048828125,320.5199890136719
2026-09-04 14:42:00+00:00,20.399859817115612,502.0799865722656,320.2650146484375
2026-09-04 14:43:00+00:00,20.397487349700896,501.7749938964844,320.0899963378906
2026-09-04 14:44:00+00:00,20.399859817115612,501.8799133300781,320.0299987792969
2026-09-04 14:45:00+00:00,20.399859817115612,502.29998779296875,320.0899963378906
2026-09-04 14:46:00+00:00,20.397487349700896,502.3500061035156,320.07000732421875
2026-09-04 14:47:00+00:00,20.392748691240286,502.20001220703125,320.04998779296875
2026-09-04 14:48:00+00:00,20.397487349700896,502.3299865722656,320.1099853515625
2026-09-04 14:49:00+00:00,20.39511906653206,502.43011474609375,320.0950012207031
2026-09-04 14:50:00+00:00,20.392748691240286,502.42999267578125,319.875
2026-09-04 14:51:00+00:00,20.392748691240286,502.0199890136719,319.5
2026-09-04 14:52:00+00:00,20.39037831594851,502.32000732421875,319.6400146484375
2026-09-04 14:53:00+00:00,20.39511906653206,502.07000732421875,319.3800048828125
2026-09-04 14:54:00+00:00,20.39037831594851,501.989990234375,318.9800109863281
2026-09-04 14:55:00+00:00,20.392748691240286,501.5199890136719,318.9254150390625
2026-09-04 14:56:00+00:00,20.388010032779675,501.4549865722656,318.739990234375
2026-09-04 14:57:00+00:00,20.39037831594851,501.69000244140625,318.80499267578125
2026-09-04 14:58:00+00:00,20.39037831594851,501.80999755859375,318.6600036621094
2026-09-04 14:59:00+00:00,20.392748691240286,501.7569885253906,318.44000244140625
2026-09-04 15:00:00+00:00,20.39037831594851,501.5188903808594,318.260009765625
2026-09-04 15:01:00+00:00,20.39037831594851,501.185791015625,318.2699890136719
2026-09-04 15:02:00+00:00,20.388010032779675,500.760009765625,317.94000244140625
2026-09-04 15:03:00+00:00,20.39037831594851,500.8999938964844,318.1549987792969
2026-09-04 15:04:00+00:00,20.39511906653206,500.94500732421875,318.5899963378906
2026-09-04 15:05:00+00:00,20.397487349700896,500.94000244140625,318.8800048828125
2026-09-04 15:06:00+00:00,20.39511906653206,500.8699951171875,318.82501220703125
2026-09-04 15:07:00+00:00,20.39511906653206,501.20001220703125,318.6809997558594
2026-09-04 15:08:00+00:00,20.397487349700896,501.1899108886719,318.79949951171875
2026-09-04 15:09:00+00:00,20.39511906653206,501.07000732421875,318.94000244140625
2026-09-04 15:10:00+00:00,20.399859817115612,500.9599914550781,318.8349914550781
2026-09-04 15:11:00+00:00,20.399859817115612,500.92498779296875,318.9100036621094
2026-09-04 15:12:00+00:00,20.399859817115612,500.6499938964844,319.1700134277344
2026-09-04 15:13:00+00:00,20.399859817115612,500.80999755859375,319.3399963378906
2026-09-04 15:14:00+00:00,20.402232284530328,500.6099853515625,319.2850036621094
2026-09-04 15:15:00+00:00,20.399859817115612,500.6400146484375,319.17498779296875
2026-09-04 15:16:00+00:00,20.399859817115612,500.7300109863281,319.2099914550781
2026-09-04 15:17:00+00:00,20.399859817115612,500.5400085449219,319.0050048828125
2026-09-04 15:18:00+00:00,20.399859817115612,500.2449951171875,318.9150085449219
2026-09-04 15:19:00+00:00,20.402232284530328,500.45001220703125,318.79998779296875
2026-09-04 15:20:00+00:00,20.402232284530328,500.7838134765625,318.739990234375
2026-09-04 15:21:00+00:00,20.402232284530328,500.26361083984375,318.8016052246094
2026-09-04 15:22:00+00:00,20.402232284530328,500.6400146484375,319.0
2026-09-04 15:23:00+00:00,20.399859817115612,500.5299987792969,319.0
2026-09-04 15:24:00+00:00,20.402232284530328,500.375,319.1400146484375
2026-09-04 15:25:00+00:00,20.399859817115612,500.5,319.0199890136719
2026-09-04 15:26:00+00:00,20.399859817115612,500.3900146484375,319.0199890136719
2026-09-04 15:27:00+00:00,20.399859817115612,500.739990234375,319.1449890136719
2026-09-04 15:28:00+00:00,20.397487349700896,501.0799865722656,319.25201416015625
2026-09-04 15:29:00+00:00,20.397487349700896,500.94500732421875,319.4700012207031
2026-09-04 15:30:00+00:00,20.399859817115612,500.5199890136719,319.2900085449219
2026-09-04 15:31:00+00:00,20.402232284530328,500.4849853515625,319.260009765625
2026-09-04 15:32:00+00:00,20.399859817115612,500.42498779296875,319.4700012207031
2026-09-04 15:33:00+00:00,20.402232284530328,500.60101318359375,319.6199951171875
2026-09-04 15:34:00+00:00,20.397487349700896,500.375,319.6300048828125
2026-09-04 15:35:00+00:00,20.399859817115612,500.7099914550781,319.70001220703125
2026-09-04 15:36:00+00:00,20.399859817115612,500.20001220703125,319.8800048828125
2026-09-04 15:37:00+00:00,20.399859817115612,499.7749938964844,319.9901123046875
2026-09-04 15:38:00+00:00,20.399859817115612,500.1050109863281,320.0799865722656
2026-09-04 15:39:00+00:00,20.399859817115612,500.0950012207031,319.92498779296875
2026-09-04 15:40:00+00:00,20.399859817115612,500.1600036621094,320.0450134277344
2026-09-04 15:41:00+00:00,20.402232284530328,500.20001220703125,320.2099914550781
2026-09-04 15:42:00+00:00,20.402232284530328,500.5199890136719,320.42498779296875
2026-09-04 15:43:00+00:00,20.399859817115612,500.56500244140625,320.56640625
2026-09-04 15:44:00+00:00,20.399859817115612,500.7699890136719,320.3399963378906
2026-09-04 15:45:00+00:00,20.399859817115612,500.6099853515625,320.375
2026-09-04 15:46:00+00:00,20.399859817115612,500.5899963378906,320.4200134277344
2026-09-04 15:47:00+00:00,20.402232284530328,500.06500244140625,320.385009765625
2026-09-04 15:48:00+00:00,20.402232284530328,500.1000061035156,320.40130615234375
2026-09-04 15:49:00+00:00,20.404604751945044,500.30999755859375,320.43499755859375
2026-09-04 15:50:00+00:00,20.404604751945044,500.6499938964844,320.7200012207031
2026-09-04 15:51:00+00:00,20.404604751945044,500.760009765625,320.8949890136719
2026-09-04 15:52:00+00:00,20.402232284530328,500.70001220703125,321.0199890136719
2026-09-04 15:53:00+00:00,20.402232284530328,500.8800048828125,321.19000244140625
2026-09-04 15:54:00+00:00,20.397487349700896,500.7099914550781,321.0
2026-09-04 15:55:00+00:00,20.397487349700896,501.114990234375,321.0899963378906
2026-09-04 15:56:00+00:00,20.397487349700896,500.989990234375,320.9800109863281
2026-09-04 15:57:00+00:00,20.397487349700896,501.05499267578125,321.1449890136719
2026-09-04 15:58:00+00:00,20.397487349700896,500.9549865722656,321.0799865722656
2026-09-04 15:59:00+00:00,20.39511906653206,501.010009765625,321.010009765625
2026-09-04 16:00:00+00:00,20.397487349700896,501.0849914550781,320.93109130859375
2026-09-04 16:01:00+00:00,20.397487349700896,500.7898864746094,320.8599853515625
2026-09-04 16:02:00+00:00,20.397487349700896,500.739990234375,320.9800109863281
2026-09-04 16:03:00+00:00,20.399859817115612,500.67999267578125,320.989990234375
2026-09-04 16:04:00+00:00,20.399859817115612,500.68499755859375,321.0
2026-09-04 16:05:00+00:00,20.399859817115612,500.760009765625,320.92999267578125
2026-09-04 16:06:00+00:00,20.399859817115612,500.60009765625,320.7149963378906
2026-09-04 16:07:00+00:00,20.397487349700896,500.7099914550781,320.9100036621094
2026-09-04 16:08:00+00:00,20.399859817115612,500.8999938964844,321.05999755859375
2026-09-04 16:09:00+00:00,20.399859817115612,500.85400390625,321.0299072265625
2026-09-04 16:10:00+00:00,20.397487349700896,500.84991455078125,321.06500244140625
2026-09-04 16:11:00+00:00,20.397487349700896,500.94000244140625,321.1199035644531
2026-09-04 16:12:00+00:00,20.397487349700896,501.12249755859375,321.1065979003906
2026-09-04 16:13:00+00:00,20.399859817115612,501.2099914550781,321.20001220703125
2026-09-04 16:14:00+00:00,20.402232284530328,501.2428894042969,321.0498962402344
2026-09-04 16:15:00+00:00,20.402232284530328,501.0400085449219,321.05499267578125
2026-09-04 16:16:00+00:00,20.404604751945044,500.760009765625,320.9053039550781
2026-09-04 16:17:00+00:00,20.402232284530328,500.7200012207031,321.0899963378906
2026-09-04 16:18:00+00:00,20.404604751945044,500.67999267578125,321.18499755859375
2026-09-04 16:19:00+00:00,20.404604751945044,500.6300048828125,321.2699890136719
2026-09-04 16:20:00+00:00,20.404604751945044,500.9049987792969,320.9599914550781
2026-09-04 16:21:00+00:00,20.40697512723682,501.1650085449219,320.8800048828125
2026-09-04 16:22:00+00:00,20.404604751945044,501.1499938964844,321.0199890136719
2026-09-04 16:23:00+00:00,20.404604751945044,501.42999267578125,321.2099914550781
2026-09-04 16:24:00+00:00,20.404604751945044,501.3500061035156,320.9700012207031
2026-09-04 16:25:00+00:00,20.402232284530328,501.2182922363281,320.8399963378906
2026-09-04 16:26:00+00:00,20.402232284530328,501.0899963378906,320.9700012207031
2026-09-04 16:27:00+00:00,20.402232284530328,501.2665100097656,320.8699951171875
2026-09-04 16:28:00+00:00,20.402232284530328,501.35888671875,320.6199951171875
2026-09-04 16:29:00+00:00,20.402232284530328,501.1199951171875,320.5
2026-09-04 16:30:00+00:00,20.402232284530328,501.1650085449219,320.7099914550781
2026-09-04 16:31:00+00:00,20.402232284530328,501.0400085449219,320.7900085449219
2026-09-04 16:32:00+00:00,20.402232284530328,501.31500244140625,320.989990234375
2026-09-04 16:33:00+00:00,20.404604751945044,501.2900085449219,321.04998779296875
2026-09-04 16:34:00+00:00,20.404604751945044,501.3891906738281,321.10009765625
2026-09-04 16:35:00+00:00,20.404604751945044,501.45001220703125,321.08551025390625
2026-09-04 16:36:00+00:00,20.404604751945044,501.4100036621094,320.9200134277344
2026-09-04 16:37:00+00:00,20.402232284530328,501.3599853515625,320.9049987792969
2026-09-04 16:38:00+00:00,20.402232284530328,501.54998779296875,320.79998779296875
2026-09-04 16:39:00+00:00,20.402232284530328,501.614990234375,320.8949890136719
2026-09-04 16:40:00+00:00,20.399859817115612,501.6199951171875,321.04998779296875
2026-09-04 16:41:00+00:00,20.402232284530328,501.3699951171875,320.7699890136719
2026-09-04 16:42:00+00:00,20.399859817115612,501.1099853515625,320.7850036621094
2026-09-04 16:43:00+00:00,20.402232284530328,501.0505065917969,320.7799987792969
2026-09-04 16:44:00+00:00,20.402232284530328,501.20001220703125,320.8399963378906
2026-09-04 16:45:00+00:00,20.402232284530328,501.07000732421875,320.8699951171875
2026-09-04 16:46:00+00:00,20.402232284530328,500.92999267578125,320.8450012207031
2026-09-04 16:47:00+00:00,20.402232284530328,500.9700012207031,321.0450134277344
2026-09-04 16:48:00+00:00,20.402232284530328,500.7799987792969,321.0
2026-09-04 16:49:00+00:00,20.402232284530328,500.9200134277344,320.9800109863281
2026-09-04 16:50:00+00:00,20.404604751945044,501.0350036621094,320.92498779296875
2026-09-04 16:51:00+00:00,20.402232284530328,500.9836120605469,321.010009765625
2026-09-04 16:52:00+00:00,20.402232284530328,500.9800109863281,321.05499267578125
2026-09-04 16:53:00+00:00,20.402232284530328,501.0,321.1050109863281
2026-09-04 16:54:00+00:00,20.402232284530328,500.9800109863281,321.07501220703125
2026-09-04 16:55:00+00:00,20.402232284530328,500.8800048828125,321.177490234375
2026-09-04 16:56:00+00:00,20.399859817115612,500.6600036621094,321.10699462890625
2026-09-04 16:57:00+00:00,20.402232284530328,500.6299133300781,321.0799865722656
2026-09-04 16:58:00+00:00,20.399859817115612,500.5,321.1499938964844
2026-09-04 16:59:00+00:00,20.397487349700896,500.3402099609375,321.0299987792969
2026-09-04 17:00:00+00:00,20.397487349700896,500.3299865722656,321.1700134277344
2026-09-04 17:01:00+00:00,20.39511906653206,500.55999755859375,321.17999267578125
2026-09-04 17:02:00+00:00,20.39511906653206,500.19000244140625,321.04998779296875
2026-09-04 17:03:00+00:00,20.392748691240286,500.17498779296875,321.05499267578125
2026-09-04 17:04:00+00:00,20.392748691240286,500.6050109863281,320.9601135253906
2026-09-04 17:05:00+00:00,20.39037831594851,500.7300109863281,320.9849853515625
2026-09-04 17:06:00+00:00,20.39037831594851,500.5400085449219,321.0050048828125
2026-09-04 17:07:00+00:00,20.392748691240286,500.7699890136719,321.2789001464844
2026-09-04 17:08:00+00:00,20.392748691240286,500.7349853515625,321.360107421875
2026-09-04 17:09:00+00:00,20.392748691240286,500.5950012207031,321.3799133300781
2026-09-04 17:10:00+00:00,20.392748691240286,500.7049865722656,321.4197998046875
2026-09-04 17:11:00+00:00,20.392748691240286,500.739990234375,321.3599853515625
2026-09-04 17:12:00+00:00,20.392748691240286,500.7449951171875,321.54998779296875
2026-09-04 17:13:00+00:00,20.392748691240286,500.7200012207031,321.4849853515625
2026-09-04 17:14:00+00:00,20.392748691240286,500.9599914550781,321.2091979980469
2026-09-04 17:15:00+00:00,20.392748691240286,500.8999938964844,321.2998962402344
2026-09-04 17:16:00+00:00,20.392748691240286,500.8999938964844,321.44500732421875
2026-09-04 17:17:00+00:00,20.39511906653206,500.9750061035156,321.6000061035156
2026-09-04 17:18:00+00:00,20.39511906653206,501.05999755859375,321.6099853515625
2026-09-04 17:19:00+00:00,20.392748691240286,500.8800048828125,321.5679931640625
2026-09-04 17:20:00+00:00,20.39511906653206,501.0199890136719,321.8800964355469
2026-09-04 17:21:00+00:00,20.392748691240286,500.7300109863281,321.739990234375
2026-09-04 17:22:00+00:00,20.392748691240286,500.739990234375,321.8450012207031
2026-09-04 17:23:00+00:00,20.39037831594851,500.760009765625,321.8949890136719
2026-09-04 17:24:00+00:00,20.39037831594851,500.80999755859375,321.7699890136719
2026-09-04 17:25:00+00:00,20.39037831594851,500.9505920410156,321.6499938964844
2026-09-04 17:26:00+00:00,20.39037831594851,501.07000732421875,321.6700134277344
2026-09-04 17:27:00+00:00,20.39037831594851,501.04998779296875,321.7200012207031
2026-09-04 17:28:00+00:00,20.39037831594851,501.05999755859375,321.739990234375
2026-09-04 17:29:00+00:00,20.388010032779675,500.9049987792969,321.68499755859375
2026-09-04 17:30:00+00:00,20.39037831594851,500.6903991699219,321.4490051269531
2026-09-04 17:31:00+00:00,20.39037831594851,500.6700134277344,321.3500061035156
2026-09-04 17:32:00+00:00,20.39037831594851,500.5950012207031,321.34100341796875
2026-09-04 17:33:00+00:00,20.388010032779675,500.6199951171875,321.2088928222656
2026-09-04 17:34:00+00:00,20.388010032779675,500.5400085449219,321.1499938964844
2026-09-04 17:35:00+00:00,20.388010032779675,500.6300048828125,321.2699890136719
2026-09-04 17:36:00+00:00,20.388010032779675,500.385009765625,321.1700134277344
2026-09-04 17:37:00+00:00,20.388010032779675,500.3450012207031,321.1000061035156
2026-09-04 17:38:00+00:00,20.39037831594851,500.4700012207031,320.92498779296875
2026-09-04 17:39:00+00:00,20.388010032779675,500.44500732421875,320.989990234375
2026-09-04 17:40:00+00:00,20.388010032779675,500.2250061035156,320.95001220703125
2026-09-04 17:41:00+00:00,20.388010032779675,500.114990234375,320.8349914550781
2026-09-04 17:42:00+00:00,20.38564174961084,500.2049865722656,320.8399963378906
2026-09-04 17:43:00+00:00,20.388010032779675,500.239990234375,320.90460205078125
2026-09-04 17:44:00+00:00,20.388010032779675,500.19000244140625,320.9649963378906
2026-09-04 17:45:00+00:00,20.38564174961084,500.32000732421875,321.0899963378906
2026-09-04 17:46:00+00:00,20.38564174961084,500.5000915527344,321.2300109863281
2026-09-04 17:47:00+00:00,20.38564174961084,500.6007080078125,321.125
2026-09-04 17:48:00+00:00,20.38564174961084,500.8800048828125,321.0899963378906
2026-09-04 17:49:00+00:00,20.38564174961084,500.885009765625,321.07000732421875
2026-09-04 17:50:00+00:00,20.388010032779675,501.0575866699219,321.07000732421875
2026-09-04 17:51:00+00:00,20.388010032779675,500.9700012207031,320.9800109863281
2026-09-04 17:52:00+00:00,20.388010032779675,501.1499938964844,321.0450134277344
2026-09-04 17:53:00+00:00,20.388010032779675,500.9200134277344,321.0350036621094
2026-09-04 17:54:00+00:00,20.388010032779675,500.8291015625,320.9649963378906
2026-09-04 17:55:00+00:00,20.38564174961084,500.5899963378906,321.0299987792969
2026-09-04 17:56:00+00:00,20.38564174961084,500.5400085449219,320.97821044921875
2026-09-04 17:57:00+00:00,20.38564174961084,500.55999755859375,320.95001220703125
2026-09-04 17:58:00+00:00,20.38564174961084,500.6600036621094,321.0400085449219
2026-09-04 17:59:00+00:00,20.38564174961084,500.6199951171875,321.0150146484375
2026-09-04 18:00:00+00:00,20.388010032779675,500.67999267578125,321.1698913574219
2026-09-04 18:01:00+00:00,20.38564174961084,500.0950012207031,321.0199890136719
2026-09-04 18:02:00+00:00,20.38564174961084,500.0,321.07501220703125
2026-09-04 18:03:00+00:00,20.38564174961084,500.19000244140625,321.1700134277344
2026-09-04 18:04:00+00:00,20.388010032779675,500.14990234375,321.1549987792969
2026-09-04 18:05:00+00:00,20.38564174961084,499.9447021484375,321.0775146484375
2026-09-04 18:06:00+00:00,20.38564174961084,499.93499755859375,321.1000061035156
2026-09-04 18:07:00+00:00,20.38564174961084,500.0299987792969,321.1400146484375
2026-09-04 18:08:00+00:00,20.38564174961084,499.94500732421875,321.18499755859375
2026-09-04 18:09:00+00:00,20.38564174961084,500.07501220703125,321.1423034667969
2026-09-04 18:10:00+00:00,20.38564174961084,500.1990966796875,321.2200927734375
2026-09-04 18:11:00+00:00,20.383273466442006,500.07000732421875,321.2149963378906
2026-09-04 18:12:00+00:00,20.38564174961084,500.2049865722656,321.25
2026-09-04 18:13:00+00:00,20.38564174961084,500.3349914550781,321.260009765625
2026-09-04 18:14:00+00:00,20.383273466442006,500.2799987792969,321.2699890136719
2026-09-04 18:15:00+00:00,20.383273466442006,500.2449951171875,321.10009765625
2026-09-04 18:16:00+00:00,20.383273466442006,500.2200012207031,321.0
2026-09-04 18:17:00+00:00,20.383273466442006,500.0592041015625,321.0299987792969
2026-09-04 18:18:00+00:00,20.383273466442006,500.24591064453125,320.9789123535156
2026-09-04 18:19:00+00:00,20.383273466442006,500.125,320.9700012207031
2026-09-04 18:20:00+00:00,20.383273466442006,500.20001220703125,321.0299987792969
2026-09-04 18:21:00+00:00,20.383273466442006,500.1400146484375,321.0450134277344
2026-09-04 18:22:00+00:00,20.38564174961084,500.2900085449219,321.17498779296875
2026-09-04 18:23:00+00:00,20.383273466442006,500.1099853515625,321.19000244140625
2026-09-04 18:24:00+00:00,20.383273466442006,500.0975036621094,321.2049865722656
2026-09-04 18:25:00+00:00,20.38564174961084,500.2200012207031,321.19500732421875
2026-09-04 18:26:00+00:00,20.38564174961084,499.9649963378906,321.1299133300781
2026-09-04 18:27:00+00:00,20.38564174961084,500.05499267578125,321.0199890136719
2026-09-04 18:28:00+00:00,20.383273466442006,499.92999267578125,320.9700012207031
2026-09-04 18:29:00+00:00,20.383273466442006,499.8999938964844,320.8800048828125
2026-09-04 18:30:00+00:00,20.38564174961084,500.05999755859375,320.989990234375
2026-09-04 18:31:00+00:00,20.38564174961084,499.989990234375,321.05010986328125
2026-09-04 18:32:00+00:00,20.38564174961084,499.95989990234375,321.0849914550781
2026-09-04 18:33:00+00:00,20.38564174961084,499.8999938964844,321.1499938964844
2026-09-04 18:34:00+00:00,20.38564174961084,499.9200134277344,321.06500244140625
2026-09-04 18:35:00+00:00,20.38564174961084,499.9689025878906,321.0299987792969
2026-09-04 18:36:00+00:00,20.38564174961084,499.80999755859375,321.05999755859375
2026-09-04 18:37:00+00:00,20.383273466442006,499.8999938964844,321.1000061035156
2026-09-04 18:38:00+00:00,20.380907275396112,500.0400085449219,321.114990234375
2026-09-04 18:39:00+00:00,20.383273466442006,500.110107421875,321.2250061035156
2026-09-04 18:40:00+00:00,20.383273466442006,500.1400146484375,321.28509521484375
2026-09-04 18:41:00+00:00,20.380907275396112,500.23040771484375,321.2049865722656
2026-09-04 18:42:00+00:00,20.380907275396112,500.4700012207031,321.30999755859375
2026-09-04 18:43:00+00:00,20.383273466442006,500.3450012207031,321.30999755859375
2026-09-04 18:44:00+00:00,20.380907275396112,500.4901123046875,321.3500061035156
2026-09-04 18:45:00+00:00,20.380907275396112,500.639892578125,321.4346923828125
2026-09-04 18:46:00+00:00,20.380907275396112,500.6700134277344,321.4549865722656
2026-09-04 18:47:00+00:00,20.380907275396112,500.739990234375,321.54998779296875
2026-09-04 18:48:00+00:00,20.380907275396112,500.57000732421875,321.67999267578125
2026-09-04 18:49:00+00:00,20.380907275396112,500.4599914550781,321.6579895019531
2026-09-04 18:50:00+00:00,20.380907275396112,500.5,321.4750061035156
2026-09-04 18:51:00+00:00,20.380907275396112,500.47869873046875,321.5350036621094
2026-09-04 18:52:00+00:00,20.380907275396112,500.6700134277344,321.55010986328125
2026-09-04 18:53:00+00:00,20.380907275396112,500.42999267578125,321.614990234375
2026-09-04 18:54:00+00:00,20.380907275396112,500.3399963378906,321.6449890136719
2026-09-04 18:55:00+00:00,20.380907275396112,500.4049987792969,321.7850036621094
2026-09-04 18:56:00+00:00,20.380907275396112,500.5,321.6700134277344
2026-09-04 18:57:00+00:00,20.383273466442006,500.55999755859375,321.6600036621094
2026-09-04 18:58:00+00:00,20.380907275396112,500.55999755859375,321.614990234375
2026-09-04 18:59:00+00:00,20.383273466442006,500.7200012207031,321.6650085449219
2026-09-04 19:00:00+00:00,20.383273466442006,500.46600341796875,321.6698913574219
2026-09-04 19:01:00+00:00,20.383273466442006,500.5899963378906,321.6650085449219
2026-09-04 19:02:00+00:00,20.383273466442006,500.67999267578125,321.6050109863281
2026-09-04 19:03:00+00:00,20.383273466442006,500.3999938964844,321.4049987792969
2026-09-04 19:04:00+00:00,20.38564174961084,500.5,321.5
2026-09-04 19:05:00+00:00,20.38564174961084,500.54998779296875,321.69000244140625
2026-09-04 19:06:00+00:00,20.38564174961084,500.3500061035156,321.6400146484375
2026-09-04 19:07:00+00:00,20.38564174961084,500.2449951171875,321.6199951171875
2026-09-04 19:08:00+00:00,20.38564174961084,499.9700012207031,321.8399963378906
2026-09-04 19:09:00+00:00,20.38564174961084,499.94000244140625,321.8800048828125
2026-09-04 19:10:00+00:00,20.38564174961084,500.2099914550781,321.8434143066406
2026-09-04 19:11:00+00:00,20.38564174961084,500.0899963378906,321.79998779296875
2026-09-04 19:12:00+00:00,20.38564174961084,500.1300048828125,322.0450134277344
2026-09-04 19:13:00+00:00,20.38564174961084,500.2799987792969,322.0400085449219
2026-09-04 19:14:00+00:00,20.38564174961084,500.42498779296875,321.989990234375
2026-09-04 19:15:00+00:00,20.38564174961084,500.30999755859375,321.8999938964844
2026-09-04 19:16:00+00:00,20.388010032779675,500.2900085449219,321.8103942871094
2026-09-04 19:17:00+00:00,20.388010032779675,500.2099914550781,321.80999755859375
2026-09-04 19:18:00+00:00,20.388010032779675,500.18499755859375,321.76800537109375
2026-09-04 19:19:00+00:00,20.388010032779675,500.0799865722656,321.7550048828125
2026-09-04 19:20:00+00:00,20.38564174961084,500.0799865722656,321.9150085449219
2026-09-04 19:21:00+00:00,20.388010032779675,500.1000061035156,321.8599853515625
2026-09-04 19:22:00+00:00,20.388010032779675,499.94000244140625,321.9200134277344
2026-09-04 19:23:00+00:00,20.388010032779675,500.05999755859375,321.94000244140625
2026-09-04 19:24:00+00:00,20.388010032779675,500.0199890136719,321.8800048828125
2026-09-04 19:25:00+00:00,20.388010032779675,500.1400146484375,321.9200134277344
2026-09-04 19:26:00+00:00,20.388010032779675,500.0350036621094,321.864990234375
2026-09-04 19:27:00+00:00,20.388010032779675,500.12091064453125,321.82000732421875
2026-09-04 19:28:00+00:00,20.39037831594851,500.2349853515625,321.8100891113281
2026-09-04 19:29:00+00:00,20.39037831594851,500.0199890136719,321.7850036621094
2026-09-04 19:30:00+00:00,20.39037831594851,499.8599853515625,321.55499267578125
2026-09-04 19:31:00+00:00,20.39037831594851,499.7650146484375,321.68499755859375
2026-09-04 19:32:00+00:00,20.388010032779675,499.7900085449219,321.6400146484375
2026-09-04 19:33:00+00:00,20.39037831594851,499.9549865722656,321.7049865722656
2026-09-04 19:34:00+00:00,20.39037831594851,499.92999267578125,321.6400146484375
2026-09-04 19:35:00+00:00,20.388010032779675,499.7149963378906,321.6401062011719
2026-09-04 19:36:00+00:00,20.39037831594851,499.54998779296875,321.67999267578125
2026-09-04 19:37:00+00:00,20.388010032779675,499.69000244140625,321.3900146484375
2026-09-04 19:38:00+00:00,20.39037831594851,499.6600036621094,321.2499084472656
2026-09-04 19:39:00+00:00,20.39037831594851,499.7699890136719,321.010009765625
2026-09-04 19:40:00+00:00,20.39037831594851,499.6600036621094,320.9999084472656
2026-09-04 19:41:00+00:00,20.39037831594851,499.68499755859375,321.0
2026-09-04 19:42:00+00:00,20.39037831594851,499.55999755859375,320.8450012207031
2026-09-04 19:43:00+00:00,20.39037831594851,499.6286926269531,320.6766052246094
2026-09-04 19:44:00+00:00,20.39037831594851,499.8299865722656,320.67999267578125
2026-09-04 19:45:00+00:00,20.39037831594851,499.6400146484375,320.6199951171875
2026-09-04 19:46:00+00:00,20.39037831594851,499.7049865722656,320.6199951171875
2026-09-04 19:47:00+00:00,20.39037831594851,500.0,320.69000244140625
2026-09-04 19:48:00+00:00,20.39037831594851,500.1199951171875,320.4949951171875
2026-09-04 19:49:00+00:00,20.39037831594851,500.0799865722656,320.5
2026-09-04 19:50:00+00:00,20.39037831594851,499.82000732421875,320.3500061035156
2026-09-04 19:51:00+00:00,20.39037831594851,499.7699890136719,320.3999938964844
2026-09-04 19:52:00+00:00,20.39037831594851,499.95001220703125,320.57000732421875
2026-09-04 19:53:00+00:00,20.39037831594851,500.32000732421875,320.5506896972656
2026-09-04 19:54:00+00:00,20.39037831594851,500.55999755859375,320.7200012207031
2026-09-04 19:55:00+00:00,20.39037831594851,500.2300109863281,320.6000061035156
2026-09-04 19:56:00+00:00,20.39037831594851,500.125,320.3301086425781
2026-09-04 19:57:00+00:00,20.388010032779675,499.8999938964844,320.2699890136719
2026-09-04 19:58:00+00:00,20.388010032779675,499.6499938964844,319.8299865722656
2026-09-04 19:59:00+00:00,20.388010032779675,499.67999267578125,319.989990234375
2026-09-04 20:00:00+00:00,20.388010032779675,499.67999267578125,319.989990234375
2026-09-04 20:01:00+00:00,20.39037831594851,499.67999267578125,319.989990234375
2026-09-04 20:02:00+00:00,20.39037831594851,499.67999267578125,319.989990234375
2026-09-04 20:03:00+00:00,20.39037831594851,499.67999267578125,319.989990234375
2026-09-04 20:04:00+00:00,20.388010032779675,499.67999267578125,319.989990234375
2026-09-04 20:05:00+00:00,20.388010032779675,499.67999267578125,319.989990234375
2026-09-04 20:06:00+00:00,20.388010032779675,499.67999267578125,319.989990234375
2026-09-04 20:07:00+00:00,20.388010032779675,499.67999267578125,319.989990234375
2026-09-04 20:08:00+00:00,20.38564174961084,499.67999267578125,319.989990234375
2026-09-04 20:09:00+00:00,20.38564174961084,499.67999267578125,319.989990234375
2026-09-04 20:10:00+00:00,20.38564174961084,499.67999267578125,319.989990234375
2026-09-04 20:11:00+00:00,20.38564174961084,499.67999267578125,319.989990234375
2026-09-04 20:12:00+00:00,20.38564174961084,499.67999267578125,319.989990234375
2026-09-04 20:13:00+00:00,20.38564174961084,499.67999267578125,319.989990234375
2026-09-04 20:14:00+00:00,20.38564174961084,499.67999267578125,319.989990234375
2026-09-04 20:15:00+00:00,20.38564174961084,499.67999267578125,319.989990234375
2026-09-04 20:16:00+00:00,20.38564174961084,499.67999267578125,319.989990234375
2026-09-04 20:17:00+00:00,20.38564174961084,499.67999267578125,319.989990234375
2026-09-04 20:18:00+00:00,20.38564174961084,499.67999267578125,319.989990234375
2026-09-04 20:19:00+00:00,20.388010032779675,499.67999267578125,319.989990234375
2026-09-04 20:20:00+00:00,20.388010032779675,499.67999267578125,319.989990234375
2026-09-04 20:21:00+00:00,20.388010032779675,499.67999267578125,319.989990234375
2026-09-04 20:22:00+00:00,20.388010032779675,499.67999267578125,319.989990234375
2026-09-04 20:23:00+00:00,20.388010032779675,499.67999267578125,319.989990234375
2026-09-04 20:24:00+00:00,20.388010032779675,499.67999267578125,319.989990234375
2026-09-04 20:25:00+00:00,20.388010032779675,499.67999267578125,319.989990234375
2026-09-04 20:26:00+00:00,20.38564174961084,499.67999267578125,319.989990234375
2026-09-04 20:27:00+00:00,20.38564174961084,499.67999267578125,319.989990234375
2026-09-04 20:28:00+00:00,20.38564174961084,499.67999267578125,319.989990234375
2026-09-04 20:29:00+00:00,20.388010032779675,499.67999267578125,319.989990234375
2026-09-04 20:30:00+00:00,20.388010032779675,499.67999267578125,319.989990234375
2026-09-04 20:31:00+00:00,20.388010032779675,499.67999267578125,319.989990234375
2026-09-04 20:32:00+00:00,20.38564174961084,499.67999267578125,319.989990234375
2026-09-04 20:33:00+00:00,20.388010032779675,499.67999267578125,319.989990234375
2026-09-04 20:34:00+00:00,20.388010032779675,499.67999267578125,319.989990234375
2026-09-04 20:35:00+00:00,20.38564174961084,499.67999267578125,319.989990234375
2026-09-04 20:36:00+00:00,20.38564174961084,499.67999267578125,319.989990234375
2026-09-04 20:37:00+00:00,20.38564174961084,499.67999267578125,319.989990234375
2026-09-04 20:38:00+00:00,20.38564174961084,499.67999267578125,319.989990234375
2026-09-04 20:39:00+00:00,20.38564174961084,499.67999267578125,319.989990234375
2026-09-04 20:40:00+00:00,20.38564174961084,499.67999267578125,319.989990234375
2026-09-04 20:41:00+00:00,20.38564174961084,499.67999267578125,319.989990234375
2026-09-04 20:42:00+00:00,20.38564174961084,499.67999267578125,319.989990234375
2026-09-04 20:43:00+00:00,20.38564174961084,499.67999267578125,319.989990234375
2026-09-04 20:44:00+00:00,20.38564174961084,499.67999267578125,319.989990234375
2026-09-04 20:45:00+00:00,20.38564174961084,499.67999267578125,319.989990234375
2026-09-04 20:46:00+00:00,20.38564174961084,499.67999267578125,319.989990234375
2026-09-04 20:47:00+00:00,20.38564174961084,499.67999267578125,319.989990234375
2026-09-04 20:48:00+00:00,20.38564174961084,499.67999267578125,319.989990234375
2026-09-04 20:49:00+00:00,20.38564174961084,499.67999267578125,319.989990234375
2026-09-04 20:50:00+00:00,20.38564174961084,499.67999267578125,319.989990234375
2026-09-04 20:51:00+00:00,20.38564174961084,499.67999267578125,319.989990234375
2026-09-04 20:52:00+00:00,20.38564174961084,499.67999267578125,319.989990234375
2026-09-04 20:53:00+00:00,20.38564174961084,499.67999267578125,319.989990234375
2026-09-04 20:54:00+00:00,20.38564174961084,499.67999267578125,319.989990234375
2026-09-04 20:55:00+00:00,20.388010032779675,499.67999267578125,319.989990234375
2026-09-04 20:56:00+00:00,20.388010032779675,499.67999267578125,319.989990234375
2026-09-04 20:57:00+00:00,20.388010032779675,499.67999267578125,319.989990234375
2026-09-04 20:58:00+00:00,20.388010032779675,499.67999267578125,319.989990234375
2026-09-04 20:59:00+00:00,20.388010032779675,499.67999267578125,319.989990234375
2026-09-04 21:00:00+00:00,20.39511906653206,499.67999267578125,319.989990234375
2026-09-04 21:01:00+00:00,20.39511906653206,499.67999267578125,319.989990234375
2026-09-04 21:02:00+00:00,20.39511906653206,499.67999267578125,319.989990234375
2026-09-04 21:03:00+00:00,20.39511906653206,499.67999267578125,319.989990234375
2026-09-04 21:04:00+00:00,20.39511906653206,499.67999267578125,319.989990234375
2026-09-04 21:05:00+00:00,20.39511906653206,499.67999267578125,319.989990234375
2026-09-04 21:06:00+00:00,20.39511906653206,499.67999267578125,319.989990234375
2026-09-04 21:07:00+00:00,20.39511906653206,499.67999267578125,319.989990234375
2026-09-04 21:08:00+00:00,20.39511906653206,499.67999267578125,319.989990234375
2026-09-04 21:09:00+00:00,20.39511906653206,499.67999267578125,319.989990234375
2026-09-04 21:10:00+00:00,20.39511906653206,499.67999267578125,319.989990234375
2026-09-04 21:11:00+00:00,20.39511906653206,499.67999267578125,319.989990234375
2026-09-04 21:12:00+00:00,20.39511906653206,499.67999267578125,319.989990234375
2026-09-04 21:13:00+00:00,20.39511906653206,499.67999267578125,319.989990234375
2026-09-04 21:14:00+00:00,20.39511906653206,499.67999267578125,319.989990234375
2026-09-04 21:15:00+00:00,20.39511906653206,499.67999267578125,319.989990234375
2026-09-04 21:16:00+00:00,20.39511906653206,499.67999267578125,319.989990234375
2026-09-04 21:17:00+00:00,20.39511906653206,499.67999267578125,319.989990234375
2026-09-04 21:18:00+00:00,20.39511906653206,499.67999267578125,319.989990234375
2026-09-04 21:19:00+00:00,20.39511906653206,499.67999267578125,319.989990234375
2026-09-04 21:20:00+00:00,20.39511906653206,499.67999267578125,319.989990234375
2026-09-04 21:21:00+00:00,20.39511906653206,499.67999267578125,319.989990234375
2026-09-04 21:22:00+00:00,20.39511906653206,499.67999267578125,319.989990234375
2026-09-04 21:23:00+00:00,20.39511906653206,499.67999267578125,319.989990234375
2026-09-04 21:24:00+00:00,20.39511906653206,499.67999267578125,319.989990234375
2026-09-04 21:25:00+00:00,20.39511906653206,499.67999267578125,319.989990234375
2026-09-04 21:26:00+00:00,20.39511906653206,499.67999267578125,319.989990234375
2026-09-04 21:27:00+00:00,20.39511906653206,499.67999267578125,319.989990234375
2026-09-04 21:28:00+00:00,20.39511906653206,499.67999267578125,319.989990234375
2026-09-04 21:29:00+00:00,20.39511906653206,499.67999267578125,319.989990234375
2026-09-06 23:00:00+00:00,20.388010032779675,499.67999267578125,319.989990234375
2026-09-06 23:01:00+00:00,20.388010032779675,499.67999267578125,319.989990234375
2026-09-06 23:02:00+00:00,20.388010032779675,499.67999267578125,319.989990234375
2026-09-06 23:03:00+00:00,20.388010032779675,499.67999267578125,319.989990234375
2026-09-06 23:04:00+00:00,20.388010032779675,499.67999267578125,319.989990234375
2026-09-06 23:05:00+00:00,20.388010032779675,499.67999267578125,319.989990234375
2026-09-06 23:06:00+00:00,20.388010032779675,499.67999267578125,319.989990234375
2026-09-06 23:07:00+00:00,20.388010032779675,499.67999267578125,319.989990234375
2026-09-06 23:08:00+00:00,20.388010032779675,499.67999267578125,319.989990234375
2026-09-06 23:09:00+00:00,20.388010032779675,499.67999267578125,319.989990234375
2026-09-06 23:10:00+00:00,20.388010032779675,499.67999267578125,319.989990234375
2026-09-06 23:11:00+00:00,20.388010032779675,499.67999267578125,319.989990234375
2026-09-06 23:12:00+00:00,20.39037831594851,499.67999267578125,319.989990234375
2026-09-06 23:13:00+00:00,20.39037831594851,499.67999267578125,319.989990234375
2026-09-06 23:14:00+00:00,20.39037831594851,499.67999267578125,319.989990234375
2026-09-06 23:15:00+00:00,20.39037831594851,499.67999267578125,319.989990234375
2026-09-06 23:16:00+00:00,20.39037831594851,499.67999267578125,319.989990234375
2026-09-06 23:17:00+00:00,20.39037831594851,499.67999267578125,319.989990234375
2026-09-06 23:18:00+00:00,20.39037831594851,499.67999267578125,319.989990234375
2026-09-06 23:19:00+00:00,20.39037831594851,499.67999267578125,319.989990234375
2026-09-06 23:20:00+00:00,20.39037831594851,499.67999267578125,319.989990234375
2026-09-06 23:21:00+00:00,20.39037831594851,499.67999267578125,319.989990234375
2026-09-06 23:22:00+00:00,20.39037831594851,499.67999267578125,319.989990234375
2026-09-06 23:23:00+00:00,20.39037831594851,499.67999267578125,319.989990234375
2026-09-06 23:24:00+00:00,20.39037831594851,499.67999267578125,319.989990234375
2026-09-06 23:25:00+00:00,20.39037831594851,499.67999267578125,319.989990234375
2026-09-06 23:26:00+00:00,20.39037831594851,499.67999267578125,319.989990234375
2026-09-06 23:27:00+00:00,20.39037831594851,499.67999267578125,319.989990234375
2026-09-06 23:28:00+00:00,20.39037831594851,499.67999267578125,319.989990234375
2026-09-06 23:29:00+00:00,20.39037831594851,499.67999267578125,319.989990234375
2026-09-06 23:30:00+00:00,20.39037831594851,499.67999267578125,319.989990234375
2026-09-06 23:31:00+00:00,20.39037831594851,499.67999267578125,319.989990234375
2026-09-06 23:32:00+00:00,20.39037831594851,499.67999267578125,319.989990234375
2026-09-06 23:33:00+00:00,20.392748691240286,499.67999267578125,319.989990234375
2026-09-06 23:34:00+00:00,20.392748691240286,499.67999267578125,319.989990234375
2026-09-06 23:35:00+00:00,20.392748691240286,499.67999267578125,319.989990234375
2026-09-06 23:36:00+00:00,20.392748691240286,499.67999267578125,319.989990234375
2026-09-06 23:37:00+00:00,20.39037831594851,499.67999267578125,319.989990234375
2026-09-06 23:38:00+00:00,20.39037831594851,499.67999267578125,319.989990234375
2026-09-06 23:39:00+00:00,20.39037831594851,499.67999267578125,319.989990234375
2026-09-06 23:40:00+00:00,20.39037831594851,499.67999267578125,319.989990234375
2026-09-06 23:41:00+00:00,20.39037831594851,499.67999267578125,319.989990234375
2026-09-06 23:42:00+00:00,20.39037831594851,499.67999267578125,319.989990234375
2026-09-06 23:43:00+00:00,20.392748691240286,499.67999267578125,319.989990234375
2026-09-06 23:44:00+00:00,20.39037831594851,499.67999267578125,319.989990234375
2026-09-06 23:45:00+00:00,20.392748691240286,499.67999267578125,319.989990234375
2026-09-06 23:46:00+00:00,20.39037831594851,499.67999267578125,319.989990234375
2026-09-06 23:47:00+00:00,20.39037831594851,499.67999267578125,319.989990234375
2026-09-06 23:48:00+00:00,20.388010032779675,499.67999267578125,319.989990234375
2026-09-06 23:49:00+00:00,20.388010032779675,499.67999267578125,319.989990234375
2026-09-06 23:50:00+00:00,20.388010032779675,499.67999267578125,319.989990234375
2026-09-06 23:51:00+00:00,20.388010032779675,499.67999267578125,319.989990234375
2026-09-06 23:52:00+00:00,20.388010032779675,499.67999267578125,319.989990234375
2026-09-06 23:53:00+00:00,20.388010032779675,499.67999267578125,319.989990234375
2026-09-06 23:54:00+00:00,20.388010032779675,499.67999267578125,319.989990234375
2026-09-06 23:55:00+00:00,20.39037831594851,499.67999267578125,319.989990234375
2026-09-06 23:56:00+00:00,20.39037831594851,499.67999267578125,319.989990234375
2026-09-06 23:57:00+00:00,20.39037831594851,499.67999267578125,319.989990234375
2026-09-06 23:58:00+00:00,20.388010032779675,499.67999267578125,319.989990234375
2026-09-06 23:59:00+00:00,20.388010032779675,499.67999267578125,319.989990234375
2026-09-07 00:00:00+00:00,20.388010032779675,499.67999267578125,319.989990234375
2026-09-07 00:01:00+00:00,20.388010032779675,499.67999267578125,319.989990234375
2026-09-07 00:02:00+00:00,20.388010032779675,499.67999267578125,319.989990234375
2026-09-07 00:03:00+00:00,20.388010032779675,499.67999267578125,319.989990234375
2026-09-07 00:04:00+00:00,20.388010032779675,499.67999267578125,319.989990234375
2026-09-07 00:05:00+00:00,20.388010032779675,499.67999267578125,319.989990234375
2026-09-07 00:06:00+00:00,20.388010032779675,499.67999267578125,319.989990234375
2026-09-07 00:07:00+00:00,20.388010032779675,499.67999267578125,319.989990234375
2026-09-07 00:08:00+00:00,20.388010032779675,499.67999267578125,319.989990234375
2026-09-07 00:09:00+00:00,20.388010032779675,499.67999267578125,319.989990234375
2026-09-07 00:10:00+00:00,20.388010032779675,499.67999267578125,319.989990234375
2026-09-07 00:11:00+00:00,20.39037831594851,499.67999267578125,319.989990234375
2026-09-07 00:12:00+00:00,20.39037831594851,499.67999267578125,319.989990234375
2026-09-07 00:13:00+00:00,20.39037831594851,499.67999267578125,319.989990234375
2026-09-07 00:14:00+00:00,20.39037831594851,499.67999267578125,319.989990234375
2026-09-07 00:15:00+00:00,20.39037831594851,499.67999267578125,319.989990234375
2026-09-07 00:16:00+00:00,20.39037831594851,499.67999267578125,319.989990234375
2026-09-07 00:17:00+00:00,20.392748691240286,499.67999267578125,319.989990234375
2026-09-07 00:18:00+00:00,20.392748691240286,499.67999267578125,319.989990234375
2026-09-07 00:19:00+00:00,20.392748691240286,499.67999267578125,319.989990234375
2026-09-07 00:20:00+00:00,20.392748691240286,499.67999267578125,319.989990234375
2026-09-07 00:21:00+00:00,20.39037831594851,499.67999267578125,319.989990234375
2026-09-07 00:22:00+00:00,20.39037831594851,499.67999267578125,319.989990234375
2026-09-07 00:23:00+00:00,20.39511906653206,499.67999267578125,319.989990234375
2026-09-07 00:24:00+00:00,20.392748691240286,499.67999267578125,319.989990234375
2026-09-07 00:25:00+00:00,20.392748691240286,499.67999267578125,319.989990234375
2026-09-07 00:26:00+00:00,20.392748691240286,499.67999267578125,319.989990234375
2026-09-07 00:27:00+00:00,20.39511906653206,499.67999267578125,319.989990234375
2026-09-07 00:28:00+00:00,20.39511906653206,499.67999267578125,319.989990234375
2026-09-07 00:29:00+00:00,20.39511906653206,499.67999267578125,319.989990234375
2026-09-07 00:30:00+00:00,20.39511906653206,499.67999267578125,319.989990234375
2026-09-07 00:31:00+00:00,20.397487349700896,499.67999267578125,319.989990234375
2026-09-07 00:32:00+00:00,20.397487349700896,499.67999267578125,319.989990234375
2026-09-07 00:33:00+00:00,20.397487349700896,499.67999267578125,319.989990234375
2026-09-07 00:34:00+00:00,20.397487349700896,499.67999267578125,319.989990234375
2026-09-07 00:35:00+00:00,20.39511906653206,499.67999267578125,319.989990234375
2026-09-07 00:36:00+00:00,20.397487349700896,499.67999267578125,319.989990234375
2026-09-07 00:37:00+00:00,20.397487349700896,499.67999267578125,319.989990234375
2026-09-07 00:38:00+00:00,20.397487349700896,499.67999267578125,319.989990234375
2026-09-07 00:39:00+00:00,20.397487349700896,499.67999267578125,319.989990234375
2026-09-07 00:40:00+00:00,20.397487349700896,499.67999267578125,319.989990234375
2026-09-07 00:41:00+00:00,20.397487349700896,499.67999267578125,319.989990234375
2026-09-07 00:42:00+00:00,20.397487349700896,499.67999267578125,319.989990234375
2026-09-07 00:43:00+00:00,20.397487349700896,499.67999267578125,319.989990234375
2026-09-07 00:44:00+00:00,20.397487349700896,499.67999267578125,319.989990234375
2026-09-07 00:45:00+00:00,20.397487349700896,499.67999267578125,319.989990234375
2026-09-07 00:46:00+00:00,20.397487349700896,499.67999267578125,319.989990234375
2026-09-07 00:47:00+00:00,20.397487349700896,499.67999267578125,319.989990234375
2026-09-07 00:48:00+00:00,20.397487349700896,499.67999267578125,319.989990234375
2026-09-07 00:49:00+00:00,20.399859817115612,499.67999267578125,319.989990234375
2026-09-07 00:50:00+00:00,20.397487349700896,499.67999267578125,319.989990234375
2026-09-07 00:51:00+00:00,20.399859817115612,499.67999267578125,319.989990234375
2026-09-07 00:52:00+00:00,20.399859817115612,499.67999267578125,319.989990234375
2026-09-07 00:53:00+00:00,20.397487349700896,499.67999267578125,319.989990234375
2026-09-07 00:54:00+00:00,20.39511906653206,499.67999267578125,319.989990234375
2026-09-07 00:55:00+00:00,20.397487349700896,499.67999267578125,319.989990234375
2026-09-07 00:56:00+00:00,20.39511906653206,499.67999267578125,319.989990234375
2026-09-07 00:57:00+00:00,20.39511906653206,499.67999267578125,319.989990234375
2026-09-07 00:58:00+00:00,20.39511906653206,499.67999267578125,319.989990234375
2026-09-07 00:59:00+00:00,20.39511906653206,499.67999267578125,319.989990234375
2026-09-07 01:00:00+00:00,20.39511906653206,499.67999267578125,319.989990234375
2026-09-07 01:01:00+00:00,20.39511906653206,499.67999267578125,319.989990234375
2026-09-07 01:02:00+00:00,20.39511906653206,499.67999267578125,319.989990234375
2026-09-07 01:03:00+00:00,20.392748691240286,499.67999267578125,319.989990234375
2026-09-07 01:04:00+00:00,20.392748691240286,499.67999267578125,319.989990234375
2026-09-07 01:05:00+00:00,20.392748691240286,499.67999267578125,319.989990234375
2026-09-07 01:06:00+00:00,20.39511906653206,499.67999267578125,319.989990234375
2026-09-07 01:07:00+00:00,20.392748691240286,499.67999267578125,319.989990234375
2026-09-07 01:08:00+00:00,20.39511906653206,499.67999267578125,319.989990234375
2026-09-07 01:09:00+00:00,20.392748691240286,499.67999267578125,319.989990234375
2026-09-07 01:10:00+00:00,20.39037831594851,499.67999267578125,319.989990234375
2026-09-07 01:11:00+00:00,20.392748691240286,499.67999267578125,319.989990234375
2026-09-07 01:12:00+00:00,20.39511906653206,499.67999267578125,319.989990234375
2026-09-07 01:13:00+00:00,20.392748691240286,499.67999267578125,319.989990234375
2026-09-07 01:14:00+00:00,20.39511906653206,499.67999267578125,319.989990234375
2026-09-07 01:15:00+00:00,20.39037831594851,499.67999267578125,319.989990234375
2026-09-07 01:16:00+00:00,20.388010032779675,499.67999267578125,319.989990234375
2026-09-07 01:17:00+00:00,20.39037831594851,499.67999267578125,319.989990234375
2026-09-07 01:18:00+00:00,20.388010032779675,499.67999267578125,319.989990234375
2026-09-07 01:19:00+00:00,20.388010032779675,499.67999267578125,319.989990234375
2026-09-07 01:20:00+00:00,20.388010032779675,499.67999267578125,319.989990234375
2026-09-07 01:21:00+00:00,20.39037831594851,499.67999267578125,319.989990234375
2026-09-07 01:22:00+00:00,20.39037831594851,499.67999267578125,319.989990234375
2026-09-07 01:23:00+00:00,20.39037831594851,499.67999267578125,319.989990234375
2026-09-07 01:24:00+00:00,20.39037831594851,499.67999267578125,319.989990234375
2026-09-07 01:25:00+00:00,20.39037831594851,499.67999267578125,319.989990234375
2026-09-07 01:26:00+00:00,20.392748691240286,499.67999267578125,319.989990234375
2026-09-07 01:27:00+00:00,20.392748691240286,499.67999267578125,319.989990234375
2026-09-07 01:28:00+00:00,20.392748691240286,499.67999267578125,319.989990234375
2026-09-07 01:29:00+00:00,20.392748691240286,499.67999267578125,319.989990234375
2026-09-07 01:30:00+00:00,20.392748691240286,499.67999267578125,319.989990234375
2026-09-07 01:31:00+00:00,20.39037831594851,499.67999267578125,319.989990234375
2026-09-07 01:32:00+00:00,20.39037831594851,499.67999267578125,319.989990234375
2026-09-07 01:33:00+00:00,20.392748691240286,499.67999267578125,319.989990234375
2026-09-07 01:34:00+00:00,20.39037831594851,499.67999267578125,319.989990234375
2026-09-07 01:35:00+00:00,20.39037831594851,499.67999267578125,319.989990234375
2026-09-07 01:36:00+00:00,20.39037831594851,499.67999267578125,319.989990234375
2026-09-07 01:37:00+00:00,20.39037831594851,499.67999267578125,319.989990234375
2026-09-07 01:38:00+00:00,20.39037831594851,499.67999267578125,319.989990234375
2026-09-07 01:39:00+00:00,20.392748691240286,499.67999267578125,319.989990234375
2026-09-07 01:40:00+00:00,20.39037831594851,499.67999267578125,319.989990234375
2026-09-07 01:41:00+00:00,20.388010032779675,499.67999267578125,319.989990234375
2026-09-07 01:42:00+00:00,20.388010032779675,499.67999267578125,319.989990234375
2026-09-07 01:43:00+00:00,20.388010032779675,499.67999267578125,319.989990234375
2026-09-07 01:44:00+00:00,20.388010032779675,499.67999267578125,319.989990234375
2026-09-07 01:45:00+00:00,20.388010032779675,499.67999267578125,319.989990234375
2026-09-07 01:46:00+00:00,20.388010032779675,499.67999267578125,319.989990234375
2026-09-07 01:47:00+00:00,20.388010032779675,499.67999267578125,319.989990234375
2026-09-07 01:48:00+00:00,20.388010032779675,499.67999267578125,319.989990234375
2026-09-07 01:49:00+00:00,20.39037831594851,499.67999267578125,319.989990234375
2026-09-07 01:50:00+00:00,20.39037831594851,499.67999267578125,319.989990234375
2026-09-07 01:51:00+00:00,20.39037831594851,499.67999267578125,319.989990234375
2026-09-07 01:52:00+00:00,20.392748691240286,499.67999267578125,319.989990234375
2026-09-07 01:53:00+00:00,20.392748691240286,499.67999267578125,319.989990234375
2026-09-07 01:54:00+00:00,20.392748691240286,499.67999267578125,319.989990234375
2026-09-07 01:55:00+00:00,20.39037831594851,499.67999267578125,319.989990234375
2026-09-07 01:56:00+00:00,20.388010032779675,499.67999267578125,319.989990234375
2026-09-07 01:57:00+00:00,20.39037831594851,499.67999267578125,319.989990234375
2026-09-07 01:58:00+00:00,20.388010032779675,499.67999267578125,319.989990234375
2026-09-07 01:59:00+00:00,20.388010032779675,499.67999267578125,319.989990234375
2026-09-07 02:00:00+00:00,20.388010032779675,499.67999267578125,319.989990234375
2026-09-07 02:01:00+00:00,20.38564174961084,499.67999267578125,319.989990234375
2026-09-07 02:02:00+00:00,20.38564174961084,499.67999267578125,319.989990234375
2026-09-07 02:03:00+00:00,20.38564174961084,499.67999267578125,319.989990234375
2026-09-07 02:04:00+00:00,20.388010032779675,499.67999267578125,319.989990234375
2026-09-07 02:05:00+00:00,20.388010032779675,499.67999267578125,319.989990234375
2026-09-07 02:06:00+00:00,20.38564174961084,499.67999267578125,319.989990234375
2026-09-07 02:07:00+00:00,20.38564174961084,499.67999267578125,319.989990234375
2026-09-07 02:08:00+00:00,20.383273466442006,499.67999267578125,319.989990234375
2026-09-07 02:09:00+00:00,20.383273466442006,499.67999267578125,319.989990234375
2026-09-07 02:10:00+00:00,20.383273466442006,499.67999267578125,319.989990234375
2026-09-07 02:11:00+00:00,20.383273466442006,499.67999267578125,319.989990234375
2026-09-07 02:12:00+00:00,20.383273466442006,499.67999267578125,319.989990234375
2026-09-07 02:13:00+00:00,20.380907275396112,499.67999267578125,319.989990234375
2026-09-07 02:14:00+00:00,20.380907275396112,499.67999267578125,319.989990234375
2026-09-07 02:15:00+00:00,20.380907275396112,499.67999267578125,319.989990234375
2026-09-07 02:16:00+00:00,20.380907275396112,499.67999267578125,319.989990234375
2026-09-07 02:17:00+00:00,20.380907275396112,499.67999267578125,319.989990234375
2026-09-07 02:18:00+00:00,20.380907275396112,499.67999267578125,319.989990234375
2026-09-07 02:19:00+00:00,20.383273466442006,499.67999267578125,319.989990234375
2026-09-07 02:20:00+00:00,20.380907275396112,499.67999267578125,319.989990234375
2026-09-07 02:21:00+00:00,20.380907275396112,499.67999267578125,319.989990234375
2026-09-07 02:22:00+00:00,20.380907275396112,499.67999267578125,319.989990234375
2026-09-07 02:23:00+00:00,20.380907275396112,499.67999267578125,319.989990234375
2026-09-07 02:24:00+00:00,20.380907275396112,499.67999267578125,319.989990234375
2026-09-07 02:25:00+00:00,20.383273466442006,499.67999267578125,319.989990234375
2026-09-07 02:26:00+00:00,20.383273466442006,499.67999267578125,319.989990234375
2026-09-07 02:27:00+00:00,20.383273466442006,499.67999267578125,319.989990234375
2026-09-07 02:28:00+00:00,20.383273466442006,499.67999267578125,319.989990234375
2026-09-07 02:29:00+00:00,20.383273466442006,499.67999267578125,319.989990234375
2026-09-07 02:30:00+00:00,20.383273466442006,499.67999267578125,319.989990234375
2026-09-07 02:31:00+00:00,20.38564174961084,499.67999267578125,319.989990234375
2026-09-07 02:32:00+00:00,20.383273466442006,499.67999267578125,319.989990234375
2026-09-07 02:33:00+00:00,20.383273466442006,499.67999267578125,319.989990234375
2026-09-07 02:34:00+00:00,20.383273466442006,499.67999267578125,319.989990234375
2026-09-07 02:35:00+00:00,20.383273466442006,499.67999267578125,319.989990234375
2026-09-07 02:36:00+00:00,20.383273466442006,499.67999267578125,319.989990234375
2026-09-07 02:37:00+00:00,20.383273466442006,499.67999267578125,319.989990234375
2026-09-07 02:38:00+00:00,20.383273466442006,499.67999267578125,319.989990234375
2026-09-07 02:39:00+00:00,20.38564174961084,499.67999267578125,319.989990234375
2026-09-07 02:40:00+00:00,20.383273466442006,499.67999267578125,319.989990234375
2026-09-07 02:41:00+00:00,20.383273466442006,499.67999267578125,319.989990234375
2026-09-07 02:42:00+00:00,20.380907275396112,499.67999267578125,319.989990234375
2026-09-07 02:43:00+00:00,20.380907275396112,499.67999267578125,319.989990234375
2026-09-07 02:44:00+00:00,20.380907275396112,499.67999267578125,319.989990234375
2026-09-07 02:45:00+00:00,20.380907275396112,499.67999267578125,319.989990234375
2026-09-07 02:46:00+00:00,20.380907275396112,499.67999267578125,319.989990234375
2026-09-07 02:47:00+00:00,20.380907275396112,499.67999267578125,319.989990234375
2026-09-07 02:48:00+00:00,20.380907275396112,499.67999267578125,319.989990234375
2026-09-07 02:49:00+00:00,20.380907275396112,499.67999267578125,319.989990234375
2026-09-07 02:50:00+00:00,20.380907275396112,499.67999267578125,319.989990234375
2026-09-07 02:51:00+00:00,20.380907275396112,499.67999267578125,319.989990234375
2026-09-07 02:52:00+00:00,20.380907275396112,499.67999267578125,319.989990234375
2026-09-07 02:53:00+00:00,20.378541084350218,499.67999267578125,319.989990234375
2026-09-07 02:54:00+00:00,20.380907275396112,499.67999267578125,319.989990234375
2026-09-07 02:55:00+00:00,20.378541084350218,499.67999267578125,319.989990234375
2026-09-07 02:56:00+00:00,20.378541084350218,499.67999267578125,319.989990234375
2026-09-07 02:57:00+00:00,20.378541084350218,499.67999267578125,319.989990234375
2026-09-07 02:58:00+00:00,20.380907275396112,499.67999267578125,319.989990234375
2026-09-07 02:59:00+00:00,20.380907275396112,499.67999267578125,319.989990234375
2026-09-07 03:00:00+00:00,20.378541084350218,499.67999267578125,319.989990234375
2026-09-07 03:01:00+00:00,20.380907275396112,499.67999267578125,319.989990234375
2026-09-07 03:02:00+00:00,20.378541084350218,499.67999267578125,319.989990234375
2026-09-07 03:03:00+00:00,20.380907275396112,499.67999267578125,319.989990234375
2026-09-07 03:04:00+00:00,20.380907275396112,499.67999267578125,319.989990234375
2026-09-07 03:05:00+00:00,20.380907275396112,499.67999267578125,319.989990234375
2026-09-07 03:06:00+00:00,20.380907275396112,499.67999267578125,319.989990234375
2026-09-07 03:07:00+00:00,20.380907275396112,499.67999267578125,319.989990234375
2026-09-07 03:08:00+00:00,20.380907275396112,499.67999267578125,319.989990234375
2026-09-07 03:09:00+00:00,20.380907275396112,499.67999267578125,319.989990234375
2026-09-07 03:10:00+00:00,20.378541084350218,499.67999267578125,319.989990234375
2026-09-07 03:11:00+00:00,20.380907275396112,499.67999267578125,319.989990234375
2026-09-07 03:12:00+00:00,20.380907275396112,499.67999267578125,319.989990234375
2026-09-07 03:13:00+00:00,20.380907275396112,499.67999267578125,319.989990234375
2026-09-07 03:14:00+00:00,20.380907275396112,499.67999267578125,319.989990234375
2026-09-07 03:15:00+00:00,20.380907275396112,499.67999267578125,319.989990234375
2026-09-07 03:16:00+00:00,20.380907275396112,499.67999267578125,319.989990234375
2026-09-07 03:17:00+00:00,20.380907275396112,499.67999267578125,319.989990234375
2026-09-07 03:18:00+00:00,20.380907275396112,499.67999267578125,319.989990234375
2026-09-07 03:19:00+00:00,20.383273466442006,499.67999267578125,319.989990234375
2026-09-07 03:20:00+00:00,20.383273466442006,499.67999267578125,319.989990234375
2026-09-07 03:21:00+00:00,20.383273466442006,499.67999267578125,319.989990234375
2026-09-07 03:22:00+00:00,20.38564174961084,499.67999267578125,319.989990234375
2026-09-07 03:23:00+00:00,20.38564174961084,499.67999267578125,319.989990234375
2026-09-07 03:24:00+00:00,20.38564174961084,499.67999267578125,319.989990234375
2026-09-07 03:25:00+00:00,20.38564174961084,499.67999267578125,319.989990234375
2026-09-07 03:26:00+00:00,20.38564174961084,499.67999267578125,319.989990234375
2026-09-07 03:27:00+00:00,20.38564174961084,499.67999267578125,319.989990234375
2026-09-07 03:28:00+00:00,20.383273466442006,499.67999267578125,319.989990234375
2026-09-07 03:29:00+00:00,20.38564174961084,499.67999267578125,319.989990234375
2026-09-07 03:30:00+00:00,20.38564174961084,499.67999267578125,319.989990234375
2026-09-07 03:31:00+00:00,20.383273466442006,499.67999267578125,319.989990234375
2026-09-07 03:32:00+00:00,20.383273466442006,499.67999267578125,319.989990234375
2026-09-07 03:33:00+00:00,20.383273466442006,499.67999267578125,319.989990234375
2026-09-07 03:34:00+00:00,20.380907275396112,499.67999267578125,319.989990234375
2026-09-07 03:35:00+00:00,20.380907275396112,499.67999267578125,319.989990234375
2026-09-07 03:36:00+00:00,20.383273466442006,499.67999267578125,319.989990234375
2026-09-07 03:37:00+00:00,20.380907275396112,499.67999267578125,319.989990234375
2026-09-07 03:38:00+00:00,20.383273466442006,499.67999267578125,319.989990234375
2026-09-07 03:39:00+00:00,20.380907275396112,499.67999267578125,319.989990234375
2026-09-07 03:40:00+00:00,20.380907275396112,499.67999267578125,319.989990234375
2026-09-07 03:41:00+00:00,20.383273466442006,499.67999267578125,319.989990234375
2026-09-07 03:42:00+00:00,20.380907275396112,499.67999267578125,319.989990234375
2026-09-07 03:43:00+00:00,20.380907275396112,499.67999267578125,319.989990234375
2026-09-07 03:44:00+00:00,20.380907275396112,499.67999267578125,319.989990234375
2026-09-07 03:45:00+00:00,20.380907275396112,499.67999267578125,319.989990234375
2026-09-07 03:46:00+00:00,20.380907275396112,499.67999267578125,319.989990234375
2026-09-07 03:47:00+00:00,20.380907275396112,499.67999267578125,319.989990234375
2026-09-07 03:48:00+00:00,20.380907275396112,499.67999267578125,319.989990234375
2026-09-07 03:49:00+00:00,20.380907275396112,499.67999267578125,319.989990234375
2026-09-07 03:50:00+00:00,20.380907275396112,499.67999267578125,319.989990234375
2026-09-07 03:51:00+00:00,20.380907275396112,499.67999267578125,319.989990234375
2026-09-07 03:52:00+00:00,20.380907275396112,499.67999267578125,319.989990234375
2026-09-07 03:53:00+00:00,20.380907275396112,499.67999267578125,319.989990234375
2026-09-07 03:54:00+00:00,20.380907275396112,499.67999267578125,319.989990234375
2026-09-07 03:55:00+00:00,20.380907275396112,499.67999267578125,319.989990234375
2026-09-07 03:56:00+00:00,20.380907275396112,499.67999267578125,319.989990234375
2026-09-07 03:57:00+00:00,20.383273466442006,499.67999267578125,319.989990234375
2026-09-07 03:58:00+00:00,20.383273466442006,499.67999267578125,319.989990234375
2026-09-07 03:59:00+00:00,20.383273466442006,499.67999267578125,319.989990234375
2026-09-07 04:00:00+00:00,20.383273466442006,499.67999267578125,319.989990234375
2026-09-07 04:01:00+00:00,20.383273466442006,499.67999267578125,319.989990234375
2026-09-07 04:02:00+00:00,20.383273466442006,499.67999267578125,319.989990234375
2026-09-07 04:03:00+00:00,20.383273466442006,499.67999267578125,319.989990234375
2026-09-07 04:04:00+00:00,20.383273466442006,499.67999267578125,319.989990234375
2026-09-07 04:05:00+00:00,20.383273466442006,499.67999267578125,319.989990234375
2026-09-07 04:06:00+00:00,20.383273466442006,499.67999267578125,319.989990234375
2026-09-07 04:07:00+00:00,20.380907275396112,499.67999267578125,319.989990234375
2026-09-07 04:08:00+00:00,20.383273466442006,499.67999267578125,319.989990234375
2026-09-07 04:09:00+00:00,20.383273466442006,499.67999267578125,319.989990234375
2026-09-07 04:10:00+00:00,20.383273466442006,499.67999267578125,319.989990234375
2026-09-07 04:11:00+00:00,20.383273466442006,499.67999267578125,319.989990234375
2026-09-07 04:12:00+00:00,20.383273466442006,499.67999267578125,319.989990234375
2026-09-07 04:13:00+00:00,20.383273466442006,499.67999267578125,319.989990234375
2026-09-07 04:14:00+00:00,20.383273466442006,499.67999267578125,319.989990234375
2026-09-07 04:15:00+00:00,20.383273466442006,499.67999267578125,319.989990234375
2026-09-07 04:16:00+00:00,20.383273466442006,499.67999267578125,319.989990234375
2026-09-07 04:17:00+00:00,20.383273466442006,499.67999267578125,319.989990234375
2026-09-07 04:18:00+00:00,20.383273466442006,499.67999267578125,319.989990234375
2026-09-07 04:19:00+00:00,20.383273466442006,499.67999267578125,319.989990234375
2026-09-07 04:20:00+00:00,20.383273466442006,499.67999267578125,319.989990234375
2026-09-07 04:21:00+00:00,20.380907275396112,499.67999267578125,319.989990234375
2026-09-07 04:22:00+00:00,20.383273466442006,499.67999267578125,319.989990234375
2026-09-07 04:23:00+00:00,20.383273466442006,499.67999267578125,319.989990234375
2026-09-07 04:24:00+00:00,20.383273466442006,499.67999267578125,319.989990234375
2026-09-07 04:25:00+00:00,20.380907275396112,499.67999267578125,319.989990234375
2026-09-07 04:26:00+00:00,20.380907275396112,499.67999267578125,319.989990234375
2026-09-07 04:27:00+00:00,20.383273466442006,499.67999267578125,319.989990234375
2026-09-07 04:28:00+00:00,20.380907275396112,499.67999267578125,319.989990234375
2026-09-07 04:29:00+00:00,20.380907275396112,499.67999267578125,319.989990234375
2026-09-07 04:30:00+00:00,20.380907275396112,499.67999267578125,319.989990234375
2026-09-07 04:31:00+00:00,20.383273466442006,499.67999267578125,319.989990234375
2026-09-07 04:32:00+00:00,20.380907275396112,499.67999267578125,319.989990234375
2026-09-07 04:33:00+00:00,20.380907275396112,499.67999267578125,319.989990234375
2026-09-07 04:34:00+00:00,20.380907275396112,499.67999267578125,319.989990234375
2026-09-07 04:35:00+00:00,20.380907275396112,499.67999267578125,319.989990234375
2026-09-07 04:36:00+00:00,20.380907275396112,499.67999267578125,319.989990234375
2026-09-07 04:37:00+00:00,20.380907275396112,499.67999267578125,319.989990234375
2026-09-07 04:38:00+00:00,20.380907275396112,499.67999267578125,319.989990234375
2026-09-07 04:39:00+00:00,20.378541084350218,499.67999267578125,319.989990234375
2026-09-07 04:40:00+00:00,20.378541084350218,499.67999267578125,319.989990234375
2026-09-07 04:41:00+00:00,20.378541084350218,499.67999267578125,319.989990234375
2026-09-07 04:42:00+00:00,20.378541084350218,499.67999267578125,319.989990234375
2026-09-07 04:43:00+00:00,20.380907275396112,499.67999267578125,319.989990234375
2026-09-07 04:44:00+00:00,20.380907275396112,499.67999267578125,319.989990234375
2026-09-07 04:45:00+00:00,20.380907275396112,499.67999267578125,319.989990234375
2026-09-07 04:46:00+00:00,20.380907275396112,499.67999267578125,319.989990234375
2026-09-07 04:47:00+00:00,20.380907275396112,499.67999267578125,319.989990234375
2026-09-07 04:48:00+00:00,20.383273466442006,499.67999267578125,319.989990234375
2026-09-07 04:49:00+00:00,20.383273466442006,499.67999267578125,319.989990234375
2026-09-07 04:50:00+00:00,20.383273466442006,499.67999267578125,319.989990234375
2026-09-07 04:51:00+00:00,20.383273466442006,499.67999267578125,319.989990234375
2026-09-07 04:52:00+00:00,20.383273466442006,499.67999267578125,319.989990234375
2026-09-07 04:53:00+00:00,20.383273466442006,499.67999267578125,319.989990234375
2026-09-07 04:54:00+00:00,20.383273466442006,499.67999267578125,319.989990234375
2026-09-07 04:55:00+00:00,20.383273466442006,499.67999267578125,319.989990234375
2026-09-07 04:56:00+00:00,20.383273466442006,499.67999267578125,319.989990234375
2026-09-07 04:57:00+00:00,20.383273466442006,499.67999267578125,319.989990234375
2026-09-07 04:58:00+00:00,20.38564174961084,499.67999267578125,319.989990234375
2026-09-07 04:59:00+00:00,20.38564174961084,499.67999267578125,319.989990234375
2026-09-07 05:00:00+00:00,20.383273466442006,499.67999267578125,319.989990234375
2026-09-07 05:01:00+00:00,20.383273466442006,499.67999267578125,319.989990234375
2026-09-07 05:02:00+00:00,20.383273466442006,499.67999267578125,319.989990234375
2026-09-07 05:03:00+00:00,20.38564174961084,499.67999267578125,319.989990234375
2026-09-07 05:04:00+00:00,20.383273466442006,499.67999267578125,319.989990234375
2026-09-07 05:05:00+00:00,20.383273466442006,499.67999267578125,319.989990234375
2026-09-07 05:06:00+00:00,20.383273466442006,499.67999267578125,319.989990234375
2026-09-07 05:07:00+00:00,20.383273466442006,499.67999267578125,319.989990234375
2026-09-07 05:08:00+00:00,20.380907275396112,499.67999267578125,319.989990234375
2026-09-07 05:09:00+00:00,20.380907275396112,499.67999267578125,319.989990234375
2026-09-07 05:10:00+00:00,20.383273466442006,499.67999267578125,319.989990234375
2026-09-07 05:11:00+00:00,20.383273466442006,499.67999267578125,319.989990234375
2026-09-07 05:12:00+00:00,20.383273466442006,499.67999267578125,319.989990234375
2026-09-07 05:13:00+00:00,20.383273466442006,499.67999267578125,319.989990234375
2026-09-07 05:14:00+00:00,20.383273466442006,499.67999267578125,319.989990234375
2026-09-07 05:15:00+00:00,20.380907275396112,499.67999267578125,319.989990234375
2026-09-07 05:16:00+00:00,20.380907275396112,499.67999267578125,319.989990234375
2026-09-07 05:17:00+00:00,20.380907275396112,499.67999267578125,319.989990234375
2026-09-07 05:18:00+00:00,20.380907275396112,499.67999267578125,319.989990234375
2026-09-07 05:19:00+00:00,20.380907275396112,499.67999267578125,319.989990234375
2026-09-07 05:20:00+00:00,20.380907275396112,499.67999267578125,319.989990234375
2026-09-07 05:21:00+00:00,20.380907275396112,499.67999267578125,319.989990234375
2026-09-07 05:22:00+00:00,20.380907275396112,499.67999267578125,319.989990234375
2026-09-07 05:23:00+00:00,20.380907275396112,499.67999267578125,319.989990234375
2026-09-07 05:24:00+00:00,20.380907275396112,499.67999267578125,319.989990234375
2026-09-07 05:25:00+00:00,20.380907275396112,499.67999267578125,319.989990234375
2026-09-07 05:26:00+00:00,20.380907275396112,499.67999267578125,319.989990234375
2026-09-07 05:27:00+00:00,20.380907275396112,499.67999267578125,319.989990234375
2026-09-07 05:28:00+00:00,20.380907275396112,499.67999267578125,319.989990234375
2026-09-07 05:29:00+00:00,20.383273466442006,499.67999267578125,319.989990234375
2026-09-07 05:30:00+00:00,20.383273466442006,499.67999267578125,319.989990234375
2026-09-07 05:31:00+00:00,20.383273466442006,499.67999267578125,319.989990234375
2026-09-07 05:32:00+00:00,20.380907275396112,499.67999267578125,319.989990234375
2026-09-07 05:33:00+00:00,20.380907275396112,499.67999267578125,319.989990234375
2026-09-07 05:34:00+00:00,20.380907275396112,499.67999267578125,319.989990234375
2026-09-07 05:35:00+00:00,20.383273466442006,499.67999267578125,319.989990234375
2026-09-07 05:36:00+00:00,20.383273466442006,499.67999267578125,319.989990234375
2026-09-07 05:37:00+00:00,20.383273466442006,499.67999267578125,319.989990234375
2026-09-07 05:38:00+00:00,20.383273466442006,499.67999267578125,319.989990234375
2026-09-07 05:39:00+00:00,20.383273466442006,499.67999267578125,319.989990234375
2026-09-07 05:40:00+00:00,20.383273466442006,499.67999267578125,319.989990234375
2026-09-07 05:41:00+00:00,20.383273466442006,499.67999267578125,319.989990234375
2026-09-07 05:42:00+00:00,20.383273466442006,499.67999267578125,319.989990234375
2026-09-07 05:43:00+00:00,20.380907275396112,499.67999267578125,319.989990234375
2026-09-07 05:44:00+00:00,20.383273466442006,499.67999267578125,319.989990234375
2026-09-07 05:45:00+00:00,20.383273466442006,499.67999267578125,319.989990234375
2026-09-07 05:46:00+00:00,20.383273466442006,499.67999267578125,319.989990234375
2026-09-07 05:47:00+00:00,20.383273466442006,499.67999267578125,319.989990234375
2026-09-07 05:48:00+00:00,20.383273466442006,499.67999267578125,319.989990234375
2026-09-07 05:49:00+00:00,20.383273466442006,499.67999267578125,319.989990234375
2026-09-07 05:50:00+00:00,20.383273466442006,499.67999267578125,319.989990234375
2026-09-07 05:51:00+00:00,20.383273466442006,499.67999267578125,319.989990234375
2026-09-07 05:52:00+00:00,20.383273466442006,499.67999267578125,319.989990234375
2026-09-07 05:53:00+00:00,20.38564174961084,499.67999267578125,319.989990234375
2026-09-07 05:54:00+00:00,20.383273466442006,499.67999267578125,319.989990234375
2026-09-07 05:55:00+00:00,20.38564174961084,499.67999267578125,319.989990234375
2026-09-07 05:56:00+00:00,20.38564174961084,499.67999267578125,319.989990234375
2026-09-07 05:57:00+00:00,20.388010032779675,499.67999267578125,319.989990234375
2026-09-07 05:58:00+00:00,20.388010032779675,499.67999267578125,319.989990234375
2026-09-07 05:59:00+00:00,20.388010032779675,499.67999267578125,319.989990234375
2026-09-07 06:00:00+00:00,20.38564174961084,499.67999267578125,319.989990234375
2026-09-07 06:01:00+00:00,20.38564174961084,499.67999267578125,319.989990234375
2026-09-07 06:02:00+00:00,20.383273466442006,499.67999267578125,319.989990234375
2026-09-07 06:03:00+00:00,20.383273466442006,499.67999267578125,319.989990234375
2026-09-07 06:04:00+00:00,20.383273466442006,499.67999267578125,319.989990234375
2026-09-07 06:05:00+00:00,20.383273466442006,499.67999267578125,319.989990234375
2026-09-07 06:06:00+00:00,20.383273466442006,499.67999267578125,319.989990234375
2026-09-07 06:07:00+00:00,20.383273466442006,499.67999267578125,319.989990234375
2026-09-07 06:08:00+00:00,20.383273466442006,499.67999267578125,319.989990234375
2026-09-07 06:09:00+00:00,20.38564174961084,499.67999267578125,319.989990234375
2026-09-07 06:10:00+00:00,20.38564174961084,499.67999267578125,319.989990234375
2026-09-07 06:11:00+00:00,20.383273466442006,499.67999267578125,319.989990234375
2026-09-07 06:12:00+00:00,20.383273466442006,499.67999267578125,319.989990234375
2026-09-07 06:13:00+00:00,20.383273466442006,499.67999267578125,319.989990234375
2026-09-07 06:14:00+00:00,20.38564174961084,499.67999267578125,319.989990234375
2026-09-07 06:15:00+00:00,20.383273466442006,499.67999267578125,319.989990234375
2026-09-07 06:16:00+00:00,20.38564174961084,499.67999267578125,319.989990234375
2026-09-07 06:17:00+00:00,20.38564174961084,499.67999267578125,319.989990234375
2026-09-07 06:18:00+00:00,20.388010032779675,499.67999267578125,319.989990234375
2026-09-07 06:19:00+00:00,20.388010032779675,499.67999267578125,319.989990234375
2026-09-07 06:20:00+00:00,20.388010032779675,499.67999267578125,319.989990234375
2026-09-07 06:21:00+00:00,20.38564174961084,499.67999267578125,319.989990234375
2026-09-07 06:22:00+00:00,20.388010032779675,499.67999267578125,319.989990234375
2026-09-07 06:23:00+00:00,20.388010032779675,499.67999267578125,319.989990234375
2026-09-07 06:24:00+00:00,20.39037831594851,499.67999267578125,319.989990234375
2026-09-07 06:25:00+00:00,20.39037831594851,499.67999267578125,319.989990234375
2026-09-07 06:26:00+00:00,20.392748691240286,499.67999267578125,319.989990234375
2026-09-07 06:27:00+00:00,20.392748691240286,499.67999267578125,319.989990234375
2026-09-07 06:28:00+00:00,20.392748691240286,499.67999267578125,319.989990234375
2026-09-07 06:29:00+00:00,20.392748691240286,499.67999267578125,319.989990234375
2026-09-07 06:30:00+00:00,20.392748691240286,499.67999267578125,319.989990234375
2026-09-07 06:31:00+00:00,20.39511906653206,499.67999267578125,319.989990234375
2026-09-07 06:32:00+00:00,20.39511906653206,499.67999267578125,319.989990234375
2026-09-07 06:33:00+00:00,20.39511906653206,499.67999267578125,319.989990234375
2026-09-07 06:34:00+00:00,20.397487349700896,499.67999267578125,319.989990234375
2026-09-07 06:35:00+00:00,20.397487349700896,499.67999267578125,319.989990234375
2026-09-07 06:36:00+00:00,20.39511906653206,499.67999267578125,319.989990234375
2026-09-07 06:37:00+00:00,20.39511906653206,499.67999267578125,319.989990234375
2026-09-07 06:38:00+00:00,20.392748691240286,499.67999267578125,319.989990234375
2026-09-07 06:39:00+00:00,20.39511906653206,499.67999267578125,319.989990234375
2026-09-07 06:40:00+00:00,20.397487349700896,499.67999267578125,319.989990234375
2026-09-07 06:41:00+00:00,20.39511906653206,499.67999267578125,319.989990234375
2026-09-07 06:42:00+00:00,20.39511906653206,499.67999267578125,319.989990234375
2026-09-07 06:43:00+00:00,20.39511906653206,499.67999267578125,319.989990234375
2026-09-07 06:44:00+00:00,20.39511906653206,499.67999267578125,319.989990234375
2026-09-07 06:45:00+00:00,20.39511906653206,499.67999267578125,319.989990234375
2026-09-07 06:46:00+00:00,20.39511906653206,499.67999267578125,319.989990234375
2026-09-07 06:47:00+00:00,20.39511906653206,499.67999267578125,319.989990234375
2026-09-07 06:48:00+00:00,20.392748691240286,499.67999267578125,319.989990234375
2026-09-07 06:49:00+00:00,20.392748691240286,499.67999267578125,319.989990234375
2026-09-07 06:50:00+00:00,20.392748691240286,499.67999267578125,319.989990234375
2026-09-07 06:51:00+00:00,20.392748691240286,499.67999267578125,319.989990234375
2026-09-07 06:52:00+00:00,20.392748691240286,499.67999267578125,319.989990234375
2026-09-07 06:53:00+00:00,20.392748691240286,499.67999267578125,319.989990234375
2026-09-07 06:54:00+00:00,20.392748691240286,499.67999267578125,319.989990234375
2026-09-07 06:55:00+00:00,20.392748691240286,499.67999267578125,319.989990234375
2026-09-07 06:56:00+00:00,20.39037831594851,499.67999267578125,319.989990234375
2026-09-07 06:57:00+00:00,20.39037831594851,499.67999267578125,319.989990234375
2026-09-07 06:58:00+00:00,20.39037831594851,499.67999267578125,319.989990234375
2026-09-07 06:59:00+00:00,20.39037831594851,499.67999267578125,319.989990234375
2026-09-07 07:00:00+00:00,20.39037831594851,499.67999267578125,319.989990234375
2026-09-07 07:01:00+00:00,20.388010032779675,499.67999267578125,319.989990234375
2026-09-07 07:02:00+00:00,20.388010032779675,499.67999267578125,319.989990234375
2026-09-07 07:03:00+00:00,20.39037831594851,499.67999267578125,319.989990234375
2026-09-07 07:04:00+00:00,20.39037831594851,499.67999267578125,319.989990234375
2026-09-07 07:05:00+00:00,20.39037831594851,499.67999267578125,319.989990234375
2026-09-07 07:06:00+00:00,20.39037831594851,499.67999267578125,319.989990234375
2026-09-07 07:07:00+00:00,20.388010032779675,499.67999267578125,319.989990234375
2026-09-07 07:08:00+00:00,20.388010032779675,499.67999267578125,319.989990234375
2026-09-07 07:09:00+00:00,20.388010032779675,499.67999267578125,319.989990234375
2026-09-07 07:10:00+00:00,20.388010032779675,499.67999267578125,319.989990234375
2026-09-07 07:11:00+00:00,20.383273466442006,499.67999267578125,319.989990234375
2026-09-07 07:12:00+00:00,20.383273466442006,499.67999267578125,319.989990234375
2026-09-07 07:13:00+00:00,20.38564174961084,499.67999267578125,319.989990234375
2026-09-07 07:14:00+00:00,20.38564174961084,499.67999267578125,319.989990234375
2026-09-07 07:15:00+00:00,20.388010032779675,499.67999267578125,319.989990234375
2026-09-07 07:16:00+00:00,20.388010032779675,499.67999267578125,319.989990234375
2026-09-07 07:17:00+00:00,20.39037831594851,499.67999267578125,319.989990234375
2026-09-07 07:18:00+00:00,20.39037831594851,499.67999267578125,319.989990234375
2026-09-07 07:19:00+00:00,20.39037831594851,499.67999267578125,319.989990234375
2026-09-07 07:20:00+00:00,20.39037831594851,499.67999267578125,319.989990234375
2026-09-07 07:21:00+00:00,20.39037831594851,499.67999267578125,319.989990234375
2026-09-07 07:22:00+00:00,20.39037831594851,499.67999267578125,319.989990234375
2026-09-07 07:23:00+00:00,20.39037831594851,499.67999267578125,319.989990234375
2026-09-07 07:24:00+00:00,20.39037831594851,499.67999267578125,319.989990234375
2026-09-07 07:25:00+00:00,20.39037831594851,499.67999267578125,319.989990234375
2026-09-07 07:26:00+00:00,20.392748691240286,499.67999267578125,319.989990234375
2026-09-07 07:27:00+00:00,20.392748691240286,499.67999267578125,319.989990234375
2026-09-07 07:28:00+00:00,20.392748691240286,499.67999267578125,319.989990234375
2026-09-07 07:29:00+00:00,20.392748691240286,499.67999267578125,319.989990234375
2026-09-07 07:30:00+00:00,20.5403834536628,499.67999267578125,319.989990234375
2026-09-07 07:31:00+00:00,20.546195270420867,499.67999267578125,319.989990234375
2026-09-07 07:32:00+00:00,20.53695833013535,499.67999267578125,319.989990234375
2026-09-07 07:33:00+00:00,20.59506994550702,499.67999267578125,319.989990234375
2026-09-07 07:34:00+00:00,20.575247704535286,499.67999267578125,319.989990234375
2026-09-07 07:35:00+00:00,20.56943810433586,499.67999267578125,319.989990234375
2026-09-07 07:36:00+00:00,20.546195270420867,499.67999267578125,319.989990234375
2026-09-07 07:37:00+00:00,20.532187270363238,499.67999267578125,319.989990234375
2026-09-07 07:38:00+00:00,20.532187270363238,499.67999267578125,319.989990234375
2026-09-07 07:39:00+00:00,20.549616261640722,499.67999267578125,319.989990234375
2026-09-07 07:40:00+00:00,20.526378345371086,499.67999267578125,319.989990234375
2026-09-07 07:41:00+00:00,20.526378345371086,499.67999267578125,319.989990234375
2026-09-07 07:42:00+00:00,20.5448411518978,499.67999267578125,319.989990234375
2026-09-07 07:43:00+00:00,20.500755006251893,499.67999267578125,319.989990234375
2026-09-07 07:44:00+00:00,20.497327071507243,499.67999267578125,319.989990234375
2026-09-07 07:45:00+00:00,20.497327071507243,499.67999267578125,319.989990234375
2026-09-07 07:46:00+00:00,20.497327071507243,499.67999267578125,319.989990234375
2026-09-07 07:47:00+00:00,20.499709602590883,499.67999267578125,319.989990234375
2026-09-07 07:48:00+00:00,20.49151814651509,499.67999267578125,319.989990234375
2026-09-07 07:49:00+00:00,20.49151814651509,499.67999267578125,319.989990234375
2026-09-07 07:50:00+00:00,20.49151814651509,499.67999267578125,319.989990234375
2026-09-07 07:51:00+00:00,20.47989808022976,499.67999267578125,319.989990234375
2026-09-07 07:52:00+00:00,20.478846714763677,499.67999267578125,319.989990234375
2026-09-07 07:53:00+00:00,20.49285054645634,499.67999267578125,319.989990234375
2026-09-07 07:54:00+00:00,20.478846714763677,499.67999267578125,319.989990234375
2026-09-07 07:55:00+00:00,20.49285054645634,499.67999267578125,319.989990234375
2026-09-07 07:56:00+00:00,20.483610575693092,499.67999267578125,319.989990234375
2026-09-07 07:57:00+00:00,20.49285054645634,499.67999267578125,319.989990234375
2026-09-07 07:58:00+00:00,20.5010476722764,499.67999267578125,319.989990234375
2026-09-07 07:59:00+00:00,20.515058452439007,499.67999267578125,319.989990234375
2026-09-07 08:00:00+00:00,20.517441658987536,499.67999267578125,319.989990234375
2026-09-07 08:01:00+00:00,20.515058452439007,499.67999267578125,319.989990234375
2026-09-07 08:02:00+00:00,20.51267314244251,499.67999267578125,319.989990234375
2026-09-07 08:03:00+00:00,20.515058452439007,499.67999267578125,319.989990234375
2026-09-07 08:04:00+00:00,20.517441658987536,499.67999267578125,319.989990234375
2026-09-07 08:05:00+00:00,20.520870754659427,499.67999267578125,319.989990234375
2026-09-07 08:06:00+00:00,20.52325463641523,499.67999267578125,319.989990234375
2026-09-07 08:07:00+00:00,20.540698004392652,499.67999267578125,319.989990234375
2026-09-07 08:08:00+00:00,20.545478243507205,499.67999267578125,319.989990234375
2026-09-07 08:09:00+00:00,20.571128499970428,499.67999267578125,319.989990234375
2026-09-07 08:10:00+00:00,20.573521325382444,499.67999267578125,319.989990234375
2026-09-07 08:11:00+00:00,20.561887741646387,499.67999267578125,319.989990234375
2026-09-07 08:12:00+00:00,20.57009989958715,499.67999267578125,319.989990234375
2026-09-07 08:13:00+00:00,20.5642813210261,499.67999267578125,319.989990234375
2026-09-07 08:14:00+00:00,20.5642813210261,499.67999267578125,319.989990234375
2026-09-07 08:15:00+00:00,20.59336977555631,499.67999267578125,319.989990234375
2026-09-07 08:16:00+00:00,20.590972810426138,499.67999267578125,319.989990234375
2026-09-07 08:17:00+00:00,20.60500249440338,499.67999267578125,319.989990234375
2026-09-07 08:18:00+00:00,20.628272370372542,499.67999267578125,319.989990234375
2026-09-07 08:19:00+00:00,20.6423096902231,499.67999267578125,319.989990234375
2026-09-07 08:20:00+00:00,20.64470995731631,499.67999267578125,319.989990234375
2026-09-07 08:21:00+00:00,20.682029337796394,499.67999267578125,319.989990234375
2026-09-07 08:22:00+00:00,20.67139931110796,499.67999267578125,319.989990234375
2026-09-07 08:23:00+00:00,20.67139931110796,499.67999267578125,319.989990234375
2026-09-07 08:24:00+00:00,20.688854859155526,499.67999267578125,319.989990234375
2026-09-07 08:25:00+00:00,20.700491151388633,499.67999267578125,319.989990234375
2026-09-07 08:26:00+00:00,20.702898183763864,499.67999267578125,319.989990234375
2026-09-07 08:27:00+00:00,20.702898183763864,499.67999267578125,319.989990234375
2026-09-07 08:28:00+00:00,20.71212522422593,499.67999267578125,319.989990234375
2026-09-07 08:29:00+00:00,20.683035603341068,499.67999267578125,319.989990234375
2026-09-07 08:30:00+00:00,20.691260538474353,499.67999267578125,319.989990234375
2026-09-07 08:31:00+00:00,20.67721856692242,499.67999267578125,319.989990234375
2026-09-07 08:32:00+00:00,20.673802960713147,499.67999267578125,319.989990234375
2026-09-07 08:33:00+00:00,20.67721856692242,499.67999267578125,319.989990234375
2026-09-07 08:34:00+00:00,20.665582274689314,499.67999267578125,319.989990234375
2026-09-07 08:35:00+00:00,20.679622893184842,499.67999267578125,319.989990234375
2026-09-07 08:36:00+00:00,20.67139931110796,499.67999267578125,319.989990234375
2026-09-07 08:37:00+00:00,20.678221360127736,499.67999267578125,319.989990234375
2026-09-07 08:38:00+00:00,20.675816357466147,499.67999267578125,319.989990234375
2026-09-07 08:39:00+00:00,20.681633582116547,499.67999267578125,319.989990234375
2026-09-07 08:40:00+00:00,20.676824343020144,499.67999267578125,319.989990234375
2026-09-07 08:41:00+00:00,20.676824343020144,499.67999267578125,319.989990234375
2026-09-07 08:42:00+00:00,20.67923002233897,499.67999267578125,319.989990234375
2026-09-07 08:43:00+00:00,20.66519481726118,499.67999267578125,319.989990234375
2026-09-07 08:44:00+00:00,20.673413473749633,499.67999267578125,319.989990234375
2026-09-07 08:45:00+00:00,20.676824343020144,499.67999267578125,319.989990234375
2026-09-07 08:46:00+00:00,20.65937894532908,499.67999267578125,319.989990234375
2026-09-07 08:47:00+00:00,20.61867671422533,499.67999267578125,319.989990234375
2026-09-07 08:48:00+00:00,20.616277800188527,499.67999267578125,319.989990234375
2026-09-07 08:49:00+00:00,20.619697633122996,499.67999267578125,319.989990234375
2026-09-07 08:50:00+00:00,20.62892562677189,499.67999267578125,319.989990234375
2026-09-07 08:51:00+00:00,20.62892562677189,499.67999267578125,319.989990234375
2026-09-07 08:52:00+00:00,20.62892562677189,499.67999267578125,319.989990234375
2026-09-07 08:53:00+00:00,20.648763579404203,499.67999267578125,319.989990234375
2026-09-07 08:54:00+00:00,20.646362723355196,499.67999267578125,319.989990234375
2026-09-07 08:55:00+00:00,20.634737253189087,499.67999267578125,319.989990234375
2026-09-07 08:56:00+00:00,20.657988193521305,499.67999267578125,319.989990234375
2026-09-07 08:57:00+00:00,20.657988193521305,499.67999267578125,319.989990234375
2026-09-07 08:58:00+00:00,20.657988193521305,499.67999267578125,319.989990234375
2026-09-07 08:59:00+00:00,20.663799819938504,499.67999267578125,319.989990234375
2026-09-07 09:00:00+00:00,20.663799819938504,499.67999267578125,319.989990234375
2026-09-07 09:01:00+00:00,20.669613663687414,499.67999267578125,319.989990234375
2026-09-07 09:02:00+00:00,20.681239133853524,499.67999267578125,319.989990234375
2026-09-07 09:03:00+00:00,20.663799819938504,499.67999267578125,319.989990234375
2026-09-07 09:04:00+00:00,20.657988193521305,499.67999267578125,319.989990234375
2026-09-07 09:05:00+00:00,20.648763579404203,499.67999267578125,319.989990234375
2026-09-07 09:06:00+00:00,20.655585985608013,499.67999267578125,319.989990234375
2026-09-07 09:07:00+00:00,20.657988193521305,499.67999267578125,319.989990234375
2026-09-07 09:08:00+00:00,20.657988193521305,499.67999267578125,319.989990234375
2026-09-07 09:09:00+00:00,20.67201722346499,499.67999267578125,319.989990234375
2026-09-07 09:10:00+00:00,20.67782952568541,499.67999267578125,319.989990234375
2026-09-07 09:11:00+00:00,20.687050760270722,499.67999267578125,319.989990234375
2026-09-07 09:12:00+00:00,20.687050760270722,499.67999267578125,319.989990234375
2026-09-07 09:13:00+00:00,20.68464517282564,499.67999267578125,319.989990234375
2026-09-07 09:14:00+00:00,20.69286238668792,499.67999267578125,319.989990234375
2026-09-07 09:15:00+00:00,20.69286238668792,499.67999267578125,319.989990234375
2026-09-07 09:16:00+00:00,20.69286238668792,499.67999267578125,319.989990234375
2026-09-07 09:17:00+00:00,20.69286238668792,499.67999267578125,319.989990234375
2026-09-07 09:18:00+00:00,20.69286238668792,499.67999267578125,319.989990234375
2026-09-07 09:19:00+00:00,20.69867623043683,499.67999267578125,319.989990234375
2026-09-07 09:20:00+00:00,20.713704360043266,499.67999267578125,319.989990234375
2026-09-07 09:21:00+00:00,20.72192717076905,499.67999267578125,319.989990234375
2026-09-07 09:22:00+00:00,20.71030170060294,499.67999267578125,319.989990234375
2026-09-07 09:23:00+00:00,20.71030170060294,499.67999267578125,319.989990234375
2026-09-07 09:24:00+00:00,20.71030170060294,499.67999267578125,319.989990234375
2026-09-07 09:25:00+00:00,20.71030170060294,499.67999267578125,319.989990234375
2026-09-07 09:26:00+00:00,20.712709991776592,499.67999267578125,319.989990234375
2026-09-07 09:27:00+00:00,20.715116159236686,499.67999267578125,319.989990234375
2026-09-07 09:28:00+00:00,20.709300963961823,499.67999267578125,319.989990234375
2026-09-07 09:29:00+00:00,20.709300963961823,499.67999267578125,319.989990234375
2026-09-07 09:30:00+00:00,20.71852229399701,499.67999267578125,319.989990234375
2026-09-07 09:31:00+00:00,20.73255730936694,499.67999267578125,319.989990234375
2026-09-07 09:32:00+00:00,20.755813654772055,499.67999267578125,319.989990234375
2026-09-07 09:33:00+00:00,20.758228805227645,499.67999267578125,319.989990234375
2026-09-07 09:34:00+00:00,20.769858330986608,499.67999267578125,319.989990234375
2026-09-07 09:35:00+00:00,20.746599279468683,499.67999267578125,319.989990234375
2026-09-07 09:36:00+00:00,20.78148785674557,499.67999267578125,319.989990234375
2026-09-07 09:37:00+00:00,20.79069595503256,499.67999267578125,319.989990234375
2026-09-07 09:38:00+00:00,20.79069595503256,499.67999267578125,319.989990234375
2026-09-07 09:39:00+00:00,20.84544692126201,499.67999267578125,319.989990234375
2026-09-07 09:40:00+00:00,20.84883681854535,499.67999267578125,319.989990234375
2026-09-07 09:41:00+00:00,20.883719118805857,499.67999267578125,319.989990234375
2026-09-07 09:42:00+00:00,20.896304788597263,499.67999267578125,319.989990234375
2026-09-07 09:43:00+00:00,20.893874868110743,499.67999267578125,319.989990234375
2026-09-07 09:44:00+00:00,20.90211641501446,499.67999267578125,319.989990234375
2026-09-07 09:45:00+00:00,20.904547011304203,499.67999267578125,319.989990234375
2026-09-07 09:46:00+00:00,20.90211641501446,499.67999267578125,319.989990234375
2026-09-07 09:47:00+00:00,20.884679318431154,499.67999267578125,319.989990234375
2026-09-07 09:48:00+00:00,20.884679318431154,499.67999267578125,319.989990234375
2026-09-07 09:49:00+00:00,20.92198835314457,499.67999267578125,319.989990234375
2026-09-07 09:50:00+00:00,20.878865474682243,499.67999267578125,319.989990234375
2026-09-07 09:51:00+00:00,20.85900251320527,499.67999267578125,319.989990234375
2026-09-07 09:52:00+00:00,20.85900251320527,499.67999267578125,319.989990234375
2026-09-07 09:53:00+00:00,20.85900251320527,499.67999267578125,319.989990234375
2026-09-07 09:54:00+00:00,20.85319156259129,499.67999267578125,319.989990234375
2026-09-07 09:55:00+00:00,20.85319156259129,499.67999267578125,319.989990234375
2026-09-07 09:56:00+00:00,20.864815680893116,499.67999267578125,319.989990234375
2026-09-07 09:57:00+00:00,20.864815680893116,499.67999267578125,319.989990234375
2026-09-07 09:58:00+00:00,20.85900251320527,499.67999267578125,319.989990234375
2026-09-07 09:59:00+00:00,20.85900251320527,499.67999267578125,319.989990234375
2026-09-07 10:00:00+00:00,20.85900251320527,499.67999267578125,319.989990234375
2026-09-07 10:01:00+00:00,20.87643758212107,499.67999267578125,319.989990234375
2026-09-07 10:02:00+00:00,20.882250749808918,499.67999267578125,319.989990234375
2026-09-07 10:03:00+00:00,20.89968581872472,499.67999267578125,319.989990234375
2026-09-07 10:04:00+00:00,20.907930258763372,499.67999267578125,319.989990234375
2026-09-07 10:05:00+00:00,20.89292018927381,499.67999267578125,319.989990234375
2026-09-07 10:06:00+00:00,20.890490944848352,499.67999267578125,319.989990234375
2026-09-07 10:07:00+00:00,20.884679318431154,499.67999267578125,319.989990234375
2026-09-07 10:08:00+00:00,20.84641511874179,499.67999267578125,319.989990234375
2026-09-07 10:09:00+00:00,20.834788296711395,499.67999267578125,319.989990234375
2026-09-07 10:10:00+00:00,20.828975994490975,499.67999267578125,319.989990234375
2026-09-07 10:11:00+00:00,20.828975994490975,499.67999267578125,319.989990234375
2026-09-07 10:12:00+00:00,20.840600598931815,499.67999267578125,319.989990234375
2026-09-07 10:13:00+00:00,20.840600598931815,499.67999267578125,319.989990234375
2026-09-07 10:14:00+00:00,20.840600598931815,499.67999267578125,319.989990234375
2026-09-07 10:15:00+00:00,20.855616751681737,499.67999267578125,319.989990234375
2026-09-07 10:16:00+00:00,20.84641511874179,499.67999267578125,319.989990234375
2026-09-07 10:17:00+00:00,20.84883681854535,499.67999267578125,319.989990234375
2026-09-07 10:18:00+00:00,20.84883681854535,499.67999267578125,319.989990234375
2026-09-07 10:19:00+00:00,20.866277968675604,499.67999267578125,319.989990234375
2026-09-07 10:20:00+00:00,20.877906141378162,499.67999267578125,319.989990234375
2026-09-07 10:21:00+00:00,20.877906141378162,499.67999267578125,319.989990234375
2026-09-07 10:22:00+00:00,20.881293367243416,499.67999267578125,319.989990234375
2026-09-07 10:23:00+00:00,20.872093163950467,499.67999267578125,319.989990234375
2026-09-07 10:24:00+00:00,20.866277968675604,499.67999267578125,319.989990234375
2026-09-07 10:25:00+00:00,20.854649795973046,499.67999267578125,319.989990234375
2026-09-07 10:26:00+00:00,20.854649795973046,499.67999267578125,319.989990234375
2026-09-07 10:27:00+00:00,20.849802907932826,499.67999267578125,319.989990234375
2026-09-07 10:28:00+00:00,20.85222742096221,499.67999267578125,319.989990234375
2026-09-07 10:29:00+00:00,20.85222742096221,499.67999267578125,319.989990234375
2026-09-07 10:30:00+00:00,20.854649795973046,499.67999267578125,319.989990234375
2026-09-07 10:31:00+00:00,20.86046499124791,499.67999267578125,319.989990234375
2026-09-07 10:32:00+00:00,20.872093163950467,499.67999267578125,319.989990234375
2026-09-07 10:33:00+00:00,20.872093163950467,499.67999267578125,319.989990234375
2026-09-07 10:34:00+00:00,20.875481065022996,499.67999267578125,319.989990234375
2026-09-07 10:35:00+00:00,20.869668762802576,499.67999267578125,319.989990234375
2026-09-07 10:36:00+00:00,20.869668762802576,499.67999267578125,319.989990234375
2026-09-07 10:37:00+00:00,20.869668762802576,499.67999267578125,319.989990234375
2026-09-07 10:38:00+00:00,20.863854242992602,499.67999267578125,319.989990234375
2026-09-07 10:39:00+00:00,20.866277968675604,499.67999267578125,319.989990234375
2026-09-07 10:40:00+00:00,20.86046499124791,499.67999267578125,319.989990234375
2026-09-07 10:41:00+00:00,20.854649795973046,499.67999267578125,319.989990234375
2026-09-07 10:42:00+00:00,20.854649795973046,499.67999267578125,319.989990234375
2026-09-07 10:43:00+00:00,20.837208645842793,499.67999267578125,319.989990234375
2026-09-07 10:44:00+00:00,20.837208645842793,499.67999267578125,319.989990234375
2026-09-07 10:45:00+00:00,20.839633267435147,499.67999267578125,319.989990234375
2026-09-07 10:46:00+00:00,20.89196502429786,499.67999267578125,319.989990234375
2026-09-07 10:47:00+00:00,20.89196502429786,499.67999267578125,319.989990234375
2026-09-07 10:48:00+00:00,20.81637421591722,499.67999267578125,319.989990234375
2026-09-07 10:49:00+00:00,20.79069595503256,499.67999267578125,319.989990234375
2026-09-07 10:50:00+00:00,20.79069595503256,499.67999267578125,319.989990234375
2026-09-07 10:51:00+00:00,20.81056056209036,499.67999267578125,319.989990234375
2026-09-07 10:52:00+00:00,20.81056056209036,499.67999267578125,319.989990234375
2026-09-07 10:53:00+00:00,20.80474469015826,499.67999267578125,319.989990234375
2026-09-07 10:54:00+00:00,20.80474469015826,499.67999267578125,319.989990234375
2026-09-07 10:55:00+00:00,20.813952300437677,499.67999267578125,319.989990234375
2026-09-07 10:56:00+00:00,20.796511150307424,499.67999267578125,319.989990234375
2026-09-07 10:57:00+00:00,20.80232412773512,499.67999267578125,319.989990234375
2026-09-07 10:58:00+00:00,20.796511150307424,499.67999267578125,319.989990234375
2026-09-07 10:59:00+00:00,20.784882977604866,499.67999267578125,319.989990234375
2026-09-07 11:00:00+00:00,20.773254804902308,499.67999267578125,319.989990234375
2026-09-07 11:01:00+00:00,20.773254804902308,499.67999267578125,319.989990234375
2026-09-07 11:02:00+00:00,20.770841884339006,499.67999267578125,319.989990234375
2026-09-07 11:03:00+00:00,20.770841884339006,499.67999267578125,319.989990234375
2026-09-07 11:04:00+00:00,20.76162663219975,499.67999267578125,319.989990234375
2026-09-07 11:05:00+00:00,20.76162663219975,499.67999267578125,319.989990234375
2026-09-07 11:06:00+00:00,20.769858330986608,499.67999267578125,319.989990234375
2026-09-07 11:07:00+00:00,20.764042459054508,499.67999267578125,319.989990234375
2026-09-07 11:08:00+00:00,20.76162663219975,499.67999267578125,319.989990234375
2026-09-07 11:09:00+00:00,20.77907000017717,499.67999267578125,319.989990234375
2026-09-07 11:10:00+00:00,20.76162663219975,499.67999267578125,319.989990234375
2026-09-07 11:11:00+00:00,20.76162663219975,499.67999267578125,319.989990234375
2026-09-07 11:12:00+00:00,20.791677774433992,499.67999267578125,319.989990234375
2026-09-07 11:13:00+00:00,20.794095528399794,499.67999267578125,319.989990234375
2026-09-07 11:14:00+00:00,20.77665640414898,499.67999267578125,319.989990234375
2026-09-07 11:15:00+00:00,20.770841884339006,499.67999267578125,319.989990234375
2026-09-07 11:16:00+00:00,20.77907000017717,499.67999267578125,319.989990234375
2026-09-07 11:17:00+00:00,20.76162663219975,499.67999267578125,319.989990234375
2026-09-07 11:18:00+00:00,20.759215062308613,499.67999267578125,319.989990234375
2026-09-07 11:19:00+00:00,20.759215062308613,499.67999267578125,319.989990234375
2026-09-07 11:20:00+00:00,20.759215062308613,499.67999267578125,319.989990234375
2026-09-07 11:21:00+00:00,20.76162663219975,499.67999267578125,319.989990234375
2026-09-07 11:22:00+00:00,20.759215062308613,499.67999267578125,319.989990234375
2026-09-07 11:23:00+00:00,20.753402760088193,499.67999267578125,319.989990234375
2026-09-07 11:24:00+00:00,20.753402760088193,499.67999267578125,319.989990234375
2026-09-07 11:25:00+00:00,20.753402760088193,499.67999267578125,319.989990234375
2026-09-07 11:26:00+00:00,20.7417759380578,499.67999267578125,319.989990234375
2026-09-07 11:27:00+00:00,20.7417759380578,499.67999267578125,319.989990234375
2026-09-07 11:28:00+00:00,20.7417759380578,499.67999267578125,319.989990234375
2026-09-07 11:29:00+00:00,20.715116159236686,499.67999267578125,319.989990234375
2026-09-07 11:30:00+00:00,20.709300963961823,499.67999267578125,319.989990234375
2026-09-07 11:31:00+00:00,20.706895471966618,499.67999267578125,319.989990234375
2026-09-07 11:32:00+00:00,20.712709991776592,499.67999267578125,319.989990234375
2026-09-07 11:33:00+00:00,20.730149116027405,499.67999267578125,319.989990234375
2026-09-07 11:34:00+00:00,20.730149116027405,499.67999267578125,319.989990234375
2026-09-07 11:35:00+00:00,20.727738797186248,499.67999267578125,319.989990234375
2026-09-07 11:36:00+00:00,20.730149116027405,499.67999267578125,319.989990234375
2026-09-07 11:37:00+00:00,20.730149116027405,499.67999267578125,319.989990234375
2026-09-07 11:38:00+00:00,20.73255730936694,499.67999267578125,319.989990234375
2026-09-07 11:39:00+00:00,20.73255730936694,499.67999267578125,319.989990234375
2026-09-07 11:40:00+00:00,20.744185482069497,499.67999267578125,319.989990234375
2026-09-07 11:41:00+00:00,20.753402760088193,499.67999267578125,319.989990234375
2026-09-07 11:42:00+00:00,20.767441827474613,499.67999267578125,319.989990234375
2026-09-07 11:43:00+00:00,20.770841884339006,499.67999267578125,319.989990234375
2026-09-07 11:44:00+00:00,20.765029582118586,499.67999267578125,319.989990234375
2026-09-07 11:45:00+00:00,20.759215062308613,499.67999267578125,319.989990234375
2026-09-07 11:46:00+00:00,20.76162663219975,499.67999267578125,319.989990234375
2026-09-07 11:47:00+00:00,20.76162663219975,499.67999267578125,319.989990234375
2026-09-07 11:48:00+00:00,20.767441827474613,499.67999267578125,319.989990234375
2026-09-07 11:49:00+00:00,20.767441827474613,499.67999267578125,319.989990234375
2026-09-07 11:50:00+00:00,20.767441827474613,499.67999267578125,319.989990234375
2026-09-07 11:51:00+00:00,20.767441827474613,499.67999267578125,319.989990234375
2026-09-07 11:52:00+00:00,20.773254804902308,499.67999267578125,319.989990234375
2026-09-07 11:53:00+00:00,20.773254804902308,499.67999267578125,319.989990234375
2026-09-07 11:54:00+00:00,20.770841884339006,499.67999267578125,319.989990234375
2026-09-07 11:55:00+00:00,20.7824687063694,499.67999267578125,319.989990234375
2026-09-07 11:56:00+00:00,20.7824687063694,499.67999267578125,319.989990234375
2026-09-07 11:57:00+00:00,20.799907830620214,499.67999267578125,319.989990234375
2026-09-07 11:58:00+00:00,20.811534652650607,499.67999267578125,319.989990234375
2026-09-07 11:59:00+00:00,20.794095528399794,499.67999267578125,319.989990234375
2026-09-07 12:00:00+00:00,20.813952300437677,499.67999267578125,319.989990234375
2026-09-07 12:01:00+00:00,20.811534652650607,499.67999267578125,319.989990234375
2026-09-07 12:02:00+00:00,20.811534652650607,499.67999267578125,319.989990234375
2026-09-07 12:03:00+00:00,20.811534652650607,499.67999267578125,319.989990234375
2026-09-07 12:04:00+00:00,20.81734917246058,499.67999267578125,319.989990234375
2026-09-07 12:05:00+00:00,20.823161474681,499.67999267578125,319.989990234375
2026-09-07 12:06:00+00:00,20.831395668415098,499.67999267578125,319.989990234375
2026-09-07 12:07:00+00:00,20.84641511874179,499.67999267578125,319.989990234375
2026-09-07 12:08:00+00:00,20.86046499124791,499.67999267578125,319.989990234375
2026-09-07 12:09:00+00:00,20.858041940772182,499.67999267578125,319.989990234375
2026-09-07 12:10:00+00:00,20.855616751681737,499.67999267578125,319.989990234375
2026-09-07 12:11:00+00:00,20.828975994490975,499.67999267578125,319.989990234375
2026-09-07 12:12:00+00:00,20.82655418493232,499.67999267578125,319.989990234375
2026-09-07 12:13:00+00:00,20.81734917246058,499.67999267578125,319.989990234375
2026-09-07 12:14:00+00:00,20.81734917246058,499.67999267578125,319.989990234375
2026-09-07 12:15:00+00:00,20.81492871476621,499.67999267578125,319.989990234375
2026-09-07 12:16:00+00:00,20.79507097108217,499.67999267578125,319.989990234375
2026-09-07 12:17:00+00:00,20.791677774433992,499.67999267578125,319.989990234375
2026-09-07 12:18:00+00:00,20.791677774433992,499.67999267578125,319.989990234375
2026-09-07 12:19:00+00:00,20.785863930685082,499.67999267578125,319.989990234375
2026-09-07 12:20:00+00:00,20.780052304267883,499.67999267578125,319.989990234375
2026-09-07 12:21:00+00:00,20.7824687063694,499.67999267578125,319.989990234375
2026-09-07 12:22:00+00:00,20.77907000017717,499.67999267578125,319.989990234375
2026-09-07 12:23:00+00:00,20.796511150307424,499.67999267578125,319.989990234375
2026-09-07 12:24:00+00:00,20.80474469015826,499.67999267578125,319.989990234375
2026-09-07 12:25:00+00:00,20.80232412773512,499.67999267578125,319.989990234375
2026-09-07 12:26:00+00:00,20.81056056209036,499.67999267578125,319.989990234375
2026-09-07 12:27:00+00:00,20.81056056209036,499.67999267578125,319.989990234375
2026-09-07 12:28:00+00:00,20.80474469015826,499.67999267578125,319.989990234375
2026-09-07 12:29:00+00:00,20.812981801170736,499.67999267578125,319.989990234375
2026-09-07 12:30:00+00:00,20.81056056209036,499.67999267578125,319.989990234375
2026-09-07 12:31:00+00:00,20.8071652525814,499.67999267578125,319.989990234375
2026-09-07 12:32:00+00:00,20.8071652525814,499.67999267578125,319.989990234375
2026-09-07 12:33:00+00:00,20.812981801170736,499.67999267578125,319.989990234375
2026-09-07 12:34:00+00:00,20.818796131396766,499.67999267578125,319.989990234375
2026-09-07 12:35:00+00:00,20.812981801170736,499.67999267578125,319.989990234375
2026-09-07 12:36:00+00:00,20.749013076867868,499.67999267578125,319.989990234375
2026-09-07 12:37:00+00:00,20.749013076867868,499.67999267578125,319.989990234375
2026-09-07 12:38:00+00:00,20.7024895616064,499.67999267578125,319.989990234375
2026-09-07 12:39:00+00:00,20.704895824854702,499.67999267578125,319.989990234375
2026-09-07 12:40:00+00:00,20.67923002233897,499.67999267578125,319.989990234375
2026-09-07 12:41:00+00:00,20.696675231380368,499.67999267578125,319.989990234375
2026-09-07 12:42:00+00:00,20.696675231380368,499.67999267578125,319.989990234375
2026-09-07 12:43:00+00:00,20.708306110195736,499.67999267578125,319.989990234375
2026-09-07 12:44:00+00:00,20.7024895616064,499.67999267578125,319.989990234375
2026-09-07 12:45:00+00:00,20.708306110195736,499.67999267578125,319.989990234375
2026-09-07 12:46:00+00:00,20.7024895616064,499.67999267578125,319.989990234375
2026-09-07 12:47:00+00:00,20.7024895616064,499.67999267578125,319.989990234375
2026-09-07 12:48:00+00:00,20.764042459054508,499.67999267578125,319.989990234375
2026-09-07 12:49:00+00:00,20.74319652827853,499.67999267578125,319.989990234375
2026-09-07 12:50:00+00:00,20.74560752292291,499.67999267578125,319.989990234375
2026-09-07 12:51:00+00:00,20.74319652827853,499.67999267578125,319.989990234375
2026-09-07 12:52:00+00:00,20.738370286794634,499.67999267578125,319.989990234375
2026-09-07 12:53:00+00:00,20.729156099882857,499.67999267578125,319.989990234375
2026-09-07 12:54:00+00:00,20.729156099882857,499.67999267578125,319.989990234375
2026-09-07 12:55:00+00:00,20.729156099882857,499.67999267578125,319.989990234375
2026-09-07 12:56:00+00:00,20.73496975370972,499.67999267578125,319.989990234375
2026-09-07 12:57:00+00:00,20.746599279468683,499.67999267578125,319.989990234375
2026-09-07 12:58:00+00:00,20.77567198481347,499.67999267578125,319.989990234375
2026-09-07 12:59:00+00:00,20.787301510572433,499.67999267578125,319.989990234375
2026-09-07 13:00:00+00:00,20.82219008784932,499.67999267578125,319.989990234375
2026-09-07 13:01:00+00:00,20.839633267435147,499.67999267578125,319.989990234375
2026-09-07 13:02:00+00:00,20.84544692126201,499.67999267578125,319.989990234375
2026-09-07 13:03:00+00:00,20.828003741676184,499.67999267578125,319.989990234375
2026-09-07 13:04:00+00:00,20.828003741676184,499.67999267578125,319.989990234375
2026-09-07 13:05:00+00:00,20.825580473140235,499.67999267578125,319.989990234375
2026-09-07 13:06:00+00:00,20.808139323009982,499.67999267578125,319.989990234375
2026-09-07 13:07:00+00:00,20.796511150307424,499.67999267578125,319.989990234375
2026-09-07 13:08:00+00:00,20.784882977604866,499.67999267578125,319.989990234375
2026-09-07 13:09:00+00:00,20.784882977604866,499.67999267578125,319.989990234375
2026-09-07 13:10:00+00:00,20.79069595503256,499.67999267578125,319.989990234375
2026-09-07 13:11:00+00:00,20.798931036331396,499.67999267578125,319.989990234375
2026-09-07 13:12:00+00:00,20.796511150307424,499.67999267578125,319.989990234375
2026-09-07 13:13:00+00:00,20.813952300437677,499.67999267578125,319.989990234375
2026-09-07 13:14:00+00:00,20.81056056209036,499.67999267578125,319.989990234375
2026-09-07 13:15:00+00:00,20.78148785674557,499.67999267578125,319.989990234375
2026-09-07 13:16:00+00:00,20.78148785674557,499.67999267578125,319.989990234375
2026-09-07 13:17:00+00:00,20.77907000017717,499.67999267578125,319.989990234375
2026-09-07 13:18:00+00:00,20.744185482069497,499.67999267578125,319.989990234375
2026-09-07 13:19:00+00:00,20.746599279468683,499.67999267578125,319.989990234375
2026-09-07 13:20:00+00:00,20.746599279468683,499.67999267578125,319.989990234375
2026-09-07 13:21:00+00:00,20.752412933295545,499.67999267578125,319.989990234375
2026-09-07 13:22:00+00:00,20.752412933295545,499.67999267578125,319.989990234375
2026-09-07 13:23:00+00:00,20.760643955683236,499.67999267578125,319.989990234375
2026-09-07 13:24:00+00:00,20.755813654772055,499.67999267578125,319.989990234375
2026-09-07 13:25:00+00:00,20.746599279468683,499.67999267578125,319.989990234375
2026-09-07 13:26:00+00:00,20.752412933295545,499.67999267578125,319.989990234375
2026-09-07 13:27:00+00:00,20.758228805227645,499.67999267578125,319.989990234375
2026-09-07 13:28:00+00:00,20.752412933295545,499.67999267578125,319.989990234375
2026-09-07 13:29:00+00:00,20.755813654772055,499.67999267578125,319.989990234375
2026-09-07 13:30:00+00:00,20.755813654772055,499.67999267578125,319.989990234375
2026-09-07 13:31:00+00:00,20.758228805227645,499.67999267578125,319.989990234375
2026-09-07 13:32:00+00:00,20.758228805227645,499.67999267578125,319.989990234375
2026-09-07 13:33:00+00:00,20.752412933295545,499.67999267578125,319.989990234375
2026-09-07 13:34:00+00:00,20.723340227950757,499.67999267578125,319.989990234375
2026-09-07 13:35:00+00:00,20.682637996847006,499.67999267578125,319.989990234375
2026-09-07 13:36:00+00:00,20.66519481726118,499.67999267578125,319.989990234375
2026-09-07 13:37:00+00:00,20.66519481726118,499.67999267578125,319.989990234375
2026-09-07 13:38:00+00:00,20.66279049099876,499.67999267578125,319.989990234375
2026-09-07 13:39:00+00:00,20.697672791259265,499.67999267578125,319.989990234375
2026-09-07 13:40:00+00:00,20.700081176432832,499.67999267578125,319.989990234375
2026-09-07 13:41:00+00:00,20.700081176432832,499.67999267578125,319.989990234375
2026-09-07 13:42:00+00:00,20.714120440421766,499.67999267578125,319.989990234375
2026-09-07 13:43:00+00:00,20.711710702191795,499.67999267578125,319.989990234375
2026-09-07 13:44:00+00:00,20.688453868779106,499.67999267578125,319.989990234375
2026-09-07 13:45:00+00:00,20.667599143523603,499.67999267578125,319.989990234375
2026-09-07 13:46:00+00:00,20.670001351436895,499.67999267578125,319.989990234375
2026-09-07 13:47:00+00:00,20.670001351436895,499.67999267578125,319.989990234375
2026-09-07 13:48:00+00:00,20.673413473749633,499.67999267578125,319.989990234375
2026-09-07 13:49:00+00:00,20.696675231380368,499.67999267578125,319.989990234375
2026-09-07 13:50:00+00:00,20.7024895616064,499.67999267578125,319.989990234375
2026-09-07 13:51:00+00:00,20.704895824854702,499.67999267578125,319.989990234375
2026-09-07 13:52:00+00:00,20.684039261435373,499.67999267578125,319.989990234375
2026-09-07 13:53:00+00:00,20.675816357466147,499.67999267578125,319.989990234375
2026-09-07 13:54:00+00:00,20.675816357466147,499.67999267578125,319.989990234375
2026-09-07 13:55:00+00:00,20.681633582116547,499.67999267578125,319.989990234375
2026-09-07 13:56:00+00:00,20.681633582116547,499.67999267578125,319.989990234375
2026-09-07 13:57:00+00:00,20.670001351436895,499.67999267578125,319.989990234375
2026-09-07 13:58:00+00:00,20.681633582116547,499.67999267578125,319.989990234375
2026-09-07 13:59:00+00:00,20.59439296132973,499.67999267578125,319.989990234375
2026-09-07 14:00:00+00:00,20.59439296132973,499.67999267578125,319.989990234375
2026-09-07 14:01:00+00:00,20.59439296132973,499.67999267578125,319.989990234375
2026-09-07 14:02:00+00:00,20.59439296132973,499.67999267578125,319.989990234375
2026-09-07 14:03:00+00:00,20.596788492854557,499.67999267578125,319.989990234375
2026-09-07 14:04:00+00:00,20.59439296132973,499.67999267578125,319.989990234375
2026-09-07 14:05:00+00:00,20.59439296132973,499.67999267578125,319.989990234375
2026-09-07 14:06:00+00:00,20.59439296132973,499.67999267578125,319.989990234375
2026-09-07 14:07:00+00:00,20.59439296132973,499.67999267578125,319.989990234375
2026-09-07 14:08:00+00:00,20.59439296132973,499.67999267578125,319.989990234375
2026-09-07 14:09:00+00:00,20.385017246338293,499.67999267578125,319.989990234375
2026-09-07 14:10:00+00:00,20.387388423363973,499.67999267578125,319.989990234375
2026-09-07 14:11:00+00:00,20.387388423363973,499.67999267578125,319.989990234375
2026-09-07 14:12:00+00:00,20.387388423363973,499.67999267578125,319.989990234375
2026-09-07 14:13:00+00:00,20.389761689532406,499.67999267578125,319.989990234375
2026-09-07 14:14:00+00:00,20.389761689532406,499.67999267578125,319.989990234375
2026-09-07 14:15:00+00:00,20.389761689532406,499.67999267578125,319.989990234375
2026-09-07 14:16:00+00:00,20.39213495570084,499.67999267578125,319.989990234375
2026-09-07 14:17:00+00:00,20.39213495570084,499.67999267578125,319.989990234375
2026-09-07 14:18:00+00:00,20.39213495570084,499.67999267578125,319.989990234375
2026-09-07 14:19:00+00:00,20.39213495570084,499.67999267578125,319.989990234375
2026-09-07 14:20:00+00:00,20.389761689532406,499.67999267578125,319.989990234375
2026-09-07 14:21:00+00:00,20.389761689532406,499.67999267578125,319.989990234375
2026-09-07 14:22:00+00:00,20.387388423363973,499.67999267578125,319.989990234375
2026-09-07 14:23:00+00:00,20.389761689532406,499.67999267578125,319.989990234375
2026-09-07 14:24:00+00:00,20.389761689532406,499.67999267578125,319.989990234375
2026-09-07 14:25:00+00:00,20.39213495570084,499.67999267578125,319.989990234375
2026-09-07 14:26:00+00:00,20.39213495570084,499.67999267578125,319.989990234375
2026-09-07 14:27:00+00:00,20.39213495570084,499.67999267578125,319.989990234375
2026-09-07 14:28:00+00:00,20.389761689532406,499.67999267578125,319.989990234375
2026-09-07 14:29:00+00:00,20.387388423363973,499.67999267578125,319.989990234375
2026-09-07 14:30:00+00:00,20.387388423363973,499.67999267578125,319.989990234375
2026-09-07 14:31:00+00:00,20.387388423363973,499.67999267578125,319.989990234375
2026-09-07 14:32:00+00:00,20.387388423363973,499.67999267578125,319.989990234375
2026-09-07 14:33:00+00:00,20.387388423363973,499.67999267578125,319.989990234375
2026-09-07 14:34:00+00:00,20.387388423363973,499.67999267578125,319.989990234375
2026-09-07 14:35:00+00:00,20.387388423363973,499.67999267578125,319.989990234375
2026-09-07 14:36:00+00:00,20.387388423363973,499.67999267578125,319.989990234375
2026-09-07 14:37:00+00:00,20.387388423363973,499.67999267578125,319.989990234375
2026-09-07 14:38:00+00:00,20.387388423363973,499.67999267578125,319.989990234375
2026-09-07 14:39:00+00:00,20.387388423363973,499.67999267578125,319.989990234375
2026-09-07 14:40:00+00:00,20.387388423363973,499.67999267578125,319.989990234375
2026-09-07 14:41:00+00:00,20.387388423363973,499.67999267578125,319.989990234375
2026-09-07 14:42:00+00:00,20.387388423363973,499.67999267578125,319.989990234375
2026-09-07 14:43:00+00:00,20.387388423363973,499.67999267578125,319.989990234375
2026-09-07 14:44:00+00:00,20.387388423363973,499.67999267578125,319.989990234375
2026-09-07 14:45:00+00:00,20.387388423363973,499.67999267578125,319.989990234375
2026-09-07 14:46:00+00:00,20.385017246338293,499.67999267578125,319.989990234375
2026-09-07 14:47:00+00:00,20.387388423363973,499.67999267578125,319.989990234375
2026-09-07 14:48:00+00:00,20.385017246338293,499.67999267578125,319.989990234375
2026-09-07 14:49:00+00:00,20.385017246338293,499.67999267578125,319.989990234375
2026-09-07 14:50:00+00:00,20.385017246338293,499.67999267578125,319.989990234375
2026-09-07 14:51:00+00:00,20.382648158455368,499.67999267578125,319.989990234375
2026-09-07 14:52:00+00:00,20.385017246338293,499.67999267578125,319.989990234375
2026-09-07 14:53:00+00:00,20.385017246338293,499.67999267578125,319.989990234375
2026-09-07 14:54:00+00:00,20.382648158455368,499.67999267578125,319.989990234375
2026-09-07 14:55:00+00:00,20.385017246338293,499.67999267578125,319.989990234375
2026-09-07 14:56:00+00:00,20.387388423363973,499.67999267578125,319.989990234375
2026-09-07 14:57:00+00:00,20.389761689532406,499.67999267578125,319.989990234375
2026-09-07 14:58:00+00:00,20.389761689532406,499.67999267578125,319.989990234375
2026-09-07 14:59:00+00:00,20.389761689532406,499.67999267578125,319.989990234375
2026-09-07 15:00:00+00:00,20.389761689532406,499.67999267578125,319.989990234375
2026-09-07 15:01:00+00:00,20.389761689532406,499.67999267578125,319.989990234375
2026-09-07 15:02:00+00:00,20.387388423363973,499.67999267578125,319.989990234375
2026-09-07 15:03:00+00:00,20.389761689532406,499.67999267578125,319.989990234375
2026-09-07 15:04:00+00:00,20.389761689532406,499.67999267578125,319.989990234375
2026-09-07 15:05:00+00:00,20.387388423363973,499.67999267578125,319.989990234375
2026-09-07 15:06:00+00:00,20.385017246338293,499.67999267578125,319.989990234375
2026-09-07 15:07:00+00:00,20.382648158455368,499.67999267578125,319.989990234375
2026-09-07 15:08:00+00:00,20.385017246338293,499.67999267578125,319.989990234375
2026-09-07 15:09:00+00:00,20.385017246338293,499.67999267578125,319.989990234375
2026-09-07 15:10:00+00:00,20.385017246338293,499.67999267578125,319.989990234375
2026-09-07 15:11:00+00:00,20.385017246338293,499.67999267578125,319.989990234375
2026-09-07 15:12:00+00:00,20.385017246338293,499.67999267578125,319.989990234375
2026-09-07 15:13:00+00:00,20.385017246338293,499.67999267578125,319.989990234375
2026-09-07 15:14:00+00:00,20.382648158455368,499.67999267578125,319.989990234375
2026-09-07 15:15:00+00:00,20.382648158455368,499.67999267578125,319.989990234375
2026-09-07 15:16:00+00:00,20.382648158455368,499.67999267578125,319.989990234375
2026-09-07 15:17:00+00:00,20.382648158455368,499.67999267578125,319.989990234375
2026-09-07 15:18:00+00:00,20.382648158455368,499.67999267578125,319.989990234375
2026-09-07 15:19:00+00:00,20.382648158455368,499.67999267578125,319.989990234375
2026-09-07 15:20:00+00:00,20.385017246338293,499.67999267578125,319.989990234375
2026-09-07 15:21:00+00:00,20.385017246338293,499.67999267578125,319.989990234375
2026-09-07 15:22:00+00:00,20.385017246338293,499.67999267578125,319.989990234375
2026-09-07 15:23:00+00:00,20.385017246338293,499.67999267578125,319.989990234375
2026-09-07 15:24:00+00:00,20.385017246338293,499.67999267578125,319.989990234375
2026-09-07 15:25:00+00:00,20.385017246338293,499.67999267578125,319.989990234375
2026-09-07 15:26:00+00:00,20.385017246338293,499.67999267578125,319.989990234375
2026-09-07 15:27:00+00:00,20.385017246338293,499.67999267578125,319.989990234375
2026-09-07 15:28:00+00:00,20.387388423363973,499.67999267578125,319.989990234375
2026-09-07 15:29:00+00:00,20.387388423363973,499.67999267578125,319.989990234375
2026-09-07 15:30:00+00:00,20.389761689532406,499.67999267578125,319.989990234375
2026-09-07 15:31:00+00:00,20.389761689532406,499.67999267578125,319.989990234375
2026-09-07 15:32:00+00:00,20.387388423363973,499.67999267578125,319.989990234375
2026-09-07 15:33:00+00:00,20.385017246338293,499.67999267578125,319.989990234375
2026-09-07 15:34:00+00:00,20.387388423363973,499.67999267578125,319.989990234375
2026-09-07 15:35:00+00:00,20.385017246338293,499.67999267578125,319.989990234375
2026-09-07 15:36:00+00:00,20.387388423363973,499.67999267578125,319.989990234375
2026-09-07 15:37:00+00:00,20.387388423363973,499.67999267578125,319.989990234375
2026-09-07 15:38:00+00:00,20.385017246338293,499.67999267578125,319.989990234375
2026-09-07 15:39:00+00:00,20.387388423363973,499.67999267578125,319.989990234375
2026-09-07 15:40:00+00:00,20.387388423363973,499.67999267578125,319.989990234375
2026-09-07 15:41:00+00:00,20.387388423363973,499.67999267578125,319.989990234375
2026-09-07 15:42:00+00:00,20.385017246338293,499.67999267578125,319.989990234375
2026-09-07 15:43:00+00:00,20.385017246338293,499.67999267578125,319.989990234375
2026-09-07 15:44:00+00:00,20.385017246338293,499.67999267578125,319.989990234375
2026-09-07 15:45:00+00:00,20.385017246338293,499.67999267578125,319.989990234375
2026-09-07 15:46:00+00:00,20.385017246338293,499.67999267578125,319.989990234375
2026-09-07 15:47:00+00:00,20.385017246338293,499.67999267578125,319.989990234375
2026-09-07 15:48:00+00:00,20.385017246338293,499.67999267578125,319.989990234375
2026-09-07 15:49:00+00:00,20.385017246338293,499.67999267578125,319.989990234375
2026-09-07 15:50:00+00:00,20.385017246338293,499.67999267578125,319.989990234375
2026-09-07 15:51:00+00:00,20.385017246338293,499.67999267578125,319.989990234375
2026-09-07 15:52:00+00:00,20.385017246338293,499.67999267578125,319.989990234375
2026-09-07 15:53:00+00:00,20.385017246338293,499.67999267578125,319.989990234375
2026-09-07 15:54:00+00:00,20.382648158455368,499.67999267578125,319.989990234375
2026-09-07 15:55:00+00:00,20.382648158455368,499.67999267578125,319.989990234375
2026-09-07 15:56:00+00:00,20.382648158455368,499.67999267578125,319.989990234375
2026-09-07 15:57:00+00:00,20.382648158455368,499.67999267578125,319.989990234375
2026-09-07 15:58:00+00:00,20.382648158455368,499.67999267578125,319.989990234375
2026-09-07 15:59:00+00:00,20.382648158455368,499.67999267578125,319.989990234375
2026-09-07 16:00:00+00:00,20.382648158455368,499.67999267578125,319.989990234375
2026-09-07 16:01:00+00:00,20.382648158455368,499.67999267578125,319.989990234375
2026-09-07 16:02:00+00:00,20.380276981429688,499.67999267578125,319.989990234375
2026-09-07 16:03:00+00:00,20.380276981429688,499.67999267578125,319.989990234375
2026-09-07 16:04:00+00:00,20.380276981429688,499.67999267578125,319.989990234375
2026-09-07 16:05:00+00:00,20.382648158455368,499.67999267578125,319.989990234375
2026-09-07 16:06:00+00:00,20.382648158455368,499.67999267578125,319.989990234375
2026-09-07 16:07:00+00:00,20.382648158455368,499.67999267578125,319.989990234375
2026-09-07 16:08:00+00:00,20.382648158455368,499.67999267578125,319.989990234375
2026-09-07 16:09:00+00:00,20.382648158455368,499.67999267578125,319.989990234375
2026-09-07 16:10:00+00:00,20.382648158455368,499.67999267578125,319.989990234375
2026-09-07 16:11:00+00:00,20.382648158455368,499.67999267578125,319.989990234375
2026-09-07 16:12:00+00:00,20.382648158455368,499.67999267578125,319.989990234375
2026-09-07 16:13:00+00:00,20.382648158455368,499.67999267578125,319.989990234375
2026-09-07 16:14:00+00:00,20.382648158455368,499.67999267578125,319.989990234375
2026-09-07 16:15:00+00:00,20.382648158455368,499.67999267578125,319.989990234375
2026-09-07 16:16:00+00:00,20.382648158455368,499.67999267578125,319.989990234375
2026-09-07 16:17:00+00:00,20.382648158455368,499.67999267578125,319.989990234375
2026-09-07 16:18:00+00:00,20.380276981429688,499.67999267578125,319.989990234375
2026-09-07 16:19:00+00:00,20.380276981429688,499.67999267578125,319.989990234375
2026-09-07 16:20:00+00:00,20.382648158455368,499.67999267578125,319.989990234375
2026-09-07 16:21:00+00:00,20.382648158455368,499.67999267578125,319.989990234375
2026-09-07 16:22:00+00:00,20.382648158455368,499.67999267578125,319.989990234375
2026-09-07 16:23:00+00:00,20.382648158455368,499.67999267578125,319.989990234375
2026-09-07 16:24:00+00:00,20.382648158455368,499.67999267578125,319.989990234375
2026-09-07 16:25:00+00:00,20.382648158455368,499.67999267578125,319.989990234375
2026-09-07 16:26:00+00:00,20.382648158455368,499.67999267578125,319.989990234375
2026-09-07 16:27:00+00:00,20.382648158455368,499.67999267578125,319.989990234375
2026-09-07 16:28:00+00:00,20.382648158455368,499.67999267578125,319.989990234375
2026-09-07 16:29:00+00:00,20.382648158455368,499.67999267578125,319.989990234375
2026-09-07 16:30:00+00:00,20.385017246338293,499.67999267578125,319.989990234375
2026-09-07 16:31:00+00:00,20.382648158455368,499.67999267578125,319.989990234375
2026-09-07 16:32:00+00:00,20.382648158455368,499.67999267578125,319.989990234375
2026-09-07 16:33:00+00:00,20.382648158455368,499.67999267578125,319.989990234375
2026-09-07 16:34:00+00:00,20.385017246338293,499.67999267578125,319.989990234375
2026-09-07 16:35:00+00:00,20.385017246338293,499.67999267578125,319.989990234375
2026-09-07 16:36:00+00:00,20.385017246338293,499.67999267578125,319.989990234375
2026-09-07 16:37:00+00:00,20.385017246338293,499.67999267578125,319.989990234375
2026-09-07 16:38:00+00:00,20.385017246338293,499.67999267578125,319.989990234375
2026-09-07 16:39:00+00:00,20.385017246338293,499.67999267578125,319.989990234375
2026-09-07 16:40:00+00:00,20.385017246338293,499.67999267578125,319.989990234375
2026-09-07 16:41:00+00:00,20.385017246338293,499.67999267578125,319.989990234375
2026-09-07 16:42:00+00:00,20.385017246338293,499.67999267578125,319.989990234375
2026-09-07 16:43:00+00:00,20.387388423363973,499.67999267578125,319.989990234375
2026-09-07 16:44:00+00:00,20.387388423363973,499.67999267578125,319.989990234375
2026-09-07 16:45:00+00:00,20.387388423363973,499.67999267578125,319.989990234375
2026-09-07 16:46:00+00:00,20.385017246338293,499.67999267578125,319.989990234375
2026-09-07 16:47:00+00:00,20.385017246338293,499.67999267578125,319.989990234375
2026-09-07 16:48:00+00:00,20.385017246338293,499.67999267578125,319.989990234375
2026-09-07 16:49:00+00:00,20.387388423363973,499.67999267578125,319.989990234375
2026-09-07 16:50:00+00:00,20.387388423363973,499.67999267578125,319.989990234375
2026-09-07 16:51:00+00:00,20.387388423363973,499.67999267578125,319.989990234375
2026-09-07 16:52:00+00:00,20.387388423363973,499.67999267578125,319.989990234375
2026-09-07 16:53:00+00:00,20.385017246338293,499.67999267578125,319.989990234375
2026-09-07 16:54:00+00:00,20.385017246338293,499.67999267578125,319.989990234375
2026-09-07 16:55:00+00:00,20.385017246338293,499.67999267578125,319.989990234375
2026-09-07 16:56:00+00:00,20.385017246338293,499.67999267578125,319.989990234375
2026-09-07 16:57:00+00:00,20.385017246338293,499.67999267578125,319.989990234375
2026-09-07 16:58:00+00:00,20.385017246338293,499.67999267578125,319.989990234375
2026-09-07 16:59:00+00:00,20.385017246338293,499.67999267578125,319.989990234375
2026-09-07 17:00:00+00:00,20.385017246338293,499.67999267578125,319.989990234375
2026-09-07 17:01:00+00:00,20.385017246338293,499.67999267578125,319.989990234375
2026-09-07 17:02:00+00:00,20.385017246338293,499.67999267578125,319.989990234375
2026-09-07 17:03:00+00:00,20.382648158455368,499.67999267578125,319.989990234375
2026-09-07 17:04:00+00:00,20.382648158455368,499.67999267578125,319.989990234375
2026-09-07 17:05:00+00:00,20.382648158455368,499.67999267578125,319.989990234375
2026-09-07 17:06:00+00:00,20.382648158455368,499.67999267578125,319.989990234375
2026-09-07 17:07:00+00:00,20.382648158455368,499.67999267578125,319.989990234375
2026-09-07 17:08:00+00:00,20.382648158455368,499.67999267578125,319.989990234375
2026-09-07 17:09:00+00:00,20.382648158455368,499.67999267578125,319.989990234375
2026-09-07 17:10:00+00:00,20.380276981429688,499.67999267578125,319.989990234375
2026-09-07 17:11:00+00:00,20.380276981429688,499.67999267578125,319.989990234375
2026-09-07 17:12:00+00:00,20.380276981429688,499.67999267578125,319.989990234375
2026-09-07 17:13:00+00:00,20.380276981429688,499.67999267578125,319.989990234375
2026-09-07 17:14:00+00:00,20.382648158455368,499.67999267578125,319.989990234375
2026-09-07 17:15:00+00:00,20.382648158455368,499.67999267578125,319.989990234375
2026-09-07 17:16:00+00:00,20.382648158455368,499.67999267578125,319.989990234375
2026-09-07 17:17:00+00:00,20.382648158455368,499.67999267578125,319.989990234375
2026-09-07 17:18:00+00:00,20.380276981429688,499.67999267578125,319.989990234375
2026-09-07 17:19:00+00:00,20.380276981429688,499.67999267578125,319.989990234375
2026-09-07 17:20:00+00:00,20.380276981429688,499.67999267578125,319.989990234375
2026-09-07 17:21:00+00:00,20.380276981429688,499.67999267578125,319.989990234375
2026-09-07 17:22:00+00:00,20.380276981429688,499.67999267578125,319.989990234375
2026-09-07 17:23:00+00:00,20.380276981429688,499.67999267578125,319.989990234375
2026-09-07 17:24:00+00:00,20.380276981429688,499.67999267578125,319.989990234375
2026-09-07 17:25:00+00:00,20.380276981429688,499.67999267578125,319.989990234375
2026-09-07 17:26:00+00:00,20.380276981429688,499.67999267578125,319.989990234375
2026-09-07 17:27:00+00:00,20.380276981429688,499.67999267578125,319.989990234375
2026-09-07 17:28:00+00:00,20.380276981429688,499.67999267578125,319.989990234375
2026-09-07 17:29:00+00:00,20.380276981429688,499.67999267578125,319.989990234375
2026-09-07 17:30:00+00:00,20.380276981429688,499.67999267578125,319.989990234375
2026-09-07 17:31:00+00:00,20.380276981429688,499.67999267578125,319.989990234375
2026-09-07 17:32:00+00:00,20.380276981429688,499.67999267578125,319.989990234375
2026-09-07 17:33:00+00:00,20.380276981429688,499.67999267578125,319.989990234375
2026-09-07 17:34:00+00:00,20.380276981429688,499.67999267578125,319.989990234375
2026-09-07 17:35:00+00:00,20.380276981429688,499.67999267578125,319.989990234375
2026-09-07 17:36:00+00:00,20.380276981429688,499.67999267578125,319.989990234375
2026-09-07 17:37:00+00:00,20.380276981429688,499.67999267578125,319.989990234375
2026-09-07 17:38:00+00:00,20.380276981429688,499.67999267578125,319.989990234375
2026-09-07 17:39:00+00:00,20.380276981429688,499.67999267578125,319.989990234375
2026-09-07 17:40:00+00:00,20.37790580440401,499.67999267578125,319.989990234375
2026-09-07 17:41:00+00:00,20.37790580440401,499.67999267578125,319.989990234375
2026-09-07 17:42:00+00:00,20.37790580440401,499.67999267578125,319.989990234375
2026-09-07 17:43:00+00:00,20.37790580440401,499.67999267578125,319.989990234375
2026-09-07 17:44:00+00:00,20.37790580440401,499.67999267578125,319.989990234375
2026-09-07 17:45:00+00:00,20.37790580440401,499.67999267578125,319.989990234375
2026-09-07 17:46:00+00:00,20.37790580440401,499.67999267578125,319.989990234375
2026-09-07 17:47:00+00:00,20.380276981429688,499.67999267578125,319.989990234375
2026-09-07 17:48:00+00:00,20.37790580440401,499.67999267578125,319.989990234375
2026-09-07 17:49:00+00:00,20.37790580440401,499.67999267578125,319.989990234375
2026-09-07 17:50:00+00:00,20.37790580440401,499.67999267578125,319.989990234375
2026-09-07 17:51:00+00:00,20.37790580440401,499.67999267578125,319.989990234375
2026-09-07 17:52:00+00:00,20.37790580440401,499.67999267578125,319.989990234375
2026-09-07 17:53:00+00:00,20.37790580440401,499.67999267578125,319.989990234375
2026-09-07 17:54:00+00:00,20.37790580440401,499.67999267578125,319.989990234375
2026-09-07 17:55:00+00:00,20.37790580440401,499.67999267578125,319.989990234375
2026-09-07 17:56:00+00:00,20.380276981429688,499.67999267578125,319.989990234375
2026-09-07 17:57:00+00:00,20.380276981429688,499.67999267578125,319.989990234375
2026-09-07 17:58:00+00:00,20.380276981429688,499.67999267578125,319.989990234375
2026-09-07 17:59:00+00:00,20.380276981429688,499.67999267578125,319.989990234375
2026-09-07 18:00:00+00:00,20.380276981429688,499.67999267578125,319.989990234375
2026-09-07 18:01:00+00:00,20.380276981429688,499.67999267578125,319.989990234375
2026-09-07 18:02:00+00:00,20.380276981429688,499.67999267578125,319.989990234375
2026-09-07 18:03:00+00:00,20.380276981429688,499.67999267578125,319.989990234375
2026-09-07 18:04:00+00:00,20.380276981429688,499.67999267578125,319.989990234375
2026-09-07 18:05:00+00:00,20.380276981429688,499.67999267578125,319.989990234375
2026-09-07 18:06:00+00:00,20.380276981429688,499.67999267578125,319.989990234375
2026-09-07 18:07:00+00:00,20.380276981429688,499.67999267578125,319.989990234375
2026-09-07 18:08:00+00:00,20.37790580440401,499.67999267578125,319.989990234375
2026-09-07 18:09:00+00:00,20.37790580440401,499.67999267578125,319.989990234375
2026-09-07 18:10:00+00:00,20.37790580440401,499.67999267578125,319.989990234375
2026-09-07 18:11:00+00:00,20.37790580440401,499.67999267578125,319.989990234375
2026-09-07 18:12:00+00:00,20.37790580440401,499.67999267578125,319.989990234375
2026-09-07 18:13:00+00:00,20.37790580440401,499.67999267578125,319.989990234375
2026-09-07 18:14:00+00:00,20.37790580440401,499.67999267578125,319.989990234375
2026-09-07 18:15:00+00:00,20.37790580440401,499.67999267578125,319.989990234375
2026-09-07 18:16:00+00:00,20.37790580440401,499.67999267578125,319.989990234375
2026-09-07 18:17:00+00:00,20.37790580440401,499.67999267578125,319.989990234375
2026-09-07 18:18:00+00:00,20.37790580440401,499.67999267578125,319.989990234375
2026-09-07 18:19:00+00:00,20.37790580440401,499.67999267578125,319.989990234375
2026-09-07 18:20:00+00:00,20.37790580440401,499.67999267578125,319.989990234375
2026-09-07 18:21:00+00:00,20.37790580440401,499.67999267578125,319.989990234375
2026-09-07 18:22:00+00:00,20.37790580440401,499.67999267578125,319.989990234375
2026-09-07 18:23:00+00:00,20.37790580440401,499.67999267578125,319.989990234375
2026-09-07 18:24:00+00:00,20.37790580440401,499.67999267578125,319.989990234375
2026-09-07 18:25:00+00:00,20.37790580440401,499.67999267578125,319.989990234375
2026-09-07 18:26:00+00:00,20.37790580440401,499.67999267578125,319.989990234375
2026-09-07 18:27:00+00:00,20.37790580440401,499.67999267578125,319.989990234375
2026-09-07 18:28:00+00:00,20.375538805663837,499.67999267578125,319.989990234375
2026-09-07 18:29:00+00:00,20.375538805663837,499.67999267578125,319.989990234375
2026-09-07 18:30:00+00:00,20.375538805663837,499.67999267578125,319.989990234375
2026-09-07 18:31:00+00:00,20.375538805663837,499.67999267578125,319.989990234375
2026-09-07 18:32:00+00:00,20.375538805663837,499.67999267578125,319.989990234375
2026-09-07 18:33:00+00:00,20.375538805663837,499.67999267578125,319.989990234375
2026-09-07 18:34:00+00:00,20.37790580440401,499.67999267578125,319.989990234375
2026-09-07 18:35:00+00:00,20.37790580440401,499.67999267578125,319.989990234375
2026-09-07 18:36:00+00:00,20.37790580440401,499.67999267578125,319.989990234375
2026-09-07 18:37:00+00:00,20.37790580440401,499.67999267578125,319.989990234375
2026-09-07 18:38:00+00:00,20.37790580440401,499.67999267578125,319.989990234375
2026-09-07 18:39:00+00:00,20.37790580440401,499.67999267578125,319.989990234375
2026-09-07 18:40:00+00:00,20.37790580440401,499.67999267578125,319.989990234375
2026-09-07 18:41:00+00:00,20.37790580440401,499.67999267578125,319.989990234375
2026-09-07 18:42:00+00:00,20.37790580440401,499.67999267578125,319.989990234375
2026-09-07 18:43:00+00:00,20.37790580440401,499.67999267578125,319.989990234375
2026-09-07 18:44:00+00:00,20.37790580440401,499.67999267578125,319.989990234375
2026-09-07 18:45:00+00:00,20.37790580440401,499.67999267578125,319.989990234375
2026-09-07 18:46:00+00:00,20.375538805663837,499.67999267578125,319.989990234375
2026-09-07 18:47:00+00:00,20.375538805663837,499.67999267578125,319.989990234375
2026-09-07 18:48:00+00:00,20.375538805663837,499.67999267578125,319.989990234375
2026-09-07 18:49:00+00:00,20.375538805663837,499.67999267578125,319.989990234375
2026-09-07 18:50:00+00:00,20.375538805663837,499.67999267578125,319.989990234375
2026-09-07 18:51:00+00:00,20.375538805663837,499.67999267578125,319.989990234375
2026-09-07 18:52:00+00:00,20.375538805663837,499.67999267578125,319.989990234375
2026-09-07 18:53:00+00:00,20.375538805663837,499.67999267578125,319.989990234375
2026-09-07 18:54:00+00:00,20.375538805663837,499.67999267578125,319.989990234375
2026-09-07 18:55:00+00:00,20.375538805663837,499.67999267578125,319.989990234375
2026-09-07 18:56:00+00:00,20.375538805663837,499.67999267578125,319.989990234375
2026-09-07 18:57:00+00:00,20.375538805663837,499.67999267578125,319.989990234375
2026-09-07 18:58:00+00:00,20.375538805663837,499.67999267578125,319.989990234375
2026-09-07 18:59:00+00:00,20.375538805663837,499.67999267578125,319.989990234375
2026-09-07 19:00:00+00:00,20.375538805663837,499.67999267578125,319.989990234375
2026-09-07 19:01:00+00:00,20.375538805663837,499.67999267578125,319.989990234375
2026-09-07 19:02:00+00:00,20.375538805663837,499.67999267578125,319.989990234375
2026-09-07 19:03:00+00:00,20.375538805663837,499.67999267578125,319.989990234375
2026-09-07 19:04:00+00:00,20.375538805663837,499.67999267578125,319.989990234375
2026-09-07 19:05:00+00:00,20.375538805663837,499.67999267578125,319.989990234375
2026-09-07 19:06:00+00:00,20.375538805663837,499.67999267578125,319.989990234375
2026-09-07 19:07:00+00:00,20.375538805663837,499.67999267578125,319.989990234375
2026-09-07 19:08:00+00:00,20.375538805663837,499.67999267578125,319.989990234375
2026-09-07 19:09:00+00:00,20.375538805663837,499.67999267578125,319.989990234375
2026-09-07 19:10:00+00:00,20.375538805663837,499.67999267578125,319.989990234375
2026-09-07 19:11:00+00:00,20.375538805663837,499.67999267578125,319.989990234375
2026-09-07 19:12:00+00:00,20.375538805663837,499.67999267578125,319.989990234375
2026-09-07 19:13:00+00:00,20.375538805663837,499.67999267578125,319.989990234375
2026-09-07 19:14:00+00:00,20.375538805663837,499.67999267578125,319.989990234375
2026-09-07 19:15:00+00:00,20.375538805663837,499.67999267578125,319.989990234375
2026-09-07 19:16:00+00:00,20.375538805663837,499.67999267578125,319.989990234375
2026-09-07 19:17:00+00:00,20.375538805663837,499.67999267578125,319.989990234375
2026-09-07 19:18:00+00:00,20.375538805663837,499.67999267578125,319.989990234375
2026-09-07 19:19:00+00:00,20.375538805663837,499.67999267578125,319.989990234375
2026-09-07 19:20:00+00:00,20.375538805663837,499.67999267578125,319.989990234375
2026-09-07 19:21:00+00:00,20.375538805663837,499.67999267578125,319.989990234375
2026-09-07 19:22:00+00:00,20.375538805663837,499.67999267578125,319.989990234375
2026-09-07 19:23:00+00:00,20.375538805663837,499.67999267578125,319.989990234375
2026-09-07 19:24:00+00:00,20.375538805663837,499.67999267578125,319.989990234375
2026-09-07 19:25:00+00:00,20.375538805663837,499.67999267578125,319.989990234375
2026-09-07 19:26:00+00:00,20.375538805663837,499.67999267578125,319.989990234375
2026-09-07 19:27:00+00:00,20.375538805663837,499.67999267578125,319.989990234375
2026-09-07 19:28:00+00:00,20.375538805663837,499.67999267578125,319.989990234375
2026-09-07 19:29:00+00:00,20.375538805663837,499.67999267578125,319.989990234375
2026-09-07 19:30:00+00:00,20.37316971778091,499.67999267578125,319.989990234375
2026-09-07 19:31:00+00:00,20.37316971778091,499.67999267578125,319.989990234375
2026-09-07 19:32:00+00:00,20.37316971778091,499.67999267578125,319.989990234375
2026-09-07 19:33:00+00:00,20.37316971778091,499.67999267578125,319.989990234375
2026-09-07 19:34:00+00:00,20.37316971778091,499.67999267578125,319.989990234375
2026-09-07 19:35:00+00:00,20.37316971778091,499.67999267578125,319.989990234375
2026-09-07 19:36:00+00:00,20.37316971778091,499.67999267578125,319.989990234375
2026-09-07 19:37:00+00:00,20.37316971778091,499.67999267578125,319.989990234375
2026-09-07 19:38:00+00:00,20.37316971778091,499.67999267578125,319.989990234375
2026-09-07 19:39:00+00:00,20.37316971778091,499.67999267578125,319.989990234375
2026-09-07 19:40:00+00:00,20.37316971778091,499.67999267578125,319.989990234375
2026-09-07 19:41:00+00:00,20.37316971778091,499.67999267578125,319.989990234375
2026-09-07 19:42:00+00:00,20.37316971778091,499.67999267578125,319.989990234375
2026-09-07 19:43:00+00:00,20.37316971778091,499.67999267578125,319.989990234375
2026-09-07 19:44:00+00:00,20.37316971778091,499.67999267578125,319.989990234375
2026-09-07 19:45:00+00:00,20.37316971778091,499.67999267578125,319.989990234375
2026-09-07 19:46:00+00:00,20.37316971778091,499.67999267578125,319.989990234375
2026-09-07 19:47:00+00:00,20.37316971778091,499.67999267578125,319.989990234375
2026-09-07 19:48:00+00:00,20.37316971778091,499.67999267578125,319.989990234375
2026-09-07 19:49:00+00:00,20.37316971778091,499.67999267578125,319.989990234375
2026-09-07 19:50:00+00:00,20.37316971778091,499.67999267578125,319.989990234375
2026-09-07 19:51:00+00:00,20.37316971778091,499.67999267578125,319.989990234375
2026-09-07 19:52:00+00:00,20.37316971778091,499.67999267578125,319.989990234375
2026-09-07 19:53:00+00:00,20.37316971778091,499.67999267578125,319.989990234375
2026-09-07 19:54:00+00:00,20.37316971778091,499.67999267578125,319.989990234375
2026-09-07 19:55:00+00:00,20.37316971778091,499.67999267578125,319.989990234375
2026-09-07 19:56:00+00:00,20.37316971778091,499.67999267578125,319.989990234375
2026-09-07 19:57:00+00:00,20.37316971778091,499.67999267578125,319.989990234375
2026-09-07 19:58:00+00:00,20.37316971778091,499.67999267578125,319.989990234375
2026-09-07 19:59:00+00:00,20.37316971778091,499.67999267578125,319.989990234375
2026-09-07 20:00:00+00:00,20.37316971778091,499.67999267578125,319.989990234375
2026-09-07 20:01:00+00:00,20.37316971778091,499.67999267578125,319.989990234375
2026-09-07 20:02:00+00:00,20.37316971778091,499.67999267578125,319.989990234375
2026-09-07 20:03:00+00:00,20.37316971778091,499.67999267578125,319.989990234375
2026-09-07 20:04:00+00:00,20.37316971778091,499.67999267578125,319.989990234375
2026-09-07 20:05:00+00:00,20.37316971778091,499.67999267578125,319.989990234375
2026-09-07 20:06:00+00:00,20.37316971778091,499.67999267578125,319.989990234375
2026-09-07 20:07:00+00:00,20.37316971778091,499.67999267578125,319.989990234375
2026-09-07 20:08:00+00:00,20.37316971778091,499.67999267578125,319.989990234375
2026-09-07 20:09:00+00:00,20.37316971778091,499.67999267578125,319.989990234375
2026-09-07 20:10:00+00:00,20.37316971778091,499.67999267578125,319.989990234375
2026-09-07 20:11:00+00:00,20.37316971778091,499.67999267578125,319.989990234375
2026-09-07 20:12:00+00:00,20.37316971778091,499.67999267578125,319.989990234375
2026-09-07 20:13:00+00:00,20.37316971778091,499.67999267578125,319.989990234375
2026-09-07 20:14:00+00:00,20.37316971778091,499.67999267578125,319.989990234375
2026-09-07 20:15:00+00:00,20.37316971778091,499.67999267578125,319.989990234375
2026-09-07 20:16:00+00:00,20.37316971778091,499.67999267578125,319.989990234375
2026-09-07 20:17:00+00:00,20.37316971778091,499.67999267578125,319.989990234375
2026-09-07 20:18:00+00:00,20.37316971778091,499.67999267578125,319.989990234375
2026-09-07 20:19:00+00:00,20.375538805663837,499.67999267578125,319.989990234375
2026-09-07 20:20:00+00:00,20.375538805663837,499.67999267578125,319.989990234375
2026-09-07 20:21:00+00:00,20.375538805663837,499.67999267578125,319.989990234375
2026-09-07 20:22:00+00:00,20.375538805663837,499.67999267578125,319.989990234375
2026-09-07 20:23:00+00:00,20.375538805663837,499.67999267578125,319.989990234375
2026-09-07 20:24:00+00:00,20.375538805663837,499.67999267578125,319.989990234375
2026-09-07 20:25:00+00:00,20.37316971778091,499.67999267578125,319.989990234375
2026-09-07 20:26:00+00:00,20.37316971778091,499.67999267578125,319.989990234375
2026-09-07 20:27:00+00:00,20.37316971778091,499.67999267578125,319.989990234375
2026-09-07 20:28:00+00:00,20.37316971778091,499.67999267578125,319.989990234375
2026-09-07 20:29:00+00:00,20.37316971778091,499.67999267578125,319.989990234375
2026-09-07 20:30:00+00:00,20.37316971778091,499.67999267578125,319.989990234375
2026-09-07 20:31:00+00:00,20.37316971778091,499.67999267578125,319.989990234375
2026-09-07 20:32:00+00:00,20.37316971778091,499.67999267578125,319.989990234375
2026-09-07 20:33:00+00:00,20.37316971778091,499.67999267578125,319.989990234375
2026-09-07 20:34:00+00:00,20.37316971778091,499.67999267578125,319.989990234375
2026-09-07 20:35:00+00:00,20.37316971778091,499.67999267578125,319.989990234375
2026-09-07 20:36:00+00:00,20.37316971778091,499.67999267578125,319.989990234375
2026-09-07 20:37:00+00:00,20.375538805663837,499.67999267578125,319.989990234375
2026-09-07 20:38:00+00:00,20.375538805663837,499.67999267578125,319.989990234375
2026-09-07 20:39:00+00:00,20.37316971778091,499.67999267578125,319.989990234375
2026-09-07 20:40:00+00:00,20.37316971778091,499.67999267578125,319.989990234375
2026-09-07 20:41:00+00:00,20.375538805663837,499.67999267578125,319.989990234375
2026-09-07 20:42:00+00:00,20.37316971778091,499.67999267578125,319.989990234375
2026-09-07 20:43:00+00:00,20.375538805663837,499.67999267578125,319.989990234375
2026-09-07 20:44:00+00:00,20.375538805663837,499.67999267578125,319.989990234375
2026-09-07 20:45:00+00:00,20.375538805663837,499.67999267578125,319.989990234375
2026-09-07 20:46:00+00:00,20.37316971778091,499.67999267578125,319.989990234375
2026-09-07 20:47:00+00:00,20.37316971778091,499.67999267578125,319.989990234375
2026-09-07 20:48:00+00:00,20.37316971778091,499.67999267578125,319.989990234375
2026-09-07 20:49:00+00:00,20.37316971778091,499.67999267578125,319.989990234375
2026-09-07 20:50:00+00:00,20.37316971778091,499.67999267578125,319.989990234375
2026-09-07 20:51:00+00:00,20.37316971778091,499.67999267578125,319.989990234375
2026-09-07 20:52:00+00:00,20.37316971778091,499.67999267578125,319.989990234375
2026-09-07 20:53:00+00:00,20.37316971778091,499.67999267578125,319.989990234375
2026-09-07 20:54:00+00:00,20.37316971778091,499.67999267578125,319.989990234375
2026-09-07 20:55:00+00:00,20.375538805663837,499.67999267578125,319.989990234375
2026-09-07 20:56:00+00:00,20.375538805663837,499.67999267578125,319.989990234375
2026-09-07 20:57:00+00:00,20.375538805663837,499.67999267578125,319.989990234375
2026-09-07 20:58:00+00:00,20.375538805663837,499.67999267578125,319.989990234375
2026-09-07 20:59:00+00:00,20.375538805663837,499.67999267578125,319.989990234375
2026-09-07 21:00:00+00:00,20.380276981429688,499.67999267578125,319.989990234375
2026-09-07 21:01:00+00:00,20.37316971778091,499.67999267578125,319.989990234375
2026-09-07 21:02:00+00:00,20.375538805663837,499.67999267578125,319.989990234375
2026-09-07 21:03:00+00:00,20.375538805663837,499.67999267578125,319.989990234375
2026-09-07 21:04:00+00:00,20.375538805663837,499.67999267578125,319.989990234375
2026-09-07 21:05:00+00:00,20.375538805663837,499.67999267578125,319.989990234375
2026-09-07 21:06:00+00:00,20.375538805663837,499.67999267578125,319.989990234375
2026-09-07 21:07:00+00:00,20.375538805663837,499.67999267578125,319.989990234375
2026-09-07 21:08:00+00:00,20.37790580440401,499.67999267578125,319.989990234375
2026-09-07 21:09:00+00:00,20.37316971778091,499.67999267578125,319.989990234375
2026-09-07 21:10:00+00:00,20.37316971778091,499.67999267578125,319.989990234375
2026-09-07 21:11:00+00:00,20.375538805663837,499.67999267578125,319.989990234375
2026-09-07 21:12:00+00:00,20.37316971778091,499.67999267578125,319.989990234375
2026-09-07 21:13:00+00:00,20.370800629897985,499.67999267578125,319.989990234375
2026-09-07 21:14:00+00:00,20.37316971778091,499.67999267578125,319.989990234375
2026-09-07 21:15:00+00:00,20.37316971778091,499.67999267578125,319.989990234375
