Date,AAPL,META,GOOG,MSFT
2021-09-08,127.74006808597278,316.0222895996412,121.18311123256262,243.27101237254283
2021-09-09,127.14624226050637,317.0371853747929,121.45916143066916,241.37102601892911
2021-09-10,122.86654837286915,317.43274159765133,118.88238605035804,239.9820463918004
2021-09-13,123.49081157869932,315.9785927361936,120.3178572079778,241.30598247316266
2021-09-14,122.30996890226834,315.9953087456379,120.2683809203645,243.58088409229458
2021-09-15,123.13405864766537,313.9903359496748,121.8498883148277,247.8140334685304
2021-09-16,122.77961691255223,312.87019028418945,120.99741039794208,247.824067481999
2021-09-17,121.06480751864001,307.2410268333988,119.08772844187297,244.566825227761
2021-09-20,118.85795806301758,300.6015973004978,117.40275785105769,240.79233004024718
2021-09-21,119.2625754429746,302.0988674671971,117.93163684135925,241.19582157695004
2021-09-22,121.35026358697905,290.219828903857,119.09675495928877,244.44037729465344
2021-09-23,122.53366718489815,293.42662026274775,120.2081705128694,245.98150098295446
2021-09-24,122.05992797428917,298.02365459941393,120.35059135433585,244.70874904496122
2021-09-27,120.94948055522036,298.98525848975805,119.57065107262588,240.8271152245252
2021-09-28,118.33574268549546,288.6984070614744,115.33606050419166,232.6293554497679
2021-09-29,119.20949957089033,288.07453883798735,114.02957404970948,233.23181395859865
2021-09-30,118.96205230397118,289.99063929193835,113.79041818398218,233.2146296120427
2021-10-01,120.20993516497856,293.77059675607416,116.79326188388859,239.71467803473752
2021-10-04,116.92092465375481,278.61030640560784,114.16127062398118,234.08491708414658
2021-10-05,118.46215238961122,284.0839832034362,116.10780900250575,238.52661258215448
2021-10-06,119.43917599273846,285.21317482955055,117.3372261255281,242.58675263263285
2021-10-07,120.94910702773268,282.42686594224506,119.32098873533323,244.88707668503048
2021-10-08,120.57393398472777,283.0308723002345,120.0214381151527,244.7936859925976
2021-10-11,120.43249008250132,278.93461012076295,118.92119471328715,244.14625432711
2021-10-12,119.46320788544836,277.7899753910606,117.21757863133098,243.28454986499855
2021-10-13,119.16010946610186,278.9267907741996,118.4374815957035,246.55465499648562
2021-10-14,120.88309812658736,280.7602254900157,120.76742971006388,250.48956541844382
2021-10-15,121.87594745927345,277.7315537836257,121.07620972399309,251.8726956579485
2021-10-18,123.25631717409124,286.64314579853453,122.11677227565087,254.3019542394868
2021-10-19,124.93362408940447,290.19659789581056,122.67456341958132,254.71002006631898
2021-10-20,125.1584630539628,290.41825395153137,121.28540530366172,253.63706094536974
2021-10-21,125.09506437981781,290.7795135159213,121.35623939176821,255.89406905935357
2021-10-22,124.7515789871095,276.7955515090307,118.12498182571744,255.22635615563559
2021-10-25,124.55157794012666,279.9194351646838,118.10124929312042,254.05375624373846
2021-10-26,125.42724009262929,269.60799796391075,119.15691687367325,256.3112259375848
2021-10-27,125.17765290355237,266.85269596314174,125.06522063142984,267.41569931596314
2021-10-28,128.28517376267155,270.8258020460162,124.79002658597165,268.3485370673043
2021-10-29,125.05605734347773,274.5327426252261,125.71400695249122,272.4027876492637
2021-11-01,125.72055344048749,283.04607846171166,123.24035509993791,273.52598279835547
2021-11-02,126.14697794166204,280.3756375421617,124.5686230051706,275.6254054764322
2021-11-03,127.60462432026543,283.8939835472338,125.57842703015194,276.82605204715946
2021-11-04,126.76067875943318,286.6163254814819,126.8001664509984,277.97656043895586
2021-11-05,127.87975475355051,292.6440424226221,127.94135587470646,279.11395368499143
2021-11-08,127.02125283440182,290.15178657569777,127.88664525541753,279.5597378774328
2021-11-09,127.08466185234283,286.805068279602,127.5485789801678,278.1520305130107
2021-11-10,124.605995638286,280.0970595662493,125.26382302729962,273.79286506915923
2021-11-11,125.75260743291437,282.85637147374655,126.56445239614914,277.7676707573919
2021-11-12,127.94668749266384,295.10771183939505,129.4592251041713,282.21510332485377
2021-11-15,128.05781881142593,301.12309086152527,129.34005268651526,281.8960241110126
2021-11-16,129.76400515132264,299.10275256689783,129.9234867543273,286.6648521553252
2021-11-17,132.43157307407273,298.38188524864563,130.4310608357855,288.00720751246445
2021-11-18,136.2106808238832,296.5606181090061,131.87221892421348,289.83311111453986
2021-11-19,137.94743976154587,301.0922478641587,130.66512427229372,290.18505562432074
2021-11-22,139.48845421759324,299.79543842194107,129.21413441540426,289.77336273966284
2021-11-23,140.24408218455937,297.37582398012455,129.31696464113338,288.8004461599958
2021-11-24,140.6698086257711,300.6610214504508,129.2501887643084,288.9256667387963
2021-11-25,141.19656342614144,301.7868823432782,129.73418144223615,290.0075832025468
2021-11-26,136.6424752630901,294.58610446217426,126.20047824223275,282.7762569454462
2021-11-29,138.5982632840496,296.71651696144363,128.16851628955192,286.6012367373587
2021-11-30,142.97167635707956,284.7986028218893,124.95345140743575,281.4525542556803
2021-12-01,142.04975967183327,271.7461144595818,123.8178712310264,280.10435053580295
2021-12-02,141.3133885098141,271.8208546752285,125.82473176460917,279.86980571679305
2021-12-03,139.82094431918813,269.0282218149514,124.87236776735517,274.688635383558
2021-12-06,142.84525714796473,278.73370603609146,126.00603152035546,277.42748737029615
2021-12-07,148.1460072694963,283.51993875122207,129.92970118120502,285.3096760106382
2021-12-08,151.6580620086097,290.5887796376737,130.6478871760146,285.6098934814145
2021-12-09,150.28690209521665,288.17271507337864,129.31580659583415,282.2859648347112
2021-12-10,155.2120788074344,289.4452700022739,130.41350486685315,291.6297314024887
2021-12-13,151.75424954718073,293.12508563109077,128.47431217359554,288.48317281588606
2021-12-14,150.88920273405438,293.15269471236024,127.25307760083888,279.73591094729454
2021-12-15,155.5236575218878,300.753013397436,129.63538680251077,285.72316335022333
2021-12-16,149.02686678210102,294.0321440721891,127.07690597507735,276.6738373720091
2021-12-17,147.49120699371815,291.9359717143925,124.81146958839417,274.6817739518701
2021-12-20,147.4721862706574,286.9355111467885,125.46356677509903,273.5688072762423
2021-12-21,149.8341671520775,293.76218051355136,126.68331451498398,279.0364532685635
2021-12-22,151.99386644509013,290.2070982019268,128.9650260964754,283.8220107754769
2021-12-23,151.99154047390857,293.3403606998272,128.6640480317119,284.05180702620237
2021-12-24,152.0122004662535,293.3802340348011,128.68153715142944,284.0904177813827
2021-12-27,155.5469270693211,303.0365516585589,129.52259597394732,290.75622934423154
2021-12-28,154.57105321192375,302.9171846342815,128.04369019958904,289.5897678996298
2021-12-29,154.8571632060848,300.4519575334416,128.26582171941118,290.57504447508836
2021-12-30,153.22402582867653,300.4909705420141,127.31573843135266,287.1884918495198
2021-12-31,153.15583812393197,294.41162881867785,126.55333382079516,285.5321808712215
2022-01-03,156.3169032937285,295.0667431928923,126.35848079808511,282.9891338795369
2022-01-04,155.30541701471975,295.1630149907942,126.57791923358673,279.8891115989318
2022-01-05,151.42376573348884,284.79152728279587,120.84939158157795,269.58897358505055
2022-01-06,148.50287201450283,291.30328354934136,120.4405445194061,266.75242732268816
2022-01-07,148.86828705857624,291.143876211514,120.13847033026832,267.28099824239325
2022-01-10,148.13709426126206,286.43232870732027,120.90390268386545,266.1321270819499
2022-01-11,150.93636786081333,292.53933389851227,122.41714028885326,267.287521494718
2022-01-12,150.84422436922068,290.64319323391464,123.44979556380895,269.222585503745
2022-01-13,147.00178509390116,282.859589921105,120.4595425459338,256.1344683116058
2022-01-14,147.55356985995604,287.16718912119177,120.86366433103649,260.3204087904487
2022-01-17,148.153709790211,288.3351750737802,121.35524925948539,261.37920168935125
2022-01-18,145.35616437126737,276.3931381614002,118.32160037939502,255.0203293360355
2022-01-19,143.31655619638877,279.62737284805553,118.60846773160301,257.41893498952777
2022-01-20,141.6616616654028,276.64044283357725,116.59101988927432,255.6406323142255
2022-01-21,140.21980465959678,265.6332433300413,113.90682758141702,251.57688600585243
2022-01-24,139.1967564040715,269.82626077632267,113.87301677317464,251.25024352340006
2022-01-25,137.82272089252365,262.7461197641096,110.86621977441246,244.94442260899814
2022-01-26,137.9837485853841,258.3608313759669,113.2529996913263,252.3601670395692
2022-01-27,138.32416111196653,259.77162598611903,113.76271009167976,256.4060579788493
2022-01-28,149.2571843002588,268.3078506575839,118.45206128888094,265.88857177863247
2022-01-31,153.08324963469204,278.44563805009966,120.53511159508162,268.10613121224014
2022-02-01,151.88200805311408,281.5966315423193,121.62878666072447,264.360559269182
2022-02-02,152.35074033724686,284.00699701385565,130.07635555602246,267.3298103078414
2022-02-03,149.45892164249472,208.57645311617034,125.05549079298817,256.32584865571516
2022-02-04,147.43592270059798,205.51858652254577,123.88694982361994,257.2248609737162
2022-02-07,146.56310341625795,194.63053367903922,120.15065963171764,252.60111682320348
2022-02-08,149.42869855073604,190.740302008031,120.51673807503084,255.9035107822092
2022-02-09,150.95419145142023,201.36162911576776,122.6885510666898,261.9878388482084
2022-02-10,147.3885103149878,197.94613687424135,120.21341063236832,254.54859132810816
2022-02-11,144.48440577445672,190.65158069408062,116.39541058181294,248.50011438977708
2022-02-14,145.33253469891406,189.88457977134203,117.9321288433357,249.56976390669297
2022-02-15,149.46964610867872,193.76410492602736,119.53076511576364,255.51770049036713
2022-02-16,148.59882909418775,189.0101660178152,119.92600667337865,254.08543898514108
2022-02-17,145.20204941819702,181.0083262283879,115.22107118781787,246.2446682133177
2022-02-18,143.95483390945628,179.79655216694664,113.70572468339287,244.0617314517949
2022-02-21,144.5815238450814,180.5792746823572,114.20072878535211,245.12422464232077
2022-02-22,142.10101198309349,177.12370139487757,113.34415357536454,245.10901407958954
2022-02-23,138.18769138632342,173.64299237383602,111.56006584837178,238.35191075203147
2022-02-24,140.78401038445918,182.0258133438847,116.24992559262864,251.04953817354726
2022-02-25,144.07490392692125,186.4476138221653,119.07874319353141,255.97134540585103
2022-02-28,144.43521745548605,187.09590042098262,119.51050772819963,257.46720604921575
2022-03-01,142.31204052231078,179.85028410506857,118.50044099277147,253.36828457703814
2022-03-02,146.3268768641119,185.30752153866524,119.90483220931856,259.7958636199801
2022-03-03,146.30526616577845,181.06270977571785,119.72973670869942,256.57086576187066
2022-03-04,144.20251134963473,179.20052021912124,118.26527900617293,252.34992760122987
2022-03-07,143.2720795410787,170.8929586050872,115.20307080926432,247.111133700324
2022-03-08,141.71930835364492,173.61073269559256,116.04293333330179,244.60736092545994
2022-03-09,146.23607958785396,180.55408434845594,121.68022948349062,255.05181943059506
2022-03-10,140.0046869957505,174.74595997618326,118.69163073267282,248.47572037420832
2022-03-11,137.4003584256252,168.8557901877948,117.35239107361394,244.99793644223246
2022-03-14,134.75243071233035,169.23180400608635,114.84727403669604,243.63369760711976
2022-03-15,138.61046112175245,173.95138299187965,117.37334403623026,252.81537920192932
2022-03-16,142.29202113043812,184.0192346944832,120.73274285989282,258.5713731087435
2022-03-17,142.5270251100228,186.92756754552647,120.97450055401168,258.0630785267822
2022-03-18,144.49174446449433,193.34662373806168,122.09352315976048,260.7821532796697
2022-03-21,146.46940756887489,189.84551367953827,122.42716609303898,261.00559738159063
2022-03-22,149.86771067162044,194.93486512183154,126.13100946543273,265.9046583379386
2022-03-23,150.93021455981216,191.8466605318099,124.39458736408596,261.6109312993558
2022-03-24,154.6815871969784,197.75809996544922,127.18716901188145,266.2033547852843
2022-03-25,155.21306350482973,199.7252233154586,127.33787534566545,265.75666121755603
2022-03-28,156.38809286899686,201.82644459489438,128.04543745134652,272.58553679737815
2022-03-29,159.20717925969075,207.2605865863079,129.07762241409364,276.41689202053385
2022-03-30,156.7558702356837,203.63900368477516,127.40017115928822,272.6363225330715
2022-03-31,152.99941176425637,197.48039575493385,123.93945132107183,266.1280933314847
2022-04-01,153.97083098576968,201.30551952974383,125.88090288970398,269.2446547059153
2022-04-04,157.97669652033073,209.87421777276904,128.80518437329738,274.69607408202137
2022-04-05,155.99274648786377,209.38834078329273,127.31519561066489,272.8932862460242
2022-04-06,154.08926157856695,202.95923689459596,124.59519162165816,264.57747562167424
2022-04-07,154.48347676789126,202.7936245793553,124.04265917732846,266.4296659240172
2022-04-08,153.1128470423937,202.8511879098005,122.18595408489819,263.3467321397802
2022-04-11,148.93042624670852,197.13067617930938,118.12521147664302,252.49533085994335
2022-04-12,150.74340384881816,195.14309402750223,116.90610840019053,249.82325921969277
2022-04-13,153.94020907408958,196.85543152308855,119.21471585321615,255.9670262867785
2022-04-14,148.35869178094526,191.20727980278025,115.68688024504308,247.4248007042479
2022-04-15,149.3949333313094,192.5428060580016,116.49491886214628,249.15298970350705
2022-04-18,149.2751936141267,193.18568336863882,117.20516126705024,249.89973871260554
2022-04-19,151.8521306018556,199.79829401236202,119.93026178106447,254.94686955134966
2022-04-20,151.51965029230178,184.05280669776857,117.69190020194765,255.59344496439735
2022-04-21,150.01588738978353,171.82955083220259,114.07072146542441,249.3600064757993
2022-04-22,146.04004754262496,168.43965759326238,109.35835065465835,243.66940975502075
2022-04-25,147.35210898187415,171.45635119460258,112.93411975950676,250.17524452564248
2022-04-26,143.1337778739644,167.4177081787302,110.49316748246656,242.9943375230887
2022-04-27,143.8717410727204,162.9399024171762,107.0512420974319,256.373593380722
2022-04-28,151.62951631991382,193.21392777374422,112.07015468216832,264.37488999605193
2022-04-29,146.78682296211264,189.18607943217467,108.42119012014336,254.5480656793552
2022-05-02,146.6321269731925,198.64540964749995,110.15388915031463,260.136233862926
2022-05-03,148.4221209364332,200.0029145917797,111.35261759290006,258.3361167277908
2022-05-04,154.2229222786773,210.34764513842674,115.32938270192972,265.36214720181306
2022-05-05,144.34221933153913,194.36794137806373,108.87393034315619,251.55970025267925
2022-05-06,146.16301553488938,191.65193448416176,108.70741748980663,251.1395163729503
2022-05-09,141.41325035742557,184.67380970271643,106.36243499893635,242.03433731777204
2022-05-10,143.23467009910382,185.4374206958455,107.43094885001301,245.75099220751872
2022-05-11,136.2325124762492,177.6299078478678,107.17940328905388,238.3301571912407
2022-05-12,132.82694898948375,180.33345124966309,106.63439967321074,234.02881201304626
2022-05-13,138.82132899788303,189.69067048677152,111.20126309983698,242.38124688247171
2022-05-16,137.0618115027355,190.66014145912595,109.33511524527694,242.24267315271572
2022-05-17,140.0303022869648,192.41016787376793,110.74525960126175,246.26348672970926
2022-05-18,130.76574643108233,180.66849828499107,105.56304115850435,232.62444460313327
2022-05-19,128.45831619805176,181.0651327804335,104.75424084730184,233.42613877645636
2022-05-20,127.39037857951826,181.35495968142823,102.36078686219116,230.55232850101856
2022-05-23,132.61610187755286,184.03513100277996,104.65529996719488,238.14372290968822
2022-05-24,128.7012000388495,168.2279545798292,98.23222112891699,234.7105614061893
2022-05-25,128.19412938632922,169.72880503125452,97.65395596631151,236.12813430831102
2022-05-26,131.7807900263142,177.75679114121886,100.38715258811862,240.28531263567857
2022-05-27,136.55961910399128,180.2219531314222,104.10987105092318,245.85219103209965
2022-05-30,136.57867271556188,180.24709877194164,104.12439708033571,245.88649379438357
2022-05-31,135.31786795591324,178.17203908966985,104.85782817553445,243.69796560033137
2022-06-01,135.69636680678195,174.20910609259226,105.33348065851533,245.0880853419585
2022-06-02,139.0128676620634,185.02517781753795,109.47944245195458,248.88488053946276
2022-06-03,132.44848409911356,175.90733772391104,105.56073004336213,242.54561953312077
2022-06-06,133.451448195583,179.52471223337307,108.06650065269423,241.96798587190642
2022-06-07,136.23821212970233,181.40427696768438,108.61945338846863,246.13892743106953
2022-06-08,135.45979047147557,182.1994263586821,108.55417621170636,244.08669061143883
2022-06-09,130.3573057864287,170.18487144808023,106.21704499137923,238.58930776929265
2022-06-10,126.48361565720552,163.8932923273187,103.94562501810151,230.0702084200966
2022-06-13,123.13963674083061,155.22426829421602,100.92834809011401,223.02616030705394
2022-06-14,124.85205615641098,155.8352503104761,101.95555374946343,226.69641205243533
2022-06-15,127.0525987669862,160.7914301221499,104.73995598769352,232.86842093468476
2022-06-16,121.83258612376267,152.51194502161525,101.02657707288927,226.24965360508577
2022-06-17,122.1784766788187,153.89860448428135,101.3130790362452,226.75893036957768
2022-06-20,122.82406572936452,154.7118021656579,101.84841567065769,227.9571208081843
2022-06-21,126.49389208696084,147.97657597751095,105.47126580769327,232.9110675549382
2022-06-22,125.86792531696119,146.6805879064923,105.37039449977965,232.08960659485456
2022-06-23,128.2000848100015,148.964606130402,105.66631437855585,236.63584989231822
2022-06-24,131.8926475958051,160.339245539717,111.62025479086424,245.74058151574718
2022-06-27,131.31821749600658,159.01235370427366,109.33824953102294,242.10205514687004
2022-06-28,127.22860876000414,150.53671087883413,105.39308655548211,234.0886221657729
2022-06-29,129.5879698367571,154.4278675211899,105.67086706666942,238.8330405153738
2022-06-30,128.18917777451134,153.0128688165223,103.71447195592282,237.4215600089792
2022-07-01,129.87480611519186,151.4046626863519,103.13118482799291,239.25181634422006
2022-07-04,130.4191217324369,152.03921164075655,103.56341580647131,240.25453968976944
2022-07-05,132.89770691812555,159.8034468221831,108.13419233805234,243.29892178847876
2022-07-06,136.47027041316687,164.0646427474785,111.26547415431378,250.62516678995598
2022-07-07,140.72309137062348,167.56742450264028,116.02377034875462,254.4546455392392
2022-07-08,141.6169665261441,166.56361206694783,117.05300466150038,254.16671809111722
2022-07-11,139.57810349528881,158.8238037039264,113.543084104429,251.26741420065446
2022-07-12,142.1906531586319,161.08318213398888,113.23375686361032,243.81427307434933
2022-07-13,142.03373301992724,161.53198072034684,110.76760903065497,243.25014077200922
2022-07-14,144.9487554664138,156.1634034683775,110.03449877716139,244.56900505668636
2022-07-15,146.71137319725312,162.84830104594948,111.42295392840333,247.28373528937118
2022-07-18,142.67731959880985,164.19277146933564,107.8400404634317,243.19072042866355
2022-07-19,145.7844019445056,171.75628656886147,111.91971776785977,247.0454893076876
2022-07-20,146.50979924545572,177.39254005722523,111.05475211345538,247.5515014032726
2022-07-21,149.430290272021,178.3162055640014,111.91500918896963,251.169118004982
2022-07-22,147.66288547236854,164.1670422675361,105.02145052586229,245.99505798846621
2022-07-25,146.87010767115953,161.95641546210027,105.09046106881988,245.0494285697996
2022-07-26,145.22183532946292,154.29374922432817,102.15275954915478,237.9118674978381
2022-07-27,151.6079069189209,165.95376885108635,111.09481207420458,256.2069583952143
2022-07-28,150.96111744924292,156.05482830339042,111.18776953619317,261.4612446887968
2022-07-29,156.17102703990895,154.73895988924596,113.36524837086472,265.9989915504775
2022-08-01,154.96801049110218,155.30361198457467,112.0627825535912,263.00152731415983
2022-08-02,152.7341541356691,154.75100710100378,111.88825325425569,258.6381990917289
2022-08-03,160.22590657025376,164.76538604337838,115.86170534235634,268.6037459195668
2022-08-04,159.88636976453563,166.46096158329783,115.9271269882056,269.6737985636937
2022-08-05,158.2598064490694,161.64972974412376,114.27903331061725,266.60422190630925
2022-08-08,158.99377588697462,165.9326451726738,115.06538163752612,266.16140718302086
2022-08-09,158.62468611123768,163.8252671210812,114.1417410916547,267.33797353702903
2022-08-10,162.61214023501725,173.18282837746938,117.08100643970283,273.5523927073882
2022-08-11,160.43552558872307,170.8073359735563,115.22983688723343,269.08597653466495
2022-08-12,163.61977577638754,173.43559451197507,117.7691775070889,273.24751979014763
2022-08-15,165.62432045629248,174.8324292019679,118.68386997525795,276.3232428409683
2022-08-16,167.0089116501631,175.07183396150685,119.42602394194864,278.16863497682607
2022-08-17,168.3322086860626,170.41948076711014,117.1910271483921,277.1985419757402
2022-08-18,167.78934076246242,170.07498387135092,117.60683829187428,275.8459212488906
2022-08-19,166.73418171470712,165.0143979950244,115.96912917516329,274.458584168935
2022-08-22,163.78191127608443,161.0633072514247,113.59023528028774,267.85321595714777
2022-08-23,165.02420516898383,160.68016085980162,114.38551909539001,269.1582552908585
2022-08-24,164.86513289572395,162.37607692497113,114.0010154802676,267.7860349571929
2022-08-25,167.2886965282487,167.82941483616196,116.95708530833053,270.69787776998055
2022-08-26,160.94671937251042,160.83354035164302,110.57324071172116,260.19535539998833
2022-08-29,159.26406869793936,158.75795915228082,109.97911653582923,258.2640548271811
2022-08-30,155.64656687539537,155.5738081621821,108.72631645281217,254.13689042354235
2022-08-31,153.8216205840281,161.10789417627257,107.85556294471235,252.40893119106659
2022-09-01,154.33029751208232,163.28286977417065,109.0867313430449,251.0256837387642
2022-09-02,153.55617755426647,159.6856630145685,108.17597317096534,248.99293172798752
2022-09-05,154.22097275499254,160.37699477397837,108.64430254034232,250.07090402883478
2022-09-06,152.29623438374074,157.914273722301,106.98260172045957,246.2629079825947
2022-09-07,154.5484097039207,160.63303961838756,110.57176484125648,252.34562435982298
2022-09-08,151.56517369867288,160.7183234490276,108.43994889035457,250.29422273997625
2022-09-09,154.16905029473673,167.4763043209732,110.59830624067854,255.62797704599598
2022-09-12,159.16163206523743,166.30171812941444,110.03462983358258,256.2249959595247
2022-09-13,148.96199558736043,149.85550979206891,102.98760472393496,240.74801480524457
2022-09-14,152.60791670243816,150.42170723022537,105.06541209127772,244.52908407903124
2022-09-15,149.68919740713318,148.4853394644233,103.0898081099258,237.85017361922655
2022-09-16,147.98501866985316,145.1861850077803,102.77778256200509,237.12795482840738
2022-09-19,151.18176622452302,146.4042510906247,102.64617607869104,236.1101938774509
2022-09-20,153.43930811502378,144.3910520953341,100.57697627102698,233.9424531663508
2022-09-21,151.21596034736103,141.29562080186406,99.36191673903431,231.9250019481551
2022-09-22,152.392786501332,144.0147062465985,101.34193370015055,237.22790556323162
2022-09-23,149.92275902703113,141.42862713074464,99.82117050238685,233.9576874737577
2022-09-26,152.61291285972402,139.50873703629986,101.01512016742345,237.14926021350766
2022-09-27,154.6718722945061,138.43931120079287,100.9689774437511,237.73501189246235
2022-09-28,153.15302666664684,146.28433961145493,103.99415354504708,243.1163712693742
2022-09-29,143.950515169563,139.2873464240438,100.09056409092409,236.7533368013028
2022-09-30,137.90206258210674,136.83108937448924,96.89943318830956,229.30074880991015
2022-10-03,142.67803227357945,140.31219811125084,100.45075251869548,237.91195319352482
2022-10-04,145.74782367983062,141.4339558024949,103.18185763492693,244.97117685113153
2022-10-05,143.81993908100776,137.98642355965785,101.41988063867939,241.54566691994478
2022-10-06,143.9239600591718,139.0973571203649,102.19022039555784,240.9794457038479
2022-10-07,140.36648993169365,135.1391046756089,100.76136387018596,231.5744528229461
2022-10-10,141.4780672448578,136.23538308350908,100.44551344249885,227.89917328081356
2022-10-11,140.38708396894071,131.2258146883105,100.03033231212976,224.65770267037442
2022-10-12,139.88309706637665,130.29680269746677,100.38762341291658,225.2259482333102
2022-10-13,144.46852589215996,133.04079340686803,101.74558386225272,233.50809009849945
2022-10-14,139.1892408973181,128.8607891146712,98.72302515089723,226.83278600495032
2022-10-17,143.4188294760752,136.4288369019505,102.50596302282975,236.02460216787222
2022-10-18,143.19479119698372,133.6976080855129,102.00552259405413,234.41262477483178
2022-10-19,143.05042280969974,133.89276235755824,100.72002542700193,232.01528875051008
2022-10-20,144.00498924118438,133.5025056741506,101.9678620495506,234.0020670319791
2022-10-21,147.71377268656215,131.7921651951765,102.80076899970481,239.6131335909813
2022-10-24,148.66606325697285,130.41545682428114,103.45128329032195,242.6752791973122
2022-10-25,151.13598405838093,137.87781151248964,105.1387563030039,245.3647830268692
2022-10-26,147.02120046012715,129.15836464105996,94.27224764939729,224.67829388216887
2022-10-27,140.73133134526142,96.20295376143622,90.89549452324354,217.44163549444056
2022-10-28,153.24890500315632,98.65407300909737,95.98283695693135,229.00403491142606
2022-10-31,151.08131280758244,92.76646023301964,94.1956818569679,225.66272735484745
2022-11-01,149.46232143760972,95.4565466293061,90.68184094777189,223.35432887727256
2022-11-02,144.00896361729792,90.86117704884055,87.31913747375074,215.63784992644833
2022-11-03,138.79452904818754,89.8026811392856,84.27062114805085,211.26453747699634
2022-11-04,139.44461301002957,92.31084299585291,88.09207376139875,219.75549676341325
2022-11-07,137.46247099048924,96.56548605467651,88.44788303876521,222.10578087053
2022-11-08,136.79877271489204,95.45233652826482,87.91194460385213,221.0803898026279
2022-11-09,131.44222607592928,99.77998916639854,85.88558621245465,215.53039341986187
2022-11-10,144.01308621836506,110.67990597189237,93.10450420639427,234.68899352383232
2022-11-11,144.30098542889937,109.92314828035705,94.01520159769007,234.63411986783103
2022-11-14,141.0456335063327,109.62399986226956,92.10291620208955,226.32760850982686
2022-11-15,142.8480444882116,112.46987797103839,94.76799399843912,226.9248680255796
2022-11-16,141.13022360924242,108.3662737273612,94.67317261341486,226.49177427140603
2022-11-17,142.45002780628238,106.28157377265688,93.86792625855014,225.63574070084724
2022-11-18,143.44802833978338,107.19698334774421,93.50020420971214,225.92961638492034
2022-11-21,140.75682130969835,105.41546600206766,91.8902060409664,227.38360916633792
2022-11-22,144.00822119641816,107.82082396871374,94.10470214375891,232.09728579951297
2022-11-23,143.9429476618734,107.90613396167464,94.93934912784152,233.02541814847245
2022-11-24,142.48990747272546,106.81686941729276,93.98097852299361,230.67312994566237
2022-11-25,139.8071394013823,106.10980150684236,92.8932437014173,230.7694204311574
2022-11-28,136.66799223906128,104.0103664546914,91.96686976533965,226.3087401931989
2022-11-29,134.0620042328119,104.88301006780284,91.38673071316725,225.44829984618627
2022-11-30,140.8631027356496,113.39235107866807,97.33945916241828,239.82902082326473
2022-12-01,139.76426630487185,114.52037592954821,96.23626213656098,237.08994701185838
2022-12-02,137.92948587419232,116.27100270299707,94.8707621768408,235.073213768017
2022-12-05,136.6238030941313,115.10062037609168,93.82701664145134,230.2853767919296
2022-12-06,133.75716837012715,107.77116248694165,91.83352049558516,226.62550157125315
2022-12-07,132.26506078062448,107.87860147269384,90.03451019768727,226.53446692548187
2022-12-08,133.3064026647553,108.7446426505885,88.52488369134153,228.3781161053048
2022-12-09,132.26473203151545,108.80185844512016,87.31032893134034,225.5547976655871
2022-12-12,134.91090815358166,108.06794378064205,88.08232337040818,232.8967016402703
2022-12-13,135.57438524627742,112.98332968062141,90.07114698900068,236.52537368760932
2022-12-14,132.40165812342457,113.42380525898261,88.8480327689249,234.90934421496786
2022-12-15,125.61064185959458,107.84485602542782,84.62097883559773,226.3529952662784
2022-12-16,124.19568597622856,111.26325409644778,84.5890288659939,223.17412643150237
2022-12-19,122.86092638055106,107.21121241448509,83.43243973682047,220.45733159594965
2022-12-20,122.45412372440569,109.35021382479135,83.64811725545223,221.0779305928736
2022-12-21,125.22332600288792,111.71314300205268,84.12841536097403,223.22160529758548
2022-12-22,122.44131396335979,109.42468664121407,82.40453659328523,217.869783634369
2022-12-23,122.17641734960489,110.35444703872781,83.90509482577909,218.50267677311786
2022-12-26,121.43799656550436,109.68747693861314,83.39798169171172,217.18207070681638
2022-12-27,120.06306805031181,108.89109269368646,81.86386707384963,216.13069974245627
2022-12-28,116.4123354471808,107.7481768483558,80.51841289612457,213.9757631540133
2022-12-29,119.79876396965437,112.15570416220999,82.89896421561252,220.0515808324917
2022-12-30,119.73968457729097,111.89868135057077,82.44959698014827,218.31805552791775
2023-01-02,119.1920614774017,111.38691866327918,82.07251811909828,217.31958947422754
2023-01-03,115.077759255003,115.80579357316219,83.21852677586503,217.753098214258
2023-01-04,117.70724408611659,119.71458303192048,83.32120401447219,210.81148927264985
2023-01-05,115.80557674622878,118.64098670447811,81.04176226496656,203.41569323336444
2023-01-06,121.02669774495007,122.49145030804812,82.9984905637416,207.45896119111148
2023-01-09,119.9922749602938,120.43832612934693,82.54892761733345,206.84265165663965
2023-01-10,119.66390307097026,122.82685236107864,82.36389043441886,206.92569124355578
2023-01-11,122.12474052529433,122.66862619655149,85.1055114221781,213.0683555259675
2023-01-12,121.74482920564697,125.87768444371068,84.56959097066601,215.00287957257478
2023-01-13,121.90964205502314,125.03182215649667,84.64757318020384,213.78063138803827
2023-01-16,122.3108046076668,125.44325872617628,84.92611912587017,214.48410965561197
2023-01-17,123.31904195491734,123.8966288123429,84.29750211232749,215.37863796716374
2023-01-18,123.07528411265866,122.1701879146176,84.23631297740258,212.03118984414778
2023-01-19,123.07806710906152,124.9922529951109,86.15497623604278,208.45466917557133
2023-01-20,125.02651179420354,127.52284490262173,90.77858546698735,215.18751389793033
2023-01-23,127.59728300385905,130.71496912535804,92.27763744837739,216.67772488022092
2023-01-24,128.77209341766138,130.4856791295024,90.37748802919668,216.01217046331294
2023-01-25,128.00369667119776,128.8265362667189,88.00617374855847,214.46273157812902
2023-01-26,129.49549854004363,133.6908962141124,89.93706773217855,220.363695571089
2023-01-27,131.60017659201822,138.06969385028606,91.5743515423137,221.06461581753956
2023-01-30,129.2304429749638,134.09411650969378,89.25294919141106,216.6666534703818
2023-01-31,130.64575556830277,136.0956070371867,91.17660077754317,221.6426727551825
2023-02-01,131.55362516454625,139.7548882246847,92.5133864771451,225.84765253719343
2023-02-02,134.5475242161683,169.91670216783405,97.86670738706107,233.17510297156332
2023-02-03,139.192010868971,169.55900247184945,95.58143124671233,229.91641065190288
2023-02-06,138.14390432923756,170.92269337839207,94.98699118519926,230.9299097500425
2023-02-07,141.59105764771812,177.01622691075318,99.73779598681722,241.98177092382684
2023-02-08,139.10498669368644,169.46676325401677,92.32453681905281,241.25438444823885
2023-02-09,138.32294941215878,164.5896046667749,88.24741966306283,238.75099570285238
2023-02-10,138.32090440352658,160.7049892474788,87.47662232389757,237.6927724925281
2023-02-13,141.77458735492291,166.57875630167837,88.1355593249109,246.60145449873744
2023-02-14,140.48217726231178,165.80675232173962,87.65650927969364,246.15898146851396
2023-02-15,142.36502928542814,163.58269189527255,89.59710443502809,244.07094494500052
2023-02-16,141.4595284373172,159.8791411890761,88.74248807823733,238.54992145633332
2023-02-17,140.73420996327513,160.67785652714156,87.85357408128402,235.4005896657145
2023-02-20,140.48804559684868,160.39680785559904,87.69990554960532,234.98884019110847
2023-02-21,136.76321674254723,159.6818404942751,85.35952659949544,230.12009497423423
2023-02-22,137.5534377518552,159.2473286856457,85.37231359340649,229.7218298943326
2023-02-23,138.6072983964059,160.80098898343294,85.06238825526725,233.71320857851606
2023-02-24,136.2112919370611,159.37533404905116,83.51693204906223,228.7892518837889
2023-02-27,137.89790395782074,159.23071552762667,84.56338846584913,230.59405945154504
2023-02-28,136.69142414757516,163.42831353173824,84.30025640207168,228.6889224772167
2023-03-01,135.17594942610958,162.52750648899382,84.76707714850818,226.52436087648312
2023-03-02,134.56830037621785,162.16293031654004,85.71034227695009,228.9924679666592
2023-03-03,140.19980310704068,173.24715651242332,87.86807901622524,234.3243303865802
2023-03-06,142.4433169069971,172.48911975251303,89.10352531329181,235.18727802634658
2023-03-07,139.5624483833717,171.12480016311747,87.27876835738743,231.34432701229252
2023-03-08,142.56671189813915,173.7884314813573,88.8675504568414,233.9460205235855
2023-03-09,140.45666999296736,170.72653944674403,87.00923208689255,232.70051005538335
2023-03-10,138.04701832745832,168.11753511951883,85.1758551803373,228.49867983292552
2023-03-13,138.5828965555047,167.8502194656885,84.9896825722808,231.23626100473848
2023-03-14,139.99336488707195,179.32945888890754,87.05414890505381,236.57656455933102
2023-03-15,140.32573237225097,182.73191335260162,89.1565548163594,240.73539913298737
2023-03-16,144.89807598709012,191.948633809101,94.60296780684439,253.90948352128908
2023-03-17,143.68990392262094,182.68772241969782,95.62591446010993,256.1338710118107
2023-03-20,145.030435790919,183.62272187758936,94.55471526113979,248.02180130872875
2023-03-21,146.21102689971576,186.95531992582346,97.81273922468927,248.4963348801648
2023-03-22,144.13919356845327,183.8372458785443,95.82314566794594,245.88030797248393
2023-03-23,143.85991828843544,186.28740738239867,96.83458304506712,248.51155497353466
2023-03-24,145.52777906545452,188.47766796373617,96.96750210776372,251.93499222383252
2023-03-27,144.49723343322512,186.55668841293118,94.72189460122308,249.48218644040207
2023-03-28,143.5374033283424,184.07674461508395,92.91041329733525,247.7800219388373
2023-03-29,145.93990772127836,187.796504513959,93.12578412930498,251.77752206962577
2023-03-30,147.3273217348442,190.001545284822,92.56059980177315,254.85803128345106
2023-03-31,148.79490183387134,192.6655458936366,94.47729779163092,257.2239522312957
2023-04-03,151.34701070330448,195.50924420072988,96.19773168706342,258.67264801035344
2023-04-04,149.34930529163375,195.0565039517387,95.42809403052524,256.04590618210386
2023-04-05,147.0185816854646,191.27465986905736,94.8579140103684,252.40718669745547
2023-04-06,148.5961884342396,196.47077295906638,98.94051832978221,260.19950248414534
2023-04-07,148.3677397268184,196.1687228553492,98.78840922279778,259.7994771494414
2023-04-10,146.08562960696418,195.0603478152425,97.0777193756021,257.98529302948737
2023-04-11,145.56684052393211,195.03358152133114,96.71646209700248,253.16362410224974
2023-04-12,144.29359779049355,194.30910125884384,95.4730310794298,252.6345351099535
2023-04-13,148.09696149681986,198.57638397105165,97.43267694528868,256.3589300924614
2023-04-14,147.05237126258908,198.61569069449615,98.08845180263233,251.8336016410467
2023-04-17,147.98063707226174,197.47226207409767,95.95463644687243,255.7481726087608
2023-04-18,149.92659162289237,197.6986154112983,95.31354660952638,256.7982729267642
2023-04-19,150.28346848387173,194.8199110539008,94.78905951965544,255.69920599082252
2023-04-20,149.7213751674053,192.85216160915297,95.78580611088682,254.16218516621484
2023-04-21,148.00365438750305,192.35998656379525,95.63116837502457,253.41757804818917
2023-04-24,147.9937203782183,191.8963004324114,96.22952575710451,249.3938999669008
2023-04-25,145.7061981187162,186.03304152097826,93.70087252388112,242.29169165774692
2023-04-26,146.77366167800938,189.07787903031567,94.24872993554163,261.7617021807673
2023-04-27,150.00010490894783,214.0646904746245,97.17610587167292,268.46069688984426
2023-04-28,151.33998080752917,215.9417475985383,97.17560454753175,270.97451693053335
2023-05-01,151.55003702702743,218.93109521979568,96.90331719129972,269.99251824599924
2023-05-02,151.18389626847784,216.20216429346965,95.70908811709842,270.8850811875109
2023-05-03,149.6376773274278,213.39434563169561,95.47284447567108,268.9675063071263
2023-05-04,147.37776475893043,209.13244814502832,94.1580382004031,268.44555740695796
2023-05-05,154.937605197656,209.33970353743462,95.45413630995881,274.1908392066034
2023-05-08,154.9348698640042,209.86126626787518,97.31149793096483,272.53065540335956
2023-05-09,153.7043468640113,210.3815322613009,97.24069297730603,271.62928831746103
2023-05-10,155.75182894652426,210.72314864610507,101.44081085630842,277.12054738334336
2023-05-11,155.64707318145338,212.796873757884,105.42834791699306,274.6827066585138
2023-05-12,155.8240898715767,212.40063521351203,107.0491323280753,275.47657985077603
2023-05-15,156.22370566027712,218.17683907083847,106.75926958731907,277.424804410457
2023-05-16,155.92192032690673,217.71890459075348,109.40453325061571,278.92902539922034
2023-05-17,156.5994501412206,221.2280984657582,110.75268292491955,281.7734565383489
2023-05-18,159.13967819147547,225.77350307941015,112.89642348391862,286.55014215253686
2023-05-19,160.16998598429927,225.97930440945493,113.30773135359777,288.0612115780532
2023-05-22,158.59521125419997,227.44538283058864,115.21014468846442,289.3596701315182
2023-05-23,156.3607698670803,226.24279882741757,112.97076695387977,284.3335065495303
2023-05-24,157.21703078891005,229.38460621102786,111.88664385581069,284.1482235479998
2023-05-25,158.45156547029546,232.85577870883571,114.51114964415865,295.416003392711
2023-05-26,161.1791523662896,242.21219576920703,115.8598216993937,302.65876192687756
2023-05-29,161.19989229192288,242.24336272134678,115.87473010442409,302.697706915249
2023-05-30,163.15229499718043,243.03583035092743,115.31036911369483,301.602801273566
2023-05-31,162.72030310175978,244.4926013902441,113.86534394955197,298.32727777537366
2023-06-01,165.91305111276415,252.67148105200977,115.1948722343518,303.2037399394085
2023-06-02,165.6891182179943,251.1311329638811,115.28431304949618,303.9106544418719
2023-06-05,165.39014394616242,251.46000411105342,117.2505046936567,306.16873632883653
2023-06-06,164.84634621211626,250.90073622985074,118.28997722105214,303.7348856714925
2023-06-07,163.77795673658784,244.25516105085808,113.83990393296153,294.73765268249736
2023-06-08,166.16490579999208,244.94818982896504,113.49024884398204,296.19101367461553
2023-06-09,165.36128252556045,243.57828906830036,112.88169378477596,295.5068248098323
2023-06-12,168.4434949936076,249.92239576840075,114.57889698982626,300.9689740257418
2023-06-13,167.8157427252654,249.89171388053182,114.5244315576092,302.8428740471445
2023-06-14,167.99023216756723,251.14623389964436,114.1987071592439,304.85942384326336
2023-06-15,169.03022719622822,257.6550778329529,114.92133044492948,313.025341681172
2023-06-16,166.45998873600638,254.48123875109923,112.27529628030425,304.9428166907037
2023-06-19,166.51829789603835,254.57038081693827,112.31462512003418,305.0496349095083
2023-06-20,166.87096517323516,258.00715089356527,112.30732447060291,301.72685738420114
2023-06-21,165.98373497193097,255.6583281107596,109.99834122722677,297.8266074838466
2023-06-22,167.6174676476312,256.8993510810069,111.62724278137057,301.3237365639834
2023-06-23,167.84566039897072,261.17263904134234,111.20248875297875,298.0784307160684
2023-06-26,167.37567020342976,253.0982583035875,108.16554712644393,293.7664568467226
2023-06-27,169.83688203507063,260.8054046383004,108.05515345570075,298.99920144508724
2023-06-28,170.18245614345506,258.1005898816293,109.46563374679317,298.8627709379325
2023-06-29,171.13457463734085,255.66451175355178,108.90960290692965,299.2811667761125
2023-06-30,175.85841691881797,261.76028141930146,110.26375837545856,305.523235146502
2023-07-03,173.8579407191719,259.9404770251276,109.49233576006736,302.13798307278194
2023-07-04,173.76880396965134,259.80720586653115,109.4361991759879,301.9830773054273
2023-07-05,173.19532872326818,268.0835118279283,111.60310888885215,302.9074222065756
2023-07-06,174.08343440827957,266.61072556666477,110.34348446542754,306.500894776309
2023-07-07,172.5167302107593,264.44822394773837,109.27988417362258,301.91657595828474
2023-07-10,169.41367296966746,265.7677030355808,105.53905794133698,294.94891797081436
2023-07-11,168.3816426870835,268.6669505347927,105.94780197857017,294.5453296102496
2023-07-12,169.7693916700955,278.41412948799916,107.58755267393008,298.5154639830289
2023-07-13,168.46250340449114,278.77471982378484,110.95899917891074,299.7974665647271
2023-07-14,167.4095416169148,272.80443226919306,110.94659757954287,299.93060272786533
2023-07-17,170.2416759130938,274.24536423669815,110.33958056435677,300.24169961156986
2023-07-18,169.86457937008527,275.26662160267915,109.37905609146401,311.9178430085267
2023-07-19,171.1984680632777,278.97600998450434,108.31700634233766,308.3303266274688
2023-07-20,169.8275666645859,267.63071894452696,105.6724575951489,301.8370886791181
2023-07-21,169.81375912275507,261.916066589969,107.01275493908906,300.9697288357056
2023-07-24,170.71081553138902,259.8319270533375,108.52394055207924,302.46256666835507
2023-07-25,172.44476340510118,263.8543707700046,109.94849541210533,309.3354820911227
2023-07-26,173.42786709485335,267.8359241003818,116.2335900370017,298.03534193088126
2023-07-27,171.85243940038345,278.91880342605145,116.12852732182,291.07948054170265
2023-07-28,175.7541035763079,293.8827411483526,120.0154240738675,300.5145618605384
2023-07-31,175.5827343699366,286.48312472291764,119.60985791930852,297.10721713287967
2023-08-01,175.25600763382954,290.8825919543142,118.80099657133087,298.2001455346199
2023-08-02,172.3799958432628,283.04617641039295,115.76523944836754,290.0911329985065
2023-08-03,172.11431507605266,283.6799341386941,116.55703802900189,291.0319640849302
2023-08-04,163.73825415965257,281.26076338423445,116.26988797087142,291.8317228066444
2023-08-07,160.16593705384366,285.2073000314922,118.79113445283656,292.5414159204229
2023-08-08,161.00959965719994,281.6631595546987,118.6959199141038,288.9307208338869
2023-08-09,160.21223067224128,276.07973934538677,117.64753534624106,286.69869103885503
2023-08-10,159.7408667788477,276.0863459993725,117.50058382214047,286.8303394370232
2023-08-11,159.73690153137704,272.2853737770474,117.42190878819838,285.0216588402145
2023-08-14,161.7862164129565,277.3334312267798,119.32418767352829,288.691425379875
2023-08-15,160.480145948266,274.35803010546806,118.28511945252103,287.6561985790031
2023-08-16,159.76793878355966,267.53807491713997,117.29325109098409,287.10788675217555
2023-08-17,157.8665415472533,259.8724129291859,118.83888689394098,284.71847549587983
2023-08-18,158.314568643641,258.2008003858846,116.70077654320039,284.36527298276815
2023-08-21,159.5255205459198,264.23969565624793,117.43751388078817,289.1920575391123
2023-08-22,160.45077019512064,261.5959349182958,117.88310257572448,289.1082217006806
2023-08-23,164.75347977933234,268.9101665818962,121.65931084655858,294.5750041273732
2023-08-24,160.15987158399093,261.60449155760944,118.90192544547608,287.73556282356185
2023-08-25,163.18575431802128,262.0716207017758,119.88344198468803,292.2348668254963
2023-08-28,164.65598109132225,266.484180795007,120.91206813515782,292.9338361356058
2023-08-29,167.80936566691707,272.86910609708866,123.98323206230998,296.42272904600395
2023-08-30,170.33974403666252,269.13738491598997,124.79765548691648,295.5738718847606
2023-08-31,169.55148105041553,268.2945823934224,124.45524831903458,292.940900685413
2023-09-01,172.38098571397313,270.93063352629906,124.9678385010975,296.14099382254426
2023-09-04,173.47265662947757,272.6464091468806,125.75924686960207,298.01642404186714
2023-09-05,173.39293036129766,275.6384081273809,125.45985811205537,301.92902284325646
2023-09-06,168.25138036615317,276.4881977332516,125.02128962156712,303.241576501463
2023-09-07,163.35992370935583,276.07646363980894,125.81077471009121,300.59090933189145
2023-09-08,164.33466348197544,276.0346563179046,127.04710286908448,305.3146259896821
2023-09-11,165.1097844433907,284.45553027538153,127.30563010521382,308.08222984035274
2023-09-12,161.80581410204286,278.16138947249783,125.38470080907427,301.5496680713841
2023-09-13,159.84469167341013,281.2210174319407,126.66836787848297,305.3668251887866
2023-09-14,161.53459678544823,287.87044778864583,128.26816470790436,308.3118004790922
2023-09-15,162.33134247899125,279.863769165484,128.79592538884663,303.3352273998971
2023-09-18,164.59579987304915,281.1294732557235,129.03338942813662,301.38864087015463
2023-09-19,165.23502006102717,282.8239373430624,128.6183656630419,300.32594838243676
2023-09-20,162.09265513776518,278.0939780296576,124.81424049877205,293.4164922408836
2023-09-21,161.08935138938068,275.1852048929359,122.15068918506222,293.0784578588773
2023-09-22,161.7564901069909,278.0801103923113,121.95086239232296,290.53474012120205
2023-09-25,163.15008729509282,280.0501574146256,122.956230702217,291.37733501486946
2023-09-26,160.18776896680993,279.802987775407,121.07218463413665,287.95939171527607
2023-09-27,159.09543221072454,279.24555795769265,123.20994396579408,289.1641688827076
2023-09-28,160.31158948736993,286.8207647439558,125.53741979306506,291.72138812960475
2023-09-29,159.92998972860187,281.7496232025642,123.65774649000195,292.0949643877793
2023-10-02,162.25980290223106,287.87716146137427,126.73797666612245,297.6131306271782
2023-10-03,162.2969354338511,284.6363288327757,125.99218434151226,292.1717078954407
2023-10-04,163.61502944741733,289.25821223048115,128.90330029541292,297.6045536775855
2023-10-05,164.2473744634881,287.5556377466928,128.2127392698494,296.9917125697175
2023-10-06,166.0449447259325,296.4776969575705,130.30543448177195,303.1967754633424
2023-10-09,167.11797721211042,298.64152337948326,130.77025749775203,304.9658906773402
2023-10-10,166.37822549605698,301.58052874366876,130.34836767990055,303.31637879160553
2023-10-11,167.28345824794542,306.4335303728112,132.36512284465607,306.2883783779289
2023-10-12,167.8216896332533,302.45636747908065,130.8076013545906,304.56752217907524
2023-10-13,167.47426600606104,296.05980704156536,130.28671259010025,303.91718294469683
2023-10-16,167.59410520145775,302.5734493312066,132.2730638046014,308.91570151044107
2023-10-17,165.60623900447808,304.31119309586757,132.3318150737805,307.4199673470539
2023-10-18,164.09013874588618,297.18047578698315,130.4950442745403,305.07274504196175
2023-10-19,164.27219962697563,294.2414968621961,130.64072042361659,307.1945839777982
2023-10-20,161.12323716662831,289.01283049329504,127.95266659233857,301.5106481862713
2023-10-23,161.18218498979695,293.93529935498555,128.99576642818738,303.85674164174816
2023-10-24,160.3822405567389,290.3781093627658,130.09108381166334,302.6898185956343
2023-10-25,159.33092686945747,280.2384643823316,118.43066996081325,314.1693953965005
2023-10-26,155.82379776516973,270.4959601687733,115.71770478039298,303.18775235858084
2023-10-27,157.10711695223017,278.4306071252013,115.71076321284863,305.04364394249023
2023-10-30,159.07059626744103,284.04894746170794,117.93676093975364,312.0397864411807
2023-10-31,158.72874287351442,281.3437676836329,116.93257142424045,311.2303679905308
2023-11-01,162.25240002432838,292.213244187089,119.45537038798011,319.6396881239707
2023-11-02,165.4855279543217,291.0761566091369,120.31068421420696,321.4761494334034
2023-11-03,164.1314124656492,293.67986446176656,121.61751498602098,324.6283940876601
2023-11-06,164.77433331661268,291.69456464123505,121.3332622953858,324.60472759033655
2023-11-07,167.32049266029662,294.77480715349884,122.33079779541004,328.57066485907126
2023-11-08,168.70574285394923,296.3661917945956,123.41845766179176,331.7918654811274
2023-11-09,168.03803045074164,296.68261292845455,121.8013781431755,329.05840605183585
2023-11-10,172.63045216655337,305.5126709626966,124.4913685053325,338.60538818325585
2023-11-13,170.78714225232216,305.2568711878175,123.8392332054591,335.1572368755442
2023-11-14,173.0380968358313,311.5191364408347,125.36109057703106,338.06954778006184
2023-11-15,170.74838369022473,303.18454109336017,124.19238566138665,332.71975300699705
2023-11-16,172.66903497094063,305.1990878372817,126.58120085660266,339.3103696121034
2023-11-17,172.6639443957538,305.99858166242484,124.98448751182877,333.63495740282815
2023-11-20,173.4148135511432,308.9847386849269,125.26413467286511,338.8188046064988
2023-11-21,172.06709714056433,305.1782375135608,125.45222686103261,333.705113165106
2023-11-22,173.1103393077392,310.04793963132397,127.04102810789846,338.83905798607157
2023-11-23,173.5450570107423,310.8265374243638,127.36005575319723,339.6899565376225
2023-11-24,172.08547424942753,307.42342844967243,125.54479758127582,338.8318976744249
2023-11-27,171.3861735455439,303.2660575225582,124.99926969279113,338.83110735157425
2023-11-28,171.6548818845331,306.64903663310906,125.30941721335876,341.9293409120128
2023-11-29,169.98913372159222,299.2094742883528,122.77020411182639,337.0280349023524
2023-11-30,171.01085461233743,295.52680382069957,120.89224091481992,338.0720288984339
2023-12-01,173.4626640871411,295.6212232868238,121.25264711223463,336.6506101753148
2023-12-04,171.882677920883,291.3573895798254,118.8488126209595,331.9427561726261
2023-12-05,176.31900481295907,291.12958607721885,121.0100844421604,336.53950232075294
2023-12-06,176.0325903941075,291.54764587467616,120.62343419282661,334.5401732333248
2023-12-07,178.26270945377473,300.69294774495575,127.38441784062161,337.3330716061173
2023-12-08,179.16064251669013,305.6420911178284,125.42266504008148,339.51340930403967
2023-12-11,177.27782584540182,299.5126476446185,123.94483216481876,337.68042370271723
2023-12-12,178.66837364021922,307.72123157721944,122.960187393448,340.4559038917032
2023-12-13,181.11087655484698,307.2841930915238,122.89755744863214,339.4351441249819
2023-12-14,179.79188774661907,303.3857671347105,121.20949447175099,329.1170522824468
2023-12-15,177.54900507941056,301.9979163192929,120.6012503405409,330.1746779011919
2023-12-18,177.62812709328864,313.54910484435095,124.73565300188056,334.8801090865745
2023-12-19,178.11330996255583,317.93805019106367,125.23471127706307,334.5511995776342
2023-12-20,175.2868676208709,315.3063913283768,125.98947310611038,330.4540625671143
2023-12-21,175.71736501778105,320.6805241273105,128.332950892991,334.13284401555757
2023-12-22,173.78245167468413,318.2880698948484,128.4558496693844,333.2220773552963
2023-12-25,173.46111795874458,317.69953700644146,128.21832743908635,332.60593063094166
2023-12-26,173.0674457581672,319.1769470591207,128.38173329458186,332.8677235392461
2023-12-27,172.8002500795701,321.2121660162811,126.87926445881021,331.6586282142671
2023-12-28,172.16178203948402,319.7517136346505,125.98693078189172,330.76567503439946
2023-12-29,171.853750169651,317.01542000322297,126.13413113505521,332.6468338424929
2024-01-01,172.0458634278184,317.3698077612207,126.27513497625478,333.018695771636
2024-01-02,166.14569018311158,310.9733151203545,125.24114519081195,328.9485518571746
2024-01-03,166.36337385277147,312.08090503229505,127.07562394600791,331.62271312682424
2024-01-04,164.46079181132518,314.8843442773614,125.1351465980224,329.6640132163702
2024-01-05,163.5072382265098,318.69362175359856,124.32273614635415,328.9033382627458
2024-01-08,167.53885433358846,324.92247971807956,127.22394443092526,335.26791648664584
2024-01-09,167.0151529769937,323.5282347600951,128.95014329126207,335.9615314114708
2024-01-10,168.2585122866949,335.92263615432057,130.30113247660756,342.80512534209083
2024-01-11,167.06352505803807,333.8927281901124,129.6766651260259,343.13024517934537
2024-01-12,167.26141152066066,338.0457677885079,130.11400836759913,346.3505823052601
2024-01-15,167.81061792866694,339.1557482686494,130.54124048597714,347.48783182079023
2024-01-16,165.74371217783664,332.78901443400173,130.39642729801471,349.0978957365496
2024-01-17,165.9005078091286,335.6653694715351,130.11493042763323,350.52538167126477
2024-01-18,171.19405184215066,342.5165291008052,131.9424394687594,354.25788097597615
2024-01-19,173.95917405332148,349.3951729168457,134.73637110648815,358.7937559131951
2024-01-22,175.86248016127684,347.4534004906491,134.33720861291476,356.4188290967795
2024-01-23,177.2292386775107,350.9553903609849,135.36961683662594,358.96556776759644
2024-01-24,176.9749665344134,356.69842825178057,137.171604947187,363.00406739115715
2024-01-25,176.2871784952331,358.1752838809625,139.8657851903481,364.2863726082105
2024-01-26,175.25724661791264,360.19848693346466,140.4502351104038,364.6033586760095
2024-01-29,174.6856033796903,366.60523087411275,141.45517062224462,369.94995880525676
2024-01-30,171.4667044038788,366.0330341366989,139.93667576513872,369.2376912636428
2024-01-31,168.0090462932203,356.66286856788065,129.54379305487237,358.9922001600353
2024-02-01,170.87253097960274,362.2235142637146,130.85156878846374,365.9228235279297
2024-02-02,168.84361460383843,432.98429632004627,130.75659722628643,370.2414338295057
2024-02-05,172.0024589350778,422.4572530243677,133.18141197925888,368.43164881583834
2024-02-06,174.10432659069374,419.6319883722681,134.09785743556859,369.59649334869937
2024-02-07,173.9566214572551,432.73544736045005,135.0758131227558,376.85958183039475
2024-02-08,172.6578751657944,432.36780531553086,135.3397411408805,376.2654837910377
2024-02-09,173.34044413038555,430.56882247856265,138.07831446103683,382.06339200952243
2024-02-12,171.44678957619544,430.4588395865212,136.44352087100924,376.52567406604066
2024-02-13,169.9220447738162,423.4157561614629,134.60183039796902,369.3067693888497
2024-02-14,170.10484104243733,438.10160300807183,136.1101673054909,375.0813606572774
2024-02-15,169.4695740040679,447.0833501713969,132.86199218792535,371.59205346562885
2024-02-16,167.38986128748184,435.49707564327946,130.34281072233807,367.8762862928688
2024-02-19,167.21852759086687,435.05131791780514,130.2093969336147,367.49974255513735
2024-02-20,166.67787800658698,433.99179580008786,130.72907162669435,366.66864889787394
2024-02-21,166.7912237523169,429.52149871636357,131.77509272161933,364.8351156335957
2024-02-22,168.55351297061952,445.83315563255564,133.0417255337834,373.1754281797712
2024-02-23,166.78100761367205,443.691110323427,132.94948035666494,371.8067438218277
2024-02-26,165.62431199238563,441.82140540030014,127.03092873725836,369.46155469927
2024-02-27,166.49309916647508,445.42028220607426,127.90192190861035,368.3559657558271
2024-02-28,165.4833518830892,442.89905831536635,125.53515877715108,368.78088032941196
2024-02-29,164.96338608465157,448.73797902705337,127.7523979407215,374.342469212148
2024-03-01,164.48218693931176,461.3207558072845,126.593980926511,377.20360288146185
2024-03-04,159.74970350314197,455.9541800527604,122.60866718980651,375.36650194030517
2024-03-05,155.02789137169293,448.14418182452937,122.08446463091695,363.8475191082016
2024-03-06,154.10487464944345,453.4759634083057,120.96192866346155,363.3139346571388
2024-03-07,153.3803423424979,466.32251180536696,122.91443408082705,368.20715012410074
2024-03-08,154.23434148959677,458.5125004957172,123.29632019584915,363.88974346017676
2024-03-11,156.16171393398145,438.5368517314,125.77622560195596,362.60496491393314
2024-03-12,156.76181555581024,453.67242427303245,126.52598414419845,372.6452045966871
2024-03-13,154.9122703397461,450.0253808130583,127.60993518261785,372.60585048012217
2024-03-14,156.21144039962292,445.5065210511857,130.5173234034437,380.7305349489179
2024-03-15,156.89795782874717,441.4013169524824,129.40437942768676,375.3142857528328
2024-03-18,157.9098460871828,453.17987676696794,135.15811115453835,376.1541375816305
2024-03-19,160.18216947443125,452.86453151681235,134.75530391091252,380.1423651685345
2024-03-20,162.69744474444815,461.7848627439562,136.4921310743366,383.96375254888517
2024-03-21,154.9955893182996,460.69699172329274,134.71847474799142,385.08223392283253
2024-03-22,156.89230891260377,465.5340634295608,138.41002625165402,387.16671485337974
2024-03-25,156.37930449714804,461.87215870045475,138.54381857643966,383.79395203113745
2024-03-26,154.89599521474884,454.0361733646787,138.65423126054702,381.6121224925846
2024-03-27,158.26748518492423,452.4225302344439,138.9488377008047,381.6196672730257
2024-03-28,156.87111514060234,445.61789750679236,139.48585488226308,381.6452919728654
2024-03-29,157.1459160258746,446.39851408249706,139.73020092627667,382.3138437581965
2024-04-01,155.842351598787,451.7760728763933,143.64452538236856,385.87489514497247
2024-04-02,155.5516541110046,459.67536955941614,143.80589318197235,385.0103425237612
2024-04-03,155.8431317232662,466.9725374099471,143.8474018707766,382.98825867331834
2024-04-04,154.0820397649877,467.79254990653135,138.87206981715462,378.19602305383523
2024-04-05,154.79413213441148,482.88407533988357,140.71687455195934,385.1563897524029
2024-04-08,153.85597122133913,475.76457849812505,142.81448084051772,384.54784401572033
2024-04-09,154.49695212485767,472.16491410508024,144.20203292517454,384.8992517891875
2024-04-10,152.83738619111318,475.0322877034887,143.82213121959012,382.3260998134265
2024-04-11,161.19617198663764,483.30827637673065,148.2829484803815,390.7756036170267
2024-04-12,162.81207037314016,473.56133854902873,147.01084688285482,385.80301003853674
2024-04-15,160.40719565496875,466.12108958856334,145.41653675031193,380.99260606305324
2024-04-16,157.6861738353491,466.72956527186034,145.43564585814238,382.71642609611445
2024-04-17,156.46458676513612,461.6953671632891,146.31511028346813,380.34052372059887
2024-04-18,154.8715558068825,466.7175386522904,146.1962519913759,371.6721180646655
2024-04-19,153.34251558796768,448.49668258932616,144.92316286378627,367.80650863297524
2024-04-22,153.9197480857365,448.5191741795188,146.80452287550906,369.014444417071
2024-04-23,154.96466280551613,462.0806790458482,148.69412459423984,375.2457324282914
2024-04-24,156.19569793605024,457.49929913772576,149.08753306733615,374.84803061806815
2024-04-25,157.06519359911908,409.3522375014145,146.2334132156211,365.8187064306803
2024-04-26,156.08600573563763,409.9843400859845,160.3601989486924,371.46038479998424
2024-04-29,160.29802082228707,400.9660343203577,155.34389088785974,368.52071876701666
2024-04-30,157.23950821219478,398.36664537635806,152.202087939193,356.3901081737022
2024-05-01,157.00879428836197,408.59377498760296,153.7671062213849,363.1912877073046
2024-05-02,159.6447031564485,408.8021044885609,155.64840766662383,363.98101461396254
2024-05-03,169.012618946741,417.86832749499445,155.97069566257414,371.65156666007533
2024-05-06,167.0834190470705,429.5506659517123,156.3809167776526,377.0589696517018
2024-05-07,167.57171987375477,431.5356930061098,159.1426392649737,372.90423460541933
2024-05-08,168.1498305943942,436.24333929685963,157.71746897926914,374.58940868284117
2024-05-09,169.89030303890468,438.9926097819007,158.15718058005496,376.3389072116224
2024-05-10,168.12137154009633,438.1534510918391,156.41142498212048,377.20524471672434
2024-05-13,171.3222687773159,431.20759409630773,157.18668964186327,376.79295522587927
2024-05-14,172.01046309163303,433.8139095193583,157.7951249516127,378.56637608674646
2024-05-15,173.7737924262292,441.86263034243166,159.27476044573632,384.43683650769526
2024-05-16,172.68208686705293,431.2365369964027,159.58409551735713,379.8942100455861
2024-05-17,173.05921282552845,430.90465280491117,161.60273058153052,379.95833965950624
2024-05-20,174.00260602125854,427.7990555488941,162.5543007531178,384.3253214742617
2024-05-21,175.43206286403256,424.5293114312444,163.758575535825,388.19135501572237
2024-05-22,174.20036101551614,427.6302249078326,162.43861263700182,389.7334694981364
2024-05-23,171.0040570487281,426.9805493456297,160.19783955730782,387.6169184929313
2024-05-24,174.04206654107838,438.89211199013516,161.5469191025477,390.9377425281855
2024-05-27,173.48127300096894,437.4779259482166,161.0263870814233,389.6780737311419
2024-05-28,173.26268976239953,438.4568397306284,162.3563250049192,389.31141410984856
2024-05-29,173.69648392873387,433.7773242109233,161.94024372907734,388.6294472689315
2024-05-30,175.41838190367707,429.0717296079274,159.16902517949802,377.23920506017566
2024-05-31,175.75218161373778,427.540053461822,159.0412922184405,376.48687925210106
2024-06-03,177.09112495937006,436.59212852056044,159.2026982584921,374.4171423204043
2024-06-04,176.49956007421224,433.9622991325705,159.05444400323904,374.8493475561354
2024-06-05,178.29709507815096,451.45849458545854,161.19348257872844,382.8985781146366
2024-06-06,177.15124088794983,450.57682033510355,162.46824152275803,383.6177700256667
2024-06-07,179.01886727651345,449.0249667840708,159.98916495543108,382.3125598703027
2024-06-10,177.47340466799687,462.71348493226105,162.51389480534272,390.0759293482115
2024-06-11,190.6252445116752,467.8314877770499,164.17192074498962,394.9967861946898
2024-06-12,196.50987653472112,470.1398165062401,165.80275051496574,403.5441574781307
2024-06-13,196.2583432406991,462.623738580136,162.09979993442084,401.2990971192794
2024-06-14,196.00231691391673,466.34337098139804,164.72690627464908,404.98218274576357
2024-06-17,200.54262861920324,470.23339712548295,165.67115814486897,411.6951519885861
2024-06-18,197.6286659695852,461.9442076743326,162.92577560830796,408.361844801846
2024-06-19,197.59894624878143,461.8747397516927,162.90127456470145,408.30043468224176
2024-06-20,193.18189982350668,463.5196953241648,163.92354400448676,407.36462254646904
2024-06-21,191.96986703248513,459.0528640159573,166.97646656003144,412.8262289057966
2024-06-24,192.90735421939644,463.6924652472662,167.75967628498438,411.6066451240513
2024-06-25,192.9574727880481,472.56907449802384,171.48298495213567,412.8853265915768
2024-06-26,197.23988444426323,475.9259317061442,171.65846261767547,414.88632533378404
2024-06-27,198.57324862015048,483.2306179870284,173.51637314393884,416.6675464064974
2024-06-28,194.82817885833356,467.72105369857854,169.87088655022944,410.1497108351941
2024-07-01,199.99831508089846,466.97972470420063,170.43553790132864,418.0787203484797
2024-07-02,203.21135667129056,471.35865293275856,172.36442416293357,420.34075101655617
2024-07-03,204.17718343219713,471.28781384706963,172.90276328034815,421.2605813342998
2024-07-04,203.32789156843592,469.32745324721327,172.18355995112506,419.5083131413685
2024-07-05,207.38984196852016,496.091898685725,176.09903766639218,425.00577591024376
2024-07-08,208.45030048473018,485.672640591707,174.4938541574702,423.20568205806194
2024-07-09,209.14203775441638,486.0754756446986,174.37790279448018,416.9344603735517
2024-07-10,213.39313867293185,491.10977467093835,176.67434664233224,423.6546292398016
2024-07-11,208.08183891120098,470.10737822343253,171.46556587989926,412.45383587021206
2024-07-12,210.0324501389623,455.76624366136457,170.36898128739267,409.9176129627049
2024-07-15,213.2982973274402,452.75810187200295,171.45352199055833,409.8063656548693
2024-07-16,213.36651575229553,446.28850222725305,168.75439180952526,405.2018441955079
2024-07-17,207.9510690403422,420.9209000955743,166.1198974412746,399.7585007181988
2024-07-18,202.97908957871914,432.0551109055996,162.46543329365159,395.55190401359505
2024-07-19,203.81669170184978,434.4431607164006,163.19596204428308,394.015308161579
2024-07-22,203.54305885019858,444.2075726346957,166.83485412285518,399.35761923345854
2024-07-23,204.67340213622265,445.7667782940007,167.20621374161055,401.42509561092083
2024-07-24,199.50471219796236,422.2717521213308,159.3727425748384,388.4271120777048
2024-07-25,198.7508569506099,415.50419310051257,154.77022443313126,379.3085477114764
2024-07-26,198.96442000663865,426.30413097873134,154.16374096644176,385.1187385038829
2024-07-29,199.17463937694265,426.2161019597261,156.3672934724309,386.35279553054716
2024-07-30,200.3185793535522,425.2533384451999,157.53199425294042,384.11691344270366
2024-07-31,203.38532586026759,436.0767253497215,158.76424856617177,380.0853872819516
2024-08-01,199.8335651411362,456.78568305300723,158.00780868011134,378.6841603271241
2024-08-02,201.88358102242273,449.4835702021064,154.8163780592149,372.10666934723304
2024-08-05,189.9891025949546,433.1086748901653,146.01430911472016,355.88929169464245
2024-08-06,187.44731640137707,448.1746938001488,145.38846366543657,358.58680641304454
2024-08-07,190.2203056035105,444.4904539288873,145.9086424641564,358.3383435499054
2024-08-08,193.3504813635118,463.2374865578713,148.68735520342398,362.1064179717305
2024-08-09,196.22910524874442,471.1714545909672,150.26459824953236,365.51572018775005
2024-08-12,197.66273263599942,469.59716420758923,148.9822947888024,366.29090742746484
2024-08-13,200.6486153577389,480.06905179377645,150.47216022163957,372.008900675577
2024-08-14,199.9462716839953,475.8099474866758,146.12401524244342,372.50108946956243
2024-08-15,202.3530271693744,484.642335771583,146.93523942700995,376.3500359002501
2024-08-16,204.30162746636051,477.45907466468634,148.89636938201147,375.44180118668737
2024-08-19,203.1892768180187,476.8716796686931,151.4828654404264,376.39444197044577
2024-08-20,202.61707869589281,471.94238182619665,151.1437852777808,377.21079971984364
2024-08-21,201.76429692951479,477.70936586244716,149.3954269967062,375.2217911003172
2024-08-22,199.60570355469827,473.6584316880908,147.1254820295144,366.71839059126796
2024-08-23,202.3521344311721,471.7743969373478,149.3616386454214,369.07652911789046
2024-08-26,201.37349983554213,462.6815741375249,148.86003439082197,363.83806199162973
2024-08-27,202.54757361764587,461.84708694184155,147.79296917336433,364.9038574949209
2024-08-28,200.9415682497056,459.2389043804178,145.9500537733611,361.61852023778556
2024-08-29,204.8400991302915,462.71143024787307,145.66445392603055,365.57039421238005
2024-08-30,204.9557231099334,467.33983755995723,147.7799727900947,370.6101926773408
2024-09-02,205.61657542667763,468.84671236038776,148.25646954707645,371.8051756752466
2024-09-03,199.61403545440953,459.31745672311445,142.12897377097943,364.196343252559
2024-09-04,198.2265033284648,460.97114637386767,141.64997452015086,364.32782738861533
2024-09-05,199.03079130118385,463.3505716777654,141.95325507468624,362.8361863916871
2024-09-06,197.0893105748146,447.2406894461128,135.78667242827214,355.9077481400236
2024-09-09,197.59466086284374,452.2544217905088,133.93872131379248,360.244349414952
2024-09-10,197.76531868304846,454.2902185583662,134.96447364652704,369.42933203450593
2024-09-11,200.35676610514201,461.31736158840795,137.0953338418758,377.88019728764084
2024-09-12,200.63910959188433,474.1616039911605,140.27812072754386,381.76640754245454
2024-09-13,199.1845389064556,470.4166761133092,141.96700034262267,382.64890760500384
2024-09-16,193.4676272203069,478.182040057407,142.38704023596802,382.9501830136287
2024-09-17,193.17205010179896,479.1322561770212,143.0122945267358,384.90628681029193
2024-09-18,196.7609995233006,480.86660202255734,143.56823395644733,381.28791455635474
2024-09-19,204.2060738246173,500.14467191872245,145.84630169014872,388.55145167269075
2024-09-20,202.74834056507098,500.036551670084,146.47583778128683,383.8940296426881
2024-09-23,201.23151506142312,502.8128726484647,145.09365830317074,382.3801719176299
2024-09-24,202.9241201884579,504.06879955739714,146.24431005332735,380.22512399585685
2024-09-25,200.59714189441092,504.91407991930464,144.62915303076807,380.1115527580223
2024-09-26,202.70601456566692,507.2235667935929,146.16031795509934,381.45867298700614
2024-09-27,202.10848481336143,504.70192108419724,146.8538569478551,376.9856924901251
2024-09-30,206.8674202776092,509.5567066689109,148.63992676722046,379.2437500118649
2024-10-01,201.4379327936349,514.6742708267338,150.1799821083414,371.87980943030016
2024-10-02,203.27243941952383,514.7668933867244,150.1704737435084,371.15563135719276
2024-10-03,202.55944657072723,524.4477694289235,150.28994988612794,371.1473428508907
2024-10-04,203.81214982633355,536.9277838686394,151.68078013276318,371.1537933091131
2024-10-07,200.32814301380404,529.803395333045,148.75114545012366,367.3695398496202
2024-10-08,203.99259465789964,537.0919866785043,149.9200153558213,371.96632229375064
2024-10-09,207.39894576008555,534.9360763543991,147.5314364357746,374.43289301728873
2024-10-10,207.560475928276,530.4520326101192,148.07752823415285,374.08517436375405
2024-10-11,206.38849028488949,536.475864351909,149.42259280646977,374.84072625234694
2024-10-14,209.95258258214017,537.3201009341428,151.20194464813721,377.6727622959006
2024-10-15,212.58266842630383,534.3359690323159,151.92724921490844,377.8729480030306
2024-10-16,211.1858967092876,526.9058556856326,152.13100627386757,376.3730095897936
2024-10-17,211.94432519827387,528.0834998544196,150.39534067608201,377.6664561907364
2024-10-18,215.19880607309096,529.2672388429273,151.34795715212204,380.12410768609334
2024-10-21,215.7755243679876,526.166036294293,151.4890614963515,379.3189592551007
2024-10-22,216.22025094913624,534.9323332134154,153.13665284421768,389.0445102335616
2024-10-23,211.94767482339375,519.0806725916482,151.27608445632723,387.1320160874857
2024-10-24,212.10247764244923,523.6599948785588,151.55734057921472,387.85264769346395
2024-10-25,212.01687921832308,526.5731414750917,153.2031861394007,389.39935511800104
2024-10-28,214.38634995387838,532.4400882058071,154.83623806795367,388.97161208657235
2024-10-29,214.23346861099708,545.3439064444974,157.11761858308455,393.1233085503918
2024-10-30,210.88513110909844,543.7892498110887,161.6501882186858,393.5106744499644
2024-10-31,206.3101876172832,519.6831599500183,157.92153696117384,368.3803357180732
2024-11-01,203.0664476655511,518.0128162711917,157.49404118810344,371.1035322304888
2024-11-04,202.46232350875653,512.6406956221908,155.86309618487576,369.7703289614583
2024-11-05,203.78439680768497,523.4066719962211,156.53653497611413,372.5023603489444
2024-11-06,201.99660673605194,520.1698511395807,161.95642821359343,378.2954713786239
2024-11-07,210.18487033209385,548.133310078716,168.64995313289546,390.20896737033036
2024-11-08,208.7273844364263,542.8062259251092,165.45355682728587,385.3286830821635
2024-11-11,207.7616461719299,541.1474558059126,168.64866156480275,384.0535171247029
2024-11-12,208.7455982925212,545.2486686175871,170.70444846394366,390.5063959475501
2024-11-13,210.51508043707145,543.1826804490993,168.82381942175925,394.271873267302
2024-11-14,214.47660438178355,543.2144291748446,166.71276430135185,397.80990055775874
2024-11-15,212.13405629288263,523.1775725897605,163.98865900737383,387.97998902471954
2024-11-18,214.90662943083953,523.2978093936472,166.67501454848207,388.5554732926539
2024-11-19,213.90972326109932,526.5553199548776,168.31858346283752,388.1987166505951
2024-11-20,214.32751191705938,530.0772876198935,166.0106954827006,385.5994641741745
2024-11-21,215.123798401135,530.8733447648847,159.3597586487449,386.17073434863414
2024-11-22,217.9830194142951,531.0185978294066,157.9969136975269,392.8965827848606
2024-11-25,220.60591959291833,536.148889287284,160.54817387274943,394.1865378000166
2024-11-26,223.43905747062763,546.0002060667175,162.22645611288226,404.2180831972819
2024-11-27,222.3172103227762,539.4464234249426,161.6906067780219,397.71002707201296
2024-11-28,220.8174869964796,535.8073871878332,160.59986272687092,395.0271263472514
2024-11-29,223.06154505805353,540.5984492051721,160.28114822274802,395.44520143150294
2024-12-02,225.56865334744361,558.970643595705,162.89858103414736,403.15214839414693
2024-12-03,229.4035158274546,581.0177236716518,163.61665045574046,405.04228406201764
2024-12-04,229.53398501300944,580.6097822741685,166.36766638243625,410.5096101244326
2024-12-05,229.48993828898892,575.8403669154723,164.63402117247824,415.25865052677545
2024-12-06,227.75328103225547,585.8922621035163,165.5678217905006,413.3409062789724
2024-12-09,231.8613094716966,577.4096874930365,166.6454798717159,416.4158640476726
2024-12-10,233.04606750108178,583.3872659039553,175.6893952305236,414.30672853863507
2024-12-11,232.33157918528013,597.2303198495792,185.66892228095276,420.4820432527813
2024-12-12,234.2981107324922,596.926278355335,183.2161079608677,422.06233778226306
2024-12-13,235.19284490524205,588.8849531236556,181.65408395539998,421.22715693203645
2024-12-16,237.1361314701353,591.0243821760014,187.44535719161104,423.8390383257247
2024-12-17,239.27490354171823,586.0728749383816,186.33222746440424,426.23680180491647
2024-12-18,234.64663345609551,566.2218543980816,180.12552427398987,411.0983769085851
2024-12-19,239.59833314224852,572.5857838164302,182.21321162445747,416.50651022914644
2024-12-20,243.7604408774405,561.8661530579993,185.08175961019333,415.5066759064721
2024-12-23,242.910936269378,572.1223617932119,186.7605126833787,411.5171046064024
2024-12-24,246.34247901249182,581.1751471807111,188.75912463866825,416.4623588525137
2024-12-25,246.41937841101026,581.356569481206,188.8180485530811,416.59236365326797
2024-12-26,247.27392438494462,577.3157397740215,188.42372136508857,415.55652439566074
2024-12-27,243.44634416911867,572.6273517505324,185.07787180316063,407.44091206007215
2024-12-30,240.07469815733566,564.1104009174742,183.6810655352656,401.807735945029
2024-12-31,238.91232047143149,559.89018139158,181.94138737816957,399.5479639622099
2025-01-02,233.86437291334914,576.0246017611789,183.07809656948848,398.86097260273164
2025-01-03,235.29590616392397,585.9409250745557,186.99014486873693,406.6928259732322
2025-01-06,236.02779817190185,608.5193553083955,190.97582146196692,409.53442778959106
2025-01-07,231.519645947119,591.9785714423633,188.28948992400547,401.1350816814811
2025-01-08,232.90360942922234,587.4184074185796,187.7641592945356,404.8064343865535
2025-01-09,233.5999567181443,589.1747014342509,188.32554631469338,406.0167456557265
2025-01-10,228.3478995434707,595.1200426782962,186.49496657286727,401.3171102035085
2025-01-13,227.1587278204097,590.8946611980209,186.60889479749312,401.70530176369357
2025-01-14,225.61476692322958,576.0472641365486,185.02945850179458,399.4298355276169
2025-01-15,229.12584489165238,595.8034045409004,190.00295227359857,408.00145723940295
2025-01-16,220.1161109370787,590.8475252601602,187.73464832303034,406.80222100872015
2025-01-17,221.6308981436705,591.8841594253317,190.6431273274793,410.79931308341475
2025-01-20,222.16060568482226,593.298788456581,191.09877274091195,411.78114141088554
2025-01-21,212.11271654021402,588.6640158406226,190.45535369405115,405.6169923717971
2025-01-22,213.54866477819905,596.2302518952492,191.10740126236578,422.97036311275406
2025-01-23,213.2998885411671,608.3669176010153,190.60011390352702,423.28194294860805
2025-01-24,212.34120027591416,618.5718617205566,192.7073169763171,420.53446553902904
2025-01-27,218.0100672438075,627.3026084440862,184.03631853894512,409.5101639081404
2025-01-28,226.46428434255722,642.4214940937854,187.57415723682152,422.3302752660329
2025-01-29,227.85915429874785,645.4687920453507,187.96698866857332,418.37248565466507
2025-01-30,226.2567419744255,655.7361161475674,193.23286189414284,392.65653313704206
2025-01-31,225.34708298100395,659.5862537873181,196.59250224702464,393.7790788992843
2025-02-03,220.89367469400622,677.2479697017225,196.58863029758686,395.5383114152319
2025-02-04,223.7961325296983,678.5134608098233,199.95434581574773,393.87507873100185
2025-02-05,222.5003455855831,676.1946555943141,185.2676025338351,393.0252999241584
2025-02-06,222.61616188524567,681.1830214979273,184.77748246599367,394.3647875319002
2025-02-07,217.59673402531007,684.5988583036524,179.1403094344514,389.17379705821077
2025-02-10,219.42081083197445,692.2983435245951,181.4497409197802,394.33366672535703
2025-02-11,224.43078975537264,695.29478783171,180.53696979643246,393.97306021526674
2025-02-12,227.1327412366827,696.3972366657981,177.85920185703617,389.2782147287289
2025-02-13,230.99867349386295,697.6304874713351,179.74033504213276,389.68923685639857
2025-02-14,232.37650309320725,700.6973213733327,177.583228856397,385.10399137973945
2025-02-17,231.76632201166012,698.8574096623743,177.11692557183142,384.0927739509534
2025-02-18,231.72817806167313,679.8488462188216,176.167409610317,385.372046787621
2025-02-19,232.92992894883537,670.2583077080999,178.0572838010903,391.58102090154716
2025-02-20,234.45636867057328,663.4889974253601,178.05675008433172,394.6850966170023
2025-02-21,232.41509149747253,647.7634804128538,171.91708478834153,384.2399838864585
2025-02-24,234.45688033439183,634.7065073256454,171.96936083009405,381.2116108972077
2025-02-25,234.7019395183279,625.4130448268443,168.56064813990906,375.9394483273445
2025-02-26,226.99389145437362,637.0012424308952,165.0332700419649,375.41640777983775
2025-02-27,224.8587740004532,624.4793961969772,161.3332171198199,369.8958715839326
2025-02-28,231.22545797717248,639.6401497611878,164.70912512055475,377.46925141861357
2025-03-03,227.17339785240983,625.9245169764363,161.01431941862302,368.72289183761677
2025-03-04,223.64031507138316,607.3914500087049,163.6663886674687,366.33244238044426
2025-03-05,220.4752511245897,614.6999695245177,163.7066730808874,372.98131637013284
2025-03-06,216.66764286309808,578.8282277272374,160.44140950194924,363.39708380656884
2025-03-07,220.2536062838626,577.1092567162123,161.96450459340122,360.3524152035825
2025-03-10,208.17407164400265,547.8970884510309,153.7879343016466,345.9746617685887
2025-03-11,202.49266617252943,556.0553449842555,152.40821448998759,346.9154635654486
2025-03-12,197.59040292854115,564.873689546861,154.11821613473512,347.09271905034257
2025-03-13,191.43249835785537,539.8874856085968,150.60951511152962,343.8972468314969
2025-03-14,195.46049380278419,557.4515432019252,153.68389241497425,353.7806052562446
2025-03-17,195.46586230833054,553.6671114278543,152.361439001701,353.07444781974846
2025-03-18,193.59499414104903,531.1859424675276,148.2776251068026,347.1599230251195
2025-03-19,195.5523884801587,531.7476430387796,151.28687700717,350.40063166346044
2025-03-20,195.0082235221562,534.8620283124328,150.54727321146493,350.398441080004
2025-03-21,199.81730489957772,546.9848929953878,152.41293321087505,356.20418154994695
2025-03-24,202.45981223103627,568.8146637920181,156.08765167343154,358.5526178719483
2025-03-25,205.84139002714983,577.3869550400523,159.18766090116696,361.52405039024234
2025-03-26,204.10293202920093,564.094202278633,154.2119981573469,357.3077144880717
2025-03-27,207.11255599056858,558.6913795408254,152.02887042680413,359.379923531651
2025-03-28,200.50725865251297,531.8154141989507,143.8088389853092,346.63896209885206
2025-03-31,203.96690459305864,530.3399276080454,143.66071495597498,342.79124825729014
2025-04-01,205.03563341707104,539.461102926176,146.16552152236363,349.1632188802341
2025-04-02,206.11482166025235,538.6953781902266,146.4570319455088,349.8578185974766
2025-04-03,185.12560503701934,485.37055231224076,139.2596079463019,338.06135428288326
2025-04-04,169.53344837184068,455.1847124179203,133.14958260895946,322.05090845822997
2025-04-07,164.18585876132238,468.0829786001559,135.22631086419642,322.0049618571975
2025-04-08,156.99522023038298,465.75764034385975,133.65788963389969,321.0576465663762
2025-04-09,179.9876193744276,531.3150043131609,145.99091153417976,351.4968645969566
2025-04-10,172.80392154545643,496.7892839814922,141.19823453142544,344.15913021344386
2025-04-11,174.9347343653899,480.88962204650306,140.9260528631694,341.04494197148597
2025-04-14,177.4481711896351,466.6577042285935,141.68259615811075,337.9225062320729
2025-04-15,177.16945335744458,458.05280884155945,139.277151823655,336.2130071386928
2025-04-16,170.9802814755676,443.0165660468483,137.05399456444866,325.2536159596493
2025-04-17,171.78154227167397,438.24394026523805,133.93299968538486,318.960570555646
2025-04-21,168.45021319386433,423.5449462576071,130.87633920349617,311.4500881656568
2025-04-22,172.43356335822682,432.79063796710034,133.05047332671165,314.922957774761
2025-04-23,179.14256018687593,456.4885272870015,138.29325640451134,325.9957107681694
2025-04-24,182.8286752773547,468.77715599307703,141.8802728524115,337.9489582526112
2025-04-25,182.90743433015177,479.3064393482091,143.40728156908153,340.5791306989231
2025-04-28,184.12481380782629,482.6906539687625,142.5161894451794,340.8415624563713
2025-04-29,183.99174873491575,484.0011572854419,141.37766531214584,341.36479477527973
2025-04-30,185.438689738392,480.0888325236083,140.60199399167414,343.01943009195384
2025-05-01,187.21221976838933,503.2293777443556,143.0709073174512,371.2740005233172
2025-05-02,180.6707217418625,526.368545264886,146.09146520246668,380.8520554288407
2025-05-05,174.57395299949258,527.1048528981592,145.9575128928791,380.7297835951722
2025-05-06,174.392330172921,517.0355046385193,145.33697193777516,378.563077893692
2025-05-07,171.96023731163586,524.0375263748938,134.07963504661166,377.61712171846557
2025-05-08,173.606156546477,526.7886825324968,137.11002815692336,383.0515400528093
2025-05-09,175.79505084386255,525.7381501055534,136.89659529466098,386.3423803441492
2025-05-12,186.80563947379414,567.1158873616077,141.43940892495993,395.4241266731733
2025-05-13,190.9822457033806,588.8690707790302,144.32354313022915,400.09519816504326
2025-05-14,188.91210659028002,587.0969829870446,148.43028415108984,400.2345132926548
2025-05-15,188.1901863898529,573.4994491127436,147.22337069007335,401.26758306687407
2025-05-16,187.84029495850336,569.7980180188024,148.8869731572704,401.890244765862
2025-05-19,185.7204070897069,570.1396001644389,149.34675576454993,406.1461891360432
2025-05-20,183.261058944061,564.8590243962317,146.47755297582808,403.87066506096744
2025-05-21,178.17042347273673,560.7188576486951,149.94946028448612,397.0073293150199
2025-05-22,176.84950595708233,559.5199550045145,151.06385890519687,397.49377165095575
2025-05-23,172.25092006785235,553.5717493677475,149.61605346046326,395.124694072083
2025-05-26,170.87310859929494,549.1438049210774,148.419295183312,391.96414587420804
2025-05-27,174.9548427781083,561.733679162222,152.0517544205377,400.56306865697115
2025-05-28,175.9321654967962,565.386726110879,152.21420544836565,399.47010578239315
2025-05-29,177.13535938978384,571.8947882414504,153.24333916396063,404.3110971087917
2025-05-30,175.67000031836506,566.7580589150311,151.19835720019182,400.63166066758276
2025-06-02,176.8028475985666,588.5454694368236,149.357989695789,402.9202813328957
2025-06-03,176.6214146584598,579.8784341166465,145.74075181378157,400.26246610399903
2025-06-04,177.29816437184218,601.851296138866,148.0925273970488,403.4704177069434
2025-06-05,174.80671964625617,596.9673643813512,147.97128664858792,405.44596315193485
2025-06-06,177.18012219114098,606.6929017108778,152.00102633805,406.65481412302324
2025-06-09,175.73969846123873,605.9522098261368,155.16459156850033,410.3515599592356
2025-06-10,176.491371720017,612.1492253273755,156.96550635207132,408.0403250656127
2025-06-11,172.9613849606585,604.4527121457759,155.77341180922303,409.17635645457267
2025-06-12,172.2444431315671,600.0030926810286,153.2248462259813,411.99831177224405
2025-06-13,168.53516776698416,586.293967036836,151.08753417208118,405.4315211456051
2025-06-16,170.86701581874877,605.5597447643777,153.43343107872442,410.5415954270029
2025-06-17,168.55093000102352,601.6201322472334,152.89187310271518,409.7884292843373
2025-06-18,170.37416700812537,603.9527339640772,150.9862433591661,414.13764847253697
2025-06-19,170.45046312748127,604.2231930993148,151.05385727415523,414.32310555216645
2025-06-20,173.74885566289777,590.753083395175,145.18117174819963,410.61069494046023
2025-06-23,174.36154665532013,605.3876638099318,143.84128268253062,418.44065685249734
2025-06-24,171.856050803769,612.0102116422822,144.11002398433538,418.4073976164782
2025-06-25,172.74052406291958,608.2931033896857,147.16427238002507,419.7737043728375
2025-06-26,171.20642648663033,619.4230489529109,148.77119369666434,421.5950042488457
2025-06-27,171.15050016918758,625.4020092397695,151.93619655005932,420.0107703629328
2025-06-30,174.10697205414544,627.3133372574521,150.7318988670304,419.98985169256775
2025-07-01,175.4623133749783,608.1785498582576,149.56246308225218,413.35926602788277
2025-07-02,179.08390371615224,602.462033114869,151.73541738063795,411.9109069675651
2025-07-03,180.1003714246981,607.3273135072086,152.4706411071311,418.59907801968075
2025-07-04,180.54029580332463,608.8108090097667,152.84307538651228,419.62157418576135
2025-07-07,177.35677378069886,607.7721846249333,150.19336279376148,418.3492181390757
2025-07-08,178.0762544883546,612.0337335677141,148.72182819678164,418.9982331033116
2025-07-09,179.2172414932611,622.9536027164795,150.99848776135332,425.2450968546964
2025-07-10,180.1937564518921,617.8959771108566,151.79692240227814,423.29228299767783
2025-07-11,179.56834458766025,611.1094094369437,154.38800192542658,425.877107800703
2025-07-14,177.7218703113249,615.0987374591023,155.9403625465302,426.37535678096356
2025-07-15,178.38068917850978,606.9357302930512,156.39938523187084,429.32975871398594
2025-07-16,180.18620441717485,603.5927167849331,157.76829370921587,431.3379097179986
2025-07-17,179.62725177062566,600.8365007958673,158.18018801262497,435.4606242131922
2025-07-18,180.93460484804746,604.3480351967046,159.52008656500948,434.81405220918896
2025-07-21,181.80948627641192,611.001879688909,163.77454557067722,434.2518725379723
2025-07-22,182.4516338940084,600.714152696859,163.6992063473599,427.82722747675143
2025-07-23,181.54623613293552,605.877357569414,162.56770867440628,426.7072962091388
2025-07-24,180.6752766941445,605.1035546531239,163.51329520754916,429.6483670537382
2025-07-25,181.05554347197085,604.239433698749,164.5114418973526,432.69476277928334
2025-07-28,181.18881930629232,608.4005271633214,163.9423751573877,431.6502178261471
2025-07-29,181.30399165107156,601.6451131391441,168.79165471670785,437.66782079315635
2025-07-30,180.1103445497729,599.8980414565012,170.33244111444856,439.9780192878661
2025-07-31,180.7377728446645,674.5028921530611,168.15125874562455,462.21144820223344
2025-08-01,176.30528808140662,654.391507369699,165.69550043198979,454.299358521821
2025-08-04,174.65911998657975,667.8648932804354,168.35364336287603,457.76440992578864
2025-08-05,174.3281616773529,656.903862824809,168.02082258174414,451.1207915482664
2025-08-06,183.28115002636696,664.5280091220593,169.46976648162308,448.9111326362363
2025-08-07,187.746331267831,651.0591857291547,168.5567992771712,442.19703762242716
2025-08-08,195.4729096652154,656.683959613787,172.46710920559417,442.70408102322835
2025-08-11,194.32074766971255,655.3667095564379,172.4984946669565,443.5653157478555
2025-08-12,196.93228903875024,677.7317052234139,175.1064859503458,451.05807806539815
2025-08-13,199.08372786684777,665.8625667263113,173.2632492901903,441.4505540167156
2025-08-14,198.00681945342512,665.5698613553977,173.4052929501886,441.70621357638447
2025-08-15,198.03519218474503,671.7377053121891,175.2535431550814,442.07630646911275
2025-08-18,196.50495238932126,653.3613872499482,173.8987929571931,437.39347281390656
2025-08-19,196.86730390575576,641.9294940754116,172.93157794422768,432.60669566509023
2025-08-20,193.4100609758334,640.1335998033173,171.34634434005602,430.1212169568971
2025-08-21,192.30779621764486,632.2529575215958,171.5784503908635,429.2273889437638
2025-08-22,195.402338677236,647.826345768477,177.38458025413092,433.2114618816522
2025-08-25,193.28066805706476,641.2165803085954,177.99846521335166,427.1238067853883
2025-08-26,196.64073111257494,646.9335221547226,178.35713356212182,428.57961861927834
2025-08-27,197.2966851290039,640.0138340879312,178.25853430031657,431.8128554296709
2025-08-28,198.92258553993543,642.7363423164934,181.68676483662693,433.9656015587025
2025-08-29,197.99206629137188,630.298329407844,182.1535866110935,430.2123393879301
2025-09-01,197.81860085627613,629.7461104427166,181.99399763489055,429.8354203929757
2025-09-02,195.3535905596027,625.3960642695347,180.3096614737342,427.6217703909424
2025-09-03,204.1868562217387,631.3514456189405,197.91333869355458,430.7536490984148
2025-09-04,204.8785085556301,639.9448272338486,198.8319812021473,432.08005548862275
2025-09-05,204.8637056932721,643.3880577282289,201.03798454305252,421.17542361826963
2025-09-08,202.34023052456905,640.1703873032966,199.39124777421966,421.86234284097736
2025-09-09,198.38967607672203,648.474598547873,203.34139323742875,420.0331190892575
2025-09-10,193.07882190628152,640.4677219726036,204.17101051787085,424.0769938265894
2025-09-11,195.82576234014414,639.5104437825212,205.19877987401924,424.59457692931755
2025-09-12,198.7333209192002,641.7876634470304,205.16122553060995,430.97555848391494
2025-09-15,201.10776787958457,649.9828436935422,214.13437049405184,435.8971129417878
2025-09-16,201.69908282737015,660.0412199089187,213.16810128852376,429.1884043017926
2025-09-17,200.5747175494762,651.3008495527611,209.9156644657487,426.11453057001927
2025-09-18,200.40391569819622,657.6007499348816,212.80714912305666,426.42162563535385
2025-09-19,207.44226447879373,657.9874989773525,215.9054189344124,435.6718825124299
2025-09-22,217.37971475372615,650.232782260573,214.89530525023656,434.73966853306047
2025-09-23,214.80540788969756,638.4503381018876,213.27110913054184,427.98996365105813
2025-09-24,212.77423653118694,642.1676462741889,209.22209070100325,428.27743360650675
2025-09-25,217.90701271700073,636.005314393813,209.39539670203612,428.187716848146
2025-09-26,218.23291240296385,636.0592906243983,211.3876941471899,434.9623916698911
2025-09-29,216.5088865648977,633.2908491582202,208.16445634918637,435.9331243768247
2025-09-30,216.25033192140563,624.3690074490223,207.06391529181747,437.9028591589813
2025-10-01,216.86529148226873,609.652661252323,208.6774211539505,439.2258717726363
2025-10-02,218.324859990631,617.9992644846534,209.46575638089962,435.93721329522305
2025-10-03,219.24760626041098,604.443233628117,209.64252501445299,437.6315671373741
2025-10-06,218.35275009136058,609.4383034490711,214.17758730693004,447.6050277407194
2025-10-07,218.21503453797777,607.3550671265693,210.48718815542816,443.8012776999094
2025-10-08,220.6082956595128,614.3305896037964,210.06368852973992,446.66207591579223
2025-10-09,217.59441028781657,628.9627083504311,207.68578244777473,445.44235949865833
2025-10-10,211.2726501207071,608.1994171705519,204.79212156929862,438.15568611046183
2025-10-13,212.67008625251492,615.2544868933546,210.30376836545656,439.4390234977982
2025-10-14,213.41871761429138,611.066979266332,212.28691109268038,440.37848264164495
2025-10-15,214.11518849218737,616.8520357013258,216.38397551097296,438.91409112352267
2025-10-16,211.6885008810741,609.8257495264952,215.71113554299882,435.7039677751909
2025-10-17,214.84620093155172,611.1834475615251,216.35712037937083,435.39001938084766
2025-10-20,224.12677768856884,626.4407330475442,219.90283632220417,439.6951466455066
2025-10-21,224.83106397908705,628.0841616048419,215.28377988422835,440.92824493419175
2025-10-22,221.9742433977808,630.5887193775161,217.1241504285399,445.0643929238104
2025-10-23,222.78957899691704,630.6567349489342,218.0040757775805,444.77176830359895
2025-10-24,225.38451782624725,633.8799903408544,223.64495960645945,447.0090156930637
2025-10-27,230.2508179107317,643.8204999539885,231.45998280504136,453.2293827912217
2025-10-28,230.01688682884924,643.2428716910727,229.7775235648005,461.42961847597326
2025-10-29,230.49454284162493,643.1023933466058,235.42351073853206,460.7452668356709
2025-10-30,233.03711744065367,572.8871535936196,242.31446437293926,449.4128728313808
2025-10-31,232.772274025745,558.798887624318,242.89224586528144,443.7985123980907
2025-11-03,232.52843279564695,551.7465909530001,245.8181966910779,444.8376671346923
2025-11-04,233.5643677340795,543.1763454737411,240.76095760908902,442.85647817695826
2025-11-05,234.33449542038943,552.2598975162546,247.27490828016562,437.9605562548986
2025-11-06,233.78503156729494,536.9636354114118,247.54537881422948,428.85406895500637
2025-11-07,231.601903103292,536.9174304697663,241.55046733561903,426.66608969215304
2025-11-10,232.76285439459753,545.8487465805047,251.07105629842408,434.75058535689095
2025-11-11,237.51632709624755,541.1797324968866,251.77368262780874,436.54867866200584
2025-11-12,235.36393858856718,524.2122269273095,247.40619621431324,437.5140715945199
2025-11-13,234.82115314464863,524.7568153616339,240.15593034591802,430.6201102729119
2025-11-14,233.55516311003157,522.5936153138537,237.49974009451762,435.022537044355
2025-11-17,229.6392644621701,516.943973051475,245.24138792832127,433.3479250481887
2025-11-18,230.11286043240943,514.331364319256,245.2147849835892,422.55062250684205
2025-11-19,231.2640065348296,508.4013861299245,252.32934947390095,417.18110691270886
2025-11-20,230.0793693466876,509.1742183723982,250.6134471375699,411.9461624600335
2025-11-21,234.73203633534467,513.8545512956625,259.10816895529933,406.7287704171122
2025-11-24,239.12086622900824,531.3523817834648,276.0266606065652,409.30458146800083
2025-11-25,239.7711503792234,550.8380578124852,280.2042179945165,411.4408817977637
2025-11-26,239.34322756098481,546.4549510302313,276.2218288179047,417.1604415695783
2025-11-27,238.57372749534989,544.6980719032581,275.3337622635627,415.819250550976
2025-11-28,239.7384224726993,557.1357075719716,275.2504717417796,421.478051914517
2025-12-01,243.35844242811072,550.9712569873045,270.9135946628048,416.90546443111634
2025-12-02,245.88340690301993,556.0304880799813,271.5423469878442,419.47379524582357
2025-12-03,243.70565346782678,548.6290935984725,275.015265194681,408.25773811414183
2025-12-04,239.94329770639524,565.5463377841807,272.19106106521394,409.5441541593118
2025-12-05,238.79417614255726,576.900029009601,275.92280792035126,412.36998384825347
2025-12-08,238.08445795289663,571.3551827703413,269.6132800992018,419.17107015236616
2025-12-09,237.45130026835068,562.8647485835936,272.4141847364317,419.9807319471056
2025-12-10,239.09165073188342,557.6419760847712,275.51122689596014,408.9527529971565
2025-12-11,236.96219835553165,556.365523356435,267.5676069399178,410.5735596734012
2025-12-12,236.40377917242586,547.3508465165214,263.99365568066423,405.05644985687104
2025-12-15,232.89679199588318,550.6703593256607,263.0136093149322,401.9774429796089
2025-12-16,232.98477423637996,558.0617461989968,261.2838528923803,402.72433607856874
2025-12-17,230.7349628918164,551.8051757060312,253.18342740355547,402.67111623489654
2025-12-18,231.1732000304437,564.8513753750922,258.17437304746454,409.568673633501
2025-12-19,232.7604372079586,560.8184318472813,262.6778580606315,411.79464094950345
2025-12-22,230.80996090772533,563.9876955632499,265.3907292085132,411.5640137733062
2025-12-23,230.8531263257173,564.1328600150591,267.7756059274543,411.17016914307897
2025-12-24,231.5005195472404,564.9278513338504,267.09607643626805,411.12532773856947
2025-12-26,231.3528826486363,561.806029301486,266.72478187375964,411.218001816429
2025-12-29,231.90599801446479,558.5082255608831,266.5276401369538,411.14411885248046
2025-12-30,231.32720095525656,564.657375435836,266.66009576245415,411.46003002239013
2025-12-31,230.79532336014017,560.9077086469697,266.6036815223706,409.091014702768
2026-01-02,230.01155455128537,552.5328325984519,267.8227069818204,399.9487752196728
2026-01-05,227.7164244022897,561.8416014683025,270.57605214498835,401.437339507429
2026-01-06,223.34517022741238,562.9077448497774,267.9786198236907,405.885918263506
2026-01-07,222.12330408445268,554.0050246741703,275.31946016839356,411.02995051529433
2026-01-08,221.2396842832386,552.3005957423884,278.6496906458633,406.87212312975316
2026-01-09,221.88104127330007,559.1908045087475,281.7816044485662,408.5297878733254
2026-01-12,223.28788871573852,551.3098056106392,285.6918967736801,407.93470932771015
2026-01-13,223.14376271470792,539.9567082313879,287.79770267082495,400.8774303923601
2026-01-14,222.6787264596278,527.7410582958619,288.2992376973998,392.0832348511758
2026-01-15,221.10758636803985,532.094563611332,285.5058495385729,389.6346607527248
2026-01-16,219.51603353842984,533.3319980833548,283.9991505738981,393.62618159815247
2026-01-19,219.21532839099655,532.6014105516406,283.6101129028557,393.08697078487785
2026-01-20,211.38187418772122,518.1175929673118,276.2496432960361,388.0480933084218
2026-01-21,210.59052381650508,521.7220002588692,279.4529691304306,376.2919839044789
2026-01-22,212.17893462127904,553.8237351887074,282.8704574810399,384.0461456520734
2026-01-23,210.44225952179022,559.4290205160578,278.85960033879564,393.89868732628383
2026-01-26,214.79748195524007,565.9781614228305,280.7603900356098,394.0776092577398
2026-01-27,216.87299738745787,565.6317491437658,281.5191102779063,402.0974017147091
2026-01-28,212.80703787011498,555.4660734738973,279.27546717686164,398.24258865494267
2026-01-29,215.04746051848997,615.3026831328461,282.18826609291864,359.63887651020923
2026-01-30,216.26397417239787,597.7271553849823,282.36376956153435,357.3349541548396
2026-02-02,227.25369496919302,595.1060767706367,290.5064688856655,355.0464264660768
2026-02-03,227.77778836585458,585.2064096319991,288.1963484431162,346.32387499442666
2026-02-04,233.35829047926381,565.1581005366825,281.55467291438254,348.3192152967349
2026-02-05,233.15492747288954,566.8845189757412,280.2008633860314,331.46943207018194
2026-02-06,235.49676682235258,560.6126148285693,273.79232068083184,338.4407868626113
2026-02-09,231.80775056439597,571.6442975984319,273.78015421668897,347.5394484152457
2026-02-10,229.49530755613523,562.4350487534684,267.1424059164565,344.9788510661165
2026-02-11,231.3020005588005,561.4136578850485,261.3389130095693,337.9593681143997
2026-02-12,219.991923783944,546.1852396549875,259.9900442335693,336.2282175129767
2026-02-13,215.1286444498719,538.0912075565429,257.3397227212263,336.0085002303622
2026-02-16,215.1465109894716,538.1358962956583,257.3610949116119,336.03640590136456
2026-02-17,222.28901946277801,538.5297705015546,255.0477027295983,332.7948815365289
2026-02-18,222.6480073928833,541.7504825592041,255.94855499267578,335.0369596481323
2026-02-19,220.64581088858904,545.9671835592053,256.9948954633346,336.63348183872404
2026-02-20,224.40785907373538,556.1091854336155,267.04168395574925,336.1561305931991
2026-02-23,224.51343551458558,537.4983334461722,262.85433551071765,323.55439770111116
2026-02-24,230.33647324373123,541.0972215454967,263.1142192518928,328.5018546053925
2026-02-25,232.4722465172199,554.1512361761161,265.31843343364926,338.83243003975986
2026-02-26,230.60516081582318,555.0834148875583,259.4548625535972,338.6314467288539
2026-02-27,223.4251542967104,548.1861869848799,263.3406336728949,331.4020206066489
2026-03-02,224.7115664322846,554.784717022776,260.0135995431301,337.55100846569803
2026-03-03,225.07822814610336,559.0307162210229,259.00660238391356,343.92599966695707
2026-03-04,225.6689859244525,573.9984478828264,260.8086388936681,347.53366162379825
2026-03-05,223.30254195317502,566.7028224752139,258.10599550481675,351.5261535467671
2026-03-06,221.3989426610351,554.5383346032904,256.4746363462109,350.884811302516
2026-03-09,225.12471578740224,560.8112024313305,265.22663271154306,353.8560998465982
2026-03-10,224.1198988891847,562.0143921756971,263.87206859712023,347.8644528237055
2026-03-11,224.21727117746923,562.980815281051,265.2885705344488,347.2874294120993
2026-03-12,221.1727527772655,551.877276154155,262.345544675718,346.7302140961692
2026-03-13,216.69993415356294,531.7088325205259,261.31913240607173,341.92405168056575
2026-03-16,220.6972479257047,548.1969420792666,265.88255336669135,348.3446079108944
2026-03-17,220.68457858111196,540.9637538810966,268.7266479406844,345.9250639982456
2026-03-18,216.2096752204452,533.0481234859617,265.1047455394728,338.1509747441887
2026-03-19,216.7710179885271,528.710129791165,266.3427251828871,337.9570046635454
2026-03-20,213.81731747088725,512.2930983249062,257.7543318450662,328.50515212273604
2026-03-23,217.16137918911681,522.0522233432894,258.3409449226019,329.9731368348748
2026-03-24,216.41172510912202,510.35129849936493,248.84598035144518,319.83429607356993
2026-03-25,217.11330539761911,511.7141253289119,249.01953954054625,318.16864905058355
2026-03-26,218.3450302624442,473.1506807932601,242.51974393364435,315.26450165918504
2026-03-27,215.30547241558816,455.33512315771077,237.03139809990535,308.0426964094222
2026-03-30,214.22772468170479,466.3096234594923,237.38116962149434,311.09549331045855
2026-03-31,221.06266148207123,498.77836258129537,250.00115703027586,321.7066534933583
2026-04-01,220.46833673755373,499.98554434568723,254.47218912292556,317.84393676162836
2026-04-02,220.40677668554417,495.16795937307324,253.73371740278344,320.9096105082699
2026-04-03,221.3392079257028,497.2627682595703,254.807138321803,322.2672191562651
2026-04-06,224.4995171724113,497.38455003924537,258.2867553034084,322.65431302040815
2026-04-07,219.25633705145356,497.79646239900103,263.0140623174102,321.27247259649084
2026-04-08,221.14091999236553,523.5502871689969,268.9801111469569,319.01388854251127
2026-04-09,223.01908025014745,538.4585225086885,271.00508397227713,318.68325155099956
2026-04-10,222.40207895392086,538.2455636415398,269.7104365299165,315.9396216881869
2026-04-13,221.6145119110588,542.984432456411,273.0680269138247,327.89181531956456
2026-04-14,219.53607057148474,562.3964668702683,280.54272911249427,332.67737689529895
2026-04-15,225.39719432236961,568.6370843995574,283.1090286888393,347.10234144488095
2026-04-16,222.649797395301,572.6427828116102,281.43743192297916,354.4398226306039
2026-04-17,228.93565596355802,583.8312572414397,287.68873075793454,357.37363533397183
2026-04-20,232.14239312122118,570.8849399187056,285.30312780412714,354.63308875119765
2026-04-21,225.464195160057,567.0387261186261,280.0797239867461,358.48097515223344
2026-04-22,232.18447245119023,573.9785983695183,287.210926167827,367.1349328151118
2026-04-23,233.16421061147594,562.5641189798262,288.1657247486146,353.7251242824823
2026-04-24,231.58154965124413,577.2097391057614,292.6186616326013,361.95695833586797
2026-04-27,228.19324989581764,579.160788046338,297.34411622926746,361.42930072222407
2026-04-28,230.50156309897102,572.1160551651337,296.04353927508055,364.6681287459087
2026-04-29,230.15235208760714,570.4982592565502,296.02387748855836,360.77211202480976
2026-04-30,231.81308633678054,523.1998948192995,326.4633360621865,347.57773283583083
2026-05-01,238.41631933218014,518.5275166640167,326.3173496774507,351.91712606647707
2026-05-04,235.6489934385445,520.0512513892427,323.3372015124478,351.2949678141813
2026-05-05,242.62333502605543,516.9371376559684,328.25149373290515,350.42910485354696
2026-05-06,244.9670314650175,522.6393447108567,336.850200820576,351.90944044944627
2026-05-07,244.24743965915695,524.5733001119697,336.07852653403825,356.73479551025594
2026-05-08,249.58057793776243,519.1674272543278,338.0224111450425,352.4201100431128
2026-05-11,248.4758901744499,508.38015164918033,328.2276800615364,349.221969935752
2026-05-12,250.04007092334723,511.4127291392506,325.41756376235935,344.75882120019924
2026-05-13,254.4536417909203,524.9562020315752,339.6049711944215,343.8939161611961
2026-05-14,254.31184957510595,527.3597868456818,338.5728000601375,348.05032225707873
2026-05-15,257.21939873878,526.202246411056,336.8424920254747,360.3277300980535
2026-05-18,256.2192591842413,525.7645218696271,338.04466022961424,363.1961182792147
2026-05-19,256.29223581124825,516.5546130944858,329.827594882001,356.6967067419537
2026-05-20,260.1760939893975,520.8007314581919,331.1922793532667,361.2958832204786
2026-05-21,262.12325898613926,521.9783864366291,329.44477988188737,359.8196345786
2026-05-22,265.51061905599636,524.6424879083788,326.04845216862304,359.50272598932133
2026-05-25,265.02928338535276,523.6913803983916,325.45736940536153,358.85099504790924
2026-05-26,264.7196587985709,525.6965583296478,330.2796766999563,356.82286367713823
2026-05-27,266.8956713840962,545.3988842752697,330.2864734612449,353.9575301323184
2026-05-28,268.7580814832181,546.3131632874611,331.933529488535,366.83678890054216
2026-05-29,267.5666624350124,542.2921833237633,322.6334143571439,385.6519742280361
2026-06-01,262.72523113096577,514.9961194728894,319.4415353468539,394.5905696636419
2026-06-02,270.6620780760459,513.1515294652963,307.62974946538816,378.566808970234
2026-06-03,266.7269724500875,535.534332724128,305.6552068473684,367.0052734467754
2026-06-04,267.8531934715047,540.069438528466,317.6805369457088,368.0166376069192
2026-06-05,264.43163640214334,510.17726690269774,314.5732484641776,358.1328451233858
2026-06-08,261.46902443720137,507.56616303615374,313.2416630683565,356.661254954588
2026-06-09,251.81170289658257,506.61553895487305,314.05372169061775,349.2684119631904
2026-06-10,252.55288848336932,494.5242420082868,306.09438867974313,343.8241170555448
2026-06-11,256.0548915335821,492.3042946574751,308.8942010622741,337.74214099162054
2026-06-12,251.27886608542758,489.337784625488,309.1993775017145,336.9104132832217
2026-06-15,255.2464856162187,511.4847921176115,316.1847919214415,343.88181753556273
2026-06-16,257.87210553863224,517.681151106477,319.8661100728423,339.0401265274286
2026-06-17,254.69094631339794,488.8736806500274,311.6852410326919,325.7532976352504
2026-06-18,258.75050365782226,501.609910358442,319.1192218827491,329.0828688663023
2026-06-19,259.85219585234154,503.74563459906494,320.47794834279193,330.4840179379171
2026-06-22,258.8852917660006,491.89706453198596,304.07476219843375,319.86159162352124
2026-06-23,257.32292482754565,491.98683613672983,302.6615423729145,326.6237401330327
2026-06-24,257.32795277302284,490.0636474143903,303.01409663280356,320.55184413200186
2026-06-25,242.12403357553194,478.12187631372217,301.18145611882755,310.16405250988646
2026-06-26,249.55374207935165,484.3025485724211,294.3863031492019,327.6527399601746
2026-06-29,247.23901401435614,494.1315648346135,308.32905764323186,323.1067876954712
2026-06-30,253.11638672944173,493.1603889242215,309.1397048291856,325.96537356740737
2026-07-01,257.7046717394769,537.0133186497005,313.36903292427996,336.0619637404143
2026-07-02,271.0180679926834,512.3049895938238,312.83993279615606,342.55286732566856
2026-07-03,269.95730713210287,510.2998351564602,311.6154817520073,341.21212027869115
2026-07-06,273.1230977093219,524.8335296212463,318.8250705556129,337.49143432010897
2026-07-07,271.27976908789606,538.010778701926,317.5940642668684,339.20371238235384
2026-07-08,274.57490236231934,528.8759341290206,314.34871934398507,335.51923947507566
2026-07-09,276.6120521819248,552.8607376549335,311.6857565786522,335.87489136421755
2026-07-10,275.55069470976014,585.3111443629023,310.3184106206754,336.1871242097113
2026-07-13,277.9935105294644,575.8536892613047,307.2855135480495,342.19539888267536
2026-07-14,276.33470882809706,580.6575350443491,313.67502006641007,337.4871988460691
2026-07-15,286.41374058766996,596.3506341706343,323.83455145007247,345.6442609068563
2026-07-16,290.29237181393546,579.3592256958655,308.25849343143636,349.02993880839495
2026-07-17,291.3606965796207,564.4641652964638,302.2330640292348,343.4615259627899
2026-07-20,285.54282654841154,565.1639225406252,307.27384667049773,351.37045151324855
2026-07-21,286.78735349454655,563.8488045804042,302.9964959326826,347.6949039236424
2026-07-22,285.5267059928192,549.9653688398139,299.6263633870658,341.64600566318404
2026-07-23,281.62457900473055,531.1193617446188,278.77717127390315,333.74645293066897
2026-07-24,292.46567432647134,523.1600970049512,280.29174257682644,334.87627063671425
2026-07-27,295.4107031392523,521.1684226237921,286.40535803960483,340.82477114703215
2026-07-28,298.85958426020807,521.9337301081396,292.3485308609088,345.320910080045
2026-07-29,296.7526705620803,514.3002432052017,294.68319645399606,342.33947450216147
2026-07-30,290.5170608669305,470.0611302113539,290.79684179700416,392.642609204524
2026-07-31,267.8380236522571,483.1073809207737,309.2964994493741,402.52160855961847
2026-08-03,262.6111041821787,511.29537887535116,322.44278505789043,421.63306031083266
2026-08-04,268.6226298463298,510.92572483507684,325.9712679150689,427.4521297335159
2026-08-05,269.44196220323647,510.53427555190865,312.07334359394736,421.89210510943667
2026-08-06,270.0798315341308,510.41099106111506,308.3652424702668,431.6911710641034
2026-08-07,271.64215385073476,513.7651374095731,306.5069152837168,433.0261149558828
2026-08-10,266.7435599347373,514.7961756000186,307.715702672067,437.08104668981105
2026-08-11,264.073398491224,518.8798377043931,296.8692704017958,435.5148410317597
2026-08-12,261.8301092237234,501.4403716519955,296.39242661159915,425.7758054547103
2026-08-13,264.75199852218793,516.0174401005934,298.10562191670397,430.1342829954756
2026-08-14,265.21071884902267,511.3409596423953,297.62161025925707,428.65531654985716
2026-08-17,264.0328055200116,491.5957309521327,294.8248153602435,414.24737885643117
2026-08-18,267.6643914335127,469.3774656945643,294.45290175219816,415.0339479426875
2026-08-19,273.6143813591116,471.5515418408322,294.9006933046767,417.4642422895049
2026-08-20,266.6657998123301,467.56891672492566,289.5209383435067,412.1627143700189
2026-08-21,264.67676734402266,470.48895410595287,292.2081585216147,413.45529640556197
2026-08-24,265.6665583636932,478.5490958231967,294.79488273694005,417.1617304740066
2026-08-25,265.59049911744296,488.54425221576093,294.0583513683305,421.405306949473
2026-08-26,268.48560114034626,493.49271701966063,290.26766081384267,425.16570852466975
2026-08-27,269.9127724008267,490.0094866430227,289.57054385340416,433.3465254900402
2026-08-28,274.2706479726985,495.8833883164334,293.9659045171502,440.5574241814029
2026-08-31,273.406703386303,493.8664886989427,289.23415691847913,437.7354780664391
2026-09-01,279.85889439543826,497.9840561705496,285.61270496065845,431.2579524794055
2026-09-02,280.24549511232,511.2738161749221,287.66511431039726,428.4575719947643
2026-09-03,283.29774086936595,527.1145511206923,292.49038975177973,440.3151822048385
2026-09-04,275.16459349108845,530.4036973914481,288.3565297362584,429.7270062876851
2026-09-07,275.5037645729717,531.0574791647377,288.71196135236096,430.2566927992666
2026-09-08,271.92340662274364,532.1164004527091,284.8578141865255,423.21459444203356
