Date,GOOG,META,MSFT,AAPL
2021-09-08,121.18312411616898,316.02231536685395,243.27101237254283,127.74004231876006
2021-09-09,121.45914852039095,317.0371853747929,241.37110348059832,127.14625517078457
2021-09-10,118.88238605035804,317.43274159765133,239.9821238087934,122.86656127570132
2021-09-13,120.31784428988703,315.9786185723751,241.30585329225505,123.49079866060856
2021-09-14,120.26835508418299,315.99538625418245,243.5809099284761,122.30995598417758
2021-09-15,121.84984953766616,313.9903359496748,247.81408517141244,123.1340844991064
2021-09-16,120.99739748864067,312.87021610279226,247.82409330060182,122.77962982185363
2021-09-17,119.08772844187297,307.2409749657236,244.56690302927382,121.06480751864001
2021-09-20,117.40275785105769,300.6016233173432,240.7923040234018,118.85795806301758
2021-09-21,117.93163684135925,302.0988154347251,241.195717512006,119.2625754429746
2021-09-22,119.09674194308354,290.21985493626744,244.44032522983252,121.35026358697905
2021-09-23,120.2081705128694,293.42662026274775,245.9814487612748,122.53369329573798
2021-09-24,120.35059135433585,298.0236286054569,244.70877503891825,122.05992797428917
2021-09-27,119.57065107262588,298.98525848975805,240.82714125663006,120.94944150706306
2021-09-28,115.3360344136463,288.6983548803837,232.62938154031326,118.33572964022278
2021-09-29,114.02957404970948,288.07451272409526,233.23178784470656,119.20951262783638
2021-09-30,113.79041818398218,289.9906655965642,233.21460330741684,118.96203915165825
2021-10-01,116.7932750670243,293.77059675607416,239.7146516684661,120.20989561557144
2021-10-04,114.16128376988581,278.61030640560784,234.0849696677651,116.92091150785018
2021-10-05,116.10779586926583,284.08393067047655,238.52650751623514,118.46212612313138
2021-10-06,117.33721296695876,285.21314851241186,242.58672631549416,119.43917599273846
2021-10-07,119.32097553037693,282.42686594224506,244.8871030949431,120.94910702773268
2021-10-08,120.02145131507314,283.0308459003936,244.79371239243847,120.57392078480734
2021-10-11,118.92119471328715,278.9345573497667,244.14625432711,120.43255604624665
2021-10-12,117.2175918381181,277.7899753910606,243.28465551929548,119.46318147187412
2021-10-13,118.4374815957035,278.9267643154599,246.55462853774588,119.16006977799225
2021-10-14,120.76744286466601,280.7601728716072,250.48953910923956,120.88311128118949
2021-10-15,121.07622288775019,277.7315537836257,251.8727483129769,121.87600011430186
2021-10-18,122.11675911814928,286.64314579853453,254.30198055449,123.25630401658964
2021-10-19,122.67456341958132,290.1966767263766,254.71002006631898,124.93362408940447
2021-10-20,121.28537906769907,290.4182277155687,253.6370871813324,125.1584630539628
2021-10-21,121.3562262997275,290.7795397000027,255.89406905935357,125.09506437981781
2021-10-22,118.12498182571744,276.79557775994544,255.22635615563559,124.75159211256687
2021-10-25,118.10123618429498,279.9194351646838,254.05373002608758,124.55160415777755
2021-10-26,119.15691687367325,269.6080505273858,256.3111996558473,125.42727951523557
2021-10-27,125.06520747530158,266.85269596314174,267.41572562821966,125.17765290355237
2021-10-28,124.79000027798793,270.82577573803246,268.3485370673043,128.28517376267155
2021-10-29,125.71400695249122,274.5327165052313,272.4028660092481,125.05605734347773
2021-11-01,123.24038150679826,283.04607846171166,273.52595639149513,125.72056664391766
2021-11-02,124.56863615977272,280.37566385136597,275.6254054764322,126.14696478705991
2021-11-03,125.57841385266147,283.89406261217664,276.82605204715946,127.6046902077178
2021-11-04,126.80019272358095,286.61629920889936,277.9765341663733,126.76070503201572
2021-11-05,127.94135587470646,292.6440688325347,279.1139272750788,127.87972834363791
2021-11-08,127.88664525541753,290.15176019660794,279.5597378774328,127.02126602394674
2021-11-09,127.5485921439249,286.8051209346304,278.1520831680391,127.08467501609994
2021-11-10,125.26382302729962,280.0970595662493,273.79281243244077,124.60596931992677
2021-11-11,126.56445239614914,282.8563449042267,277.76761761835223,125.75260743291437
2021-11-12,129.4592251041713,295.107765141398,282.21505002285085,127.94670081816457
2021-11-15,129.34005268651526,301.12309086152527,281.8961041281036,128.05775213051675
2021-11-16,129.92350017870467,299.1026988693884,286.6648521553252,129.7640454244547
2021-11-17,130.43104735769703,298.3818313362917,288.00715360011054,132.4315865521612
2021-11-18,131.87217848994806,296.56059115282915,289.8330841583629,136.21065386770624
2021-11-19,130.66511085020466,301.09219417580243,290.185109312677,137.94741291736773
2021-11-22,129.21417501263386,299.7954654867608,289.7733356748431,139.48844068518338
2021-11-23,129.31696464113338,297.37585112581473,288.8004190143056,140.24406861171428
2021-11-24,129.25020233379655,300.6609400335219,288.9256938777726,140.66979505628296
2021-11-25,129.73419506253686,301.78680062147396,290.0076104431482,141.19654980584073
2021-11-26,126.20047824223275,294.5861316866012,282.77631139430014,136.64244803866313
2021-11-29,128.1685027780468,296.7165439844539,286.6012907833792,138.59827679555474
2021-11-30,124.95345140743575,284.7985487770911,281.4525272332812,142.97163582348094
2021-12-01,123.8178712310264,271.74608752507265,280.10429666678465,142.0497462045787
2021-12-02,125.82471828453708,271.82088163537264,279.8698326769372,141.31334806959785
2021-12-03,124.87235427141422,269.0282488068333,274.6886893673218,139.82094431918813
2021-12-06,126.00603152035546,278.7337330313312,277.4274063845769,142.84523015272498
2021-12-07,129.92967414263148,283.51985763550147,285.3095678563441,148.14602078878306
2021-12-08,130.6478871760146,290.5887796376737,285.6099205444025,151.6580620086097
2021-12-09,129.31577969764112,288.17274197157167,282.28601863109725,150.2868617479271
2021-12-10,130.41351837820548,289.44521595686456,291.6296503343747,155.21209231878674
2021-12-13,128.4743256628226,293.12508563109077,288.4831997943402,151.7542630364078
2021-12-14,127.25307760083888,293.15269471236024,279.73591094729454,150.88917569242858
2021-12-15,129.63535970290104,300.753013397436,285.7232175494428,155.52371172110725
2021-12-16,127.07694651829115,294.0321981298075,276.6739454872459,149.02686678210102
2021-12-17,124.81148305107126,291.93591786368415,274.6817739518701,147.49120699371815
2021-12-20,125.46353963276488,286.9354568621202,273.5688072762423,147.47219984182448
2021-12-21,126.68331451498398,293.7621263924575,279.03642620801656,149.83414009153057
2021-12-22,128.9650125782564,290.2070982019268,283.8220378119149,151.99387996330915
2021-12-23,128.6640345627784,293.3403068240932,284.05178008833536,151.99152700497507
2021-12-24,128.68152368066512,293.38018015174384,284.0903908398541,152.01218699548917
2021-12-27,129.52260944837326,303.036524709707,290.7562562930834,155.54695401817298
2021-12-28,128.04369019958904,302.91713076404085,289.58971402938914,154.57108014704409
2021-12-29,128.26580823369295,300.45198450487806,290.5750175036519,154.85717669180303
2021-12-30,127.31572499949834,300.4909705420141,287.1885187132284,153.2239855331136
2021-12-31,126.55333382079516,294.4117096597438,285.5321808712215,153.15585159744296
2022-01-03,126.35848079808511,295.06679685744166,282.98908021498755,156.3169032937285
2022-01-04,126.57793273425796,295.1630149907942,279.88913860027424,155.30541701471975
2022-01-05,120.84941862747655,284.79152728279587,269.58889244735474,151.42379277938744
2022-01-06,120.4405445194061,291.30328354934136,266.75248127166196,148.50285852725938
2022-01-07,120.13845682318788,291.14382218319224,267.28099824239325,148.86828705857624
2022-01-10,120.9038758055085,286.43232870732027,266.13204644687903,148.13709426126206
2022-01-11,122.41714028885326,292.53928003010515,267.2875484289216,150.93636786081333
2022-01-12,123.44976871505423,290.64316638515993,269.2225586549903,150.8442512179754
2022-01-13,120.45956921829747,282.859589921105,256.1344949839695,147.00178509390116
2022-01-14,120.86367764921306,287.16718912119177,260.3203555177424,147.55359649630918
2022-01-17,121.35526263183056,288.3351750737802,261.3791481999706,148.15373653490133
2022-01-18,118.3215736343991,276.3931381614002,255.02027584604366,145.3561509987694
2022-01-19,118.60848119962066,279.62737284805553,257.4190157976336,143.3165292603535
2022-01-20,116.59101988927432,276.64046973695804,255.64057850746394,141.66167511709318
2022-01-21,113.90680060753948,265.6332433300413,251.57688600585243,140.21980465959678
2022-01-24,113.87300331919505,269.82626077632267,251.25029733931842,139.1967294961123
2022-01-25,110.86622651170183,262.74609281495214,244.94442260899814,137.8227074179449
2022-01-26,113.25301318925085,258.3608853676651,252.3601400437201,137.9837485853841
2022-01-27,113.76268294934562,259.77162598611903,256.40603083651513,138.32416111196653
2022-01-28,118.45207497754018,268.3078780349024,265.88857177863247,149.25717061159958
2022-01-31,120.53511159508162,278.44563805009966,268.10610384804386,153.08322227049575
2022-02-01,121.62875948482088,281.5966587182229,264.3605320932784,151.88200805311408
2022-02-02,130.07632848692992,284.0070240829482,267.3298103078414,152.35075387179313
2022-02-03,125.05549079298817,208.57645311617034,256.32582164887936,149.45892164249472
2022-02-04,123.88694982361994,205.51858652254577,257.22488765981325,147.4359360436465
2022-02-07,120.1506729521825,194.63053367903922,252.60117010506292,146.5631167367228
2022-02-08,120.51675140968655,190.7402886733753,255.9034841128978,149.42865854676893
2022-02-09,122.68852434671953,201.36162911576776,261.98781212823815,150.95419145142023
2022-02-10,120.21339727268787,197.9461502339218,254.54861804746906,147.388456876266
2022-02-11,116.39541058181294,190.65159406077964,248.50016785657317,144.48437904105867
2022-02-14,117.93210199122313,189.88455291922946,249.5698176109181,145.33252127285778
2022-02-15,119.53075161997549,193.7640914302392,255.51772748194344,149.46964610867872
2022-02-16,119.9259798017356,189.01013914617215,254.08541211349802,148.59884253000928
2022-02-17,115.22107118781787,181.00835305639157,246.24472186932508,145.20203600419518
2022-02-18,113.70571125901552,179.796565591324,244.06178514930434,143.95484733383364
2022-02-21,114.20071530253335,180.57928816517597,245.1242785735958,144.58153732790015
2022-02-22,113.34412659172267,177.12372837851944,245.10901407958954,142.10106595037723
2022-02-23,111.56007931699969,173.6429789052081,238.35188381477565,138.18771832357925
2022-02-24,116.2499660822823,182.0258133438847,251.04959215975214,140.78401038445918
2022-02-25,119.07875682878512,186.447627457419,255.97134540585103,144.07490392692125
2022-02-28,119.51050772819963,187.0959140679861,257.46728793123657,144.43521745548605
2022-03-01,118.5004545973552,179.85028410506857,253.3683662045405,142.31201331314332
2022-03-02,119.90483220931856,185.3075078324582,259.795836207566,146.32690427652597
2022-03-03,119.72973670869942,181.0626823129487,256.57092068740894,146.3052387030093
2022-03-04,118.26526521833148,179.20054779480415,252.34995517691277,144.20251134963473
2022-03-07,115.20307080926432,170.89297263676417,247.11118982703192,143.2720795410787
2022-03-08,116.04293333330179,173.61071865201302,244.60736092545994,141.71932239722446
2022-03-09,121.68024348465042,180.55409834961574,255.05181943059506,146.23609358901376
2022-03-10,118.69163073267282,174.74595997618326,248.4756928159204,140.0046181000307
2022-03-11,117.35240492767844,168.8558040418593,244.99793644223246,137.4003722796897
2022-03-14,114.84726705778348,169.23181796391145,243.63366969146955,134.75237488102994
2022-03-15,117.37334403623026,173.9513690482454,252.8153513146608,138.61040534721542
2022-03-16,120.73274285989282,184.0192207841137,258.5713731087435,142.29200722006863
2022-03-17,120.97450055401168,186.92756754552647,258.06305083879306,142.52703895401737
2022-03-18,122.09352315976048,193.3465962435548,260.7821532796697,144.4917307172409
2022-03-21,122.42716609303898,189.8454860446509,261.005625016478,146.4693937514312
2022-03-22,126.13099561548734,194.93485127188615,265.90471373772016,149.86769682167505
2022-03-23,124.39460119831438,191.8466605318099,261.6109312993558,150.93020072558375
2022-03-24,127.1871551482036,197.75809996544922,266.2034102399957,154.6815594696227
2022-03-25,127.33787534566545,199.7252233154586,265.75663349844035,155.2130496452719
2022-03-28,128.04545134584714,201.82647238389563,272.58553679737815,156.38807897449624
2022-03-29,129.0776085346988,207.2605865863079,276.41694753811316,159.20722089787523
2022-03-30,127.40015740211675,203.63900368477516,272.63629501872856,156.75588399285516
2022-03-31,123.93946499157391,197.4803547434276,266.1280933314847,152.99941176425637
2022-04-01,125.88090288970398,201.30551952974383,269.2445995820126,153.97080342381832
2022-04-04,128.80518437329738,209.8742039605131,274.6960464575095,157.9766827080748
2022-04-05,127.31522341492564,209.38834078329273,272.89325844176346,155.99277429212452
2022-04-06,124.59519162165816,202.95925088522745,264.57744764041126,154.0893035504614
2022-04-07,124.04264517616866,202.79358257587592,266.42972192865636,154.48346276673146
2022-04-08,122.18595408489819,202.8511879098005,263.34667596302097,153.1128610865835
2022-04-11,118.12519745839381,197.13067617930938,252.49530282344494,148.93042624670852
2022-04-12,116.90610138656439,195.14308000024994,249.82317505617902,150.74338982156587
2022-04-13,119.21471585321615,196.85541742869736,255.9670262867785,153.9401949796984
2022-04-14,115.68688024504308,191.20727980278025,247.4248007042479,148.35867777764906
2022-04-15,116.49491886214628,192.5428060580016,249.15298970350705,149.39491923020432
2022-04-18,117.20517537563137,193.18569747721995,249.8997669297678,149.2751936141267
2022-04-19,119.93026178106447,199.79830816473623,254.94689785609808,151.85215890660402
2022-04-20,117.69189313407651,184.05282083351085,255.5933601499437,151.51967856378633
2022-04-21,114.070707401856,171.82955083220259,249.35995022152565,150.0158592626467
2022-04-22,109.35834361333764,168.43960126269667,243.6693815897379,146.04003345998353
2022-04-25,112.93411270246952,171.45637942275152,250.17532921008933,147.35209486779968
2022-04-26,110.49317460328575,167.41769393709183,242.99428055653516,143.13379211560277
2022-04-27,107.05125643352221,162.93991675326652,256.37362205290265,143.87172673663008
2022-04-28,112.0701619103329,193.21391331741506,264.37488999605193,151.62947295092636
2022-04-29,108.42119012014336,189.1861084849097,254.54818189029538,146.78683748848016
2022-05-02,110.15386742645296,198.6453951649255,260.1362917932238,146.63214145576694
2022-05-03,111.35261759290006,200.00294363108696,258.33614576709806,148.42213545608683
2022-05-04,115.32936820913164,210.34764513842674,265.36214720181306,154.2229222786773
2022-05-05,108.87394470778008,194.36794137806373,251.55970025267925,144.34220496691523
2022-05-06,108.70741748980663,191.65192000677507,251.13945846340357,146.162986580116
2022-05-09,106.36242775505525,184.67380970271643,242.03435180553424,141.41326484518777
2022-05-10,107.43095607085343,185.43739181248384,245.75090555743373,143.23462677406133
2022-05-11,107.1794105324011,177.62989336117334,238.33012821785178,136.2325124762492
2022-05-12,106.63440693067241,180.33345124966309,234.02878298319956,132.8269344745604
2022-05-13,111.20127045022446,189.69068518754648,242.38120278014685,138.82132899788303
2022-05-16,109.33512258078736,190.66017080116762,242.2427024947574,137.06184084477718
2022-05-17,110.74525960126175,192.410153256611,246.26345749539541,140.0303022869648
2022-05-18,105.56303392538075,180.66852721748546,232.62447353562766,130.76577536357672
2022-05-19,104.75425541730874,181.0651182104266,233.42613877645636,128.45833076805866
2022-05-20,102.36078686219116,181.3549308340771,230.55232850101856,127.39039300319382
2022-05-23,104.6552855310074,184.035102130405,238.1438239630006,132.61611631374035
2022-05-24,98.23220684440139,168.2279545798292,234.7105756907049,128.7012286078807
2022-05-25,97.65397017834766,169.72879081921837,236.12810588423872,128.19417202243767
2022-05-26,100.38715972732462,177.75679114121886,240.28531263567857,131.78081858313817
2022-05-27,104.10987105092318,180.2219531314222,245.8521625985668,136.5596333207577
2022-05-30,104.12439708033571,180.24709877194164,245.8864653568835,136.57868693431192
2022-05-31,104.8578352571385,178.17201076325364,243.69799392674759,135.31785379270514
2022-06-01,105.33348065851533,174.20909187735197,245.0880853419585,135.69633837630136
2022-06-02,109.47944245195458,185.02519213943742,248.88482325186487,139.01283901826446
2022-06-03,105.5607371397673,175.90736610953172,242.5455627618794,132.44845571349288
2022-06-06,108.06648642677283,179.52468378153026,241.9679289682208,133.451448195583
2022-06-07,108.6194676604714,181.40429123968715,246.13898451908062,136.2381835856968
2022-06-08,108.55417621170636,182.19944062107243,244.08669061143883,135.45981899625622
2022-06-09,106.21703787284878,170.18487144808023,238.58929353223175,130.3573342605505
2022-06-10,103.94561783357676,163.8932923273187,230.0702371581956,126.48363002625501
2022-06-13,100.92835536313942,155.22429738631763,223.02617485310475,123.13963674083061
2022-06-14,101.95556107475022,155.83523565990254,226.6964853053032,124.85202685526383
2022-06-15,104.73996329512738,160.79145935188535,232.8684355495525,127.0525987669862
2022-06-16,101.0265916659373,152.51194502161525,226.2496244189897,121.8326007168107
2022-06-17,101.3130790362452,153.89861895190188,226.75893036957768,122.1784766788187
2022-06-20,101.84841567065769,154.7118167097251,227.9571208081843,122.82406572936452
2022-06-21,105.47127305943286,147.97656147403177,232.91109656189656,126.49389208696084
2022-06-22,105.37040174335561,146.68057341934036,232.08959210770263,125.86795429126505
2022-06-23,105.66631437855585,148.964606130402,236.6357921164381,128.20011369794156
2022-06-24,111.6202620430613,160.339245539717,245.74061052453544,131.8926475958051
2022-06-27,109.33824231041126,159.0123392630503,242.1020695880934,131.31821749600658
2022-06-28,105.39308655548211,150.53671087883413,234.08869427118134,127.22862318108582
2022-06-29,105.6708743165018,154.4278675211899,238.83308401436807,129.58792633776284
2022-06-30,103.71448656239863,153.01288342299813,237.42157461545503,128.1891485615597
2022-07-01,103.13119210956347,151.4046626863519,239.25181634422006,129.87480611519186
2022-07-04,103.56342311855951,152.03921164075655,240.25453968976944,130.4191217324369
2022-07-05,108.13421427591857,159.80343219693896,243.29892178847876,132.8976922928814
2022-07-06,111.26546671656979,164.06465762296648,250.62510728800407,136.47027041316687
2022-07-07,116.02377034875462,167.56743948219355,254.4546455392392,140.72312132973002
2022-07-08,117.05300466150038,166.563597062981,254.16668808318354,141.6170115380446
2022-07-11,113.543084104429,158.82383372284676,251.26733915335353,139.57808848582863
2022-07-12,113.23374927030272,161.0832125072193,243.81425788773413,142.1906075987863
2022-07-13,110.76762423908986,161.53198072034684,243.2501559804441,142.03373301992724
2022-07-14,110.03448356811623,156.1633730502872,244.56903547477668,144.94877067545895
2022-07-15,111.4229463185402,162.84830104594948,247.28373528937118,146.71137319725312
2022-07-18,107.8400404634317,164.19274124289586,243.1906750890039,142.67731959880985
2022-07-19,111.91972528807764,171.75630160929722,247.04547426725185,145.78444706581286
2022-07-20,111.05475211345538,177.39252514343752,247.55154614463572,146.50981415924343
2022-07-21,111.91500918896963,178.3162055640014,251.16907305030054,149.43030525691483
2022-07-22,105.0214579902331,164.16707212501933,245.99508784594946,147.66291532985178
2022-07-25,105.09044610956107,161.95643042135907,245.0494136105408,146.87009271190072
2022-07-26,102.15277447225026,154.29377907051912,237.9118674978381,145.2218502525584
2022-07-27,111.0948045423902,165.95375378745757,256.2068981406992,151.60787679166333
2022-07-28,111.18775459020935,156.05485819535807,261.4612446887968,150.96108755727528
2022-07-29,113.36523340000895,154.7389449183902,265.9989316670544,156.17104201076472
2022-08-01,112.06279002734618,155.30359703706472,263.00155720917974,154.96799554359222
2022-08-02,111.88825325425569,154.75099223085635,258.6381990917289,152.73418387596394
2022-08-03,115.86170534235634,164.76538604337838,268.6037459195668,160.22590657025376
2022-08-04,115.9271194772191,166.46096158329783,269.6737685197477,159.88639980848166
2022-08-05,114.27904075553306,161.64974463395538,266.6042814656357,158.2598064490694
2022-08-08,115.06538913874692,165.9326451726738,266.16140718302086,158.99379088941623
2022-08-09,114.1417410916547,163.82523719493292,267.3380333893256,158.62468611123768
2022-08-10,117.08099149204008,173.18281342980663,273.5523628120627,162.61215518268
2022-08-11,115.22984429384951,170.8073359735563,269.08591728173633,160.43557002841953
2022-08-12,117.76917011191699,173.43559451197507,273.24743104808476,163.61974619569992
2022-08-15,118.6838625365981,174.8324440792876,276.3232130863289,165.62435021093188
2022-08-16,119.42603144973054,175.07184897707066,278.16863497682607,167.0089416812907
2022-08-17,117.19103464976524,170.41948076711014,277.1985419757402,168.3321936833163
2022-08-18,117.60685328058253,170.07499886005917,275.8458912714741,167.78932577375417
2022-08-19,115.96912917516329,165.01438287219116,274.4585539232685,166.73415146904063
2022-08-22,113.590220075057,161.0633072514247,267.8533071885322,163.78192648131517
2022-08-23,114.38553444710578,160.68014550808584,269.1582552908585,165.0242205206996
2022-08-24,114.0010154802676,162.37610754386696,267.78600433829706,164.8650869673802
2022-08-25,116.95710061442242,167.82939953007008,270.69778593342926,167.28863530388116
2022-08-26,110.57323306035414,160.83355565437705,260.1952941890522,160.94668876704236
2022-08-29,109.97910118289292,158.7579284464082,258.2640548271811,159.26406869793936
2022-08-30,108.72631645281217,155.5738081621821,254.1369056609692,155.64656687539537
2022-08-31,107.85557055503341,161.1079093969147,252.40891597042446,153.82160536338597
2022-09-01,109.0867313430449,163.28288497360336,251.02574453649504,154.33029751208232
2022-09-02,108.17595783908746,159.68564768269061,248.99290106423177,153.55617755426647
2022-09-05,108.6442871420877,160.37697937572375,250.07087323232554,154.22097275499254
2022-09-06,106.98259405444423,157.91425839027033,246.26287731853336,152.29623438374074
2022-09-07,110.57175713320248,160.63303961838756,252.34562435982298,154.5484251200287
2022-09-08,108.43994889035457,160.7183234490276,250.2942380053264,151.5652042293732
2022-09-09,110.59831386091764,167.47633480192962,255.62797704599598,154.16903505425853
2022-09-12,110.03463740888492,166.3016878282051,256.224935357106,159.16161691463276
2022-09-13,102.98761978756374,149.8555248556977,240.7480599961309,148.96198052373165
2022-09-14,105.0654273775317,150.42169194397138,244.52903822026929,152.60794727494613
2022-09-15,103.08980046832403,148.48535474762684,237.85017361922655,149.68921269033672
2022-09-16,102.77777492368386,145.18620028442274,237.12793955176494,147.98501866985316
2022-09-19,102.64618369107211,146.4042510906247,236.11020910221305,151.18176622452302
2022-09-20,100.57696866413926,144.3910520953341,233.94243795257535,153.4392776874729
2022-09-21,99.36191673903431,141.29563610536206,231.92503255515112,151.21599095435704
2022-09-22,101.34194146092341,144.0146907250528,237.22793660632306,152.3927709797863
2022-09-23,99.82117050238685,141.4286736441136,233.9576874737577,149.92275902703113
2022-09-26,101.01512804095819,139.5087055421609,237.14924446643818,152.6129286067935
2022-09-27,100.96898537145535,138.43932705620136,237.73502774787084,154.6718722945061
2022-09-28,103.99415354504708,146.2843714132141,243.11635536849462,153.15299486488766
2022-09-29,100.09057194965862,139.28733070657472,236.75332108383373,143.95049945209394
2022-09-30,96.89944094999737,136.83108937448924,229.30073328653452,137.90207810548236
2022-10-03,100.45076030960445,140.3122292748867,237.91195319352482,142.67809460085118
2022-10-04,103.18187315433534,141.4339558024949,244.97123892876516,145.74782367983062
2022-10-05,101.41988063867939,137.98645412514816,241.54565163719963,143.8199237982626
2022-10-06,102.19020499974431,139.09737251617844,240.97947649547496,143.9240062466124
2022-10-07,100.7613716639944,135.13912026322578,231.57448399817986,140.36648993169365
2022-10-10,100.44549776836539,136.23539875764254,227.8991576066801,141.47803589659088
2022-10-11,100.03032445492136,131.2258225455189,224.65770267037442,140.38708396894071
2022-10-12,100.38762341291658,130.296810562686,225.2259482333102,139.8830813359382
2022-10-13,101.74556814447988,133.04080912464087,233.50812153404513,144.46855732770564
2022-10-14,98.72302515089723,128.8607891146712,226.8328173007285,139.1892408973181
2022-10-17,102.50597085638674,136.42885256906447,236.0246335021002,143.4188294760752
2022-10-18,102.00552259405413,133.6975770918616,234.41264027165744,143.19479119698372
2022-10-19,100.72002542700193,133.89277782691897,232.01525781178862,143.05039187097827
2022-10-20,101.9678698613643,133.5025056741506,234.0020514083517,144.00491112304735
2022-10-21,102.80076899970481,131.7921651951765,239.6131335909813,147.71377268656215
2022-10-24,103.45128329032195,130.41548777490243,242.67526372200155,148.6660787322835
2022-10-25,105.13876401998368,137.87781151248964,245.3648138947883,151.13601492630005
2022-10-26,94.27223233506538,129.15834932672806,224.67827856783697,147.02118514579524
2022-10-27,90.8954869633526,96.20295376143622,217.44162037465867,140.73131622547953
2022-10-28,95.98283695693135,98.65406535506008,229.0040042952769,153.2489203112309
2022-10-31,94.19568952084774,92.7664525691398,225.66274268260713,151.08128215206307
2022-11-01,90.68184866490446,95.4565466293061,223.35434431153772,149.46230600334457
2022-11-02,87.31912975005707,90.86117704884055,215.63784992644833,144.00896361729792
2022-11-03,84.27062892171762,89.80268891295236,211.26455302432987,138.79452904818754
2022-11-04,88.09205811076481,92.31085864648685,219.75552806468113,139.44459735939563
2022-11-07,88.44786767057121,96.56549373877351,222.105750134142,137.46244025410124
2022-11-08,87.9119598342595,95.45234414346851,221.08037457222053,136.79875748448467
2022-11-09,85.88558621245465,99.77998159819163,215.5304085562757,131.44219580310164
2022-11-10,93.10451182091128,110.67991358640938,234.68899352383232,144.013055760297
2022-11-11,94.01520908319435,109.92314828035705,234.63416478085674,144.3010153709165
2022-11-14,92.10291620208955,109.62400724897316,226.32763805664126,141.0456630531471
2022-11-15,94.76798660509803,112.46990015106167,226.9248532388974,142.8480297015294
2022-11-16,94.6731873450126,108.3662737273612,226.4917595398083,141.1302088776447
2022-11-17,93.86792625855014,106.28157377265688,225.63574070084724,142.45002780628238
2022-11-18,93.50020420971214,107.19698334774421,225.92966056323348,143.4479988875746
2022-11-21,91.89022081101666,105.41546600206766,227.3835796262374,140.7568360797486
2022-11-22,94.1047095902004,107.82082396871374,232.09728579951297,144.0082509821841
2022-11-23,94.93936392627256,107.90614136089016,233.02540335004142,143.9429476618734
2022-11-24,93.98099317204105,106.81687674181649,230.67311529661492,142.48990747272546
2022-11-25,92.8932363711715,106.10980150684236,230.76939111017418,139.80712474089069
2022-11-28,91.96686240640702,104.01037381362403,226.30871075746836,136.66799223906128
2022-11-29,91.38671596402173,104.88299531865732,225.4482555987497,134.06203373110293
2022-11-30,97.33945916241828,113.39235107866807,239.82899126485427,140.86311751485482
2022-12-01,96.2362694546764,114.52038324766363,237.08997628432007,139.7642809411027
2022-12-02,94.87075493036536,116.2709882100462,235.07319927506614,137.92947138124146
2022-12-05,93.82702387709287,115.10061314045015,230.28539126321266,136.6238030941313
2022-12-06,91.83352776380434,107.77116975516083,226.6255161076915,133.75722651588057
2022-12-07,90.03451019768727,107.87860147269384,226.534496075873,132.26506078062448
2022-12-08,88.52489094826888,108.7446426505885,228.3781306191595,133.3064026647553
2022-12-09,87.31032170630351,108.80185844512016,225.5547398652925,132.2646597811472
2022-12-12,88.08233062115596,108.06794378064205,232.89677414774815,134.91092265507723
2022-12-13,90.07113975168068,112.98332968062141,236.52538816224933,135.57441419555744
2022-12-14,88.84802558943557,113.42379807949328,234.90937293292518,132.40162940546725
2022-12-15,84.62097883559773,107.84486317150004,226.35298097413397,125.61065615173902
2022-12-16,84.5890288659939,111.26325409644778,223.17411209129205,124.19568597622856
2022-12-19,83.43242532138493,107.21120520676732,220.45736042682074,122.86095521142215
2022-12-20,83.64813881840973,109.35022101244385,221.0779305928736,122.45413809971069
2022-12-21,84.12841536097403,111.71314300205268,223.2215909390652,125.22326856880682
2022-12-22,82.40455097469385,109.42468664121407,217.86979801577763,122.44131396335979
2022-12-23,83.90509482577909,110.35443984344602,218.50273433537222,122.1764029590413
2022-12-26,83.39798169171172,109.68746978681884,217.18212792117083,121.43798226191575
2022-12-27,81.86386707384963,108.89109269368646,216.13068540178847,120.06306087997791
2022-12-28,80.51841289612457,107.74816967596189,213.9757631540133,116.41232110239298
2022-12-29,82.89895703787806,112.15570416220999,220.0515664770228,119.79877114738883
2022-12-30,82.4495826670991,111.89867419404618,218.31805552791775,119.73965595119262
2023-01-02,82.07250387150907,111.38691153948457,217.31958947422754,119.19203298222328
2023-01-03,83.21852677586503,115.80579357316219,217.75311250457162,115.07774496468937
2023-01-04,83.32120401447219,119.71459026573075,210.81147480502932,117.70724408611659
2023-01-05,81.04176226496656,118.64099389770035,203.41570761980893,115.80556955300653
2023-01-06,82.99848331299381,122.49145030804812,207.45896119111148,121.02670499569786
2023-01-09,82.54892761733345,120.43831181034693,206.84269461363965,119.9922606412938
2023-01-10,82.3639046508797,122.82682392815695,206.9257338929383,119.66390307097026
2023-01-11,85.1055043177621,122.66864040538348,213.0683697347995,122.12472631646233
2023-01-12,84.56959805722909,125.87768444371068,215.00289374570093,121.74484337877311
2023-01-13,84.64756615513352,125.03185025677794,213.78063138803827,121.90965610516378
2023-01-16,84.92611207768277,125.44328691892588,214.48410965561197,122.3108187040416
2023-01-17,84.29750915692875,123.89664290154542,215.37862387796122,123.31905604411986
2023-01-18,84.23630590876837,122.17020205188601,212.03118984414778,123.07525583812185
2023-01-19,86.15496917038399,124.9922529951109,208.45464091293616,123.07803884642635
2023-01-20,90.7785995513077,127.52283081830137,215.18752798225069,125.02649770988319
2023-01-23,92.27763744837739,130.71495508147382,216.67775296798936,127.59732513551171
2023-01-24,90.37748802919668,130.4856791295024,216.0121423993478,128.77210744964395
2023-01-25,88.00618075562306,128.8265362667189,214.46270354987064,128.00371068532695
2023-01-26,89.9370607468577,133.6909101847541,220.36373748301412,129.49549854004363
2023-01-27,91.57434453929227,138.06969385028606,221.06465783566819,131.6001905980611
2023-01-30,89.25294919141106,134.09411650969378,216.6666534703818,129.230457010608
2023-01-31,91.17660780879305,136.0956070371867,221.64268681768226,130.64575556830277
2023-02-01,92.5133864771451,139.75490227390947,225.84765253719343,131.55362516454625
2023-02-02,97.86670045934216,169.9166744569584,233.17507526068766,134.5475242161683
2023-02-03,95.58143124671233,169.55901646415896,229.91641065190288,139.192010868971
2023-02-06,94.98699825543554,170.9226792379195,230.9299097500425,138.14394675065523
2023-02-07,99.73780309665017,177.01619847142138,241.98174248449504,141.59105764771812
2023-02-08,92.32454392957243,169.46672059089906,241.25441289031733,139.10501513576492
2023-02-09,88.24741966306283,164.5896046667749,238.75099570285238,138.32292093315482
2023-02-10,87.47662232389757,160.7049892474788,237.69282931015368,138.32090440352658
2023-02-13,88.13555217975409,166.5787277210511,246.60142591811018,141.77458735492291
2023-02-14,87.65649505957026,165.80673810161625,246.1590099087607,140.48217726231178
2023-02-15,89.59711154158003,163.58272032148034,244.0709733712083,142.36504349853203
2023-02-16,88.74249521400998,159.8791554606214,238.54994999942392,141.4595141657719
2023-02-17,87.85356692811638,160.6778136081357,235.4006039720498,140.73420996327513
2023-02-20,87.6998984089496,160.39676501166468,234.98885447241992,140.48804559684868
2023-02-21,85.3595123157429,159.6818404942751,230.12005212297663,136.7632024587947
2023-02-22,85.37229926860755,159.24731436084676,229.7218298943326,137.5534377518552
2023-02-23,85.06238825526725,160.80098898343294,233.71320857851606,138.60728400919925
2023-02-24,83.51693204906223,159.3753196513153,228.7892086905813,136.2112487438535
2023-02-27,84.56340292263667,159.2306866140516,230.5941172786952,137.89793287139582
2023-02-28,84.30027078195417,163.42829915185575,228.68886495768675,136.69143852745765
2023-03-01,84.7670699355258,162.52749206302906,226.52431759858882,135.17593500014482
2023-03-02,85.71034227695009,162.16294461860343,228.9924536645958,134.56832898034463
2023-03-03,87.86808621394857,173.24717090787,234.3243303865802,140.19980310704068
2023-03-06,89.10351813349735,172.48911975251303,235.1872923859355,142.44333126658603
2023-03-07,87.27877549544883,171.12481443924025,231.34431273616974,139.5624483833717
2023-03-08,88.8675504568414,173.78841701907731,233.9460205235855,142.56671189813915
2023-03-09,87.00921762293365,170.72652498278512,232.70051005538335,140.45666999296736
2023-03-10,85.1758551803373,168.11750628773098,228.49870866471338,138.0470615751401
2023-03-13,84.9896897134704,167.8502194656885,231.23623243998009,138.5828679907463
2023-03-14,87.05414890505381,179.3294446616128,236.5765930139205,139.99339334166143
2023-03-15,89.1565619282519,182.73192757638662,240.73545602812737,140.32573237225097
2023-03-16,94.60297501570676,191.948633809101,253.90948352128908,144.89804715164064
2023-03-17,95.62593602398283,182.68772241969782,256.13384225998016,143.68988954670567
2023-03-20,94.55472240553354,183.62273616637685,248.02180130872875,145.030435790919
2023-03-21,97.81274634222791,186.95533416090075,248.49636335031937,146.21106960494762
2023-03-22,95.82313858679981,183.8372742031288,245.88025132331495,144.13923605533
2023-03-23,96.83457602655835,186.28739334538113,248.5116111216048,143.8599042514179
2023-03-24,96.96752323195506,188.4776961293246,251.93507672059786,145.52780723104297
2023-03-27,94.72190167977533,186.55671672714016,249.48218644040207,144.4972475903296
2023-03-28,92.91042035696682,184.07674461508395,247.7800219388373,143.53738920907927
2023-03-29,93.12579116780307,187.796504513959,251.77740945365622,145.93990772127836
2023-03-30,92.56059980177315,190.001545284822,254.85808757007362,147.32733580649983
2023-03-31,94.4773117845507,192.6655458936366,257.2240082029748,148.79487384803178
2023-04-03,96.19774581120873,195.50924420072988,258.67264801035344,151.34698245501386
2023-04-04,95.42811500525704,195.0565039517387,256.04590618210386,149.3493192747883
2023-04-05,94.8579140103684,191.2746737911766,252.40724238593248,147.0185816854646
2023-04-06,98.94052532708156,196.4708149428625,260.19944650575053,148.5961744396409
2023-04-07,98.78841620933963,196.16876477460028,259.7994212571066,148.3677257537347
2023-04-10,97.0777193756021,195.0603198522913,257.9853209924386,146.08562960696418
2023-04-11,96.71646209700248,195.03358152133114,253.16362410224974,145.56682648554124
2023-04-12,95.4730310794298,194.30912921172512,252.63459101571607,144.2936117669342
2023-04-13,97.43267694528868,198.57638397105165,256.3589855795217,148.09698924035
2023-04-14,98.08845870418281,198.6157044975971,251.83365685345052,147.05237126258908
2023-04-17,95.95462950259753,197.47224818554787,255.748089277462,147.98062318371194
2023-04-18,95.3135675590811,197.6985874785587,256.7982729267642,149.92656369015276
2023-04-19,94.78905256828511,194.8199110539008,255.6992616017851,150.28346848387173
2023-04-20,95.78581307698187,192.85216160915297,254.1621294374545,149.72136123521523
2023-04-21,95.63117532921751,192.360014380567,253.41752241464565,148.00364047911717
2023-04-24,96.22951187572608,191.89631431378984,249.39392772965766,147.99370649683988
2023-04-25,93.70085872688378,186.0330553179756,242.2917192517416,145.70618432171887
2023-04-26,94.24873688500475,189.07786513138944,261.76172997861977,146.77366167800938
2023-04-27,97.17611277780088,214.0646904746245,268.4607245143561,150.00011872120376
2023-04-28,97.17561837886069,215.9417475985383,270.97448926787547,151.33998080752917
2023-05-01,96.90331026235981,218.93108136191586,269.99251824599924,151.55003702702743
2023-05-02,95.70909507235956,216.20215038294737,270.8850811875109,151.18389626847784
2023-05-03,95.47284447567108,213.3943317738158,268.96753402288596,149.63769118530763
2023-05-04,94.15802441515552,209.1324619302759,268.44555740695796,147.37775097368285
2023-05-05,95.45413630995881,209.3396896946615,274.1908115210572,154.93761904042913
2023-05-08,97.31150485502167,209.86126626787518,272.53071079581423,154.93488371211788
2023-05-09,97.24068603905835,210.3815322613009,271.62931607045175,153.7043468640113
2023-05-10,101.4407969399872,210.72314864610507,277.1205752159858,155.75181503020303
2023-05-11,105.42835486287004,212.79688764963794,274.6826788750059,155.64707318145338
2023-05-12,107.04913931972897,212.40060724689738,275.47657985077603,155.82407588826936
2023-05-15,106.75926255736613,218.17683907083847,277.4248887698923,156.22369160037124
2023-05-16,109.40451220149725,217.71891862349912,278.9289412027465,155.9219062941611
2023-05-17,110.7526688817984,221.22808442263704,281.77351271083353,156.59943609809943
2023-05-18,112.89640940539721,225.77350307941015,286.5500858384512,159.13969226999689
2023-05-19,113.30772427321426,225.9792902486879,288.06123989958724,160.1699435019982
2023-05-22,115.21013058964854,227.44538283058864,289.3596137362547,158.59522535301585
2023-05-23,112.97075989684254,226.2427847133431,284.33353477767923,156.3607698670803
2023-05-24,111.88663677168915,229.38460621102786,284.1482235479998,157.21704495715312
2023-05-25,114.51114255187349,232.85579289340603,295.416003392711,158.45156547029546
2023-05-26,115.8598216993937,242.21219576920703,302.65873347076194,161.1791381382318
2023-05-29,115.87473010442409,242.24336272134678,302.69767845547176,161.19987806203426
2023-05-30,115.31036911369483,243.03580185025567,301.602801273566,163.1523092475163
2023-05-31,113.86534394955197,244.49262982347136,298.3272493421464,162.72030310175978
2023-06-01,115.1948722343518,252.67145251807415,303.2037970072797,165.91307964669977
2023-06-02,115.28432013949259,251.13110460389544,303.9105693619149,165.68910403800146
2023-06-05,117.25051182485186,251.46003263583407,306.16873632883653,165.39015820855275
2023-06-06,118.28997722105214,250.90079320922086,303.7348856714925,164.8463177224312
2023-06-07,113.83990393296153,244.25516105085808,294.7375956298838,163.77794247343445
2023-06-08,113.49024884398204,244.94816132768392,296.1909851733344,166.16487729871096
2023-06-09,112.88168670919913,243.57834567291502,295.506711600603,165.36128252556045
2023-06-12,114.57888989334515,249.9224241543252,300.9689740257418,168.44352337953205
2023-06-13,114.52442446906252,249.89171388053182,302.84293075551795,167.81575690235877
2023-06-14,114.1987071592439,251.14629046946902,304.85933898852636,167.9902038826549
2023-06-15,114.92133748113838,257.6550778329529,313.0254542605144,169.03022719622822
2023-06-16,112.27529628030425,254.4812108708502,304.9428166907037,166.45998873600638
2023-06-19,112.31462512003418,254.57035292692308,305.0496349095083,166.51829789603835
2023-06-20,112.30731748673134,258.007122958079,301.7269132551737,166.8709791409783
2023-06-21,109.99834122722677,255.6583001652034,297.8266354294028,165.98372099915287
2023-06-22,111.62723584091054,256.8993233191668,301.3238198495037,167.617412123951
2023-06-23,111.20247482933337,261.1726668886331,298.07840286877763,167.84566039897072
2023-06-26,108.16553313611803,253.0982023422839,293.7664288660708,167.37565621310387
2023-06-27,108.05514646297934,260.8054046383004,298.9992573868585,169.83688203507063
2023-06-28,109.46562678390274,258.1005620300675,298.86268738324725,170.18245614345506
2023-06-29,108.90960989621817,255.6644837963977,299.2811388189584,171.13457463734085
2023-06-30,110.26374433538876,261.76028141930146,305.5232632266416,175.85841691881797
2023-07-03,109.49233576006736,259.9404490466113,302.13798307278194,173.8579407191719
2023-07-04,109.4361991759879,259.8071779023594,301.9830773054273,173.76880396965134
2023-07-05,111.60310888885215,268.0835118279283,302.907450243074,173.19534274151738
2023-07-06,110.34348446542754,266.61072556666477,306.50095099579266,174.08343440827957
2023-07-07,109.27989818454762,264.4481959258883,301.91657595828474,172.51677224353443
2023-07-10,105.53907185124899,265.7677030355808,294.9489457906384,169.41365905975545
2023-07-11,105.94780197857017,268.66697826306336,294.5453296102496,168.38165655121884
2023-07-12,107.58754574697377,278.41412948799916,298.5155471065045,169.7693778161829
2023-07-13,110.95899917891074,278.77477459063084,299.7975213315731,168.46248971277964
2023-07-14,110.94660437725724,272.80445946005057,299.93062991872284,167.40951442605729
2023-07-17,110.33958056435677,274.2453914171783,300.2417539725302,170.2416487326136
2023-07-18,109.37905609146401,275.2666759160329,311.91787016520357,169.8645929484237
2023-07-19,108.31701993120441,278.97600998450434,308.3303538052023,171.19845447441094
2023-07-20,105.67247802147995,267.63071894452696,301.8371431493342,169.8275666645859
2023-07-21,107.0127617895223,261.916039188236,300.96975623743856,169.81375912275507
2023-07-24,108.5239474097607,259.8318996226117,302.46256666835507,170.7108018160261
2023-07-25,109.94849541210533,263.8543707700046,309.3353993366036,172.44476340510118
2023-07-26,116.2335900370017,267.83597933353667,298.03531431430383,173.42782566998721
2023-07-27,116.12854109531872,278.918775879054,291.0794529947052,171.85245317388217
2023-07-28,120.0154240738675,293.8827411483526,300.51461745440974,175.75413137324358
2023-07-31,119.60981639602323,286.48315240510783,297.10721713287967,175.58274821103169
2023-08-01,118.80101044599542,290.8825919543142,298.2001177852908,175.25600763382954
2023-08-02,115.7652255866733,283.04614868700446,290.091105275118,172.38000970495705
2023-08-03,116.55703802900189,283.6799620235215,291.0320198545851,172.1143569032938
2023-08-04,116.269894937348,281.26084698195336,291.8316949407381,163.7382123607931
2023-08-07,118.7911483210919,285.20732776800287,292.5413881839122,160.16593705384366
2023-08-08,118.69589217881366,281.6631595546987,288.93069309859675,161.0095719219098
2023-08-09,117.64756319353182,276.079711498096,286.6987188861458,160.2122167485959
2023-08-10,117.50056992229929,276.0862626003254,286.8302838376585,159.74083897916535
2023-08-11,117.4219226830046,272.285345987435,285.0216310506021,159.7368737417646
2023-08-14,119.32418767352829,277.33340334256354,288.691425379875,161.78624429717274
2023-08-15,118.28510546631514,274.35805807787983,287.6561985790031,160.48015993447189
2023-08-16,117.29323709745404,267.53807491713997,287.10788675217555,159.7679247900296
2023-08-17,118.83890092516049,259.8724129291859,284.7184474334408,157.8665415472533
2023-08-18,116.70076952743784,258.2008003858846,284.36524491971795,158.3145546121159
2023-08-21,117.43749985048453,264.2397237168552,289.1920855997196,159.5255205459198
2023-08-22,117.88311657673148,261.5958789142678,289.1082217006806,160.45081219814165
2023-08-23,121.65932491424701,268.9101665818962,294.57503226275,164.75347977933234
2023-08-24,118.90193948844444,261.6044634716727,287.73556282356185,160.1598856269593
2023-08-25,119.88345611432669,262.0715924424985,292.2348668254963,163.18576844765994
2023-08-28,120.91205400322997,266.48415253115127,292.9337796078944,164.6559952232501
2023-08-29,123.98323206230998,272.86910609708866,296.42275723631246,167.80937976207133
2023-08-30,124.79765548691648,269.1374129930773,295.5738718847606,170.33977211374986
2023-08-31,124.4552622762485,268.29449865013885,292.94092859984084,169.55148105041553
2023-09-01,124.9678385010975,270.9305772421176,296.141021964635,172.3809575718824
2023-09-04,125.75924686960207,272.64635250625724,298.0164523621788,173.47262830916588
2023-09-05,125.4598439763131,275.63837985589635,301.92902284325646,173.39291622555538
2023-09-06,125.02130384733573,276.4881977332516,303.241576501463,168.25135191461595
2023-09-07,125.81077471009121,276.07646363980894,300.59088087516466,163.35995216608262
2023-09-08,127.04711713254255,276.03462779098845,305.3146259896821,164.33466348197544
2023-09-11,127.3056158687632,284.4555018024803,308.0822013674515,165.10974173403883
2023-09-12,125.38471500279957,278.1614178599484,301.5496680713841,161.80579990831757
2023-09-13,126.66836787848297,281.2209606722972,305.3668819484301,159.84467748349925
2023-09-14,128.26816470790436,287.8704193584708,308.3117720489172,161.53462521562324
2023-09-15,128.79592538884663,279.8637978550596,303.3352273998971,162.33134247899125
2023-09-18,129.03340373111496,281.12953046763687,301.3886694761113,164.59577126709246
2023-09-19,128.6183656630419,282.82396588371194,300.32589130113774,165.23504860167668
2023-09-20,124.81422621425645,278.0940065986888,293.4165208099148,162.09266942228078
2023-09-21,122.15067486163662,275.1852048929359,293.0784578588773,161.08935138938068
2023-09-22,121.95086239232296,278.08008176834846,290.53482599309064,161.75650441897233
2023-09-25,122.95624503174622,280.0501000965087,291.37733501486946,163.15010162462204
2023-09-26,121.07218463413665,279.802987775407,287.9594205281428,160.18779777967666
2023-09-27,123.20992952914821,279.2455290844009,289.16419775599934,159.09543221072454
2023-09-28,125.53741979306506,286.8207647439558,291.72135907992197,160.31158948736993
2023-09-29,123.65774649000195,281.7496232025642,292.09490660274605,159.9300041748602
2023-10-02,126.73799110856635,287.87716146137427,297.6130728574026,162.25981734467496
2023-10-03,125.99216978264394,284.6363288327757,292.1717078954407,162.2969354338511
2023-10-04,128.90327115417676,289.25821223048115,297.60452453634934,163.6150440180354
2023-10-05,128.2127392698494,287.5556667914934,296.99162543531565,164.24735994108778
2023-10-06,130.30542001384583,296.47772589342276,303.1967754633424,166.0449302580064
2023-10-09,130.77024305835948,298.64155225826835,304.9658617985551,167.11797721211042
2023-10-10,130.34839652755727,301.58061528663893,303.3163499439488,166.37822549605698
2023-10-11,132.3651084560761,306.4334728184913,306.2883783779289,167.2834870251054
2023-10-12,130.80758699240778,302.4563100303494,304.5675796278065,167.8216752710705
2023-10-13,130.28671259010025,296.05983600457876,303.9172408707236,167.47428048756774
2023-10-16,132.27307830701193,302.57350734084866,308.9157305152621,167.59411970386827
2023-10-17,132.3318150737805,304.3112509254588,307.4199384322583,165.6062534618759
2023-10-18,130.4950587063031,297.18050465050874,305.07274504196175,164.09013874588618
2023-10-19,130.64072042361659,294.2415258203255,307.19449710340996,164.27219962697563
2023-10-20,127.95269541924245,289.0127728394873,301.5106193593674,161.12323716662831
2023-10-23,128.99576642818738,293.93529935498555,303.8567992766348,161.1821705810753
2023-10-24,130.09109811250528,290.3781379644497,302.6898185956343,160.38222625589697
2023-10-25,118.43066996081325,280.2384931851266,314.1693953965005,159.33089806666248
2023-10-26,115.71770478039298,270.49598904816776,303.1877812379753,155.82379776516973
2023-10-27,115.71076321284863,278.43069378627115,305.0437017165368,157.10711695223017
2023-10-30,117.93675371662448,284.0490052467412,312.0396997636308,159.07061071369935
2023-10-31,116.93257861158781,281.34379643302236,311.2303679905308,158.72875724820915
2023-11-01,119.4553775997415,292.213244187089,319.63965927692516,162.25240002432838
2023-11-02,120.31070583324026,291.07612778375915,321.47617825878115,165.4855279543217
2023-11-03,121.61751498602098,293.67986446176656,324.6283940876601,164.1313980964478
2023-11-06,121.3332622953858,291.69456464123505,324.60472759033655,164.77434753444686
2023-11-07,122.33079779541004,294.77480715349884,328.57066485907126,167.32050689216885
2023-11-08,123.41845766179176,296.3661917945956,331.7918654811274,168.70577138544377
2023-11-09,121.80134964982881,296.68255594176117,329.0583205717958,168.03800195739495
2023-11-10,124.4913828092267,305.5126709626966,338.60535957546745,172.63043786265916
2023-11-13,123.8392474791408,305.2568426404541,335.1572083281808,170.78714225232216
2023-11-14,125.3611190932661,311.51916495706973,338.06954778006184,173.03806831959628
2023-11-15,124.19238566138665,303.1845691469498,332.7197810605867,170.7483696634299
2023-11-16,126.58120085660266,305.1991159522113,339.3103696121034,172.66902091347583
2023-11-17,124.98448751182877,305.99858166242484,333.63495740282815,172.6639443957538
2023-11-20,125.26410669312827,308.98468272545324,338.81883258623566,173.41479956127478
2023-11-21,125.45222686103261,305.17826539380985,333.7051689256041,172.06712502081336
2023-11-22,127.04104208342324,310.0479955334231,338.8390859371211,173.1103393077392
2023-11-23,127.36006976381759,310.8265934668452,339.6899845588632,173.5450570107423
2023-11-24,125.54482556284256,307.42342844967243,338.8318976744249,172.08553021256103
2023-11-27,124.99925574564713,303.2660854168462,338.83113524586224,171.3862153869759
2023-11-28,125.30941721335876,306.6490923301317,341.9293409120128,171.6548818845331
2023-11-29,122.77017638355574,299.2093633752702,337.0280349023524,169.98913372159222
2023-11-30,120.89221310506582,295.52680382069957,338.0719176594175,171.01082680258332
2023-12-01,121.25264711223463,295.62125130501227,336.6506101753148,173.46265007804686
2023-12-04,118.84879860683031,291.3574176080838,331.9427281443677,171.8826498926246
2023-12-05,121.0100844421604,291.12958607721885,336.5395304793219,176.31900481295907
2023-12-06,120.62344832963663,291.5476176010561,334.5401732333248,176.03260453091752
2023-12-07,127.3844320128319,300.6929760893763,337.3330716061173,178.26272362598502
2023-12-08,125.42266504008148,305.6421759505902,339.5133810264524,179.1606283778965
2023-12-11,123.94481799138703,299.51267599148196,337.68042370271723,177.27782584540182
2023-12-12,122.96020156581108,307.7212599219456,340.45587554697704,178.66840198494538
2023-12-13,122.89754331838321,307.2841648310259,339.4350593434883,181.11084829434913
2023-12-14,121.209480455027,303.3857671347105,329.11710834934274,179.7918597131711
2023-12-15,120.60123646084139,301.9978608004949,330.1746779011919,177.54901895911007
2023-12-18,124.73562499193213,313.5491608642478,334.8801090865745,177.62815510323708
2023-12-19,125.23471127706307,317.93802225435684,334.5511995776342,178.11330996255583
2023-12-20,125.98944531497182,315.30647470179247,330.4540625671143,175.2868676208709
2023-12-21,128.3329787738512,320.6805241273105,334.1328718964178,175.71736501778105
2023-12-22,128.4558496693844,318.2880421671871,333.222049627635,173.78239621936154
2023-12-25,128.21832743908635,317.6995093300502,332.6059029545504,173.46106260596207
2023-12-26,128.3817194484518,319.1769470591207,332.86769584698595,173.06745960429726
2023-12-27,126.87925064121373,321.2121936514741,331.65865584946005,172.8002638971666
2023-12-28,125.98697198977789,319.75176857849874,330.76564756247535,172.16180951140814
2023-12-29,126.13413113505521,317.01542000322297,332.6468614148198,171.85376395581443
2024-01-01,126.27513497625478,317.3698077612207,333.0187233747856,172.04587722939323
2024-01-02,125.24118665962305,310.9732598286064,328.9485795030487,166.14571782898565
2024-01-03,127.07559605507777,312.0808771413649,331.6227410177544,166.36338779823654
2024-01-04,125.1351465980224,314.8843163507263,329.6640132163702,164.46079181132518
2024-01-05,124.32275008464785,318.69359387701115,328.9032546329836,163.5072800413909
2024-01-08,127.22393048607046,324.92247971807956,335.26794437635544,167.53885433358846
2024-01-09,128.95015722406242,323.5282626256958,335.9615592770715,167.01518084259442
2024-01-10,130.30114643397428,335.92269198378744,342.80506951262396,168.25849832932818
2024-01-11,129.67665122298058,333.89270038402174,343.1303007915267,167.06355286412872
2024-01-12,130.1139805779867,338.04573999889544,346.3505823052601,167.2614393102731
2024-01-15,130.54121260511693,339.1557203877892,347.48783182079023,167.81064580952716
2024-01-16,130.39642729801471,332.78904231486194,349.0978957365496,165.74368429697643
2024-01-17,130.11493042763323,335.6653694715351,350.52538167126477,165.90049378294498
2024-01-18,131.94242545157795,342.51644499771646,354.25785294161324,171.1940658593321
2024-01-19,134.73637110648815,349.3951448653934,358.7936998102905,173.95918807904764
2024-01-22,134.33720861291476,347.4533724730718,356.4188571143568,175.8624661524882
2024-01-23,135.36961683662594,350.9553903609849,358.96551167018515,177.22921062880505
2024-01-24,137.171604947187,356.69845635816455,363.00409549754113,176.9749665344134
2024-01-25,139.86581323508653,358.1752838809625,364.2863445634721,176.2871784952331
2024-01-26,140.45024917763385,360.1985432023848,364.60333054154944,175.2572325506826
2024-01-29,141.45518469405215,366.60528716134286,369.9499306616417,174.68561745149782
2024-01-30,139.93667576513872,366.0330341366989,369.23771943075735,171.46671848743608
2024-01-31,129.543821198793,356.66286856788065,358.99225644787657,168.00906036518063
2024-02-01,130.85156878846374,362.2235142637146,365.92273878763626,170.87253097960274
2024-02-02,130.75659722628643,432.98429632004627,370.2414618925559,168.84361460383843
2024-02-05,133.1814261339223,422.4572813336945,368.43167712516515,172.00248724440462
2024-02-06,134.09784323055192,419.63201678230143,369.59646493866603,174.1043407957104
2024-02-07,135.07578475330956,432.73544736045005,376.85958183039475,173.9566214572551
2024-02-08,135.3397411408805,432.3678902773827,376.26542714980314,172.6578751657944
2024-02-09,138.0783003027118,430.56882247856265,382.0633636928724,173.34042997206052
2024-02-12,136.44352087100924,430.4587830630844,376.52567406604066,171.44680370705464
2024-02-13,134.60183039796902,423.4156995019184,369.3067127293052,169.92203060893007
2024-02-14,136.110138808177,438.10168850001355,375.0813606572774,170.10481254512342
2024-02-15,132.86199218792535,447.0833501713969,371.5920250299605,169.46955978623373
2024-02-16,130.34281072233807,435.4971039687807,367.8762862928688,167.38983296198057
2024-02-19,130.2093969336147,435.0513462143135,367.49974255513735,167.21849929435848
2024-02-20,130.72908578746137,433.99173915701977,366.668677219408,166.67787800658698
2024-02-21,131.77509272161933,429.52152693901917,364.8351156335957,166.7912519749725
2024-02-22,133.0417255337834,445.8332120400246,373.1754281797712,168.55355527622123
2024-02-23,132.94946626166347,443.691110323427,371.8067438218277,166.78100761367205
2024-02-26,127.03094283958399,441.8214336049514,369.4615829039212,165.62431199238563
2024-02-27,127.90190784641527,445.4203103304644,368.3559938802173,166.49309916647508
2024-02-28,125.53517284728059,442.8990301751073,368.78085218915294,165.48332374283018
2024-02-29,127.7523979407215,448.73800718287566,374.3424973679703,164.96338608465157
2024-03-01,126.5939950485199,461.3207275632667,377.20357463744404,164.48220106132067
2024-03-04,122.60866718980651,455.9542081985128,375.3665582318099,159.74971757601816
2024-03-05,122.08447868761868,448.1442099379328,363.84749099479814,155.0278773149912
2024-03-06,120.96192866346155,453.4759352970377,363.31390654587085,154.10487464944345
2024-03-07,122.91444808030792,466.3224838064052,368.20715012410074,153.38031434353616
2024-03-08,123.29629232628122,458.51255623485304,363.8897713297447,154.23434148959677
2024-03-11,125.77622560195596,438.5369075071558,362.60496491393314,156.16171393398145
2024-03-12,126.52595622671834,453.67239635555234,372.6452045966871,156.76181555581024
2024-03-13,127.60993518261785,450.0253528864232,372.605794626852,154.9122703397461
2024-03-14,130.51735125988944,445.50654890763144,380.7305070924722,156.21144039962292
2024-03-15,129.40437942768676,441.401344992948,375.3142857528328,156.89797184897998
2024-03-18,135.15811115453835,453.179848724365,376.1541375816305,157.90981804457988
2024-03-19,134.75531794335257,452.86450345193225,380.1424774280549,160.1821835068713
2024-03-20,136.4921310743366,461.7848627439562,383.96375254888517,162.6974166521013
2024-03-21,134.71846079672832,460.69699172329274,385.0822618253587,154.9955753670365
2024-03-22,138.4099981568661,465.5340634295608,387.1667710429556,156.89232295999773
2024-03-25,138.54383269509162,461.8722151750626,383.79395203113745,156.37929037849608
2024-03-26,138.65423126054702,454.0361733646787,381.6120943352362,154.89600929342305
2024-03-27,138.94887995971658,452.42258657965976,381.61963910041777,158.26748518492423
2024-03-28,139.48584077123996,445.61789750679236,381.64534841695786,156.87110102957922
2024-03-29,139.7301867905344,446.39851408249706,382.31390030116563,157.14590189013234
2024-04-01,143.64452538236856,451.7760728763933,385.8749234210336,155.84236573681756
2024-04-02,143.80587897085206,459.67536955941614,385.0103709460018,155.55168253324518
2024-04-03,143.8473877010074,466.9724807308703,382.98820199424154,155.8431317232662
2024-04-04,138.87211205271888,467.7925217494885,378.1959948967924,154.0820256864663
2024-04-05,140.716860471759,482.8840190190822,385.1563897524029,154.79411805421114
2024-04-08,142.81452310675286,475.76463485310524,384.54781583823024,153.85598531008418
2024-04-09,144.20204697088957,472.16491410508024,384.89927988061754,154.49695212485767
2024-04-10,143.82213121959012,475.032231498044,382.3260717107041,152.83738619111318
2024-04-11,148.2829484803815,483.3083331974085,390.77563202736565,161.19617198663764
2024-04-12,147.01083265800116,473.56133854902873,385.80303848824406,162.81207037314016
2024-04-15,145.41652242230884,466.1211182445695,380.9926347190594,160.40720998297184
2024-04-16,145.43564585814238,466.72956527186034,382.71645481651285,157.6861881955483
2024-04-17,146.31512464946536,461.6953958952836,380.34055245259333,156.46458676513612
2024-04-18,146.1962376899237,466.7175672551948,371.67208946176106,154.87152720397808
2024-04-19,144.92317719911352,448.49665391867165,367.80647996232074,153.34252992329493
2024-04-22,146.80452287550906,448.51920281233106,369.01441578425874,153.91976240214262
2024-04-23,148.6941389162921,462.0807363340573,375.2457610723959,154.96461983935933
2024-04-24,149.087504557815,457.4993276472469,374.84803061806815,156.19572644557138
2024-04-25,146.2334132156211,409.3522660228373,365.8187064306803,157.06522212054188
2024-04-26,160.3601847275013,409.98431164360227,371.460356357602,156.08600573563763
2024-04-29,155.34387663645612,400.96600581755047,368.5208042754384,160.29800657088344
2024-04-30,152.20210217884778,398.3666168970485,356.3900512150831,157.23947973288523
2024-05-01,153.76709191611735,408.59377498760296,363.1912304862344,157.00879428836197
2024-05-02,155.64842189849605,408.8020760248164,363.98101461396254,159.64467469270403
2024-05-03,155.97070987918778,417.8683559282217,371.6515097936208,169.012618946741
2024-05-06,156.3809167776526,429.5506659517123,377.0589980187069,167.0834190470705
2024-05-07,159.1426392649737,431.5357213483949,372.9042629477044,167.57170570261223
2024-05-08,157.71748317284255,436.24336768400644,374.58940868284117,168.14981640082078
2024-05-09,158.1572089766605,438.99269497171736,376.338935608228,169.89030303890468
2024-05-10,156.41141083417097,438.1534510918391,377.2052164208253,168.12137154009633
2024-05-13,157.18668964186327,431.20762243096397,376.79295522587927,171.3222687773159
2024-05-14,157.7951249516127,433.813852971507,378.5663195388952,172.0104489546702
2024-05-15,159.27474633623933,441.8625739044437,384.4368082887013,173.77380653572618
2024-05-16,159.58408150536343,431.2365369964027,379.8942100455861,172.68208686705293
2024-05-17,161.60273058153052,430.9046808856601,379.9583677402552,173.05921282552845
2024-05-20,162.55432881403067,427.7990274879812,384.3253214742617,174.00263408217143
2024-05-21,163.75858958520257,424.5293114312444,388.19135501572237,175.43207691341013
2024-05-22,162.4385985803001,427.63025302123606,389.73349761153986,174.20036101551614
2024-05-23,160.19781136608435,426.98057753685316,387.6169184929313,171.0040570487281
2024-05-24,161.5469191025477,438.89211199013516,390.9377707520616,174.0420524291403
2024-05-27,161.0263870814233,437.4779259482166,389.67810186407587,173.48125893450197
2024-05-28,162.35631095691497,438.4568678266369,389.3113860138401,173.26268976239953
2024-05-29,161.9402718510264,433.77729608897425,388.62947539088054,173.69651205068294
2024-05-30,159.16905343175586,429.0717296079274,377.23912030340216,175.418396029806
2024-05-31,159.04130630077725,427.540053461822,376.48685108742757,175.75219569607452
2024-06-03,159.2026841990437,436.59210040166363,374.4171423204043,177.09115307826687
2024-06-04,159.05440203500893,433.9622991325705,374.8493195773153,176.4995880530323
2024-06-05,161.19349660094485,451.45849458545854,382.8985500702038,178.29709507815096
2024-06-06,162.46822749108105,450.57682033510355,383.6177419623127,177.15124088794983
2024-06-07,159.98913694334533,449.0249667840708,382.31258788238847,179.01885327047057
2024-06-10,162.51392311771997,462.71348493226105,390.075872723457,177.47340466799687
2024-06-11,164.17190656957428,467.8315444787113,394.9967861946898,190.6252161608445
2024-06-12,165.80275051496574,470.1397880922377,403.5441574781307,196.50991915572467
2024-06-13,162.09981404574864,462.623738580136,401.299125341935,196.2583432406991
2024-06-14,164.72694890160346,466.34334256342845,404.98223958170274,196.00231691391673
2024-06-17,165.6711296295489,470.23342564080303,411.6951519885861,200.54264287686328
2024-06-18,162.92574719522236,461.94415084816137,408.3618732149316,197.628680176128
2024-06-19,162.90124615588866,461.8746829340671,408.30046309105455,197.59896045318783
2024-06-20,163.92354400448676,463.5196385553645,407.3645941620689,193.18189982350668
2024-06-21,166.97648081204534,459.0528640159573,412.8262859138522,191.96988128449902
2024-06-24,167.75967628498438,463.6924652472662,411.606673677823,192.90732566562474
2024-06-25,171.48298495213567,472.5690176297394,412.88538345986126,192.95744435390588
2024-06-26,171.65846261767547,475.9258747151762,414.88629683830004,197.23992718748923
2024-06-27,173.51638743104832,483.23056083859046,416.6675464064974,198.57326290725996
2024-06-28,169.87088655022944,467.72105369857854,410.1497393337286,194.82819310760078
2024-07-01,170.43552368761448,466.97966784934397,418.0787203484797,199.99832929461263
2024-07-02,172.3644099516605,471.3586813553047,420.34072259401,203.21135667129056
2024-07-03,172.90274908402898,471.28775706179295,421.26063811957647,204.17718343219713
2024-07-04,172.18354581385665,469.32739669813964,419.5083696904421,203.32789156843592
2024-07-05,176.09903766639218,496.091898685725,425.00574768117804,207.3898278539873
2024-07-08,174.49384006292712,485.6725842135347,423.20562567988964,208.45032867381633
2024-07-09,174.3778887063454,486.0754192921595,416.93443219728215,209.14203775441638
2024-07-10,176.67433253313993,491.1096617973999,423.6546292398016,213.39312456373955
2024-07-11,171.46556587989926,470.1074063935994,412.45383587021206,208.08182482611755
2024-07-12,170.3689672534265,455.7662155934322,409.9175848947725,210.03243610499612
2024-07-15,171.4535500255306,452.75810187200295,409.8063656548693,213.2982973274402
2024-07-16,168.75441980329924,446.288558214801,405.2018441955079,213.36650175540854
2024-07-17,166.1198694499417,420.9209000955743,399.7584727268659,207.95105504467574
2024-07-18,162.46544724110026,432.05519459029165,395.55184822380033,202.97910352616782
2024-07-19,163.1959480473961,434.44310472885263,394.015364149127,203.81669170184978
2024-07-22,166.83485412285518,444.2076006345742,399.35767523321556,203.54307285013783
2024-07-23,167.20619972961686,445.7668063179881,401.42501153895864,204.67340213622265
2024-07-24,159.3727425748384,422.2718083713298,388.4270839527053,199.50472626046212
2024-07-25,154.77022443313126,415.50419310051257,379.30851955748403,198.7508569506099
2024-07-26,154.16375502817846,426.30413097873134,385.11871038040954,198.96444813011203
2024-07-29,156.3672934724309,426.2161019597261,386.35279553054716,199.17463937694265
2024-07-30,157.53199425294042,425.2533384451999,384.1168852365263,200.3185793535522
2024-07-31,158.76424856617177,436.0767253497215,380.08544371200514,203.3853117527542
2024-08-01,158.00780868011134,456.78568305300723,378.6841321325446,199.83355104384646
2024-08-02,154.81636391447046,449.48359849159533,372.10669763672195,201.8835951671672
2024-08-05,146.01430911472016,433.1086748901653,355.88929169464245,189.9891025949546
2024-08-06,145.38844973172036,448.17472166758125,358.58672281074723,187.4473442688095
2024-08-07,145.9086703947587,444.4904818594896,358.3383435499054,190.2203056035105
2024-08-08,148.68735520342398,463.2375424093116,362.1063621202902,193.3504813635118
2024-08-09,150.26459824953236,471.17139867605147,365.5156922302922,196.22910524874442
2024-08-12,148.98230876997332,469.5972201322729,366.290879465123,197.6627186548285
2024-08-13,150.47216022163957,480.06899598383825,372.0089285805461,200.64860140525434
2024-08-14,146.12401524244342,475.8099474866758,372.50108946956243,199.9462855594229
2024-08-15,146.93521171704924,484.642335771583,376.3500359002501,202.35304102435475
2024-08-16,148.89635547591388,477.45901904029597,375.44180118668737,204.3016552785557
2024-08-19,151.48285160024716,476.87173502941005,376.39444197044577,203.18929065819793
2024-08-20,151.1437852777808,471.9423267724851,377.21079971984364,202.6170924593207
2024-08-21,149.3954269967062,477.70936586244716,375.2218185246329,201.76429692951479
2024-08-22,147.1254820295144,473.65848640183685,366.718417948141,199.60570355469827
2024-08-23,149.36165237085515,471.7743969373478,369.0764742161555,202.3521344311721
2024-08-26,148.86004802943262,462.6816286919675,363.83808926885104,201.37348619693148
2024-08-27,147.79298284035667,461.84714160981093,364.9038574949209,202.54754628366118
2024-08-28,145.950067424179,459.23901358696094,361.6184929361498,200.9415682497056
2024-08-29,145.66445392603055,462.7115948377177,365.5704216440208,204.84014027775265
2024-08-30,147.77998656099953,467.3398926435766,370.6102202191505,204.9557231099334
2024-09-02,148.25648336238373,468.8467676216169,371.80520330586114,205.61657542667763
2024-09-03,142.12895998390013,459.31745672311445,364.196343252559,199.61400788025094
2024-09-04,141.64996070987854,460.97114637386767,364.32782738861533,198.2265171387371
2024-09-05,141.95325507468624,463.35068184500415,362.8361863916871,199.03079130118385
2024-09-06,135.78668616118193,447.240744377752,355.90769320838444,197.08932430772438
2024-09-09,133.93870755128046,452.2543667404607,360.244349414952,197.5946333378197
2024-09-10,134.9644874709902,454.2901632605135,369.42935968343227,197.7653048585853
2024-09-11,137.0953338418758,461.3173062075475,377.88022497807106,200.3567384147118
2024-09-12,140.27812072754386,474.1616039911605,381.7663798266949,200.6390818761247
2024-09-13,141.96700034262267,470.41662101687325,382.64885250856787,199.1845251323466
2024-09-16,142.38701271399623,478.18215014529414,382.9501830136287,193.4676409812928
2024-09-17,143.01228081656154,479.1322561770212,384.90625938994344,193.17203639162472
2024-09-18,143.56822023833774,480.866547150119,381.28791455635474,196.7609995233006
2024-09-19,145.84630169014872,500.1447817453809,388.55147912935536,204.20611500961422
2024-09-20,146.47583778128683,500.036551670084,383.8940296426881,202.74835423542027
2024-09-23,145.09364463144811,502.8128726484647,382.3801719176299,201.23151506142312
2024-09-24,146.24431005332735,504.0687446288066,380.2251789244474,202.92413392060553
2024-09-25,144.62913939612463,504.9141344578784,380.1115800273092,200.5971282597675
2024-09-26,146.16029053841248,507.22362162696663,381.458700403693,202.70601456566692
2024-09-27,146.85387059958884,504.70197569113225,376.9857197935926,202.10848481336143
2024-09-30,148.63992676722046,509.5567066689109,379.24372269039304,206.86744759908106
2024-10-01,150.17999580981814,514.6743256326408,371.87978202734666,201.4379327936349
2024-10-02,150.1704875350124,514.7669485527404,371.15563135719276,203.27241183651586
2024-10-03,150.28994988612794,524.4477141860043,371.1473704723503,202.55946038145703
2024-10-04,151.68078013276318,536.9278391762564,371.1538209629216,203.8121636532378
2024-10-07,148.75111764250687,529.803395333045,367.3695120420034,200.32815691761243
2024-10-08,149.92004316038583,537.0920422876334,371.96635009831516,203.99262246246417
2024-10-09,147.53145033805686,534.935965136141,374.43289301728873,207.39895966236782
2024-10-10,148.0775421776343,530.4519768361934,374.08517436375405,207.560475928276
2024-10-11,149.42259280646977,536.475864351909,374.84078207449056,206.38847632935358
2024-10-14,151.20195861450702,537.3199892031844,377.6727622959006,209.95259654850997
2024-10-15,151.92724921490844,534.3360809292899,377.8729480030306,212.58265443918208
2024-10-16,152.13102029318543,526.9057996083611,376.3730376284293,211.1858967092876
2024-10-17,150.39536877056435,528.0834998544196,377.6664561907364,211.94432519827387
2024-10-18,151.34794306215645,529.2672952027897,380.1241358660245,215.19879198312537
2024-10-21,151.48904745704476,526.166036294293,379.3190715695546,215.7755243679876
2024-10-22,153.13665284421768,534.9323896343121,389.0445102335616,216.22025094913624
2024-10-23,151.27607032424748,519.0806160633292,387.1320160874857,211.94767482339375
2024-10-24,151.55734057921472,523.6599382623463,387.8527043096765,212.10247764244923
2024-10-25,153.20317204241564,526.573197863032,389.3993269240309,212.01687921832308
2024-10-28,154.83623806795367,532.4399751418423,388.97161208657235,214.38634995387838
2024-10-29,157.1175903698895,545.3439064444974,393.12325212400174,214.23346861099708
2024-10-30,161.6502164218109,543.7891934048384,393.5106744499644,210.88511700753588
2024-10-31,157.92152290965987,519.6832161560742,368.38030761504524,206.3101876172832
2024-11-01,157.49404118810344,518.0129284049835,371.10356026393674,203.06643364882711
2024-11-04,155.86308215319877,512.6406394954829,369.7703850881662,202.46229544540256
2024-11-05,156.53653497611413,523.4066719962211,372.50241647809344,203.78438277539772
2024-11-06,161.95642821359343,520.1698511395807,378.29544346907824,201.99660673605194
2024-11-07,168.6499673495091,548.1332532122615,390.20896737033036,210.1848845487075
2024-11-08,165.45354269245945,542.8062259251092,385.32865481251065,208.7273844364263
2024-11-11,168.64867580552527,541.1474558059126,384.0534886432579,207.7616461719299
2024-11-12,170.70446277210976,545.2487258502515,390.5063959475501,208.7455982925212
2024-11-13,168.82381942175925,543.1826804490993,394.2718445224891,210.5150948094779
2024-11-14,166.71274985738182,543.2144291748446,397.8099294456988,214.47660438178355
2024-11-15,163.98865900737383,523.1776305524072,387.9799600433962,212.1340273115593
2024-11-18,166.67504351973366,523.2978093936472,388.5554732926539,214.90664391646533
2024-11-19,168.318554658822,526.5554351709397,388.1987454546106,213.90970885909155
2024-11-20,166.0106954827006,530.077402698018,385.59940663511225,214.32751191705938
2024-11-21,159.3597441802085,530.8733447648847,386.17073434863414,215.12381286967138
2024-11-22,157.99692827226409,531.0186561283554,392.89661193433494,217.9830194142951
2024-11-25,160.54815931266057,536.1489475276394,394.1865086798389,220.60593415300718
2024-11-26,162.22647072256223,546.0002060667175,404.21814163600175,223.43904286094767
2024-11-27,161.6906067780219,539.4464234249426,397.71002707201296,222.31722486714898
2024-11-28,160.59986272687092,535.8073871878332,395.0271263472514,220.81750144273792
2024-11-29,160.28113377725276,540.5985069871531,395.4451436495219,223.06153061255827
2024-12-02,162.89859550420988,558.970643595705,403.1521194540219,225.56865334744361
2024-12-03,163.6166213947672,581.0176074277588,405.04228406201764,229.40353035794124
2024-12-04,166.36766638243625,580.6098403430151,410.5096101244326,229.5339704957978
2024-12-05,164.63402117247824,575.8403088649357,415.25867955204376,229.48992377635477
2024-12-06,165.56783620517308,585.8922044448263,413.34093510831735,227.753266617583
2024-12-09,166.64549431385421,577.4096874930365,416.41583516339597,231.8613094716966
2024-12-10,175.6894241428763,583.3873237286607,414.30669962628235,233.04608195725814
2024-12-11,185.6689367676472,597.2302619028014,420.4820142793924,232.33156469858568
2024-12-12,183.2161079608677,596.9263364461549,422.06236682767303,234.2981107324922
2024-12-13,181.65409852357607,588.8847783055426,421.2271860683886,235.19283033706597
2024-12-16,187.44532815505045,591.0243821760014,423.8389802526035,237.136116951855
2024-12-17,186.33222746440424,586.0729329712194,426.23677278849755,239.27488903350877
2024-12-18,180.12555335205434,566.2219125542106,411.09843506471407,234.64664799512775
2024-12-19,182.21324110932073,572.5858427861567,416.5065397140097,239.59833314224852
2024-12-20,185.08177433172023,561.8661530579993,415.50673479257966,243.7604408774405
2024-12-23,186.7605126833787,572.1223617932119,411.5171338571963,242.91096552017189
2024-12-24,188.75912463866825,581.1751471807111,416.4623588525137,246.34247901249182
2024-12-25,188.8180485530811,581.356569481206,416.59236365326797,246.41937841101026
2024-12-26,188.42373603763463,577.3157397740215,415.5564657054765,247.27395373003674
2024-12-27,185.07787180316063,572.6274103076612,407.44091206007215,243.44634416911867
2024-12-30,183.6810509046809,564.1103423951354,401.8077652061984,240.07469815733566
2024-12-31,181.94141670464614,559.8901227386268,399.5479932886865,238.9123058081932
2025-01-02,183.07812604977335,576.0246017611789,398.86106104358623,233.864402393634
2025-01-03,186.99014486873693,585.9409250745557,406.69285569369094,235.2958913036946
2025-01-06,190.97580665529586,608.519473761764,409.53439817624894,236.0277833652308
2025-01-07,188.28950461516797,591.9785714423633,401.1351404461311,231.5196606382815
2025-01-08,187.7641592945356,587.4184664151617,404.8064343865535,232.90363892751338
2025-01-09,188.32554631469338,589.174760607224,406.0167456557265,233.59998630463087
2025-01-10,186.49499620848655,595.1199834070576,401.3171102035085,228.3478995434707
2025-01-13,186.60889479749312,590.8946611980209,401.7052719742642,227.158712925695
2025-01-14,185.02947336629677,576.0473830525661,399.4298057986125,225.61476692322958
2025-01-15,190.00295227359857,595.8034045409004,408.0015164575416,229.12581528258306
2025-01-16,187.73467796536352,590.8474659754938,406.80222100872015,220.1161109370787
2025-01-17,190.6431273274793,591.8842186715483,410.79928346030647,221.63092776677877
2025-01-20,191.09877274091195,593.2988478443986,411.78111171697674,222.16063537873106
2025-01-21,190.45535369405115,588.6638986982871,405.617021657381,212.11273118300596
2025-01-22,191.10740126236578,596.2302518952492,422.9703924398418,213.54866477819905
2025-01-23,190.60012856112007,608.3668589706431,423.28197226379416,213.29990319876015
2025-01-24,192.70733162567012,618.5717445257324,420.534436240323,212.34120027591416
2025-01-27,184.03631853894512,627.3026084440862,409.5101639081404,218.01005266662833
2025-01-28,187.5741426282093,642.4214940937854,422.3302460488085,226.464269733945
2025-01-29,187.96698866857332,645.4687920453507,418.37248565466507,227.85915429874785
2025-01-30,193.23286189414284,655.7361161475674,392.6565624098075,226.2567419744255
2025-01-31,196.59248757127352,659.5863124903226,393.7791082507865,225.34711233250619
2025-02-03,196.58864518741848,677.2480888203754,395.53828163556864,220.89367469400622
2025-02-04,199.95434581574773,678.5134017094824,393.8750491808314,223.79616207986874
2025-02-05,185.26758782344677,676.1947144358674,393.0252999241584,222.50033087519478
2025-02-06,184.77749713670892,681.1830214979273,394.3647875319002,222.61617655596092
2025-02-07,179.1403094344514,684.5989170719622,389.1738264423657,217.5967193332326
2025-02-10,181.44975571744908,692.2984027152706,394.3336075346815,219.42081083197445
2025-02-11,180.53698460859687,695.29478783171,393.97306021526674,224.43078975537264
2025-02-12,177.85920185703617,696.3972955519057,389.2782441717827,227.1327412366827
2025-02-13,179.74033504213276,697.6305462042437,389.6892955893072,230.9986588106358
2025-02-14,177.583228856397,700.6973797150058,385.1039330380663,232.37648850778896
2025-02-17,177.11692557183142,698.8574678508521,384.09271576247556,231.76630746454066
2025-02-18,176.16743871523704,679.8489044286616,385.37210499746107,231.72819261413315
2025-02-19,178.0572838010903,670.2583661242388,391.5809916934777,232.92992894883537
2025-02-20,178.05677936899883,663.4889974253601,394.6850966170023,234.45636867057328
2025-02-21,171.91707025693904,647.7634222872439,384.23995482365353,232.41507696607005
2025-02-24,171.9693462629857,634.706449057212,381.2116400314244,234.4568657672835
2025-02-25,168.5606335540324,625.4129864833376,375.9393899838378,234.7019395183279
2025-02-26,165.0332555430632,637.0011844352885,375.41640777983775,226.99389145437362
2025-02-27,161.3332171198199,624.4793961969772,369.89584248847314,224.85874490499373
2025-02-28,164.70912512055475,639.6400910459779,377.4692220610086,231.22541394076507
2025-03-03,161.01430476621863,625.9245169764363,368.72292114242555,227.17338320000545
2025-03-04,163.6663886674687,607.3914500087049,366.33250059211423,223.64031507138316
2025-03-05,163.70671615644824,614.6999120904366,372.9813450871734,220.4752511245897
2025-03-06,160.44140950194924,578.8282277272374,363.39705553630483,216.66764286309808
2025-03-07,161.96450459340122,577.1092001390643,360.3524152035825,220.2536062838626
2025-03-10,153.7879624010111,547.8972008484889,345.9746617685887,208.17404354463815
2025-03-11,152.40822856713567,556.0554576014401,346.91549171974475,202.49265209538135
2025-03-12,154.11821613473512,564.8736336240108,347.09271905034257,197.59043088996623
2025-03-13,150.60951511152962,539.8874856085968,343.8973028977816,191.43248434128418
2025-03-14,153.68389241497425,557.4515994262911,353.7806333684275,195.46047974669273
2025-03-17,152.3614530246805,553.6671114278543,353.0744197737895,195.46586230833054
2025-03-18,148.27761113249835,531.1859424675276,347.159950973728,193.59500811535327
2025-03-19,151.28689095553455,531.7476430387796,350.40063166346044,195.5523884801587
2025-03-20,150.54725922785292,534.8620842468808,350.39838514555595,195.0082235221562
2025-03-21,152.4128910467207,546.9848929953878,356.20418154994695,199.8172908448596
2025-03-24,156.08767983718826,568.8146074645047,358.55264603570504,202.4597981491579
2025-03-25,159.1876326534857,577.3869550400523,361.5240221425611,205.84139002714983
2025-03-26,154.2119981573469,564.094145699044,357.3077427778662,204.10291788430368
2025-03-27,152.02884201738016,558.6913795408254,359.379923531651,207.1125417858566
2025-03-28,143.80882485811162,531.8154141989507,346.63896209885206,200.50725865251297
2025-03-31,143.66071495597498,530.3398712188864,342.79127645186963,203.96690459305864
2025-04-01,146.16550741851188,539.461159341583,349.1631906725306,205.0356475209228
2025-04-02,146.45700367799145,538.6954347252613,349.8578185974766,206.11483579401101
2025-04-03,139.25963592176595,485.3704963613127,338.0613822583473,185.12560503701934
2025-04-04,133.14958260895946,455.1847124179203,322.05090845822997,169.5334621885213
2025-04-07,135.22631086419642,468.0829786001559,322.0049340749101,164.18587265246606
2025-04-08,133.65788963389969,465.7576123854851,321.05767452475084,156.99520625119567
2025-04-09,145.9909254305112,531.3150598984867,351.4968645969566,179.9876193744276
2025-04-10,141.19824846376832,496.7892839814922,344.15913021344386,172.80390761311355
2025-04-11,140.92606641709426,480.88956783080357,341.04494197148597,174.934720811465
2025-04-14,141.68259615811075,466.6577042285935,337.9225062320729,177.4481711896351
2025-04-15,139.277138367539,458.05280884155945,336.2130071386928,177.16945335744458
2025-04-16,137.05398105233326,443.0165660468483,325.2535889354185,170.9802409392214
2025-04-17,133.93298629671335,438.24394026523805,318.96054377830296,171.78152888300247
2025-04-21,130.87636598083918,423.54491948026407,311.4500881656568,168.45021319386433
2025-04-22,133.050486580496,432.79063796710034,314.9229312671923,172.43356335822682
2025-04-23,138.29325640451134,456.488581056532,325.9957376529346,179.1425467444933
2025-04-24,141.8802728524115,468.77726375919156,337.9489582526112,182.8286752773547
2025-04-25,143.4072949870506,479.3064393482091,340.5791306989231,182.9074611660899
2025-04-28,142.5162028971754,482.6906539687625,340.8415624563713,184.1248003558303
2025-04-29,141.37766531214584,484.0012107821458,341.36479477527973,183.9917754832677
2025-04-30,140.60199399167414,480.0888861136955,343.01943009195384,185.4386763408702
2025-05-01,143.070920791115,503.2294316390107,371.27405441797237,187.21221976838933
2025-05-02,146.0914787100046,526.368545264886,380.8520824439165,180.6707217418625
2025-05-05,145.95753984417388,527.1049068007487,380.7297835951722,174.57396647513997
2025-05-06,145.3369854251714,517.0354506889344,378.56305091889953,174.392330172921
2025-05-07,134.07963504661166,524.0375801847076,377.6171755282794,171.9602238591824
2025-05-08,137.1100416528643,526.7887365162605,383.0515400528093,173.60617004241794
2025-05-09,136.89659529466098,525.7381501055534,386.342407533175,175.79506443837545
2025-05-12,141.43942251291173,567.1158873616077,395.4241266731733,186.80563947379414
2025-05-13,144.32354313022915,588.8690157704841,400.09517066077024,190.98225945551712
2025-05-14,148.43028415108984,587.0969829870446,400.2344587266143,188.91212023179014
2025-05-15,147.22337069007335,573.4995036964829,401.26758306687407,188.1901863898529
2025-05-16,148.8869731572704,569.7980180188024,401.890244765862,187.84029495850336
2025-05-19,149.3467421254809,570.1395456081627,406.146134579767,185.72039345063786
2025-05-20,146.47755297582808,564.8590787297289,403.8706378942188,183.261058944061
2025-05-21,149.94946028448612,560.7188035776489,397.0073293150199,178.17042347273673
2025-05-22,151.06381850663638,559.5200627340091,397.4937447185821,176.84950595708233
2025-05-23,149.61605346046326,553.5718034680904,395.1246670219116,172.25092006785235
2025-05-26,148.419295183312,549.143858588679,391.96411904040724,170.87310859929494
2025-05-27,152.0517544205377,561.7336255684713,400.5630954538465,174.95482937967063
2025-05-28,152.21420544836565,565.3866722742096,399.47013270072785,175.9321654967962
2025-05-29,153.2433255808919,571.8947339091756,404.3110971087917,177.1353865559213
2025-05-30,151.19837061053113,566.7578979909595,400.63166066758276,175.67001372870436
2025-06-02,149.35800313573054,588.5454156770575,402.9202813328957,176.80286103850813
2025-06-03,145.7407384913331,579.8784874064404,400.26249274889597,176.62140133601133
2025-06-04,148.09254080021674,601.8512425261943,403.4704177069434,177.29816437184218
2025-06-05,147.97128664858792,596.9673643813512,405.4459898700752,174.80673300532635
2025-06-06,152.00102633805,606.6929017108778,406.6548407670052,177.18010886915
2025-06-09,155.16459156850033,605.9522633289453,410.3515599592356,175.73971183694084
2025-06-10,156.96551970412202,612.1492253273755,408.0403250656127,176.4913450159156
2025-06-11,155.77342515028704,604.4527655100319,409.17635645457267,172.9613849606585
2025-06-12,153.2248462259813,600.0030926810286,411.9983382877472,172.2444431315671
2025-06-13,151.0875604797593,586.2939144214797,405.4315474532832,168.53516776698416
2025-06-16,153.4334442821546,605.559691950657,410.5415954270029,170.86701581874877
2025-06-17,152.8918598931814,601.6201850853686,409.7884557034049,168.55093000102352
2025-06-18,150.9862433591661,603.9526808097798,414.1375953182396,170.3741404309767
2025-06-19,151.05385727415523,604.2231399212142,414.3230523740658,170.45043653843095
2025-06-20,145.18117174819963,590.7529773649003,410.61069494046023,173.7488689166821
2025-06-23,143.8412694150138,605.3877168799991,418.44063031746373,174.36154665532013
2025-06-24,144.11002398433538,612.0102116422822,418.407423926903,171.8560376485566
2025-06-25,147.16427238002507,608.2932085117536,419.7737043728375,172.74053720317806
2025-06-26,148.77118063681974,619.4230489529109,421.5949520094673,171.20643954647494
2025-06-27,151.93619655005932,625.4020092397695,420.0107703629328,171.15051321957253
2025-06-30,150.73188585586104,627.3133372574521,419.98982567022904,174.10697205414544
2025-07-01,149.56245013700027,608.1785498582576,413.35926602788277,175.46230042972638
2025-07-02,151.7354303057482,602.4620848153099,411.9108811173446,179.08390371615224
2025-07-03,152.47062817622282,607.3273135072086,418.5990521578642,180.10038435560637
2025-07-04,152.84306242401817,608.8108090097667,419.6215482607731,180.54030876581874
2025-07-07,150.193349841491,607.7721846249333,418.3491922345347,177.35676082842838
2025-07-08,148.72181519568312,612.0337335677141,418.99828510770567,178.0762544883546
2025-07-09,150.99850077572682,622.9536547739735,425.2451228834434,179.2172414932611
2025-07-10,151.79694841637684,617.896029139054,423.2923350258752,180.19374344484277
2025-07-11,154.38801496406177,611.1094094369437,425.87705564616226,179.56835762629544
2025-07-14,155.9403625465302,615.0987374591023,426.3753829043162,177.72185724964856
2025-07-15,156.39938523187084,606.9357826105552,429.32975871398594,178.38068917850978
2025-07-16,157.76829370921587,603.5926642019258,431.3379097179986,180.18620441717485
2025-07-17,158.18018801262497,600.8365007958673,435.4606242131922,179.62723865691714
2025-07-18,159.52007342841262,604.3479826503171,434.81405220918896,180.93460484804746
2025-07-21,163.77454557067722,611.0019321663276,434.251846299263,181.80947315705725
2025-07-22,163.69921939515007,600.7142048880196,427.82722747675143,182.4516338940084
2025-07-23,162.56770867440628,605.877357569414,426.7072702127407,181.54623613293552
2025-07-24,163.513308166991,605.1035028153565,429.6483670537382,180.6752766941445
2025-07-25,164.5114418973526,604.239433698749,432.6947368204219,181.05553049254013
2025-07-28,163.94236217871912,608.4005271633214,431.6502178261471,181.18883228496088
2025-07-29,168.79165471670785,601.6451131391441,437.6678471087689,181.30397849326528
2025-07-30,170.3324279044573,599.8979886165362,439.9780192878661,180.11035775976416
2025-07-31,168.15128544667368,674.5028921530611,462.2115016043317,180.7377728446645
2025-08-01,165.69547371781664,654.391507369699,454.2993050934747,176.3053014384932
2025-08-04,168.35364336287603,667.8649459574372,457.76435724878684,174.65911998657975
2025-08-05,168.02080940959422,656.903862824809,451.1208442368661,174.328148505203
2025-08-06,169.46977965941824,664.5280091220593,448.9111853474169,183.28115002636696
2025-08-07,168.55682544294268,651.0591857291547,442.19703762242716,187.74631818494527
2025-08-08,172.46710920559417,656.6840118849068,442.70408102322835,195.47292273299536
2025-08-11,172.4984946669565,655.3666571565373,443.5653157478555,194.3207607696877
2025-08-12,175.1064859503458,677.7317577563736,451.05807806539815,196.93228903875024
2025-08-13,173.2632492901903,665.8625667263113,441.45050174742937,199.08372786684777
2025-08-14,173.4053059775324,665.5698613553977,441.70621357638447,198.00681945342512
2025-08-15,175.2535431550814,671.7376529275462,442.07625408446984,198.03519218474503
2025-08-18,173.8988059915555,653.3613872499482,437.393420676457,196.50495238932126
2025-08-19,172.93155179005225,641.9294417670608,432.60672181926566,196.86730390575576
2025-08-20,171.34633123397725,640.1335998033173,430.12124316905465,193.41004786975464
2025-08-21,171.5784503908635,632.2529575215958,429.2273889437638,192.3077831219416
2025-08-22,177.38458025413092,647.8263983258512,433.21143560296514,195.40232553789247
2025-08-25,177.99846521335166,641.2165803085954,427.1238067853883,193.28066805706476
2025-08-26,178.35713356212182,646.9335221547226,428.5795923527985,196.64073111257494
2025-08-27,178.25853430031657,640.0138865262852,431.8128292104939,197.29667201941538
2025-08-28,181.68676483662693,642.7363423164934,433.9655753587522,198.92259863991058
2025-08-29,182.15362579795328,630.298329407844,430.2123132633569,197.99206629137188
2025-09-01,181.99403678741783,629.7461104427166,429.83539429129087,197.81860085627613
2025-09-02,180.3096614737342,625.3960121735872,427.62179643891614,195.3535905596027
2025-09-03,197.91331246674872,631.3514456189405,430.7536753252207,204.1868562217387
2025-09-04,198.8319681162102,639.9447748901002,432.08002931674855,204.8785085556301
2025-09-05,201.03798454305252,643.3881100878498,421.17542361826963,204.86369260336687
2025-09-08,199.39124777421966,640.1704394114495,421.8623167869009,202.34021749753083
2025-09-09,203.34139323742875,648.474598547873,420.0331190892575,198.38966311163404
2025-09-10,204.17101051787085,640.4677741271444,424.076967749319,193.07882190628152
2025-09-11,205.19877987401924,639.5104437825212,424.59457692931755,195.82574930227202
2025-09-12,205.16121252752782,641.7877154593589,430.9755324777507,198.73333392228233
2025-09-15,214.13435748181473,649.9828436935422,435.897138966262,201.10775486734747
2025-09-16,213.16812723060139,660.041271793074,429.18843024387024,201.69909579840896
2025-09-17,209.9156644657487,651.3008495527611,426.11450486323156,200.5747175494762
2025-09-18,212.80714912305666,657.6006983253828,426.42165144010323,200.40390279582152
2025-09-19,215.9054189344124,657.9874989773525,435.67183074851346,207.44226447879373
2025-09-22,214.89530525023656,650.2328342631372,434.73972053562466,217.37971475372615
2025-09-23,213.27110913054184,638.4503381018876,427.98996365105813,214.80539495970515
2025-09-24,209.22207778565917,642.1676462741889,428.27743360650675,212.77424944653103
2025-09-25,209.39540969413247,636.0052624254276,428.187716848146,217.90701271700073
2025-09-26,211.38770723053312,636.0592382910254,434.9623916698911,218.23291240296385
2025-09-29,208.16445634918637,633.2908491582202,435.93309831176157,216.50887353236612
2025-09-30,207.0639022850728,624.3690074490223,437.9028591589813,216.2503449281503
2025-10-01,208.6774211539505,609.6526092448767,439.22592378008267,216.86529148226873
2025-10-02,209.46575638089962,617.9992124692726,435.93716127984226,218.32483398294062
2025-10-03,209.64253802821622,604.443233628117,437.6315671373741,219.24760626041098
2025-10-06,214.17760033473132,609.4383034490711,447.6050277407194,218.35277614696315
2025-10-07,210.48718815542816,607.3550671265693,443.8012255789363,218.2150215077345
2025-10-08,210.06367543724082,614.3305372338,446.6620235457958,220.6082956595128
2025-10-09,207.6857693297934,628.9627608223564,445.44235949865833,217.59438405185392
2025-10-10,204.7921347615902,608.1994171705519,438.15565972587865,211.2726501207071
2025-10-13,210.30376836545656,615.2544868933546,439.43899719500223,212.67008625251492
2025-10-14,212.2869242845136,611.066979266332,440.37853540897777,213.41870442245818
2025-10-15,216.3839623594231,616.8519830951263,438.91406482042294,214.11518849218737
2025-10-16,215.71113554299882,609.8257495264952,435.7039677751909,211.68848777926723
2025-10-17,216.35713342151575,611.1834475615251,435.38996721226795,214.8461878894068
2025-10-20,219.90281014361608,626.4407854047204,439.69509428833044,224.12677768856884
2025-10-21,215.2837536763418,628.0841091890688,440.92829734996485,224.8310901869736
2025-10-22,217.1241504285399,630.588666762771,445.06444553855545,221.97426970515335
2025-10-23,218.00406263304922,630.6567349489342,444.77171572547377,222.78957899691704
2025-10-24,223.64495960645945,633.8799903408544,447.0090156930637,225.38449155885246
2025-10-27,231.45995656846935,643.8204474808445,453.2293827912217,230.2507916741597
2025-10-28,229.7775235648005,643.2429240738857,461.42967085878627,230.01688682884924
2025-10-29,235.42348456085892,643.1023933466058,460.7453191910172,230.4945166639518
2025-10-30,242.3144906735979,572.8872061949369,449.4128202300635,233.03709113999503
2025-10-31,242.89224586528144,558.7988348826184,443.7985123980907,232.772274025745
2025-11-03,245.8181966910779,551.7465909530001,444.83772007963853,232.52843279564695
2025-11-04,240.76095760908902,543.1763454737411,442.8564516840379,233.5643677340795
2025-11-05,247.27490828016562,552.2598975162546,437.96052968446384,234.33449542038943
2025-11-06,247.54537881422948,536.9636354114118,428.85406895500637,233.78503156729494
2025-11-07,241.55049375956878,536.9173776218668,426.66608969215304,231.601903103292
2025-11-10,251.07105629842408,545.8487994528186,434.750532484577,232.76285439459753
2025-11-11,251.77368262780874,541.1797853081662,436.54867866200584,237.51630069060775
2025-11-12,247.40622255098242,524.2122269273095,437.5140715945199,235.36396492523636
2025-11-13,240.15590401992995,524.7568153616339,430.62008394692384,234.82115314464863
2025-11-14,237.49974009451762,522.5936153138537,435.0225108083923,233.55513687406892
2025-11-17,245.2414142018206,516.943973051475,433.3479250481887,229.6392644621701
2025-11-18,245.21481131324072,514.331364319256,422.55062250684205,230.11286043240943
2025-11-19,252.32934947390095,508.40133342789704,417.1810805616951,231.2640065348296
2025-11-20,250.6134471375699,509.1742183723982,411.94613601655146,230.0793693466876
2025-11-21,259.10814249778014,513.8545512956625,406.7287704171122,234.73200987782548
2025-11-24,276.0266606065652,531.3523817834648,409.3045549485305,239.1208397095379
2025-11-25,280.2042179945165,550.8380578124852,411.4409082885468,239.77117687000646
2025-11-26,276.2218552061495,546.4550038067209,417.16046795782313,239.34322756098481
2025-11-27,275.333788566968,544.6981245100687,415.8192768543813,238.57372749534989
2025-11-28,275.2504980503727,557.1357075719716,421.478051914517,239.7384487812924
2025-12-01,270.9136209677363,550.9713095971674,416.9054907360478,243.35846873304217
2025-12-02,271.5423469878442,556.0304880799813,419.47379524582357,245.88340690301993
2025-12-03,275.015265194681,548.6290935984725,408.25776435925945,243.70565346782678
2025-12-04,272.19106106521394,565.5463900992436,409.54418031684327,239.94327154886378
2025-12-05,275.9227817088031,576.900029009601,412.37001005980164,238.7941499310091
2025-12-08,269.6132800992018,571.3551827703413,419.17104393502086,238.08445795289663
2025-12-09,272.41421095103215,562.8648010127945,419.9807319471056,237.45127405375024
2025-12-10,275.511253140161,557.6419235963695,408.9527529971565,239.09162448768257
2025-12-11,267.5676069399178,556.3654711951785,410.5735857540294,236.9622244361599
2025-12-12,263.99365568066423,547.3508985080989,405.0564758526598,236.40377917242586
2025-12-15,263.0136093149322,550.6703593256607,401.97741697985293,232.89679199588318
2025-12-16,261.2838788545996,558.0617981234354,402.72433607856874,232.98477423637996
2025-12-17,253.18342740355547,551.8051757060312,402.67111623489654,230.7349628918164
2025-12-18,258.17437304746454,564.8513233963313,409.56869962288147,231.17322601982414
2025-12-19,262.6778580606315,560.8184318472813,411.7946669758094,232.7604372079586
2025-12-22,265.3907292085132,563.9877476939873,411.5639877079375,230.8099348423566
2025-12-23,267.7756059274543,564.1328600150591,411.1701432058835,230.8531263257173
2025-12-24,267.09607643626805,564.9277995894663,411.1253018663774,231.50049367504835
2025-12-26,266.7247559792886,561.806081090428,411.217975921958,231.35290854310733
2025-12-29,266.5276401369538,558.5082255608831,411.14411885248046,231.90599801446479
2025-12-30,266.6601216843901,564.657375435836,411.46003002239013,231.32722687719252
2025-12-31,266.6036815223706,560.9076566901822,409.09098872437426,230.79532336014017
2026-01-02,267.8226810104461,552.5327806557034,399.9487752196728,230.01155455128537
2026-01-05,270.57605214498835,561.8416014683025,401.4373134344314,227.7164244022897
2026-01-06,267.9786458737999,562.9076927495589,405.8858922133968,223.34517022741238
2026-01-07,275.3194340587743,554.0049724549317,411.0299766249136,222.12330408445268
2026-01-08,278.6497167811176,552.3005957423884,406.87214926500747,221.2396581479843
2026-01-09,281.78163062623935,559.1908568640938,408.52981405099854,221.88104127330007
2026-01-12,285.6918967736801,551.3097531014828,407.93470932771015,223.2879149703167
2026-01-13,287.7977288280508,539.9567082313879,400.877456549586,223.1437888719338
2026-01-14,288.2992376973998,527.7410582958619,392.0832348511758,222.67870024747026
2026-01-15,285.50582333495913,532.094563611332,389.63463454911107,221.10758636803985
2026-01-16,283.9991505738981,533.3319980833548,393.6261553103104,219.51603353842984
2026-01-19,283.6101129028557,532.6014105516406,393.08694453304633,219.21532839099655
2026-01-20,276.2496695158243,518.1175929673118,388.0480933084218,211.38187418772122
2026-01-21,279.4529431090068,521.7220002588692,376.2920099259027,210.5905108057932
2026-01-22,282.870483624838,553.8237351887074,384.0461456520734,212.17893462127904
2026-01-23,278.85957437657635,559.4290205160578,393.89868732628383,210.44224654068057
2026-01-26,280.7603900356098,565.9781099531028,394.07763499260363,214.79748195524007
2026-01-27,281.5191359737073,565.6317491437658,402.0973760189081,216.87299738745787
2026-01-28,279.27546717686164,555.4660226859341,398.2426140489242,212.80705056710576
2026-01-29,282.18826609291864,615.3026831328461,359.6388510316938,215.04746051848997
2026-01-30,282.3637440573839,597.7271553849823,357.33497965899005,216.26397417239787
2026-02-02,290.5064688856655,595.1060767706367,355.0464007110713,227.25369496919302
2026-02-03,288.1963484431162,585.2064096319991,346.32390085959923,227.77778836585458
2026-02-04,281.55467291438254,565.1581521907356,348.31918946970836,233.35826465223727
2026-02-05,280.20083752726714,566.8845706932698,331.46943207018194,233.15495333165381
2026-02-06,273.7922947698826,560.6126148285693,338.4407868626113,235.49674091140332
2026-02-09,273.78015421668897,571.6442975984319,347.53947422121564,231.80775056439597
2026-02-10,267.1423802801655,562.4349974808865,344.9788510661165,229.49530755613523
2026-02-11,261.3389130095693,561.4136578850485,337.959393781819,231.3020005588005
2026-02-12,259.99006993028524,546.1852396549875,336.22824320969266,219.99194948065997
2026-02-13,257.33969700803027,538.0911561301509,336.0085259435582,215.1286444498719
2026-02-16,257.36106919628037,538.1358448649953,336.03643161669606,215.1465109894716
2026-02-17,255.0477027295983,538.5298220085133,332.79485578304957,222.28901946277801
2026-02-18,255.94852924346924,541.7504825592041,335.03698539733887,222.6480073928833
2026-02-19,256.9948954633346,545.9671835592053,336.63348183872404,220.64581088858904
2026-02-20,267.04168395574925,556.1092372939675,336.1561305931991,224.40785907373538
2026-02-23,262.85436129715526,537.4983850190474,323.5544234875488,224.51343551458558
2026-02-24,263.1142192518928,541.0972732972041,328.50182872953883,230.33647324373123
2026-02-25,265.31840751690106,554.1511843426197,338.83243003975986,232.4722465172199
2026-02-26,259.4548108952731,555.0834148875583,338.6314467288539,230.60516081582318
2026-02-27,263.3406336728949,548.1861352734559,331.4020206066489,223.42512844099838
2026-03-02,260.0136254946683,554.784717022776,337.55100846569803,224.7115664322846
2026-03-03,259.00660238391356,559.0307162210229,343.92599966695707,225.07822814610336
2026-03-04,260.8086651741851,573.9984478828264,347.53366162379825,225.6689859244525
2026-03-05,258.1060217325394,566.7028224752139,351.5261535467671,223.30254195317502
2026-03-06,256.47461005623336,554.5383346032904,350.884811302516,221.3989426610351
2026-03-09,265.22663271154306,560.8111494644108,353.8560998465982,225.12471578740224
2026-03-10,263.87206859712023,562.0144447141502,347.8644528237055,224.1198988891847
2026-03-11,265.2885705344488,562.9808678463596,347.2874294120993,224.21724489481494
2026-03-12,262.345544675718,551.8773290295212,346.7301876584861,221.17273955842393
2026-03-13,261.31913240607173,531.7088325205259,341.92405168056575,216.69993415356294
2026-03-16,265.88255336669135,548.1969420792666,348.3446079108944,220.6972479257047
2026-03-17,268.7266479406844,540.9637538810966,345.9250905363315,220.68457858111196
2026-03-18,265.1047455394728,533.0481234859617,338.15094829796,216.2096752204452
2026-03-19,266.3427251828871,528.710129791165,337.9570046635454,216.7710179885271
2026-03-20,257.7543318450662,512.2930983249062,328.5051257634823,213.81731747088725
2026-03-23,258.3409449226019,522.0522233432894,329.9731368348748,217.16137918911681
2026-03-24,248.84598035144518,510.35129849936493,319.83429607356993,216.41172510912202
2026-03-25,249.01953954054625,511.7141253289119,318.16864905058355,217.11330539761911
2026-03-26,242.51974393364435,473.1506807932601,315.2644752633114,218.3450302624442
2026-03-27,237.03139809990535,455.33512315771077,308.04272286572086,215.30547241558816
2026-03-30,237.38116962149434,466.3096234594923,311.0955198659394,214.22772468170479
2026-03-31,250.00115703027586,498.77836258129537,321.7066534933583,221.0626481672516
2026-04-01,254.47218912292556,499.98554434568723,317.84393676162836,220.46832355411243
2026-04-02,253.73371740278344,495.16795937307324,320.9096105082699,220.40677668554417
2026-04-03,254.807138321803,497.2627682595703,322.2672191562651,221.3392079257028
2026-04-06,258.2867553034084,497.38455003924537,322.65433953438514,224.4994906584343
2026-04-07,263.0140623174102,497.79646239900103,321.27247259649084,219.25633705145356
2026-04-08,268.9801111469569,523.5502871689969,319.01386242923036,221.14089387908462
2026-04-09,271.00508397227713,538.4585225086885,318.68322537668246,223.01905407583035
2026-04-10,269.7104365299165,538.2455636415398,315.9395955852815,222.40207895392086
2026-04-13,273.0680269138247,542.984432456411,327.89181531956456,221.6145119110588
2026-04-14,280.54272911249427,562.3964668702683,332.67737689529895,219.5360446406994
2026-04-15,283.1090286888393,568.6370843995574,347.10234144488095,225.39719432236961
2026-04-16,281.43743192297916,572.6427828116102,354.4398226306039,222.64977155301494
2026-04-17,287.68873075793454,583.8312572414397,357.37363533397183,228.93565596355802
2026-04-20,285.30312780412714,570.8849399187056,354.63308875119765,232.14239312122118
2026-04-21,280.0797239867461,567.0387261186261,358.4809492556269,225.464195160057
2026-04-22,287.210926167827,573.9785983695183,367.1349328151118,232.18447245119023
2026-04-23,288.1657247486146,562.5641189798262,353.7251503524294,233.16421061147594
2026-04-24,292.6186616326013,577.2097391057614,361.95695833586797,231.58154965124413
2026-04-27,297.34411622926746,579.160788046338,361.42930072222407,228.19324989581764
2026-04-28,296.04353927508055,572.1160551651337,364.6681287459087,230.50156309897102
2026-04-29,296.02387748855836,570.4982592565502,360.7721380685107,230.15235208760714
2026-04-30,326.4633360621865,523.1998948192995,347.57773283583083,231.81308633678054
2026-05-01,326.3173496774507,518.5275166640167,351.91712606647707,238.41629331350305
2026-05-04,323.3372015124478,520.0512513892427,351.2949678141813,235.64901946271493
2026-05-05,328.25149373290515,516.9371376559684,350.4290787521677,242.62333502605543
2026-05-06,336.850200820576,522.6393447108567,351.90944044944627,244.96700541673817
2026-05-07,336.07852653403825,524.5733001119697,356.73479551025594,244.2474136810688
2026-05-08,338.0224111450425,519.1674272543278,352.4201100431128,249.58057793776243
2026-05-11,328.2276800615364,508.38015164918033,349.221969935752,248.4758901744499
2026-05-12,325.41756376235935,511.4127291392506,344.75882120019924,250.04007092334723
2026-05-13,339.6049711944215,524.9562020315752,343.8939161611961,254.4536417909203
2026-05-14,338.5728000601375,527.3597868456818,348.0502962094106,254.31184957510595
2026-05-15,336.8424920254747,526.202246411056,360.3277300980535,257.21939873878
2026-05-18,338.04466022961424,525.7645218696271,363.1961182792147,256.2192591842413
2026-05-19,329.827594882001,516.5546130944858,356.6967067419537,256.29223581124825
2026-05-20,331.1922793532667,520.8007314581919,361.2958832204786,260.1760939893975
2026-05-21,329.44477988188737,521.9783864366291,359.8196345786,262.12325898613926
2026-05-22,326.04845216862304,524.6424879083788,359.50272598932133,265.51061905599636
2026-05-25,325.45736940536153,523.6913803983916,358.85099504790924,265.02928338535276
2026-05-26,330.2796766999563,525.6965583296478,356.82286367713823,264.7196587985709
2026-05-27,330.2864734612449,545.3988842752697,353.9575301323184,266.8956713840962
2026-05-28,331.933529488535,546.3131632874611,366.83678890054216,268.7580814832181
2026-05-29,322.6334143571439,542.2921833237633,385.6519742280361,267.5666624350124
2026-06-01,319.4415353468539,514.9961194728894,394.5905696636419,262.72523113096577
2026-06-02,307.62974946538816,513.1515294652963,378.566808970234,270.6620780760459
2026-06-03,305.6552068473684,535.534332724128,367.0052734467754,266.7269724500875
2026-06-04,317.6805369457088,540.069438528466,368.0166376069192,267.8531934715047
2026-06-05,314.5732484641776,510.17726690269774,358.1328451233858,264.43163640214334
2026-06-08,313.2416630683565,507.56616303615374,356.661254954588,261.46902443720137
2026-06-09,314.05372169061775,506.61553895487305,349.2684119631904,251.81170289658257
2026-06-10,306.09438867974313,494.5242420082868,343.8241170555448,252.55288848336932
2026-06-11,308.8942010622741,492.3042946574751,337.74214099162054,256.0548915335821
2026-06-12,309.1993775017145,489.337784625488,336.9104132832217,251.27886608542758
2026-06-15,316.1847919214415,511.4847921176115,343.88181753556273,255.2464856162187
2026-06-16,319.8661100728423,517.681151106477,339.0401265274286,257.87210553863224
2026-06-17,311.6852410326919,488.8736806500274,325.7532976352504,254.69094631339794
2026-06-18,319.1192218827491,501.609910358442,329.0828688663023,258.75050365782226
2026-06-19,320.47794834279193,503.74563459906494,330.4840179379171,259.85219585234154
2026-06-22,304.07476219843375,491.89706453198596,319.86159162352124,258.8852917660006
2026-06-23,302.6615423729145,491.98683613672983,326.6237401330327,257.32292482754565
2026-06-24,303.01409663280356,490.0636474143903,320.55184413200186,257.32795277302284
2026-06-25,301.18145611882755,478.12187631372217,310.16405250988646,242.12403357553194
2026-06-26,294.3863031492019,484.3025485724211,327.6527399601746,249.55374207935165
2026-06-29,308.32905764323186,494.1315648346135,323.1067876954712,247.23901401435614
2026-06-30,309.1397048291856,493.1603889242215,325.96537356740737,253.11638672944173
2026-07-01,313.36903292427996,537.0133186497005,336.0619637404143,257.7046717394769
2026-07-02,312.83993279615606,512.3049895938238,342.55286732566856,271.0180679926834
2026-07-03,311.6154817520073,510.2998351564602,341.21212027869115,269.95730713210287
2026-07-06,318.8250705556129,524.8335296212463,337.49143432010897,273.1230977093219
2026-07-07,317.5940642668684,538.010778701926,339.20371238235384,271.27976908789606
2026-07-08,314.34871934398507,528.8759341290206,335.51923947507566,274.57490236231934
2026-07-09,311.6857565786522,552.8607376549335,335.87489136421755,276.6120521819248
2026-07-10,310.3184106206754,585.3111443629023,336.1871242097113,275.55069470976014
2026-07-13,307.2855135480495,575.8536892613047,342.19539888267536,277.9935105294644
2026-07-14,313.67502006641007,580.6575350443491,337.4871988460691,276.33470882809706
2026-07-15,323.83455145007247,596.3506341706343,345.6442609068563,286.41374058766996
2026-07-16,308.25849343143636,579.3592256958655,349.02993880839495,290.29237181393546
2026-07-17,302.2330640292348,564.4641652964638,343.4615259627899,291.3606965796207
2026-07-20,307.27384667049773,565.1639225406252,351.37045151324855,285.54282654841154
2026-07-21,302.9964959326826,563.8488045804042,347.6949039236424,286.78735349454655
2026-07-22,299.6263633870658,549.9653688398139,341.64600566318404,285.5267059928192
2026-07-23,278.77717127390315,531.1193617446188,333.74645293066897,281.62457900473055
2026-07-24,280.29174257682644,523.1600970049512,334.87627063671425,292.46567432647134
2026-07-27,286.40535803960483,521.1684226237921,340.82477114703215,295.4107031392523
2026-07-28,292.3485308609088,521.9337301081396,345.320910080045,298.85958426020807
2026-07-29,294.68319645399606,514.3002432052017,342.33947450216147,296.7526705620803
2026-07-30,290.79684179700416,470.0611302113539,392.642609204524,290.5170608669305
2026-07-31,309.2964994493741,483.1073809207737,402.52160855961847,267.8380236522571
2026-08-03,322.44278505789043,511.29537887535116,421.63306031083266,262.6111041821787
2026-08-04,325.9712679150689,510.92572483507684,427.4521297335159,268.6226298463298
2026-08-05,312.07334359394736,510.53427555190865,421.89210510943667,269.44196220323647
2026-08-06,308.3652424702668,510.41099106111506,431.6911710641034,270.0798315341308
2026-08-07,306.5069152837168,513.7651374095731,433.0261149558828,271.64215385073476
2026-08-10,307.715702672067,514.7961756000186,437.08104668981105,266.7435599347373
2026-08-11,296.8692704017958,518.8798377043931,435.5148410317597,264.073398491224
2026-08-12,296.39242661159915,501.4403716519955,425.7758054547103,261.8301092237234
2026-08-13,298.10562191670397,516.0174401005934,430.1342829954756,264.75199852218793
2026-08-14,297.62161025925707,511.3409596423953,428.65531654985716,265.21071884902267
2026-08-17,294.8248153602435,491.5957309521327,414.24737885643117,264.0328055200116
2026-08-18,294.45290175219816,469.3774656945643,415.0339479426875,267.6643914335127
2026-08-19,294.9006933046767,471.5515418408322,417.4642422895049,273.6143813591116
2026-08-20,289.5209383435067,467.56891672492566,412.1627143700189,266.6657998123301
2026-08-21,292.2081585216147,470.48895410595287,413.45529640556197,264.67676734402266
2026-08-24,294.79488273694005,478.5490958231967,417.1617304740066,265.6665583636932
2026-08-25,294.0583513683305,488.54425221576093,421.405306949473,265.59049911744296
2026-08-26,290.26766081384267,493.49271701966063,425.16570852466975,268.48560114034626
2026-08-27,289.57054385340416,490.0094866430227,433.3465254900402,269.9127724008267
2026-08-28,293.9659045171502,495.8833883164334,440.5574241814029,274.2706479726985
2026-08-31,289.23415691847913,493.8664886989427,437.7354780664391,273.406703386303
2026-09-01,285.61270496065845,497.9840561705496,431.2579524794055,279.85889439543826
2026-09-02,287.66511431039726,511.2738161749221,428.4575719947643,280.24549511232
2026-09-03,292.49038975177973,527.1145511206923,440.3151822048385,283.29774086936595
2026-09-04,288.3565297362584,530.4036973914481,429.7270062876851,275.16459349108845
2026-09-07,288.71196135236096,531.0574791647377,430.2566927992666,275.5037645729717
2026-09-08,288.701908377614,531.0389876987028,430.2417112250805,275.49417150874615
