Date,MSFT,META,GOOG,AAPL
2021-09-07,288.09088134765625,378.85308837890625,144.15362548828125,152.83090209960938
2021-09-08,288.11968994140625,374.283203125,143.52407836914062,151.28981018066406
2021-09-09,285.27899169921875,374.7095031738281,143.5538330078125,150.2754364013672
2021-09-10,283.8009033203125,375.39349365234375,140.58938598632812,145.30105590820312
2021-09-13,285.0294189453125,373.2323913574219,142.11888122558594,145.86676025390625
2021-09-14,287.71661376953125,373.25225830078125,142.06045532226562,144.47195434570312
2021-09-15,292.54412841796875,370.6650085449219,143.8435516357422,145.35951232910156
2021-09-16,292.92803955078125,369.81243896484375,143.01889038085938,145.12545776367188
2021-09-17,287.7934265136719,361.54510498046875,140.13616943359375,142.4626922607422
2021-09-20,282.44769287109375,352.6036071777344,137.71261596679688,139.41958618164062
2021-09-21,282.9276123046875,354.3681335449219,138.3362274169922,139.8974609375
2021-09-22,286.5552673339844,340.22235107421875,139.61610412597656,142.25791931152344
2021-09-23,287.4959716796875,342.9483947753906,140.49578857421875,143.2137451171875
2021-09-24,287.2943115234375,349.8874206542969,141.29470825195312,143.30152893066406
2021-09-27,282.3229675292969,350.5020751953125,140.17332458496094,141.78970336914062
2021-09-28,272.1019592285156,337.6846008300781,134.90623474121094,138.4149169921875
2021-09-29,272.5625,336.6536865234375,133.25885009765625,139.31227111816406
2021-09-30,270.56640625,336.435546875,132.01512145996094,138.01504516601562
2021-10-01,277.4571838378906,340.0240478515625,135.1820831298828,139.1366729736328
2021-10-04,271.7084655761719,323.39013671875,132.50991821289062,135.71315002441406
2021-10-05,277.1308288574219,330.0615234375,134.8992462158203,137.6346435546875
2021-10-06,281.3055725097656,330.73565673828125,136.0652618408203,138.50274658203125
2021-10-07,282.9756164550781,326.35406494140625,137.87957763671875,139.7609405517578
2021-10-08,282.9756164550781,327.1768493652344,138.74185180664062,139.38052368164062
2021-10-11,282.3805847167969,322.616943359375,137.54473876953125,139.29273986816406
2021-10-12,281.0848693847656,320.9515075683594,135.43026733398438,138.02479553222656
2021-10-13,284.37677001953125,321.71484375,136.60609436035156,137.43955993652344
2021-10-14,290.5574035644531,325.6700744628906,140.08514404296875,140.21932983398438
2021-10-15,291.9586181640625,321.93292236328125,140.345703125,141.27273559570312
2021-10-18,294.91455078125,332.4208068847656,141.61912536621094,142.940673828125
2021-10-19,295.8167419433594,337.03033447265625,142.47254943847656,145.09620666503906
2021-10-20,295.02972412109375,337.8134460449219,141.0787811279297,145.5839080810547
2021-10-21,298.24481201171875,338.9039001464844,141.44081115722656,145.7984619140625
2021-10-22,296.70928955078125,321.7841796875,137.3242950439453,145.0279541015625
2021-10-25,295.72076416015625,325.8287048339844,137.47091674804688,144.97915649414062
2021-10-26,297.6210632324219,313.0608215332031,138.3614959716797,145.64242553710938
2021-10-27,310.155029296875,309.5020751953125,145.05360412597656,145.18397521972656
2021-10-28,311.2875671386719,314.16119384765625,144.75790405273438,148.81239318847656
2021-10-29,318.2648010253906,320.7532653808594,146.8793182373047,146.11058044433594
2021-11-01,316.1053161621094,327.1075134277344,142.4249725341797,145.29127502441406
2021-11-02,319.7139892578125,325.2240295410156,144.4944305419922,146.32516479492188
2021-11-03,320.5489196777344,328.7332458496094,145.41268920898438,147.75897216796875
2021-11-04,322.89068603515625,332.9263610839844,147.28794860839844,147.2420196533203
2021-11-05,322.52593994140625,338.1604309082031,147.84071350097656,147.7694854736328
2021-11-08,323.41845703125,335.6722717285156,147.95016479492188,146.9490203857422
2021-11-09,322.4203186035156,332.4505310058594,147.84814453125,147.3103790283203
2021-11-10,317.4778137207031,324.787841796875,145.25025939941406,144.4874725341797
2021-11-11,319.0420837402344,324.8869323730469,145.37109375,144.43861389160156
2021-11-12,323.15936279296875,337.92254638671875,148.2414093017578,146.50942993164062
2021-11-15,322.53558349609375,344.5344543457031,147.986328125,146.5191650390625
2021-11-16,325.8370361328125,339.9744567871094,147.67727661132812,147.4959716796875
2021-11-17,326.0581359863281,337.8035583496094,147.66339111328125,149.92822265625
2021-11-18,328.1253662109375,335.74163818359375,149.294921875,154.20654296875
2021-11-19,329.89447021484375,342.2941589355469,148.54551696777344,156.8243865966797
2021-11-22,326.7408447265625,338.0414733886719,145.69851684570312,157.28347778320312
2021-11-23,324.673583984375,334.3141174316406,145.38003540039062,157.6644287109375
2021-11-24,324.8947448730469,338.09100341796875,145.3408660888672,158.18214416503906
2021-11-26,316.981689453125,330.2200927734375,141.466064453125,153.17115783691406
2021-11-29,323.6640319824219,335.0874328613281,144.74302673339844,156.5215606689453
2021-11-30,317.8566589355469,321.635498046875,141.1154022216797,161.46417236328125
2021-12-01,317.3663330078125,307.89617919921875,140.2892303466797,160.9464569091797
2021-12-02,316.7989807128906,307.68804931640625,142.42745971679688,159.9598846435547
2021-12-03,310.5686340332031,304.16888427734375,141.18325805664062,158.08444213867188
2021-12-06,313.62615966796875,315.1029052734375,142.44729614257812,161.48367309570312
2021-12-07,322.0199890136719,319.9998474121094,146.6475067138672,167.2076873779297
2021-12-08,322.0679931640625,327.6824645996094,147.32510375976562,171.01719665527344
2021-12-09,320.2699890136719,326.9488830566406,146.71636962890625,170.50929260253906
2021-12-10,329.3464660644531,326.8794860839844,147.28001403808594,175.28578186035156
2021-12-13,326.32733154296875,331.5782470703125,145.32798767089844,171.66189575195312
2021-12-14,315.69342041015625,330.8347473144531,143.61026000976562,170.2846221923828
2021-12-15,321.7602844238281,338.68585205078125,145.9857635498047,175.1392822265625
2021-12-16,312.3858337402344,331.9846496582031,143.47950744628906,168.26266479492188
2021-12-17,311.3282775878906,330.88433837890625,141.4630889892578,167.1686248779297
2021-12-20,307.5881042480469,322.616943359375,141.0653839111328,165.81088256835938
2021-12-21,314.6838684082031,331.2908020019531,142.86729431152344,168.9757080078125
2021-12-22,320.36614990234375,327.57342529296875,145.57022094726562,171.56422424316406
2021-12-23,321.798828125,332.3216857910156,145.7619171142578,172.18939208984375
2021-12-27,329.2598876953125,343.1664123535156,146.6747283935547,176.14537048339844
2021-12-28,328.1061096191406,343.2060852050781,145.0738983154297,175.12950134277344
2021-12-29,328.7791748046875,339.95465087890625,145.1298828125,175.21742248535156
2021-12-30,326.2504577636719,341.36224365234375,144.63259887695312,174.06483459472656
2021-12-31,323.3659973144531,333.4219970703125,143.32200622558594,173.44943237304688
2022-01-03,321.8565368652344,335.593017578125,143.71328735351562,177.7864227294922
2022-01-04,316.3376159667969,333.6004333496094,143.06146240234375,175.5299835205078
2022-01-05,304.1940612792969,321.34808349609375,136.36192321777344,170.86090087890625
2022-01-06,301.79034423828125,329.56591796875,136.26036071777344,168.00863647460938
2022-01-07,301.94415283203125,328.90167236328125,135.71902465820312,168.17474365234375
2022-01-10,302.165283203125,325.214111328125,137.27378845214844,168.1942596435547
2022-01-11,302.8480224609375,331.4592590332031,138.70376586914062,171.01719665527344
2022-01-12,306.01123046875,330.35888671875,140.31893920898438,171.45675659179688
2022-01-13,293.0600280761719,323.6379699707031,137.82557678222656,168.1942596435547
2022-01-14,298.2520446777344,329.0107727050781,138.47491455078125,169.05386352539062
2022-01-18,290.9928283691406,315.3804626464844,135.01171875,165.85971069335938
2022-01-19,291.6466369628906,316.8079528808594,134.37921142578125,162.37255859375
2022-01-20,289.9833068847656,313.8043518066406,132.2538299560547,160.6924591064453
2022-01-21,284.6278076171875,300.5308532714844,128.87136840820312,158.64122009277344
2022-01-24,284.9547424316406,306.02264404296875,129.14871215820312,157.8695526123047
2022-01-25,277.3782653808594,297.53717041015625,125.5463638305664,156.07225036621094
2022-01-26,285.28167724609375,292.0652160644531,128.02740478515625,155.98435974121094
2022-01-27,288.29107666015625,292.07513427734375,127.90950012207031,155.52525329589844
2022-01-28,296.38677978515625,299.0835876464844,132.0388641357422,166.37742614746094
2022-01-31,299.0020446777344,310.5330505371094,134.42527770996094,170.72415161132812
2022-02-01,296.8675537109375,316.2230224609375,136.58480834960938,170.55809020996094
2022-02-02,301.38653564453125,320.18829345703125,146.6475067138672,171.75953674316406
2022-02-03,289.646728515625,235.69024658203125,141.31201171875,168.88778686523438
2022-02-04,294.1561279296875,235.02609252929688,141.6741180419922,168.60414123535156
2022-02-07,289.3583679199219,222.95213317871094,137.63438415527344,167.8902130126953
2022-02-08,292.82928466796875,218.2633056640625,137.90679931640625,170.99061584472656
2022-02-09,299.2231140136719,229.9804229736328,140.1257781982422,172.40878295898438
2022-02-10,290.7332458496094,226.08462524414062,137.30201721191406,168.34010314941406
2022-02-11,283.6759948730469,217.6387939453125,132.8715057373047,164.9365234375
2022-02-14,283.63751220703125,215.80490112304688,134.030517578125,165.17123413085938
2022-02-15,288.8968200683594,219.076171875,135.14544677734375,168.99539184570312
2022-02-16,288.5596618652344,214.65499877929688,136.19747924804688,168.76063537597656
2022-02-17,280.1099548339844,205.90187072753906,131.0670623779297,165.17123413085938
2022-02-18,277.4122314453125,204.3653564453125,129.2433624267578,163.62596130371094
2022-02-22,277.20989990234375,200.32089233398438,128.1883544921875,160.71139526367188
2022-02-23,270.0321044921875,196.72247314453125,126.38790130615234,156.55470275878906
2022-02-24,283.8289794921875,205.79283142089844,131.42864990234375,159.16612243652344
2022-02-25,286.44964599609375,208.6477508544922,133.25735473632812,161.2297821044922
2022-02-28,287.8755798339844,209.1929473876953,133.62535095214844,161.49380493164062
2022-03-01,284.1758728027344,201.7185821533203,132.90911865234375,159.61598205566406
2022-03-02,289.22442626953125,206.29837036132812,133.48716735839844,162.90219116210938
2022-03-03,285.11041259765625,201.20310974121094,133.04783630371094,162.57945251464844
2022-03-04,279.271728515625,198.31846618652344,130.88230895996094,159.58665466308594
2022-03-07,268.7217712402344,185.83804321289062,125.27790832519531,155.80162048339844
2022-03-08,265.7735900878906,188.63348388671875,126.08427429199219,153.9824981689453
2022-03-09,277.96142578125,196.7720184326172,132.60995483398438,159.3715057373047
2022-03-10,275.15771484375,193.5106964111328,131.4370574951172,155.0387725830078
2022-03-11,269.83935546875,185.97683715820312,129.2512664794922,151.33200073242188
2022-03-14,266.34197998046875,185.00537109375,125.55181121826172,147.312255859375
2022-03-15,276.6607360839844,190.35838317871094,128.44393920898438,151.68409729003906
2022-03-16,283.6362609863281,201.85736083984375,132.43609619140625,156.08523559570312
2022-03-17,284.43597412109375,206.03073120117188,133.33755493164062,157.09263610839844
2022-03-18,289.45562744140625,214.6054229736328,135.51791381835938,160.37887573242188
2022-03-21,288.2320251464844,209.64894104003906,135.19793701171875,161.7481231689453
2022-03-22,292.9529724121094,214.7640380859375,138.96128845214844,165.1125946044922
2022-03-23,288.54998779296875,211.601806640625,137.20394897460938,166.47207641601562
2022-03-24,292.99151611328125,217.65863037109375,139.98609924316406,170.24728393554688
2022-03-25,292.5869445800781,219.8890380859375,140.1936492919922,170.88296508789062
2022-03-28,299.3504943847656,221.64361572265625,140.6180877685547,171.7436981201172
2022-03-29,303.8884582519531,227.8590545654297,141.9058837890625,175.0299072265625
2022-03-30,302.3951110839844,225.86654663085938,141.30612182617188,173.8660125732422
2022-03-31,297.04779052734375,220.42433166503906,138.3391876220703,170.77540588378906
2022-04-01,298.1173095703125,222.8926544189453,139.3798370361328,170.48202514648438
2022-04-04,303.4645080566406,231.85398864746094,142.2947540283203,174.52130126953125
2022-04-05,299.5238952636719,229.8218231201172,139.73944091796875,171.2155303955078
2022-04-06,288.5596618652344,221.35614013671875,135.8888702392578,168.0564727783203
2022-04-07,290.361328125,221.0092010498047,135.18458557128906,168.35968017578125
2022-04-08,286.1220703125,220.3945770263672,132.7531280517578,166.3546905517578
2022-04-11,274.83978271484375,214.57571411132812,128.57864379882812,162.11001586914062
2022-04-12,271.75665283203125,212.27587890625,127.16999053955078,163.9780731201172
2022-04-13,277.1135559082031,213.1184844970703,129.0635528564453,166.6578826904297
2022-04-14,269.608154296875,208.350341796875,126.05902099609375,161.6600799560547
2022-04-18,270.27294921875,208.9352264404297,126.7603759765625,161.44493103027344
2022-04-19,274.8783264160156,215.4182891845703,129.30624389648438,163.72377014160156
2022-04-20,275.8996887207031,198.67532348632812,127.04220581054688,163.55747985839844
2022-04-21,270.55230712890625,186.43284606933594,123.76522827148438,162.7652587890625
2022-04-22,264.0199890136719,182.50729370117188,118.49169158935547,158.2369384765625
2022-04-25,270.4656066894531,185.36224365234375,122.09358215332031,159.3030548095703
2022-04-26,260.34912109375,179.37481689453125,118.38470458984375,153.3565216064453
2022-04-27,272.8743591308594,173.42701721191406,113.94129180908203,153.131591796875
2022-04-28,279.05010986328125,203.9390869140625,118.29109191894531,160.04632568359375
2022-04-29,267.3824462890625,198.72486877441406,113.88780975341797,154.18788146972656
2022-05-02,274.0786437988281,209.2921142578125,116.0577392578125,154.4910430908203
2022-05-03,271.4869079589844,210.18426513671875,117.0211181640625,155.97767639160156
2022-05-04,279.3874206542969,221.4652099609375,121.4249038696289,162.37408447265625
2022-05-05,267.21875,206.4669189453125,115.65108489990234,153.3272247314453
2022-05-06,264.6944580078125,201.9961700439453,114.5748062133789,154.05197143554688
2022-05-09,254.91519165039062,194.50196838378906,112.02295684814453,148.93914794921875
2022-05-10,259.655517578125,195.92942810058594,113.50939178466797,151.33885192871094
2022-05-11,251.03245544433594,187.09701538085938,112.89173126220703,143.49327087402344
2022-05-12,246.02235412597656,189.5752410888672,112.09923553466797,139.6340789794922
2022-05-13,251.58163452148438,196.8909912109375,115.4222640991211,144.0907440185547
2022-05-16,251.94769287109375,198.29861450195312,113.71543884277344,142.55296325683594
2022-05-17,257.0733642578125,200.85617065429688,115.60652160644531,146.17698669433594
2022-05-18,245.36891174316406,190.56654357910156,111.34635162353516,137.92982482910156
2022-05-19,244.46115112304688,189.62478637695312,109.7063980102539,134.5310821533203
2022-05-20,243.90101623535156,191.85520935058594,108.28733825683594,134.76612854003906
2022-05-23,251.7136688232422,194.52178955078125,110.61875915527344,140.1728515625
2022-05-24,250.7189483642578,179.70191955566406,104.93212127685547,137.4792938232422
2022-05-25,253.51951599121094,182.22975158691406,104.84644317626953,137.63597106933594
2022-05-26,256.78369140625,189.9618377685547,107.2798843383789,140.82907104492188
2022-05-27,263.87200927734375,193.43138122558594,111.7406234741211,146.56878662109375
2022-05-31,262.5489807128906,191.954345703125,112.96900177001953,145.7852020263672
2022-06-01,263.0801696777344,186.99783325195312,113.06607818603516,145.65789794921875
2022-06-02,265.16607666015625,197.12892150878906,116.6412124633789,148.10658264160156
2022-06-03,260.7623596191406,189.1192169189453,113.48907470703125,142.39625549316406
2022-06-06,259.5360107421875,192.5590362548828,115.91260528564453,143.140625
2022-06-07,263.1573791503906,193.94683837890625,116.12955474853516,145.65789794921875
2022-06-08,261.1390686035156,194.92822265625,116.13799285888672,144.9232940673828
2022-06-09,255.71173095703125,182.39825439453125,113.83975219726562,139.7124786376953
2022-06-10,244.31629943847656,174.04165649414062,110.38200378417969,134.3155059814453
2022-06-13,233.95419311523438,162.83010864257812,105.87371063232422,129.1732940673828
2022-06-14,236.1077117919922,162.30470275878906,106.1882095336914,130.03524780273438
2022-06-15,243.12843322753906,167.87579345703125,109.354736328125,132.65045166015625
2022-06-16,236.5712432861328,159.46958923339844,105.63545989990234,127.39065551757812
2022-06-17,239.15936279296875,162.3146209716797,106.85342407226562,128.8599090576172
2022-06-21,245.04055786132812,155.682861328125,110.9639892578125,133.0813751220703
2022-06-22,244.45147705078125,154.49331665039062,110.98280334472656,132.5720977783203
2022-06-23,249.98501586914062,157.3680419921875,111.62720489501953,135.43215942382812
2022-06-24,258.52197265625,168.67872619628906,117.42578887939453,138.75262451171875
2022-06-27,255.80831909179688,168.01455688476562,115.52826690673828,138.75262451171875
2022-06-28,247.68666076660156,159.28125,111.51526641845703,134.61920166015625
2022-06-29,251.33706665039062,162.5128936767578,111.20321655273438,136.37245178222656
2022-06-30,248.0246124267578,159.84629821777344,108.34628295898438,133.91397094726562
2022-07-01,250.68032836914062,158.63693237304688,108.0575180053711,136.07859802246094
2022-07-05,253.83827209472656,166.72589111328125,112.81842803955078,138.65463256835938
2022-07-06,257.0830078125,168.2921600341797,114.13248443603516,139.98670959472656
2022-07-07,259.197998046875,170.69107055664062,118.18658447265625,143.3463134765625
2022-07-08,258.4833068847656,169.3925018310547,119.0409927368164,144.02220153808594
2022-07-11,255.44129943847656,161.46212768554688,115.42919921875,141.89669799804688
2022-07-12,244.97296142578125,161.84872436523438,113.77188110351562,142.8664093017578
2022-07-13,244.05555725097656,162.06678771972656,111.13436889648438,142.5039825439453
2022-07-14,245.36891174316406,156.67416381835938,110.39439392089844,145.42282104492188
2022-07-15,247.91839599609375,163.2662811279297,111.70893096923828,147.08790588378906
2022-07-18,245.53311157226562,165.7742462158203,108.87874603271484,144.0515594482422
2022-07-19,250.632080078125,174.2498016357422,113.5445556640625,147.90090942382812
2022-07-20,253.2781219482422,181.49615478515625,113.62379455566406,149.89903259277344
2022-07-21,255.75997924804688,181.57550048828125,113.96061706542969,152.16165161132812
2022-07-22,251.43357849121094,167.7965087890625,107.3432846069336,150.92745971679688
2022-07-25,249.9560546875,165.1992645263672,107.19469451904297,149.81089782714844
2022-07-26,243.263671875,157.76458740234375,104.45067596435547,148.48858642578125
2022-07-27,259.5262756347656,168.10379028320312,112.53411865234375,153.572021484375
2022-07-28,266.93328857421875,159.3209228515625,113.51482391357422,154.1205596923828
2022-07-29,271.1148681640625,157.71502685546875,115.54559326171875,159.17462158203125
2022-08-01,268.4785461425781,158.53778076171875,114.39647674560547,158.19515991210938
2022-08-02,265.3978271484375,158.7955322265625,114.81253814697266,156.72598266601562
2022-08-03,272.78558349609375,167.33058166503906,117.66551208496094,162.7203826904297
2022-08-04,273.9251403808594,169.0851593017578,117.75466918945312,162.40695190429688
2022-08-05,273.21044921875,165.6552734375,117.11077117919922,162.1813507080078
2022-08-08,270.70928955078125,168.7679443359375,117.03152465820312,161.71055603027344
2022-08-09,272.6214599609375,167.0629119873047,116.39752197265625,161.75958251953125
2022-08-10,279.2462158203125,176.78753662109375,119.51795959472656,165.99679565429688
2022-08-11,277.17962646484375,175.94491577148438,118.69576263427734,165.26116943359375
2022-08-12,281.90185546875,178.92872619628906,121.49920654296875,168.80198669433594
2022-08-15,283.408447265625,179.31533813476562,121.72705078125,169.87112426757812
2022-08-16,282.6745300292969,177.90768432617188,121.36051940917969,169.71417236328125
2022-08-17,281.9293518066406,173.32789611816406,119.1910629272461,171.20504760742188
2022-08-18,280.81640625,173.13954162597656,119.72599792480469,170.81268310546875
2022-08-19,276.9259338378906,166.4978790283203,117.01171112060547,168.23312377929688
2022-08-22,268.7967834472656,161.63064575195312,113.99031829833984,164.35882568359375
2022-08-23,267.5289611816406,159.70751953125,113.6931381225586,164.02529907226562
2022-08-24,266.8999328613281,161.8387908935547,113.62379455566406,164.31954956054688
2022-08-25,269.86126708984375,167.31072998046875,116.59562683105469,166.77166748046875
2022-08-26,259.4481506347656,160.3717041015625,110.25570678710938,160.4844970703125
2022-08-29,256.6803283691406,157.784423828125,109.3046875,158.2873992919922
2022-08-30,254.49317932128906,155.79193115234375,108.87874603271484,155.86476135253906
2022-08-31,253.0415496826172,161.51170349121094,108.12586975097656,154.2071533203125
2022-09-01,252.00599670410156,163.92051696777344,109.51272583007812,154.9329376220703
2022-09-02,247.80593872070312,158.92440795898438,107.66027069091797,152.82415771484375
2022-09-06,245.08651733398438,157.15989685058594,106.4715576171875,151.56869506835938
2022-09-07,249.77047729492188,158.9937744140625,109.44338989257812,152.9712677001953
2022-09-08,250.18661499023438,160.6492462158203,108.39334106445312,151.50001525878906
2022-09-09,255.9351348876953,167.67750549316406,110.73118591308594,154.35427856445312
2022-09-12,258.0545349121094,167.4891815185547,110.8203353881836,160.29811096191406
2022-09-13,243.8671112060547,151.7969970703125,104.32189178466797,150.89193725585938
2022-09-14,244.08969116210938,150.1514434814453,104.87664031982422,152.333740234375
2022-09-15,237.47018432617188,148.24815368652344,102.92513275146484,149.4500732421875
2022-09-16,236.850830078125,145.01654052734375,102.65766143798828,147.81207275390625
2022-09-19,236.63790893554688,146.73147583007812,102.87560272216797,151.51963806152344
2022-09-20,234.6345977783203,144.8182830810547,100.87454986572266,153.8932647705078
2022-09-21,231.24745178222656,140.88284301757812,99.07162475585938,150.77423095703125
2022-09-22,233.21200561523438,141.5767364501953,99.62637329101562,149.81301879882812
2022-09-23,230.2506561279297,139.18771362304688,98.23950958251953,147.54725646972656
2022-09-26,229.79580688476562,135.18289184570312,97.88289642333984,147.88072204589844
2022-09-27,228.78929138183594,133.2300262451172,97.16963958740234,148.8517608642578
2022-09-28,233.2991180419922,140.3772735595703,99.7947769165039,146.9685516357422
2022-09-29,229.84417724609375,135.2225341796875,97.16963958740234,139.74960327148438
2022-09-30,225.39247131347656,134.49888610839844,95.24785614013672,135.55162048339844
2022-10-03,232.97975158691406,137.40341186523438,98.36829376220703,139.7201690673828
2022-10-04,240.8573760986328,139.058837890625,101.44910430908203,143.30023193359375
2022-10-05,241.16705322265625,137.7701873779297,101.26087951660156,143.59446716308594
2022-10-06,238.83470153808594,137.85940551757812,101.28069305419922,142.64308166503906
2022-10-07,226.68930053710938,132.28829956054688,98.63575744628906,137.40541076660156
2022-10-10,221.86013793945312,132.6253204345703,97.78382110595703,137.72906494140625
2022-10-11,218.14390563964844,127.42103576660156,97.13002014160156,136.316650390625
2022-10-12,218.4729461669922,126.39009094238281,97.3776626586914,135.68893432617188
2022-10-13,226.68930053710938,129.15579223632812,98.77445220947266,140.24986267089844
2022-10-14,221.19236755371094,125.65654754638672,96.26818084716797,135.72817993164062
2022-10-17,229.87319946289062,132.87315368652344,99.83439636230469,139.6809539794922
2022-10-18,230.8119354248047,131.6439666748047,100.43868255615234,140.99526977539062
2022-10-19,228.85708618164062,132.07022094726562,99.34900665283203,141.1031951904297
2022-10-20,228.53770446777344,130.385009765625,99.58674621582031,140.64219665527344
2022-10-21,234.3152313232422,128.87823486328125,100.52783966064453,144.4478302001953
2022-10-24,239.2799072265625,128.59080505371094,102.00385284423828,146.58602905273438
2022-10-25,242.57998657226562,136.31297302246094,103.94547271728516,149.420654296875
2022-10-26,223.86343383789062,128.68988037109375,93.93031311035156,146.4879608154297
2022-10-27,219.44073486328125,97.08741760253906,91.73116302490234,142.025146484375
2022-10-28,228.2667236328125,98.33644104003906,95.67381286621094,152.7554931640625
2022-10-31,224.6472930908203,92.34903717041016,93.77182006835938,150.40150451660156
2022-11-01,220.81491088867188,94.37127685546875,89.65086364746094,147.76304626464844
2022-11-02,213.00509643554688,89.75183868408203,86.25303649902344,142.25074768066406
2022-11-03,207.34365844726562,88.13601684570312,82.70662689208984,136.21861267089844
2022-11-04,214.2534942626953,89.99966430664062,85.88651275634766,135.9533233642578
2022-11-07,220.5246124267578,95.87804412841797,87.81820678710938,136.48387145996094
2022-11-08,221.49240112304688,95.63021850585938,88.07579040527344,137.05368041992188
2022-11-09,217.27293395996094,100.58670043945312,86.57994842529297,132.5048828125
2022-11-10,235.1475372314453,110.89615631103516,93.28642272949219,144.29443359375
2022-11-11,239.14439392089844,112.03614044189453,95.82240295410156,147.07479858398438
2022-11-14,233.76364135742188,113.2257080078125,95.12896728515625,145.6796875
2022-11-15,234.1701202392578,116.0608139038086,97.7937240600586,147.40884399414062
2022-11-16,234.5971221923828,112.24431610107422,98.06119537353516,146.18080139160156
2022-11-17,234.548583984375,110.47981262207031,97.57579803466797,148.07693481445312
2022-11-18,234.10215759277344,111.0745849609375,96.88236236572266,148.63694763183594
2022-11-21,234.9076690673828,108.9036636352539,94.93085479736328,145.41445922851562
2022-11-22,237.7997589111328,110.46990203857422,96.41677856445312,147.54640197753906
2022-11-23,240.27450561523438,111.262939453125,97.89277648925781,148.4207763671875
2022-11-25,240.18714904785156,110.44017791748047,96.68424987792969,145.5127410888672
2022-11-28,234.626220703125,107.83304595947266,95.3469009399414,141.69090270996094
2022-11-29,233.2384490966797,108.50714111328125,94.54451751708984,138.69439697265625
2022-11-30,247.61141967773438,117.07192993164062,100.49810791015625,145.43411254882812
2022-12-01,247.17466735839844,119.39155578613281,100.3297119140625,145.70921325683594
2022-12-02,247.49493408203125,122.41500091552734,99.88392639160156,145.2179718017578
2022-12-05,242.81719970703125,121.36422729492188,98.93294525146484,144.05870056152344
2022-12-06,237.8870391845703,113.12657165527344,96.39697265625,140.40386962890625
2022-12-07,237.1591796875,112.93822479248047,94.25721740722656,138.46844482421875
2022-12-08,240.0998077392578,114.3260269165039,93.06849670410156,140.14846801757812
2022-12-09,238.17822265625,114.89107513427734,92.19674682617188,139.66705322265625
2022-12-12,245.05899047851562,113.71143341064453,92.68214416503906,141.9561767578125
2022-12-13,249.33889770507812,119.10408782958984,94.9506607055664,142.9190216064453
2022-12-14,249.63003540039062,120.53153228759766,94.41572570800781,140.6986541748047
2022-12-15,241.66229248046875,115.1388931274414,90.34427642822266,134.10630798339844
2022-12-16,237.46978759765625,118.39034271240234,90.00748443603516,132.15118408203125
2022-12-19,233.3548583984375,113.48345184326172,88.31352233886719,130.0487060546875
2022-12-20,234.66506958007812,116.07071685791016,88.78900909423828,129.97991943359375
2022-12-21,237.21743774414062,118.71746826171875,89.40321350097656,133.07467651367188
2022-12-22,231.16156005859375,116.10044860839844,87.43186950683594,129.91116333007812
2022-12-23,231.68563842773438,117.012451171875,88.96733093261719,129.5476837158203
2022-12-27,229.9678955078125,115.86254119873047,87.10498046875,127.74978637695312
2022-12-28,227.60958862304688,114.61351776123047,85.64875793457031,123.8297119140625
2022-12-29,233.8983612060547,119.21312713623047,88.11540222167969,127.33715057373047
2022-12-30,232.7434844970703,119.29243469238281,87.89747619628906,127.65150451660156
2023-01-03,232.5105438232422,123.65412139892578,88.85835266113281,122.87672424316406
2023-01-04,222.33978271484375,126.26123809814453,87.87765502929688,124.14411163330078
2023-01-05,215.75013732910156,125.83497619628906,85.95585632324219,122.8276138305664
2023-01-06,218.29281616210938,128.88815307617188,87.33281707763672,127.34696197509766
2023-01-09,220.418212890625,128.3429412841797,87.96680450439453,127.86763763427734
2023-01-10,222.09716796875,131.8323211669922,88.40267181396484,128.43748474121094
2023-01-11,228.81298828125,131.73318481445312,91.39434051513672,131.14910888671875
2023-01-12,231.47215270996094,135.5199432373047,91.0476303100586,131.0704803466797
2023-01-13,232.17088317871094,135.78756713867188,91.92929077148438,132.3968048095703
2023-01-17,233.25784301757812,134.18167114257812,91.2952880859375,133.55612182617188
2023-01-18,228.8517608642578,131.862060546875,90.91885375976562,132.8389129638672
2023-01-19,225.0862579345703,134.9647979736328,93.02886199951172,132.8978729248047
2023-01-20,233.1316680908203,138.15673828125,98.34847259521484,135.4522705078125
2023-01-23,235.4220428466797,142.02281188964844,100.26036071777344,138.63548278808594
2023-01-24,234.89796447753906,141.89393615722656,98.27913665771484,140.0305633544922
2023-01-25,233.51014709472656,140.2682342529297,95.82240295410156,139.37232971191406
2023-01-26,240.68209838867188,146.01773071289062,98.2296142578125,141.4355010986328
2023-01-27,240.8373565673828,150.41909790039062,99.76505279541016,143.37094116210938
2023-01-30,235.54820251464844,145.77980041503906,97.03096008300781,140.49234008789062
2023-01-31,240.49771118164062,147.67318725585938,98.93294525146484,141.75970458984375
2023-02-01,245.29193115234375,151.7870635986328,100.47830963134766,142.8797149658203
2023-02-02,256.79229736328125,187.1267547607422,107.77915954589844,148.17518615722656
2023-02-03,250.7267303466797,184.90621948242188,104.23274230957031,151.79067993164062
2023-02-06,249.1933135986328,184.44032287597656,102.49916076660156,149.06924438476562
2023-02-07,259.6648864746094,189.95193481445312,107.02628326416016,151.93797302246094
2023-02-08,258.8594665527344,181.8332061767578,99.06172943115234,149.25588989257812
2023-02-09,255.84117126464844,176.37118530273438,94.56432342529297,148.2242889404297
2023-02-10,255.33656311035156,172.63400268554688,93.9699478149414,148.58836364746094
2023-02-13,263.3139953613281,177.86801147460938,94.10863494873047,151.3828582763672
2023-02-14,264.138916015625,177.91761779785156,94.05909729003906,150.74325561523438
2023-02-15,262.02764892578125,175.61778259277344,96.18893432617188,152.83909606933594
2023-02-16,255.05178833007812,170.9388885498047,94.88133239746094,151.24508666992188
2023-02-17,251.07254028320312,171.3750762939453,93.70247650146484,150.10372924804688
2023-02-21,245.8284912109375,170.58201599121094,91.18631744384766,146.0989227294922
2023-02-22,244.6998748779297,169.63038635253906,90.93866729736328,146.52203369140625
2023-02-23,247.8716278076172,170.54234313964844,90.21550750732422,147.00421142578125
2023-02-24,242.47189331054688,168.90672302246094,88.51165008544922,144.35733032226562
2023-02-27,243.386474609375,168.06411743164062,89.2546157836914,145.54791259765625
2023-02-28,242.66647338867188,173.41712951660156,89.4527359008789,145.0460968017578
2023-03-01,239.60179138183594,171.91033935546875,89.66075897216797,142.9797821044922
2023-03-02,244.31069946289062,173.01068115234375,91.4438705444336,143.57012939453125
2023-03-03,248.37753295898438,183.63739013671875,93.13782501220703,148.60804748535156
2023-03-06,249.91473388671875,183.2904052734375,94.68319702148438,151.36317443847656
2023-03-07,247.26840209960938,182.90380859375,93.28642272949219,149.16893005371094
2023-03-08,246.83059692382812,183.3598175048828,93.76191711425781,150.41856384277344
2023-03-09,245.48797607421875,180.10838317871094,91.79060363769531,148.1750946044922
2023-03-10,241.85897827148438,177.9473114013672,90.15606689453125,146.11863708496094
2023-03-13,247.04461669921875,179.3252410888672,90.79998016357422,148.05703735351562
2023-03-14,253.72862243652344,192.33102416992188,93.36566162109375,150.14303588867188
2023-03-15,258.25274658203125,196.02859497070312,95.64409637451172,150.53662109375
2023-03-16,268.72137451171875,203.14608764648438,100.12167358398438,153.3507537841797
2023-03-17,271.8639221191406,193.9071807861328,101.49864196777344,152.514404296875
2023-03-20,264.85894775390625,196.0880584716797,100.97361755371094,154.8759002685547
2023-03-21,266.36688232421875,200.40017700195312,104.846923828125,156.72572326660156
2023-03-22,264.9172668457031,198.0706329345703,103.24211883544922,155.29901123046875
2023-03-23,270.1418151855469,202.501708984375,105.26298522949219,156.38133239746094
2023-03-24,272.9730529785156,204.21665954589844,105.06485748291016,157.68019104003906
2023-03-27,268.8964538574219,201.07423400878906,102.09300231933594,155.7418212890625
2023-03-28,267.7776794433594,198.93304443359375,100.4089584350586,155.1219024658203
2023-03-29,272.9146423339844,203.56240844726562,100.94389343261719,158.19186401367188
2023-03-30,276.35882568359375,206.03073120117188,100.36933135986328,159.75636291503906
2023-03-31,280.49371337890625,210.09503173828125,103.02420043945312,162.25563049316406
2023-04-03,279.45269775390625,211.2152099609375,103.92565155029297,163.50527954101562
2023-04-04,279.404052734375,212.850830078125,104.1336898803711,162.9739227294922
2023-04-05,276.64093017578125,209.63902282714844,103.96526336669922,161.13388061523438
2023-04-06,283.704345703125,214.21884155273438,107.87821960449219,162.01947021484375
2023-04-10,281.5542297363281,212.8805694580078,105.94650268554688,159.4316864013672
2023-04-11,275.171875,211.9884033203125,105.12430572509766,158.2213897705078
2023-04-12,275.8139343261719,212.13711547851562,104.23274230957031,157.53262329101562
2023-04-13,281.9919738769531,218.4318389892578,107.17488098144531,162.90504455566406
2023-04-14,278.39227294921875,219.5618896484375,108.4329605102539,162.56065368652344
2023-04-17,280.98016357421875,216.95480346679688,105.4214859008789,162.58033752441406
2023-04-18,280.5618896484375,215.99322509765625,104.1336898803711,163.80044555664062
2023-04-19,280.6396484375,213.8223114013672,104.03462219238281,164.94186401367188
2023-04-20,278.3630065917969,211.2152099609375,104.90637969970703,163.97755432128906
2023-04-21,278.0224914550781,211.0367431640625,104.91627502441406,162.37371826171875
2023-04-24,274.1405334472656,210.93763732910156,105.7780990600586,162.6787567138672
2023-04-25,267.9625549316406,205.74325561523438,103.62847137451172,161.1437530517578
2023-04-26,287.372314453125,207.57711791992188,103.46996307373047,161.13388061523438
2023-04-27,296.5761413574219,236.4833221435547,107.35318756103516,165.7093505859375
2023-04-28,298.9403991699219,238.22799682617188,107.20459747314453,166.95896911621094
2023-05-01,297.28643798828125,241.0630645751953,106.69938659667969,166.87042236328125
2023-05-02,297.1405029296875,237.15737915039062,104.9856185913086,165.83726501464844
2023-05-03,296.1578063964844,234.9666290283203,105.12430572509766,164.7647247314453
2023-05-04,297.1405029296875,231.48716735839844,104.22284698486328,163.13133239746094
2023-05-05,302.2385559082031,230.75360107421875,105.21841430664062,170.78662109375
2023-05-08,300.29266357421875,231.2393798828125,107.22440338134766,170.71771240234375
2023-05-09,298.6873779296875,231.33848571777344,106.9272232055664,169.01548767089844
2023-05-10,303.8536071777344,231.051025390625,111.22648620605469,170.77674865722656
2023-05-11,301.7131652832031,233.7374267578125,115.80314636230469,170.96371459960938
2023-05-12,300.60406494140625,231.774658203125,116.8135757446289,170.03750610351562
2023-05-15,301.0807800292969,236.7806854248047,115.86257934570312,169.54483032226562
2023-05-16,303.29901123046875,236.7410430908203,118.96321868896484,169.54483032226562
2023-05-17,306.1656799316406,240.37913513183594,120.34019470214844,170.15573120117188
2023-05-18,310.5729675292969,244.70114135742188,122.36103057861328,172.48109436035156
2023-05-19,310.39739990234375,243.5016632080078,122.09358215332031,172.58950805664062
2023-05-22,313.16656494140625,246.15835571289062,124.68898010253906,171.6436004638672
2023-05-23,307.3943176269531,244.5921173095703,122.1332015991211,169.04232788085938
2023-05-24,306.0194091796875,247.04061889648438,120.4986801147461,169.31820678710938
2023-05-25,317.7882995605469,250.4903106689453,123.18324279785156,170.4513397216797
2023-05-26,324.5843811035156,259.7588806152344,124.25312805175781,172.8555450439453
2023-05-30,322.9462890625,260.2347412109375,123.47053527832031,174.69805908203125
2023-05-31,320.1966552734375,262.4156188964844,122.21245574951172,174.64881896972656
2023-06-01,324.2821350097656,270.23687744140625,123.20306396484375,177.44712829589844
2023-06-02,327.03173828125,270.23687744140625,124.05500030517578,178.2945098876953
2023-06-05,327.55828857421875,269.0275573730469,125.44185638427734,176.94461059570312
2023-06-06,325.354736328125,268.7598571777344,126.70985412597656,176.580078125
2023-06-07,315.3116149902344,261.30535888671875,121.78648376464844,175.21046447753906
2023-06-08,317.1447448730469,262.2767333984375,121.5190200805664,177.9200897216797
2023-06-09,318.6365661621094,262.6435852050781,121.7171401977539,178.30438232421875
2023-06-12,323.5704040527344,268.6904296875,123.18324279785156,181.0928497314453
2023-06-13,325.9494934082031,268.9581604003906,123.26249694824219,180.619873046875
2023-06-14,328.9233703613281,270.9704895019531,123.21296691894531,181.25050354003906
2023-06-15,339.4148864746094,279.3766174316406,124.6097412109375,183.28025817871094
2023-06-16,333.788818359375,278.5538330078125,122.8959732055664,182.2062530517578
2023-06-20,329.61566162109375,281.8548278808594,122.68794250488281,182.294921875
2023-06-21,325.23773193359375,279.1883239746094,120.12223052978516,181.26036071777344
2023-06-22,331.23419189453125,282.40008544921875,122.707763671875,184.25575256347656
2023-06-23,326.6612243652344,286.2165832519531,121.86573028564453,183.9404296875
2023-06-26,320.4014587402344,276.0458984375,117.97260284423828,182.55111694335938
2023-06-27,326.2225341796875,284.5511474609375,117.89334869384766,185.30018615722656
2023-06-28,327.4706115722656,282.8065185546875,119.94393157958984,186.47271728515625
2023-06-29,326.69049072265625,279.07928466796875,118.88396453857422,186.80772399902344
2023-06-30,332.0435485839844,284.4818420410156,119.83496856689453,191.1234588623047
2023-07-03,329.5570983886719,283.5301513671875,119.42881774902344,189.6356201171875
2023-07-05,329.7131652832031,291.8074645996094,121.47940063476562,188.52223205566406
2023-07-06,332.75531005859375,289.4481506347656,119.79533386230469,188.99517822265625
2023-07-07,328.8063659667969,288.00091552734375,119.01274871826172,187.88174438476562
2023-07-10,323.5508117675781,291.5398864746094,115.77344512939453,185.84213256835938
2023-07-11,324.1748962402344,295.6933288574219,116.6055679321289,185.31991577148438
2023-07-12,328.786865234375,306.6471252441406,118.49762725830078,186.98507690429688
2023-07-13,334.110595703125,310.6817626953125,123.65874481201172,187.74378967285156
2023-07-14,336.62628173828125,306.1812438964844,124.52058410644531,187.89161682128906
2023-07-17,337.10400390625,307.9159851074219,123.88658905029297,191.14317321777344
2023-07-18,350.520751953125,309.33355712890625,122.9157943725586,190.886962890625
2023-07-19,346.220703125,313.25909423828125,121.62796783447266,192.23683166503906
2023-07-20,338.215576171875,299.8865051269531,118.40847778320312,190.2957763671875
2023-07-21,335.1929626464844,291.6985168457031,119.18115997314453,189.1232452392578
2023-07-24,336.49945068359375,289.07147216796875,120.73641967773438,189.92135620117188
2023-07-25,342.22308349609375,291.90655517578125,121.63788604736328,190.77859497070312
2023-07-26,329.3426513671875,295.97088623046875,128.4434356689453,191.64564514160156
2023-07-27,322.4684753417969,308.9964904785156,128.65147399902344,190.38446044921875
2023-07-28,329.9276123046875,322.64666748046875,131.76197814941406,192.95616149902344
2023-07-31,327.5387878417969,315.8265686035156,131.86106872558594,193.56704711914062
2023-08-01,327.9482727050781,319.9007263183594,130.6525115966797,192.73939514160156
2023-08-02,319.3289489746094,311.5738830566406,127.4329833984375,189.7538604736328
2023-08-03,318.50982666015625,310.4636535644531,127.56178283691406,188.36451721191406
2023-08-04,319.6019287109375,308.02508544921875,127.33392333984375,179.3192596435547
2023-08-07,321.8737487792969,313.8043518066406,130.70205688476562,176.22535705566406
2023-08-08,317.9151306152344,309.9184265136719,130.6029510498047,177.16140747070312
2023-08-09,314.1903076171875,302.5531311035156,128.92881774902344,175.5750274658203
2023-08-10,314.8729553222656,303.0784912109375,128.98828125,175.35824584960938
2023-08-11,313.00079345703125,299.0141906738281,128.9486083984375,175.41746520996094
2023-08-14,315.9552001953125,303.5245666503906,130.59307861328125,177.065185546875
2023-08-15,313.8296203613281,299.32147216796875,129.04769897460938,175.08200073242188
2023-08-16,313.06744384765625,291.72821044921875,127.89857482910156,174.21376037597656
2023-08-17,309.6280212402344,282.60821533203125,129.2359161376953,171.6780242919922
2023-08-18,309.2371520996094,280.7843017578125,126.90797424316406,172.1614990234375
2023-08-21,314.51361083984375,287.37640380859375,127.72028350830078,173.49346923828125
2023-08-22,315.0802917480469,285.0964050292969,128.47312927246094,174.86489868164062
2023-08-23,319.51641845703125,291.6785583496094,131.96011352539062,178.7030029296875
2023-08-24,312.6472473144531,284.2537841796875,129.19630432128906,174.02626037597656
2023-08-25,315.58843994140625,283.0146789550781,129.46377563476562,176.2265167236328
2023-08-28,316.2919921875,287.7332763671875,130.553466796875,177.78543090820312
2023-08-29,320.8941345214844,295.39593505859375,134.21873474121094,181.6630096435547
2023-08-30,321.265380859375,292.5310974121094,135.6452178955078,185.1458740234375
2023-08-31,320.2590026855469,293.3142395019531,136.061279296875,185.36293029785156
2023-09-01,321.1383972167969,293.79998779296875,135.5164337158203,186.93173217773438
2023-09-05,325.91650390625,297.53717041015625,135.4272918701172,187.1685333251953
2023-09-06,325.2618408203125,296.5657043457031,134.09986877441406,180.46914672851562
2023-09-07,322.3598327636719,296.0700378417969,134.9220733642578,175.1905517578125
2023-09-08,326.6200256347656,295.2968444824219,135.91268920898438,175.80224609375
2023-09-11,330.2060546875,304.8826599121094,136.44760131835938,176.96649169921875
2023-09-12,324.1772155761719,299.03399658203125,134.7932891845703,173.94732666015625
2023-09-13,328.36907958984375,302.4044494628906,136.20986938476562,171.88525390625
2023-09-14,330.9486083984375,309.0064392089844,137.6859130859375,173.39483642578125
2023-09-15,322.6627197265625,297.69580078125,137.00238037109375,172.674560546875
2023-09-18,321.5292663574219,299.916259765625,137.65615844726562,175.5950469970703
2023-09-19,321.128662109375,302.414306640625,137.52737426757812,176.68040466308594
2023-09-20,313.4289855957031,297.06134033203125,133.3271942138672,173.148193359375
2023-09-21,312.2173767089844,293.1556396484375,130.12747192382812,171.60894775390625
2023-09-22,309.75506591796875,296.4764404296875,130.01852416992188,172.45748901367188
2023-09-25,310.2729187011719,298.21124267578125,130.9298858642578,173.73025512695312
2023-09-26,304.99652099609375,296.35748291015625,128.23538208007812,169.66526794433594
2023-09-27,305.6316223144531,295.14813232421875,130.22654724121094,168.1556854248047
2023-09-28,306.462158203125,301.31396484375,131.880859375,168.4121856689453
2023-09-29,308.5238952636719,297.5966491699219,130.61288452148438,168.92526245117188
2023-10-02,314.4353942871094,304.1491394042969,133.90171813964844,171.43138122558594
2023-10-03,306.2178649902344,298.32025146484375,132.0492706298828,170.09938049316406
2023-10-04,311.66046142578125,302.919921875,134.99142456054688,171.34255981445312
2023-10-05,312.05126953125,302.13677978515625,134.71401977539062,172.57589721679688
2023-10-06,319.77044677734375,312.6841125488281,137.4283447265625,175.12147521972656
2023-10-09,322.2718505859375,315.58856201171875,138.19110107421875,176.60147094726562
2023-10-10,320.8746032714844,319.038330078125,137.89395141601562,176.00946044921875
2023-10-11,324.8123779296875,324.96630859375,140.3704833984375,177.40061950683594
2023-10-12,323.5812072753906,321.338134765625,138.9736785888672,178.29849243164062
2023-10-13,320.2297058105469,311.9505615234375,137.27975463867188,176.46331787109375
2023-10-16,325.02734375,318.3543701171875,139.17181396484375,176.3350372314453
2023-10-17,324.46063232421875,321.17950439453125,139.66709899902344,174.78599548339844
2023-10-18,322.5552673339844,314.2107238769531,137.97317504882812,173.49346923828125
2023-10-19,323.737548828125,310.08697509765625,137.67596435546875,173.11856079101562
2023-10-20,319.1939697265625,305.96319580078125,135.45701599121094,170.572998046875
2023-10-23,321.7833251953125,311.2765197753906,136.60609436035156,170.69139099121094
2023-10-24,322.965576171875,309.8292236328125,138.8052978515625,171.12550354003906
2023-10-25,332.8736267089844,296.9225158691406,125.48148345947266,168.81674194335938
2023-10-26,320.3860778808594,285.83990478515625,122.28179168701172,164.66290283203125
2023-10-27,322.2620544433594,294.14691162109375,122.2421646118164,165.9751739501953
2023-10-30,329.5904846191406,300.0252990722656,124.57011413574219,168.0175323486328
2023-10-31,330.37213134765625,298.6473693847656,124.12435150146484,168.4911651611328
2023-11-01,338.14996337890625,309.13531494140625,126.37303924560547,171.6484375
2023-11-02,340.3484802246094,308.16387939453125,127.37358093261719,175.20042419433594
2023-11-03,344.7259826660156,311.861328125,129.14675903320312,174.29266357421875
2023-11-06,348.3705749511719,313.05096435546875,130.21661376953125,176.8382568359375
2023-11-07,352.2790222167969,316.04461669921875,131.15768432617188,179.39370727539062
2023-11-08,354.88800048828125,316.9963073730469,132.0096435546875,180.44940185546875
2023-11-09,352.4353942871094,317.759521484375,130.45437622070312,179.975830078125
2023-11-10,361.20989990234375,325.9079895019531,132.80215454101562,184.1548614501953
2023-11-13,358.288330078125,326.3243408203125,132.3860626220703,182.57412719726562
2023-11-14,361.7961120605469,333.3824157714844,134.15928649902344,185.18234252929688
2023-11-15,361.9430236816406,329.813720703125,135.1003875732422,185.74545288085938
2023-11-16,368.30718994140625,331.2808532714844,137.3986053466797,187.4249725341797
2023-11-17,362.1192626953125,332.1235046386719,135.65512084960938,187.4052276611328
2023-11-20,369.5505676269531,337.0105285644531,136.6259307861328,189.14402770996094
2023-11-21,365.2719421386719,334.0465393066406,137.31936645507812,188.3437957763672
2023-11-22,369.9519958496094,338.51727294921875,138.70623779296875,189.00572204589844
2023-11-24,369.5408630371094,335.28564453125,136.923095703125,187.68186950683594
2023-11-27,370.6961364746094,331.7864074707031,136.75469970703125,187.50401306152344
2023-11-28,374.70068359375,336.0390319824219,137.31936645507812,188.10665893554688
2023-11-29,370.9311218261719,329.3081970214844,135.12017822265625,187.08909606933594
2023-11-30,370.9898681640625,324.3020935058594,132.6634521484375,187.66209411621094
2023-12-01,366.68182373046875,321.992431640625,132.069091796875,188.93655395507812
2023-12-04,361.4241027832031,317.23419189453125,129.40431213378906,187.14833068847656
2023-12-05,364.7333984375,315.5192565917969,131.14781188964844,191.09031677246094
2023-12-06,361.0911560058594,314.6866149902344,130.1968231201172,190.00357055664062
2023-12-07,363.1962585449219,323.74700927734375,137.1509552001953,191.93006896972656
2023-12-08,366.4077453613281,329.8533630371094,135.35792541503906,193.35272216796875
2023-12-11,363.5389099121094,322.44842529296875,133.43614196777344,190.85317993164062
2023-12-12,366.5545959472656,331.310546875,132.3860626220703,192.3647918701172
2023-12-13,366.54473876953125,331.82598876953125,132.71299743652344,195.57562255859375
2023-12-14,358.2811584472656,330.269775390625,131.95022583007812,195.72378540039062
2023-12-15,362.98089599609375,332.0044860839844,132.58416748046875,195.1903076171875
2023-12-18,364.8607482910156,341.62005615234375,135.90277099609375,193.5305633544922
2023-12-19,365.4580078125,347.3100280761719,136.8042449951172,194.56790161132812
2023-12-20,362.8731689453125,346.2394714355469,138.349609375,192.48333740234375
2023-12-21,365.732177734375,351.0075378417969,140.4695281982422,192.3350830078125
2023-12-22,366.7503662109375,350.3137512207031,141.3809051513672,191.2681427001953
2023-12-26,366.8287353515625,351.74114990234375,141.47994995117188,190.72474670410156
2023-12-27,366.25103759765625,354.7150573730469,140.1129150390625,190.82354736328125
2023-12-28,367.4357604980469,355.2008056640625,139.95440673828125,191.2483673095703
2023-12-29,368.17987060546875,350.8786926269531,139.6077117919922,190.2110137939453
2024-01-02,363.117919921875,343.2755126953125,138.25051879882812,183.4040069580078
2024-01-03,362.8535461425781,341.4713134765625,139.0430145263672,182.03076171875
2024-01-04,360.24920654296875,344.0982666015625,136.7447967529297,179.71896362304688
2024-01-05,360.0631408691406,348.88623046875,136.10089111328125,178.9977264404297
2024-01-08,366.85809326171875,355.5378112792969,139.21144104003906,183.32496643066406
2024-01-09,367.93511962890625,354.3185119628906,141.22239685058594,182.91004943847656
2024-01-10,374.7691955566406,367.24505615234375,142.45074462890625,183.9473876953125
2024-01-11,376.59033203125,366.4519958496094,142.3219757080078,183.35459899902344
2024-01-12,380.35003662109375,371.2300109863281,142.88665771484375,183.6806182861328
2024-01-16,382.1123962402344,364.26116943359375,142.72813415527344,181.41819763183594
2024-01-17,381.32916259765625,365.1632995605469,141.54930114746094,180.4796600341797
2024-01-18,385.6371154785156,372.8557434082031,143.62960815429688,186.3579864501953
2024-01-19,390.3369140625,380.1120300292969,146.5816192626953,189.25271606445312
2024-01-22,388.2220458984375,378.45654296875,146.32408142089844,191.55462646484375
2024-01-23,390.5620422363281,381.8468322753906,147.28497314453125,192.8291015625
2024-01-24,394.14556884765625,387.2989501953125,148.93930053710938,192.15725708007812
2024-01-25,396.40728759765625,389.75732421875,152.19842529296875,191.83126831054688
2024-01-26,395.4868469238281,390.7090148925781,152.34698486328125,190.1023406982422
2024-01-29,401.1558532714844,397.5290832519531,153.38714599609375,189.42063903808594
2024-01-30,400.04949951171875,396.57745361328125,151.6139678955078,185.775146484375
2024-01-31,389.2696533203125,386.7437744140625,140.4695281982422,182.17893981933594
2024-02-01,395.34002685546875,391.34344482421875,141.37098693847656,184.60931396484375
2024-02-02,402.6245422363281,470.8551025390625,142.1931915283203,183.6114959716797
2024-02-05,397.17095947265625,455.4107971191406,143.57012939453125,185.41944885253906
2024-02-06,397.0143127441406,450.7615966796875,144.04566955566406,187.01991271972656
2024-02-07,405.3953857421875,465.5021667480469,145.30372619628906,187.1285858154297
2024-02-08,405.4541015625,465.9085998535156,145.83865356445312,186.05177307128906
2024-02-09,411.7594909667969,464.0350036621094,148.81053161621094,186.81341552734375
2024-02-12,406.5801086425781,464.81817626953125,147.3345184326172,185.1317596435547
2024-02-13,397.8270263671875,456.1145935058594,144.99664306640625,183.0445098876953
2024-02-14,401.672119140625,469.1600646972656,145.75942993164062,182.16412353515625
2024-02-15,398.7980651855469,479.8164978027344,142.5894317626953,181.8772430419922
2024-02-16,396.3457946777344,469.1997375488281,140.4298858642578,180.3439483642578
2024-02-20,395.1000061035156,467.6433410644531,140.86578369140625,179.60203552246094
2024-02-21,394.5016784667969,464.447998046875,142.49038696289062,180.35385131835938
2024-02-22,403.79083251953125,482.409423828125,143.9564971923828,182.38174438476562
2024-02-23,402.5058898925781,480.3255615234375,143.92678833007812,180.55169677734375
2024-02-26,399.7593688964844,478.05303955078125,137.44813537597656,179.2063446044922
2024-02-27,399.7005310058594,483.3224182128906,138.7854766845703,180.66050720214844
2024-02-28,399.9359130859375,480.31561279296875,136.14053344726562,179.4635772705078
2024-02-29,405.74285888671875,486.3788757324219,138.4684600830078,178.80079650878906
2024-03-01,407.5673828125,498.4556884765625,136.78443908691406,177.72251892089844
2024-03-04,406.9984436035156,494.3771667480469,132.94082641601562,173.2117156982422
2024-03-05,394.9626770019531,486.4681701660156,132.5247802734375,168.28538513183594
2024-03-06,394.4133605957031,492.2932434082031,131.3162384033203,167.29617309570312
2024-03-07,401.3287658691406,508.27001953125,133.97108459472656,167.177490234375
2024-03-08,398.46453857421875,502.0777893066406,135.01123046875,168.88882446289062
2024-03-11,396.7970275878906,479.888916015625,137.63636779785156,170.8870391845703
2024-03-12,407.3515625,495.9252624511719,138.3099822998047,171.3618621826172
2024-03-13,407.1749572753906,491.77716064453125,139.44920349121094,169.2845458984375
2024-03-14,417.101806640625,488.0658874511719,142.98565673828125,171.1343536376953
2024-03-15,408.4698486328125,480.39501953125,140.8360595703125,170.75843811035156
2024-03-18,409.35260009765625,493.1764831542969,147.08682250976562,171.84657287597656
2024-03-19,413.3645324707031,492.442138671875,146.53208923339844,174.18112182617188
2024-03-20,417.111572265625,501.6510314941406,148.2755889892578,176.7432098388672
2024-03-21,421.17254638671875,503.87396240234375,147.3444061279297,169.5219268798828
2024-03-22,420.5545654296875,505.6800231933594,150.34597778320312,170.42213439941406
2024-03-25,414.78680419921875,499.1701965332031,149.7317657470703,169.00755310058594
2024-03-26,413.5999450683594,492.09478759765625,150.27664184570312,167.8798370361328
2024-03-27,413.3841552734375,490.080322265625,150.51438903808594,171.44100952148438
2024-03-28,412.6877136230469,481.86370849609375,150.8313751220703,169.6307373046875
2024-04-01,416.4642028808594,487.5895690917969,155.03160095214844,168.19639587402344
2024-04-02,413.39398193359375,493.5634460449219,154.40750122070312,167.01919555664062
2024-04-03,412.4228820800781,502.8616943359375,154.90280151367188,167.82049560546875
2024-04-04,409.90191650390625,507.0097961425781,150.51438903808594,166.99945068359375
2024-04-05,417.3960876464844,523.3040771484375,152.49559020996094,167.75123596191406
2024-04-08,416.48382568359375,515.2760009765625,154.6749725341797,166.63345336914062
2024-04-09,418.14154052734375,512.9439697265625,156.65623474121094,167.84027099609375
2024-04-10,415.17919921875,515.8516235351562,156.18069458007812,165.97064208984375
2024-04-11,419.760009765625,519.1560668945312,159.28134155273438,173.15232849121094
2024-04-12,413.8451843261719,507.98223876953125,157.69638061523438,174.6460723876953
2024-04-15,405.74285888671875,496.4015808105469,154.86318969726562,170.82766723632812
2024-04-16,406.6649475097656,495.9351501464844,154.53628540039062,167.55340576171875
2024-04-17,403.97723388671875,490.38800048828125,155.40802001953125,166.18824768066406
2024-04-18,396.5517272949219,497.95953369140625,155.98260498046875,165.23858642578125
2024-04-19,391.5000915527344,477.38818359375,154.25889587402344,163.2206268310547
2024-04-22,393.304931640625,478.04315185546875,156.4679718017578,164.0515594482422
2024-04-23,399.7887878417969,492.30316162109375,158.41952514648438,165.10011291503906
2024-04-24,401.25030517578125,489.7230529785156,159.5884552001953,167.197265625
2024-04-25,391.4216003417969,438.0020446777344,156.4679718017578,168.0579071044922
2024-04-26,398.5626220703125,439.8973388671875,172.06031799316406,167.47425842285156
2024-04-29,394.5703125,429.30902099609375,166.32464599609375,171.62896728515625
2024-04-30,381.8970031738281,426.8777770996094,163.09521484375,168.4931640625
2024-05-01,387.3998718261719,435.8287658691406,164.01649475097656,167.47425842285156
2024-05-02,390.24456787109375,438.2996520996094,166.87939453125,171.16404724121094
2024-05-03,398.8961181640625,448.5010070800781,167.40440368652344,181.4023895263672
2024-05-06,405.6448059082031,462.11590576171875,168.2365264892578,179.75045776367188
2024-05-07,401.5249328613281,464.65643310546875,171.35693359375,180.4329833984375
2024-05-08,402.7021179199219,468.9830322265625,169.55404663085938,180.76931762695312
2024-05-09,404.44805908203125,471.78143310546875,169.97010803222656,182.57960510253906
2024-05-10,406.8218688964844,472.5555114746094,168.6921844482422,181.32156372070312
2024-05-13,405.8213195800781,464.4281921386719,169.2964630126953,184.5210723876953
2024-05-14,408.60711669921875,468.2387390136719,170.31680297851562,185.6602325439453
2024-05-15,415.7511901855469,477.8546142578125,172.24851989746094,187.9285888671875
2024-05-16,413.6973876953125,469.6082458496094,173.7839813232422,188.04745483398438
2024-05-17,412.9308776855469,468.29833984375,175.62652587890625,188.07716369628906
2024-05-20,417.9720153808594,465.25177001953125,176.7855682373047,189.23614501953125
2024-05-21,421.6080017089844,461.07403564453125,177.8554229736328,190.53375244140625
2024-05-22,423.0622863769531,464.1999206542969,176.32986450195312,189.0974578857422
2024-05-23,419.603271484375,462.2152404785156,173.41746520996094,185.1154327392578
2024-05-24,422.70855712890625,474.56005859375,174.675537109375,188.18614196777344
2024-05-28,422.86578369140625,476.2470703125,176.34967041015625,188.196044921875
2024-05-29,421.7356872558594,470.7295227050781,175.73550415039062,188.4932098388672
2024-05-30,407.48687744140625,463.4754943847656,171.93153381347656,189.4837646484375
2024-05-31,407.93890380859375,463.2571716308594,172.32778930664062,190.43470764160156
2024-06-03,406.3567810058594,473.8355407714844,172.78346252441406,192.1978759765625
2024-06-04,408.8626708984375,473.3394470214844,173.48681640625,192.51487731933594
2024-06-05,416.66510009765625,491.2711181640625,175.40859985351562,194.02053833007812
2024-06-06,417.1662292480469,489.98114013671875,176.67657470703125,192.64364624023438
2024-06-07,416.50787353515625,489.1872253417969,174.2991180419922,195.0308837890625
2024-06-10,420.4582214355469,498.7533874511719,175.17184448242188,191.29647827148438
2024-06-11,425.1849365234375,503.586181640625,176.7189483642578,205.19403076171875
2024-06-12,433.4197082519531,504.9457092285156,178.07765197753906,211.05813598632812
2024-06-13,433.93072509765625,500.24200439453125,175.28091430664062,212.2170867919922
2024-06-14,434.9035949707031,500.7982177734375,176.8974609375,210.48361206054688
2024-06-17,440.6031188964844,503.2517395019531,177.30409240722656,214.62413024902344
2024-06-18,438.6083068847656,496.15936279296875,174.99330139160156,212.2666015625
2024-06-20,437.9793701171875,498.3546447753906,176.24290466308594,207.70010375976562
2024-06-21,441.9886779785156,491.480712890625,178.7718505859375,205.53077697753906
2024-06-24,439.91522216796875,495.5832214355469,179.29747009277344,206.1746826171875
2024-06-25,443.138427734375,507.1952819824219,184.0479736328125,207.09588623046875
2024-06-26,444.3275146484375,509.6984558105469,183.8396759033203,211.23641967773438
2024-06-27,445.0054931640625,516.095458984375,185.3173828125,212.07838439941406
2024-06-28,439.20770263671875,500.8577880859375,181.90576171875,208.63125610351562
2024-07-01,448.81829833984375,501.3147277832031,182.9669647216797,214.703369140625
2024-07-02,451.3240966796875,506.1026306152344,185.06944274902344,218.1901397705078
2024-07-03,452.788330078125,506.5595397949219,185.84300231933594,219.45803833007812
2024-07-05,459.4606628417969,536.3097534179688,190.37525939941406,224.20281982421875
2024-07-08,458.1635437011719,525.7904052734375,188.90748596191406,225.6688690185547
2024-07-09,451.5796203613281,526.4658813476562,188.86781311035156,226.52072143554688
2024-07-10,458.1733703613281,531.1246948242188,191.06951904296875,230.7801055908203
2024-07-11,446.8235168457031,509.28131103515625,185.7537384033203,225.4212188720703
2024-07-12,445.6933898925781,495.5434875488281,185.23802185058594,228.3631591796875
2024-07-15,446.0963134765625,492.8515625,186.6363983154297,232.18670654296875
2024-07-16,441.7331848144531,486.5240478515625,183.96859741210938,232.6027374267578
2024-07-17,435.83709716796875,458.9093933105469,181.1123809814453,226.71884155273438
2024-07-18,432.7416687011719,472.6769714355469,177.74044799804688,222.06320190429688
2024-07-19,429.5381774902344,473.61077880859375,177.9090576171875,222.19198608398438
2024-07-22,435.2671813964844,484.1499938964844,181.8363494873047,221.84532165527344
2024-07-23,437.14410400390625,485.4313659667969,182.0843048095703,222.8853759765625
2024-07-24,421.4703674316406,458.1941833496094,172.9304656982422,216.47647094726562
2024-07-25,411.15228271484375,450.3866271972656,167.76351928710938,215.4364013671875
2024-07-26,417.90325927734375,462.5947570800781,167.28744506835938,215.90194702148438
2024-07-29,419.3379821777344,462.6046142578125,169.71725463867188,216.1793212890625
2024-07-30,415.593994140625,460.1014404296875,170.44122314453125,216.7340087890625
2024-07-31,411.1031799316406,471.6637878417969,171.72055053710938,219.98304748535156
2024-08-01,409.88458251953125,494.4210510253906,171.02633666992188,216.2981719970703
2024-08-02,401.4139099121094,484.885009765625,167.009765625,217.7840118408203
2024-08-05,388.30499267578125,472.55780029296875,159.3138427734375,207.29400634765625
2024-08-06,392.6877136230469,490.7953796386719,159.2146453857422,205.27328491210938
2024-08-07,391.5282287597656,485.6598815917969,159.4229278564453,207.83880615234375
2024-08-08,395.71435546875,506.2318115234375,162.48741149902344,211.2958526611328
2024-08-09,398.9866943359375,514.3174438476562,164.0246124267578,214.19821166992188
2024-08-12,399.7630310058594,512.5096435546875,162.59649658203125,215.7254180908203
2024-08-13,406.8382873535156,525.0156860351562,164.56016540527344,219.4343719482422
2024-08-14,409.638916015625,523.24755859375,160.69235229492188,219.88064575195312
2024-08-15,414.482421875,533.7470703125,161.8229522705078,222.85577392578125
2024-08-16,411.9622497558594,523.903076171875,163.3800048828125,224.1747283935547
2024-08-19,414.9746398925781,525.750732421875,167.009765625,224.01605224609375
2024-08-20,418.1938171386719,523.2176513671875,167.5651397705078,224.63092041015625
2024-08-21,417.5440979003906,531.5914916992188,166.24612426757812,224.5218505859375
2024-08-22,409.0876159667969,528.3829956054688,164.12379455566406,222.6673583984375
2024-08-23,410.3083801269531,524.4793090820312,166.0477752685547,224.9581756591797
2024-08-26,407.0596618652344,517.6451416015625,166.5436553955078,225.2953643798828
2024-08-27,407.4042663574219,515.6385498046875,165.0064697265625,226.1383056640625
2024-08-28,404.2146301269531,513.3341674804688,163.14198303222656,224.61109924316406
2024-08-29,406.6954345703125,514.7644653320312,162.05104064941406,227.8837127685547
2024-08-30,410.6529541015625,517.8338623046875,163.74693298339844,227.1002655029297
2024-09-03,403.0726623535156,508.3475036621094,157.3005828857422,220.92193603515625
2024-09-04,402.5410461425781,509.3210144042969,156.5072021484375,219.0178985595703
2024-09-05,402.03900146484375,513.4135131835938,157.2906951904297,220.53517150878906
2024-09-06,395.4530334472656,496.9341125488281,150.87408447265625,218.98812866210938
2024-09-09,399.4105224609375,501.4239807128906,148.5006866455078,219.07737731933594
2024-09-10,407.7586364746094,501.4239807128906,148.96742248535156,218.2840118408203
2024-09-11,416.461181640625,508.4170227050781,151.09255981445312,220.81288146972656
2024-09-12,420.3595886230469,522.09521484375,154.45901489257812,220.92193603515625
2024-09-13,423.89373779296875,521.1217651367188,157.2693328857422,220.65419006347656
2024-09-16,424.63201904296875,530.2294311523438,157.88502502441406,214.5254669189453
2024-09-17,428.38287353515625,533.2520141601562,159.1660614013672,214.99154663085938
2024-09-18,424.1103210449219,534.8726806640625,159.69236755371094,218.8592071533203
2024-09-19,431.8678283691406,555.901611328125,162.10548400878906,226.97134399414062
2024-09-20,428.5010070800781,558.1388549804688,163.49575805664062,226.306884765625
2024-09-23,426.7683410644531,561.1813354492188,161.93667602539062,224.59127807617188
2024-09-24,422.495849609375,560.1074829101562,162.50270080566406,225.48377990722656
2024-09-25,425.39013671875,565.05908203125,161.8572235107422,224.4920654296875
2024-09-26,424.6025390625,564.591796875,162.69134521484375,225.63253784179688
2024-09-27,421.3637390136719,564.1144409179688,164.1412353515625,225.90029907226562
2024-09-30,423.6082458496094,569.1654052734375,166.02801513671875,231.06707763671875
2024-10-01,414.147705078125,573.1723022460938,167.2494659423828,224.33343505859375
2024-10-02,410.64306640625,569.533203125,166.14720153808594,224.898681640625
2024-10-03,410.06231689453125,579.4363403320312,166.04791259765625,223.79788208007812
2024-10-04,409.5896911621094,592.531005859375,167.38848876953125,224.9185028076172
2024-10-07,403.17108154296875,581.4348754882812,163.2475128173828,219.8509063720703
2024-10-08,408.2606506347656,589.4984741210938,164.5483856201172,223.8970489501953
2024-10-09,410.96795654296875,587.132080078125,161.92672729492188,227.6357879638672
2024-10-10,409.3731689453125,580.490234375,162.0458984375,227.13992309570312
2024-10-11,409.84564208984375,586.5753173828125,163.3765869140625,225.66229248046875
2024-10-14,412.621826171875,587.0425415039062,165.1938934326172,229.3811798095703
2024-10-15,412.22802734375,582.916259765625,165.74005126953125,231.91000366210938
2024-10-16,409.64874267578125,573.4904174804688,165.58114624023438,229.85719299316406
2024-10-17,410.23944091796875,573.6296997070312,163.3666534423828,230.22412109375
2024-10-18,411.6570739746094,573.1723022460938,163.90292358398438,233.0504913330078
2024-10-21,412.2674255371094,571.8698120117188,164.64768981933594,234.51820373535156
2024-10-22,420.8616638183594,578.6806640625,165.6605987548828,233.90335083007812
2024-10-23,417.9969177246094,560.4654541015625,163.33685302734375,228.8456573486328
2024-10-24,418.1248779296875,564.5320434570312,163.3865203857422,228.65724182128906
2024-10-25,421.4916687011719,569.9707641601562,165.82943725585938,229.49024963378906
2024-10-28,419.95599365234375,574.8526611328125,167.1700439453125,231.46377563476562
2024-10-29,425.232666015625,589.88623046875,169.95057678222656,231.7315216064453
2024-10-30,425.8036193847656,588.4146118164062,174.9158172607422,228.19114685058594
2024-10-31,400.0307312011719,564.333251953125,171.48980712890625,224.03590393066406
2024-11-01,403.9881896972656,563.91552734375,171.45010375976562,221.06080627441406
2024-11-04,402.1079406738281,557.4725952148438,169.4937744140625,220.16824340820312
2024-11-05,405.06121826171875,569.1553955078125,170.21871948242188,221.59628295898438
2024-11-06,413.6456298828125,568.7775268554688,177.0906219482422,220.8723602294922
2024-11-07,418.8139953613281,588.3153076171875,181.01316833496094,225.5928497314453
2024-11-08,415.9689636230469,585.9686889648438,178.60997009277344,225.3248291015625
2024-11-11,411.5093994140625,579.833984375,180.70530700683594,222.61448669433594
2024-11-12,416.4512939453125,581.4744873046875,182.04592895507812,222.61448669433594
2024-11-13,418.58758544921875,576.6822509765625,179.235595703125,223.49807739257812
2024-11-14,420.2513427734375,573.8583374023438,176.11740112304688,226.57574462890625
2024-11-15,408.5461730957031,550.910400390625,172.6814727783203,223.37892150878906
2024-11-18,409.2944030761719,551.2286376953125,175.5712432861328,226.37718200683594
2024-11-19,411.2928466796875,557.88037109375,178.3319091796875,226.63528442382812
2024-11-20,409.028564453125,562.2849731445312,176.09756469726562,227.35009765625
2024-11-21,407.26287841796875,559.8687744140625,168.06378173828125,226.87359619140625
2024-11-22,411.3367919921875,555.9414672851562,165.41232299804688,228.21385192871094
2024-11-25,413.1025085449219,561.8773193359375,168.25244140625,231.19223022460938
2024-11-26,422.17755126953125,570.259033203125,169.43417358398438,233.36647033691406
2024-11-27,417.2454833984375,565.9439697265625,169.6328125,233.2373809814453
2024-11-29,417.70904541015625,571.0346069335938,169.30508422851562,235.62010192871094
2024-12-02,425.1269226074219,589.4387817382812,171.77777099609375,237.8638153076172
2024-12-03,425.3440246582031,610.1395874023438,171.81752014160156,240.90176391601562
2024-12-04,431.4795227050781,610.2689208984375,174.86618041992188,241.25917053222656
2024-12-05,436.60888671875,605.4466552734375,173.09854125976562,241.28897094726562
2024-12-06,437.5459899902344,620.2017211914062,175.263427734375,241.09039306640625
2024-12-09,439.9626770019531,610.0601196289062,176.06866455078125,244.9722442626953
2024-12-10,437.3092346191406,615.7772216796875,185.4437713623047,245.98487854003906
2024-12-11,442.89239501953125,629.0607299804688,195.56448364257812,244.71409606933594
2024-12-12,443.45458984375,627.1815795898438,192.50241088867188,246.1735076904297
2024-12-13,441.1957092285156,616.80126953125,190.26553344726562,246.34228515625
2024-12-16,445.4570007324219,621.169677734375,197.0060577392578,249.23130798339844
2024-12-17,448.2880859375,616.3932495117188,195.97207641601562,251.6537322998047
2024-12-18,431.4499206542969,594.2527465820312,189.04266357421875,246.2628631591797
2024-12-19,431.09478759765625,592.6407470703125,188.59532165527344,247.9903106689453
2024-12-20,430.670654296875,582.3715209960938,191.83631896972656,252.6564483642578
2024-12-23,429.3389892578125,596.899658203125,194.84869384765625,253.43084716796875
2024-12-24,433.363525390625,604.7608642578125,196.41949462890625,256.3397216796875
2024-12-26,432.1600646972656,600.3825073242188,195.9522247314453,257.1538391113281
2024-12-27,424.6830139160156,596.8598022460938,192.91000366210938,253.74853515625
2024-12-30,419.0604248046875,588.3319702148438,191.56788635253906,250.38296508789062
2024-12-31,415.7756652832031,582.6301879882812,189.33099365234375,248.6157989501953
2025-01-02,412.8953552246094,596.2926635742188,189.51988220214844,242.0931396484375
2025-01-03,417.6005554199219,601.6561279296875,192.0053253173828,241.60665893554688
2025-01-06,422.0394592285156,627.1004028320312,196.80722045898438,243.23483276367188
2025-01-07,416.6339111328125,614.8510131835938,195.56448364257812,240.46495056152344
2025-01-08,418.79412841796875,607.7161254882812,194.25216674804688,240.95140075683594
2025-01-10,413.2603454589844,612.830810546875,192.0450897216797,235.1435546875
2025-01-13,411.5242004394531,605.3379516601562,191.17022705078125,232.71119689941406
2025-01-14,410.02490234375,591.3272094726562,189.93743896484375,231.5992889404297
2025-01-15,420.5203552246094,614.084716796875,195.83291625976562,236.15621948242188
2025-01-16,418.8138427734375,608.2933349609375,193.27789306640625,226.61544799804688
2025-01-17,423.203369140625,609.756103515625,196.3996124267578,228.32305908203125
2025-01-21,422.6806335449219,613.427978515625,198.46749877929688,221.0359344482422
2025-01-22,440.1402587890625,620.433349609375,198.8651580810547,222.21737670898438
2025-01-23,440.6433410644531,633.3196411132812,198.41778564453125,222.04859924316406
2025-01-24,438.0293273925781,644.3053588867188,200.72425842285156,221.17495727539062
2025-01-27,428.6583251953125,656.6343994140625,192.64161682128906,228.20391845703125
2025-01-28,441.1266784667969,671.0133666992188,195.92239379882812,236.54339599609375
2025-01-29,436.32281494140625,673.1626586914062,196.03173828125,237.63548278808594
2025-01-30,409.3540954589844,683.6210327148438,201.45001220703125,235.87823486328125
2025-01-31,409.42315673828125,685.790283203125,204.40272521972656,234.29966735839844
2025-02-03,405.3393859863281,694.0296020507812,201.45994567871094,226.3672332763672
2025-02-04,406.7696533203125,700.7265014648438,206.50039672851562,231.1227264404297
2025-02-05,407.67718505859375,701.4031982421875,192.1743621826172,230.7951202392578
2025-02-06,410.1728210449219,708.4880981445312,192.1842803955078,231.53970336914062
2025-02-07,404.1852722167969,711.0056762695312,186.05020141601562,225.989990234375
2025-02-10,406.6217041015625,713.8715209960938,187.10401916503906,226.25833129882812
2025-02-11,405.85235595703125,716.259765625,185.9806365966797,231.1979522705078
2025-02-12,403.48492431640625,721.8123168945312,184.3501434326172,235.42196655273438
2025-02-13,404.964599609375,724.9766235351562,186.785888671875,240.05349731445312
2025-02-14,402.8831787109375,733.0466918945312,185.78176879882812,243.104736328125
2025-02-18,404.0767822265625,712.8465576171875,184.718017578125,242.97552490234375
2025-02-19,409.1370849609375,700.30859375,186.04026794433594,243.37306213378906
2025-02-20,411.30169677734375,691.4224853515625,185.55313110351562,244.32720947265625
2025-02-21,403.4735412597656,680.18798828125,180.52256774902344,244.0489044189453
2025-02-24,399.31243896484375,664.8438110351562,180.1348876953125,245.58944702148438
2025-02-25,393.2831726074219,654.26611328125,176.3371124267578,245.52978515625
2025-02-26,395.0919494628906,670.3864135742188,173.68263244628906,238.89064025878906
2025-02-27,387.97552490234375,655.00244140625,169.21881103515625,235.84934997558594
2025-02-28,392.3837585449219,664.91357421875,171.21710205078125,240.36160278320312
2025-03-03,383.9823913574219,651.8281860351562,167.67784118652344,236.5748748779297
2025-03-04,384.1009826660156,636.8522338867188,171.60482788085938,234.48770141601562
2025-03-05,396.3669738769531,653.2411499023438,173.9709930419922,234.2988739013672
2025-03-06,392.284912109375,624.841552734375,173.19552612304688,233.89138793945312
2025-03-07,388.7464294433594,622.582763671875,174.72653198242188,237.60853576660156
2025-03-10,375.7490234375,595.048828125,167.0228271484375,226.08938598632812
2025-03-11,376.03570556640625,602.7308349609375,165.20140075683594,219.48997497558594
2025-03-12,378.82293701171875,616.5126953125,168.207275390625,215.65354919433594
2025-03-13,374.37518310546875,587.7349853515625,163.957275390625,208.398193359375
2025-03-14,384.0515441894531,605.1494140625,166.83375549316406,212.1848907470703
2025-03-17,384.1899719238281,602.4603271484375,165.7886505126953,212.69180297851562
2025-03-18,379.0700988769531,580.01123046875,161.90695190429688,211.38978576660156
2025-03-19,383.3201599121094,581.7044067382812,165.50003051757812,213.92420959472656
2025-03-20,382.3515319824219,583.6365966796875,164.27578735351562,212.79116821289062
2025-03-21,386.72027587890625,593.84521484375,165.4701690673828,216.93568420410156
2025-03-24,388.51910400390625,616.3540649414062,169.13290405273438,219.38064575195312
2025-03-25,390.57501220703125,623.7840576171875,171.97947692871094,222.38218688964844
2025-03-26,385.4452209472656,608.5158081054688,166.35598754882812,220.17575073242188
2025-03-27,386.0481262207031,600.1497802734375,163.31033325195312,222.4815673828125
2025-03-28,374.4048156738281,574.4139404296875,155.32794189453125,216.56793212890625
2025-03-31,371.034423828125,574.0355224609375,155.49716186523438,220.77207946777344
2025-04-01,377.7554626464844,583.6365966796875,158.13473510742188,221.8256072998047
2025-04-02,377.70611572265625,581.5748901367188,158.11483764648438,222.5213165283203
2025-04-03,368.7808532714844,529.4758911132812,151.9140625,201.9478759765625
2025-04-04,355.6648254394531,502.69439697265625,147.04696655273438,187.22842407226562
2025-04-07,353.7077331542969,514.1678466796875,148.5399627685547,180.3507080078125
2025-04-08,350.4460754394531,508.39129638671875,145.89242553710938,171.36595153808594
2025-04-09,385.9591369628906,583.4075317382812,160.30450439453125,197.6343994140625
2025-04-10,376.9252624511719,544.086669921875,154.6411895751953,189.2559356689453
2025-04-11,383.94287109375,541.377685546875,158.6522979736328,196.9386749267578
2025-04-14,383.3102722167969,529.3365478515625,160.71258544921875,201.28196716308594
2025-04-15,381.25439453125,519.4166259765625,157.9356689453125,200.904296875
2025-04-16,367.2982177734375,500.28411865234375,154.77056884765625,193.0823974609375
2025-04-17,363.5126953125,499.45751953125,152.640625,195.7758331298828
2025-04-21,354.9531555175781,482.705322265625,149.1570281982422,191.97918701171875
2025-04-22,362.5638122558594,498.2623291015625,153.17808532714844,198.51895141601562
2025-04-23,370.04595947265625,518.1716918945312,156.9801788330078,203.3492431640625
2025-04-24,382.80621337890625,530.9996948242188,160.71258544921875,207.09620666503906
2025-04-25,387.30340576171875,545.062744140625,163.0814208984375,208.0006103515625
2025-04-28,386.62139892578125,547.5228271484375,161.6581268310547,208.8553924560547
2025-04-29,389.468017578125,552.2039184570312,161.29981994628906,209.91885375976562
2025-04-30,390.6738586425781,546.7857666015625,160.13528442382812,211.20095825195312
2025-05-01,420.4641418457031,569.9022827148438,162.02638244628906,212.01596069335938
2025-05-02,430.2294921875,594.6121826171875,165.0322265625,204.0946502685547
2025-05-05,431.1091613769531,596.8531494140625,165.27110290527344,197.6741485595703
2025-05-06,428.2823791503906,584.9413452148438,164.4250946044922,197.29647827148438
2025-05-07,428.3218994140625,594.4030151367188,152.08326721191406,195.05029296875
2025-05-08,433.0859680175781,595.5982055664062,155.01939392089844,196.28269958496094
2025-05-09,433.63946533203125,590.1004028320312,153.6558380126953,197.3163299560547
2025-05-12,444.0472717285156,636.85107421875,158.83143615722656,209.77610778808594
2025-05-13,443.9287109375,653.3842163085938,160.13528442382812,211.9058380126953
2025-05-14,447.6846008300781,656.70068359375,166.02752685546875,211.3087158203125
2025-05-15,448.6946105957031,641.283203125,164.62413024902344,210.43295288085938
2025-05-16,449.8234558105469,637.7574462890625,166.64462280273438,210.24388122558594
2025-05-19,454.37841796875,637.8471069335938,167.08255004882812,207.7758026123047
2025-05-20,453.6852722167969,634.530517578125,164.54452514648438,205.86502075195312
2025-05-21,448.1401062011719,632.9368896484375,169.26226806640625,201.1179656982422
2025-05-22,450.40765380859375,634.0026245117188,171.1732940673828,200.39149475097656
2025-05-23,445.7734375,624.5309448242188,168.79446411132812,194.330810546875
2025-05-27,456.18060302734375,639.7293701171875,173.1638946533203,199.24705505371094
2025-05-28,452.8831787109375,640.984375,172.56671142578125,199.4560089111328
2025-05-29,454.1902770996094,642.4484252929688,172.148681640625,198.98828125
2025-05-30,455.8537902832031,644.8785400390625,172.03919982910156,199.88394165039062
2025-06-02,457.44805908203125,668.1942749023438,169.57083129882812,200.72984313964844
2025-06-03,458.43829345703125,664.1605224609375,166.92330932617188,202.2923126220703
2025-06-04,459.3294982910156,685.1754760742188,168.59542846679688,201.84446716308594
2025-06-05,463.1021728515625,681.8588256835938,169.0134735107422,199.66500854492188
2025-06-06,465.7757873535156,694.8960571289062,174.0994873046875,202.93917846679688
2025-06-09,468.12255859375,691.2607421875,177.00929260253906,200.48106384277344
2025-06-10,466.3104553222656,699.567138671875,179.38095092773438,201.6951904296875
2025-06-11,467.99383544921875,691.3403930664062,178.1652374267578,197.82388305664062
2025-06-12,474.1826477050781,690.5635375976562,176.35159301757812,198.24188232421875
2025-06-13,470.3109436035156,680.1159057617188,175.26541137695312,195.50511169433594
2025-06-16,474.45001220703125,699.8262939453125,177.31820678710938,197.46563720703125
2025-06-17,473.36077880859375,694.9522705078125,176.61068725585938,194.69900512695312
2025-06-18,475.5391845703125,693.4970703125,173.37203979492188,195.63449096679688
2025-06-20,472.72705078125,680.120849609375,167.14389038085938,200.03321838378906
2025-06-23,481.24285888671875,696.248046875,165.4298858642578,200.53082275390625
2025-06-24,485.3125915527344,709.8734130859375,167.1538543701172,199.3365936279297
2025-06-25,487.45147705078125,706.3648681640625,170.8907470703125,200.5905303955078
2025-06-26,492.5807800292969,723.718017578125,173.8204803466797,200.03321838378906
2025-06-27,491.0855712890625,731.2334594726562,177.6470489501953,200.11282348632812
2025-06-30,492.5411376953125,735.6788330078125,176.77012634277344,204.18316650390625
2025-07-01,487.233642578125,716.8704223632812,176.2918243408203,206.82041931152344
2025-07-02,486.28302001953125,711.2388916015625,179.13185119628906,211.41819763183594
2025-07-03,493.9571838378906,716.6610717773438,179.91908264160156,212.52285766601562
2025-07-07,492.84814453125,716.0032348632812,176.9395294189453,208.940185546875
2025-07-08,491.7588806152344,718.315673828125,174.5479278564453,208.9998779296875
2025-07-09,498.5814514160156,730.3861694335938,177.03919982910156,210.12445068359375
2025-07-10,496.57135009765625,724.8642578125,178.07554626464844,211.38836669921875
2025-07-11,498.393310546875,715.166015625,180.67642211914062,210.1443634033203
2025-07-14,498.09625244140625,718.5648193359375,182.17117309570312,207.6165771484375
2025-07-15,500.8688659667969,708.0692749023438,182.46017456054688,208.10421752929688
2025-07-16,500.6708068847656,700.6136474609375,183.12783813476562,209.149169921875
2025-07-17,506.6913146972656,699.1185913085938,184.05458068847656,209.0098419189453
2025-07-18,505.05743408203125,701.9793090820312,185.29026794433594,210.1642608642578
2025-07-21,505.06732177734375,710.6408081054688,190.48204040527344,211.45799255371094
2025-07-22,500.3241882324219,702.5075073242188,191.4386749267578,213.3687744140625
2025-07-23,500.9183349609375,711.2489013671875,190.8407745361328,213.11996459960938
2025-07-24,505.87933349609375,712.4649047851562,192.52487182617188,212.73184204101562
2025-07-25,508.6816101074219,710.3517456054688,193.4018096923828,212.85128784179688
2025-07-28,507.48345947265625,715.28564453125,192.74411010742188,213.0204620361328
2025-07-29,507.5527648925781,697.7132568359375,195.74359130859375,210.2538299560547
2025-07-30,508.2161865234375,692.9389038085938,196.7500762939453,208.04449462890625
2025-07-31,528.2779541015625,770.913330078125,192.18606567382812,206.57162475585938
2025-08-01,518.9798583984375,747.5598754882812,189.28623962402344,201.40658569335938
2025-08-04,530.3970336914062,773.8338012695312,195.0659942626953,202.37193298339844
2025-08-05,522.5841064453125,760.9658813476562,194.63748168945312,201.94400024414062
2025-08-06,519.8016967773438,769.468017578125,196.2318878173828,212.2242889404297
2025-08-07,515.7418823242188,759.3412475585938,196.5906219482422,218.9716796875
2025-08-08,516.9300537109375,766.786865234375,201.38381958007812,228.2468719482422
2025-08-11,516.6627197265625,763.3681030273438,200.92543029785156,226.34388732910156
2025-08-12,524.0596313476562,787.419189453125,203.44659423828125,228.80477905273438
2025-08-13,515.484375,777.5316162109375,202.32052612304688,232.47125244140625
2025-08-14,517.36572265625,779.5748901367188,203.1077880859375,231.92327880859375
2025-08-15,515.078369140625,782.664794921875,204.19395446777344,230.73764038085938
2025-08-18,512.0383911132812,764.8631591796875,203.5761260986328,230.0402374267578
2025-08-19,504.7801818847656,749.0250854492188,201.78244018554688,229.71145629882812
2025-08-20,500.76983642578125,745.27734375,199.49046325683594,225.17819213867188
2025-08-21,500.1251525878906,736.6854858398438,199.9189453125,224.072265625
2025-08-22,503.09075927734375,752.32421875,205.9976348876953,226.92173767089844
2025-08-25,500.14495849609375,750.8390502929688,208.42910766601562,226.323974609375
2025-08-26,497.9430847167969,751.636474609375,207.2233428955078,228.46604919433594
2025-08-27,502.6047668457031,744.9384155273438,207.48243713378906,229.6417236328125
2025-08-28,505.4810791015625,748.6563110351562,211.62786865234375,231.70408630371094
2025-08-29,502.5551452636719,736.286865234375,212.78382873535156,231.28562927246094
2025-09-02,500.9979553222656,732.70849609375,211.24923706054688,228.87454223632812
2025-09-03,501.22607421875,734.6422119140625,230.29246520996094,237.59234619140625
2025-09-04,503.82470703125,746.204345703125,231.8470001220703,238.89752197265625
2025-09-05,490.9605407714844,749.9918823242188,234.3482208251953,238.80784606933594
2025-09-08,494.13446044921875,749.8423461914062,233.55030822753906,237.00450134277344
2025-09-09,494.34271240234375,763.1985473632812,239.3152618408203,233.48751831054688
2025-09-10,496.2867126464844,749.5233764648438,238.93624877929688,225.95533752441406
2025-09-11,496.9215087890625,748.4469604492188,240.15306091308594,229.18341064453125
2025-09-12,505.7389221191406,753.1216430664062,240.75152587890625,233.20852661132812
2025-09-15,511.1543884277344,762.2018432617188,251.10447692871094,235.828857421875
2025-09-16,504.8859558105469,776.4551391601562,250.76536560058594,237.2735137939453
2025-09-17,505.8579406738281,773.1858520507812,249.199462890625,238.11044311523438
2025-09-18,504.3008117675781,777.7011108398438,251.6730194091797,237.00450134277344
2025-09-19,513.703369140625,775.837158203125,254.57542419433594,244.59646606445312
2025-09-22,510.25189208984375,763.175048828125,252.22157287597656,255.1374969482422
2025-09-23,505.0744323730469,753.4404907226562,251.68295288085938,253.49359130859375
2025-09-24,505.9869079589844,758.6867065429688,247.18472290039062,251.38140869140625
2025-09-25,502.8923645019531,746.9672241210938,245.92799377441406,255.92462158203125
2025-09-26,507.28619384765625,741.8206787109375,246.53639221191406,254.51980590820312
2025-09-29,510.4005432128906,741.4716186523438,243.72373962402344,253.49359130859375
2025-09-30,513.7232666015625,732.4749755859375,242.91586303710938,253.69287109375
2025-10-01,515.4689331054688,715.4791870117188,244.9006805419922,254.5098419189453
2025-10-02,511.53131103515625,725.1640014648438,245.78836059570312,256.1836853027344
2025-10-03,513.1281127929688,708.7167358398438,245.8083038330078,257.0703430175781
2025-10-06,524.256591796875,713.8035278320312,250.85513305664062,255.74526977539062
2025-10-07,519.7039794921875,711.230224609375,246.48654174804688,255.5360870361328
2025-10-08,520.56689453125,715.9779663085938,244.82089233398438,257.1102294921875
2025-10-09,518.136962890625,731.6072387695312,241.57936096191406,253.1050262451172
2025-10-10,506.790283203125,703.4703979492188,236.87164306640625,244.36732482910156
2025-10-13,509.8550720214844,713.8433837890625,244.0030059814453,246.74851989746094
2025-10-14,509.3790283203125,706.8117065429688,245.54898071289062,246.8581085205078
2025-10-15,509.2401428222656,715.6885986328125,251.0546112060547,248.42233276367188
2025-10-16,507.4349670410156,710.2228393554688,251.22418212890625,246.53929138183594
2025-10-17,509.3888854980469,715.0602416992188,253.1291961669922,251.36148071289062
2025-10-20,512.57275390625,730.2706298828125,256.3507995605469,261.27484130859375
2025-10-21,513.4356079101562,731.367919921875,250.6855926513672,261.8028869628906
2025-10-22,516.2921142578125,731.5075073242188,251.8724822998047,257.4988098144531
2025-10-23,516.3118896484375,732.095947265625,253.06935119628906,258.6246032714844
2025-10-24,519.3370971679688,736.444580078125,259.8316955566406,261.85272216796875
2025-10-27,527.1824951171875,748.872314453125,269.2271728515625,267.8206787109375
2025-10-28,537.6463623046875,749.4906616210938,267.7310791015625,268.00994873046875
2025-10-29,537.130615234375,749.7200317382812,274.45355224609375,268.7073974609375
2025-10-30,521.469482421875,664.7410888671875,281.1659851074219,270.4011535644531
2025-10-31,513.5844116210938,646.6681518554688,281.08624267578125,269.37493896484375
2025-11-03,512.810791015625,636.0557250976562,283.3802490234375,268.0597839355469
2025-11-04,510.1327819824219,625.6926879882812,277.3360290527344,269.0461730957031
2025-11-05,503.02130126953125,634.30029296875,284.0085754394531,269.14581298828125
2025-11-06,493.04339599609375,617.3344116210938,284.5970764160156,268.7771301269531
2025-11-07,492.76568603515625,620.0972900390625,278.97174072265625,267.4819030761719
2025-11-10,501.87078857421875,630.1212158203125,289.8333435058594,268.6985778808594
2025-11-11,504.5289001464844,625.4533081054688,290.9803771972656,274.5028076171875
2025-11-12,506.9688415527344,607.43017578125,286.6816101074219,272.7276611328125
2025-11-13,499.1828918457031,608.3079223632812,278.39324951171875,272.2090759277344
2025-11-14,506.0166320800781,607.8790283203125,276.2588195800781,271.6705322265625
2025-11-17,503.3486328125,600.4483642578125,284.8563537597656,266.7339782714844
2025-11-18,489.7604064941406,596.1395874023438,284.2180480957031,266.7139892578125
2025-11-19,483.14483642578125,588.7886962890625,292.2271423339844,267.83099365234375
2025-11-20,475.41387939453125,587.6217041015625,289.2249755859375,265.5272521972656
2025-11-21,469.1436462402344,592.70849609375,298.8697814941406,270.75299072265625
2025-11-24,471.0118103027344,611.4596557617188,317.64080810546875,275.1710205078125
2025-11-25,473.98297119140625,634.5695190429688,322.7973327636719,276.2181396484375
2025-11-26,482.4393310546875,631.9663696289062,319.446044921875,276.79656982421875
2025-11-28,488.9082946777344,646.2691650390625,319.2864990234375,278.0930480957031
2025-12-01,483.6714782714844,639.2074584960938,314.29949951171875,282.33148193359375
2025-12-02,486.91094970703125,645.4213256835938,315.1971740722656,285.4131164550781
2025-12-03,474.7182922363281,637.9407958984375,319.78521728515625,283.378662109375
2025-12-04,477.8087158203125,659.81396484375,317.5610046386719,279.93804931640625
2025-12-05,480.11407470703125,671.673095703125,321.2513732910156,278.0232238769531
2025-12-08,487.92449951171875,665.0702514648438,313.8359069824219,277.1356506347656
2025-12-09,488.918212890625,655.2557983398438,317.1294250488281,276.42755126953125
2025-12-10,475.5430603027344,648.4435424804688,320.3730773925781,278.0232238769531
2025-12-11,480.4221496582031,651.016845703125,313.0873718261719,277.2752380371094
2025-12-12,475.5132751464844,642.5587158203125,309.9135437011719,277.52459716796875
2025-12-15,471.82666015625,646.3570556640625,308.7159118652344,273.3658752441406
2025-12-16,473.38677978515625,655.9798583984375,307.1289978027344,273.8645324707031
2025-12-17,473.1184387207031,648.343505859375,297.4778747558594,271.1020812988281
2025-12-18,480.9289245605469,663.2669067382812,303.1567687988281,271.45111083984375
2025-12-19,482.856689453125,657.5969848632812,308.0072937011719,272.9271545410156
2025-12-22,481.86297607421875,660.3220825195312,310.7219543457031,270.23443603515625
2025-12-23,483.7807922363281,663.7559814453125,315.0634765625,271.62066650390625
2025-12-24,484.94342041015625,666.3613891601562,315.05352783203125,273.06671142578125
2025-12-26,484.6354064941406,662.10888671875,314.3448791503906,272.6578369140625
2025-12-29,484.02923583984375,657.5171508789062,313.7760314941406,273.0168762207031
2025-12-30,484.4068603515625,664.7642211914062,313.9356689453125,272.33868408203125
2025-12-31,480.5711669921875,658.9146728515625,313.1871337890625,271.12200927734375
2026-01-02,469.95849609375,649.2518920898438,314.7041931152344,270.27435302734375
2026-01-05,469.86907958984375,657.616943359375,316.7002868652344,266.5345458984375
2026-01-06,475.4933776855469,659.4437255859375,313.9356689453125,261.64776611328125
2026-01-07,480.4221496582031,647.5349731445312,321.80029296875,259.6233215332031
2026-01-08,475.0959167480469,644.9096069335938,325.373291015625,258.33685302734375
2026-01-09,476.258544921875,651.8970947265625,328.4971923828125,258.6659240722656
2026-01-12,474.1717529296875,640.826904296875,332.0801696777344,259.54351806640625
2026-01-13,467.70281982421875,629.96630859375,335.77294921875,260.34136962890625
2026-01-14,456.4840087890625,614.4240112304688,335.6531982421875,259.25433349609375
2026-01-15,453.7811279296875,619.694580078125,332.5093688964844,257.5090637207031
2026-01-16,456.9609375,619.1455688476562,329.6948547363281,254.83636474609375
2026-01-20,451.65460205078125,603.0443115234375,321.53082275390625,246.0303192138672
2026-01-21,441.3102111816406,611.8685913085938,327.73870849609375,246.97775268554688
2026-01-22,448.29595947265625,646.476806640625,330.19384765625,247.67584228515625
2026-01-23,463.0125732421875,657.5870361328125,327.7886047363281,247.36668395996094
2026-01-26,467.3152770996094,671.1627807617188,332.9385070800781,254.7166748046875
2026-01-27,477.5503234863281,671.7716674804688,334.3457336425781,257.56890869140625
2026-01-28,478.5937194824219,667.5392456054688,335.6232604980469,255.74388122558594
2026-01-29,430.76715087890625,736.995361328125,337.99859619140625,257.578857421875
2026-01-30,427.577392578125,715.2241821289062,337.8688659667969,258.775634765625
2026-02-02,420.70098876953125,705.152099609375,344.2264404296875,269.2770690917969
2026-02-03,408.61767578125,690.4683227539062,340.0346374511719,268.7485046386719
2026-02-04,411.5788879394531,667.7987670898438,332.68896484375,275.73944091796875
2026-02-05,391.1882629394531,669.0166015625,330.68292236328125,275.1610107421875
2026-02-06,398.6111755371094,660.2822265625,322.4690246582031,277.36505126953125
2026-02-09,410.99261474609375,676.0140991210938,323.7664489746094,274.13079833984375
2026-02-10,410.6646423339844,669.5256958007812,318.00775146484375,273.19244384765625
2026-02-11,401.8207702636719,667.4993286132812,310.7219543457031,275.00921630859375
2026-02-12,399.3067626953125,648.6529541015625,308.7657775878906,261.2637634277344
2026-02-13,398.7900085449219,638.630859375,305.42236328125,255.32435607910156
2026-02-17,394.3581237792969,638.151611328125,302.2286071777344,263.4099426269531
2026-02-18,397.0808410644531,642.0746459960938,303.346435546875,263.8791198730469
2026-02-19,396.8517761230469,643.6318969726562,302.9671325683594,260.11578369140625
2026-02-20,395.6267395019531,654.4924926757812,314.2850036621094,264.1086730957031
2026-02-23,382.9182434082031,636.1152954101562,311.0812683105469,265.705810546875
2026-02-24,387.429931640625,638.16162109375,310.31280517578125,271.6552429199219
2026-02-25,398.9831237792969,652.5260620117188,312.4186706542969,273.74151611328125
2026-02-26,400.0986022949219,655.8401489257812,306.5501708984375,272.4637756347656
2026-02-27,391.15484619140625,647.02587890625,310.82177734375,263.70941162109375
2026-03-02,396.9413757324219,652.396240234375,305.76165771484375,264.2484130859375
2026-03-03,402.2996826171875,653.91357421875,302.9671325683594,263.2801818847656
2026-03-04,403.5645751953125,666.541015625,302.85736083984375,262.0523376464844
2026-03-05,409.0224304199219,659.393798828125,300.3222961425781,259.8263244628906
2026-03-06,407.30938720703125,643.7117309570312,297.7174377441406,257.0013427734375
2026-03-09,407.757568359375,646.2373046875,305.6275329589844,259.41705322265625
2026-03-10,404.122314453125,652.9053344726562,306.54638671875,260.3653564453125
2026-03-11,403.245849609375,653.6939086914062,308.0345153808594,260.34539794921875
2026-03-12,400.2380065917969,637.0436401367188,302.8310241699219,255.3043975830078
2026-03-13,393.9534912109375,612.6171875,301.08319091796875,249.6744384765625
2026-03-16,398.33575439453125,626.8690185546875,304.0395202636719,252.36964416503906
2026-03-17,397.7979431152344,622.0834350585938,309.0232849121094,253.77711486816406
2026-03-18,390.20867919921875,615.1099243164062,305.9171447753906,249.49476623535156
2026-03-19,387.4498596191406,606.1382446289062,305.3478698730469,248.5165252685547
2026-03-20,380.3287048339844,593.1102905273438,298.41656494140625,247.54823303222656
2026-03-23,381.4541931152344,603.5006713867188,298.646240234375,251.04200744628906
2026-03-24,371.2355651855469,592.3709716796875,288.83856201171875,251.1917266845703
2026-03-25,369.5424499511719,594.3391723632812,289.22802734375,252.16998291015625
2026-03-26,364.4928894042969,547.032958984375,280.38909912109375,252.43951416015625
2026-03-27,355.3300476074219,525.233154296875,273.4178466796875,248.35679626464844
2026-03-30,357.5111999511719,535.8833618164062,272.7986145019531,246.19065856933594
2026-03-31,368.67596435546875,571.6002197265625,286.5014343261719,253.33790588378906
2026-04-01,367.8791809082031,578.6936645507812,294.5314025878906,255.1746368408203
2026-04-02,371.9526672363281,573.9281005859375,294.0919494628906,255.464111328125
2026-04-06,371.3750305175781,572.4894409179688,297.2879638671875,258.39886474609375
2026-04-07,370.78741455078125,574.5175170898438,303.5501403808594,253.0484161376953
2026-04-08,372.8191223144531,611.8529052734375,314.34661865234375,258.4388122558594
2026-04-09,371.5642395019531,627.8081665039062,315.9745788574219,260.0259704589844
2026-04-10,369.37310791015625,629.2767333984375,315.3254089355469,260.0159912109375
2026-04-13,382.8186340332031,633.9425048828125,318.81103515625,258.73828125
2026-04-14,391.5233459472656,661.8765258789062,330.16680908203125,258.3689270019531
2026-04-15,409.5602722167969,670.9581909179688,334.05194091796875,265.95538330078125
2026-04-16,418.56378173828125,676.2432250976562,332.35406494140625,262.9307861328125
2026-04-17,421.0835876464844,687.9124145507812,338.97576904296875,269.7486267089844
2026-04-20,416.38262939453125,670.2887573242188,334.98077392578125,272.5635681152344
2026-04-21,422.4480285644531,668.220703125,330.05694580078125,265.69586181640625
2026-04-22,431.1726989746094,674.09521484375,337.3078918457031,272.68341064453125
2026-04-23,414.0719909667969,658.5396728515625,337.327880859375,272.9429016113281
2026-04-24,422.90618896484375,674.4049682617188,341.89215087890625,270.5771179199219
2026-04-27,423.1053771972656,677.9916381835938,348.0843811035156,267.1332702636719
2026-04-28,427.5174865722656,670.7183837890625,347.065673828125,270.2277526855469
2026-04-29,422.746826171875,668.5004272460938,346.8758850097656,269.688720703125
2026-04-30,406.1341552734375,611.3433837890625,381.4626159667969,270.86663818359375
2026-05-01,412.76727294921875,608.1863403320312,382.74102783203125,279.6409912109375
2026-05-04,411.9505615234375,609.8447875976562,379.16552734375,276.3368225097656
2026-05-05,409.7196044921875,604.3998413085938,383.7897033691406,283.67376708984375
2026-05-06,412.2891845703125,612.3125,394.6461181640625,286.99786376953125
2026-05-07,419.07171630859375,616.2388305664062,394.805908203125,286.927978515625
2026-05-08,413.44451904296875,609.0654907226562,396.5537414550781,292.7974853515625
2026-05-11,410.99444580078125,598.3054809570312,386.28656005859375,292.42779541015625
2026-05-12,406.1241760253906,602.441650390625,383.34027099609375,294.54595947265625
2026-05-13,403.57452392578125,616.0590209960938,398.541259765625,298.6124572753906
2026-05-14,407.7774658203125,617.8573608398438,396.673583984375,297.9530334472656
2026-05-15,420.2170715332031,613.6612548828125,392.8283996582031,299.9713134765625
2026-05-18,421.83056640625,610.64404296875,392.61865234375,297.5833435058594
2026-05-19,415.7352600097656,602.052001953125,384.4189147949219,298.7123718261719
2026-05-20,419.36053466796875,604.499755859375,384.4189147949219,301.98956298828125
2026-05-21,418.3025207519531,606.8175659179688,382.99072265625,304.7271728515625
2026-05-22,417.7835388183594,609.6949462890625,378.90582275390625,308.55389404296875
2026-05-26,415.248291015625,611.7730102539062,384.3589782714844,308.0643005371094
2026-05-27,411.8946228027344,634.6718139648438,384.3489990234375,310.5821533203125
2026-05-28,426.18768310546875,634.7017211914062,385.63739013671875,312.24072265625
2026-05-29,449.3940124511719,631.92431640625,375.9595031738281,311.7911071777344
2026-06-01,459.6546936035156,599.9139404296875,372.11431884765625,306.0460510253906
2026-06-02,440.48077392578125,597.0765991210938,357.94207763671875,314.92840576171875
2026-06-03,426.53704833984375,622.4031372070312,355.23541259765625,309.9926452636719
2026-06-04,427.2456970214844,626.9888916015625,368.8084411621094,310.9618225097656
2026-06-05,415.8870849609375,592.450927734375,365.3028564453125,307.0751647949219
2026-06-08,410.9663391113281,584.8479614257812,360.9356994628906,301.2801818847656
2026-06-09,402.6520080566406,584.0487060546875,362.0549621582031,290.29962158203125
2026-06-10,396.61334228515625,570.4512939453125,353.09075927734375,291.3287353515625
2026-06-11,389.6065673828125,567.9036254882812,356.32867431640625,295.375244140625
2026-06-12,390.00579833984375,566.4549560546875,357.9276428222656,290.879150390625
2026-06-15,399.0088806152344,593.47998046875,366.8717956542969,296.1645812988281
2026-06-16,393.0899963378906,600.2100219726562,370.8592529296875,298.9821472167969
2026-06-17,378.1980285644531,567.5800170898438,361.8650817871094,295.6949768066406
2026-06-18,378.6871032714844,577.219970703125,367.2215881347656,297.7532043457031
2026-06-22,366.6497802734375,563.8499755859375,348.5537109375,296.75408935546875
2026-06-23,373.23736572265625,562.2000122070312,345.8554382324219,294.04638671875
2026-06-24,364.7733154296875,557.6699829101562,344.816162109375,292.8274230957031
2026-06-25,352.1670227050781,542.8699951171875,341.9679870605469,274.91290283203125
2026-06-26,372.2691955566406,550.25,334.4728698730469,283.53546142578125
2026-06-29,367.8774719238281,562.5999755859375,351.0520935058594,281.4972229003906
2026-06-30,372.319091796875,563.2899780273438,353.1007385253906,289.11065673828125
2026-07-01,383.5579528808594,612.9099731445312,357.6578063964844,294.1263427734375
2026-07-02,389.7562561035156,582.9000244140625,355.94891357421875,308.3640441894531
2026-07-06,386.0133056640625,600.2899780273438,364.6632385253906,312.3905944824219
2026-07-07,388.109375,615.5800170898438,363.38409423828125,310.3923034667969
2026-07-08,382.6197204589844,603.1199951171875,358.4772644042969,313.1199645996094
2026-07-09,383.6377868652344,631.47998046875,356.00885009765625,315.947509765625
2026-07-10,384.37640380859375,669.2100219726562,354.7996520996094,315.0483093261719
2026-07-13,390.2553405761719,656.72998046875,350.4425048828125,317.03656005859375
2026-07-14,384.20672607421875,661.0399780273438,357.09814453125,314.58868408203125
2026-07-15,394.8866271972656,681.3099975585938,369.96978759765625,327.2178039550781
2026-07-16,400.3463439941406,664.5399780273438,353.5804443359375,332.97283935546875
2026-07-17,393.08001708984375,646.010009765625,345.89544677734375,333.452392578125
2026-07-20,401.53411865234375,645.8499755859375,351.14202880859375,326.3085632324219
2026-07-21,397.00262451171875,643.8099975585938,345.96539306640625,327.45758056640625
2026-07-22,389.6065673828125,627.1699829101562,341.68817138671875,325.60919189453125
2026-07-23,380.8630065917969,606.0999755859375,318.1334533691406,321.3828430175781
2026-07-24,380.9828186035156,595.1900024414062,318.8829650878906,332.7330322265625
2026-07-27,388.368896484375,593.8699951171875,326.3581237792969,336.61968994140625
2026-07-28,392.61090087890625,593.4099731445312,332.38421630859375,339.78692626953125
2026-07-29,389.8061828613281,585.6099853515625,335.54217529296875,337.8985900878906
2026-07-30,450.2524108886719,539.030029296875,333.4635009765625,333.1426696777344
2026-07-31,463.8468017578125,556.7100219726562,356.4186096191406,308.6438293457031
2026-08-03,486.73370361328125,590.239990234375,372.22833251953125,303.1585693359375
2026-08-04,491.884033203125,587.9400024414062,375.1064758300781,309.1134033203125
2026-08-05,486.5440673828125,588.77001953125,359.8963623046875,310.7320251464844
2026-08-06,498.9207458496094,589.9000244140625,356.38861083984375,312.14080810546875
2026-08-07,499.0505065917969,592.0999755859375,353.24066162109375,313.05999755859375
2026-08-10,505.109130859375,594.9199829101562,355.609130859375,308.260009765625
2026-08-11,502.86334228515625,599.1199951171875,342.7774658203125,304.9100036621094
2026-08-12,491.5047302246094,578.8499755859375,342.1478576660156,302.25
2026-08-13,495.9463806152344,594.969970703125,343.71685791015625,305.260009765625
2026-08-14,494.4691467285156,589.8499755859375,343.3171081542969,305.92999267578125
2026-08-17,479.44744873046875,568.969970703125,341.2284851074219,305.5899963378906
2026-08-18,480.72503662109375,543.6699829101562,341.0585632324219,310.0299987792969
2026-08-19,483.3999938964844,546.030029296875,341.47833251953125,316.8299865722656
2026-08-20,481.1499938964844,545.8300170898438,337.9805908203125,311.29998779296875
2026-08-21,483.239990234375,549.9000244140625,341.52825927734375,309.3500061035156
2026-08-24,487.30999755859375,559.02001953125,344.3664245605469,310.3399963378906
2026-08-25,491.7099914550781,570.0499877929688,343.11724853515625,309.8999938964844
2026-08-26,496.3699951171875,576.1400146484375,338.8800048828125,313.45001220703125
2026-08-27,505.05999755859375,571.0999755859375,337.4908752441406,314.5799865722656
2026-08-28,513.530029296875,578.02001953125,342.65753173828125,319.70001220703125
2026-08-31,507.2900085449219,572.3400268554688,335.1923828125,316.8500061035156
2026-09-01,501.0199890136719,578.5399780273438,331.8145751953125,325.1300048828125
2026-09-02,496.82000732421875,592.8499755859375,333.5634460449219,324.9599914550781
2026-09-03,510.1199951171875,610.6799926757812,338.8599853515625,328.2099914550781
2026-09-04,499.70001220703125,616.77001953125,335.30999755859375,319.9700012207031
