Date,TTWO,ALWN.AT,ELPE.AT,ETE.AT
2021-09-07,133.98653536815073,7.943645000457764,3.6446475982666016,2.311218738555908
2021-09-08,134.63001462935154,8.079119682312012,3.6693572998046875,2.2344722747802734
2021-09-09,132.8611963809799,8.02985668182373,3.632293224334717,2.196539878845215
2021-09-10,130.17166744445422,8.005224227905273,3.613760471343994,2.230943441390991
2021-09-13,129.47053120135024,8.08527660369873,3.6446475982666016,2.231825590133667
2021-09-14,128.81018423784735,8.226907730102539,3.675534248352051,2.2177114486694336
2021-09-15,129.34370403869252,8.202277183532715,3.632293224334717,2.223004102706909
2021-09-16,128.50258132020917,8.436274528503418,3.6570022106170654,2.2847542762756348
2021-09-17,128.8806696946449,8.491695404052734,3.5211002826690674,2.3288614749908447
2021-09-20,126.88907204277348,8.356222152709961,3.514922857284546,2.196539878845215
2021-09-21,124.22630416746142,8.313118934631348,3.539632558822632,2.239764928817749
2021-09-22,123.90261127054691,8.263854026794434,3.5211002826690674,2.2582898139953613
2021-09-23,125.49940164946747,8.374695777893066,3.5025687217712402,2.2141828536987305
2021-09-24,125.51682532799987,8.220749855041504,3.4593260288238525,2.1894826889038086
2021-09-27,126.80141963367169,8.079119682312012,3.533454656600952,2.1700754165649414
2021-09-28,127.47935694125499,8.011384010314941,3.5025687217712402,2.1180288791656494
2021-09-29,129.72412765167246,8.005224227905273,3.5025687217712402,2.1012682914733887
2021-09-30,132.80063977160535,8.239224433898926,3.477858304977417,2.1347899436950684
2021-10-01,136.97379509344228,8.282327651977539,3.5211002826690674,2.1145005226135254
2021-10-04,135.37221403876174,8.356222152709961,3.4593260288238525,2.1612541675567627
2021-10-05,139.45061950057607,8.313118934631348,3.6075832843780518,2.196539878845215
2021-10-06,142.66884060634766,8.29464340209961,3.582874298095703,2.140082597732544
2021-10-07,147.78436448227603,8.313118934631348,3.6570022106170654,2.2265326976776123
2021-10-08,150.2540078743259,8.313118934631348,3.7620182037353516,2.2697577476501465
2021-10-11,147.60451352757264,8.251538276672363,3.7496628761291504,2.251232862472534
2021-10-12,148.30685736115265,8.251538276672363,3.743485689163208,2.2582898139953613
2021-10-13,147.9102025259017,8.220749855041504,3.706421136856079,2.196539878845215
2021-10-14,146.0225030817528,8.251538276672363,3.7681949138641357,2.187718391418457
2021-10-15,147.14210742138675,8.313118934631348,3.792904853820801,2.2582898139953613
2021-10-18,148.09831175208092,8.239224433898926,3.792904853820801,2.2503509521484375
2021-10-19,148.1333151562485,8.362380027770996,3.817613124847412,2.2776970863342285
2021-10-20,149.1579541862011,8.511266708374023,3.823791027069092,2.355325937271118
2021-10-21,156.2074743459416,8.474043846130371,3.823791027069092,2.3729686737060547
2021-10-22,155.47933785617352,8.591912269592285,3.799081563949585,2.3817903995513916
2021-10-25,157.20671082226363,8.3313627243042,3.792904853820801,2.3817903995513916
2021-10-26,157.20343765702455,8.405804634094238,3.7002439498901367,2.3747332096099854
2021-10-27,155.980609091137,8.548487663269043,3.7805497646331787,2.399433135986328
2021-10-28,156.127689015716,8.548487663269043,3.7805497646331787,2.399433135986328
2021-10-29,154.91789811849594,8.343770980834961,3.6817116737365723,2.399433135986328
2021-11-01,159.04214258810043,8.312751770019531,3.7496628761291504,2.4170758724212646
2021-11-02,158.57467705199815,8.19488525390625,3.718775987625122,2.4250152111053467
2021-11-03,159.04058204290777,8.312751770019531,3.7125985622406006,2.4700045585632324
2021-11-04,166.07621922753424,8.269328117370605,3.706421136856079,2.4611833095550537
2021-11-05,162.00288041183467,8.176276206970215,3.706421136856079,2.4700045585632324
2021-11-08,160.03316696099319,8.176276206970215,3.7558398246765137,2.507054567337036
2021-11-09,161.1609821858292,8.126646041870117,3.743485689163208,2.4744153022766113
2021-11-10,157.6035991460085,8.269328117370605,3.7496628761291504,2.460301160812378
2021-11-11,161.68470794843233,8.374788284301758,3.7496628761291504,2.3906116485595703
2021-11-12,164.0319435905085,8.250716209411621,3.8855650424957275,2.315629243850708
2021-11-15,155.22240762100228,8.188680648803711,3.8732099533081055,2.3023972511291504
2021-11-16,158.0876693574064,8.033592224121094,3.811436891555786,2.371204376220703
2021-11-17,156.37942720085903,8.145256996154785,3.9164516925811768,2.488529682159424
2021-11-18,153.69420111179352,8.070813179016113,3.867033004760742,2.5052902698516846
2021-11-19,149.97691997885704,8.052203178405762,3.817613124847412,2.496469020843506
2021-11-22,146.25208799294705,7.940539360046387,3.7373082637786865,2.447950839996338
2021-11-23,146.88478666535957,7.853690147399902,3.7558398246765137,2.355325937271118
2021-11-24,146.11923364846007,7.779247760772705,3.7002439498901367,2.332390308380127
2021-11-25,146.66639446784757,7.940539360046387,3.792904853820801,2.3729686737060547
2021-11-26,151.35199649512833,7.599344730377197,3.613760471343994,2.2591724395751953
2021-11-29,150.17910944665527,7.64897346496582,3.619938373565674,2.320039987564087
2021-11-30,146.88176345930697,7.611751556396484,3.5952279567718506,2.3262152671813965
2021-12-01,141.52331122322175,7.599344730377197,3.6693572998046875,2.3773791790008545
2021-12-02,142.56793837848818,7.593141555786133,3.6940670013427734,2.3729686737060547
2021-12-03,146.62743319309084,7.7544331550598145,3.6878888607025146,2.4373655319213867
2021-12-06,145.4249492537383,7.729619979858398,3.675534248352051,2.404726266860962
2021-12-07,148.21893030231968,7.804062843322754,3.7125985622406006,2.4700045585632324
2021-12-08,151.24374119366166,7.74822998046875,3.6940670013427734,2.5141119956970215
2021-12-09,146.6473344948463,7.847485542297363,3.774371862411499,2.4947047233581543
2021-12-10,146.63549119670097,7.7978596687316895,3.7002439498901367,2.5132296085357666
2021-12-13,146.97882036255578,7.642769813537598,3.6446475982666016,2.4329545497894287
2021-12-14,148.53694635148713,7.543513298034668,3.706421136856079,2.492058038711548
2021-12-15,151.98119653873437,7.55592155456543,3.706421136856079,2.496469020843506
2021-12-16,152.9923714950246,7.599344730377197,3.7373082637786865,2.5661585330963135
2021-12-17,155.05365044545215,7.506289958953857,3.8485004901885986,2.5141119956970215
2021-12-20,158.6244963809586,7.506289958953857,3.7681949138641357,2.459418773651123
2021-12-21,159.11303926945038,7.568326473236084,3.7681949138641357,2.5141119956970215
2021-12-22,157.35888258246268,7.729619979858398,3.743485689163208,2.536165475845337
2021-12-23,157.0853025595743,7.822672367095947,3.7620182037353516,2.5626296997070312
2021-12-24,157.1066549397019,7.822672367095947,3.7620182037353516,2.5626296997070312
2021-12-27,158.56224758087774,7.7544331550598145,3.7681949138641357,2.5582191944122314
2021-12-28,158.33141149116,7.822672367095947,3.8423235416412354,2.575862169265747
2021-12-29,159.349148061905,7.810265064239502,3.8485004901885986,2.588212013244629
2021-12-30,159.17922648441163,7.7544331550598145,3.8485004901885986,2.547633409500122
2021-12-31,156.92676395915987,7.7358222007751465,3.8423235416412354,2.5864477157592773
2022-01-03,157.04105272253855,7.866097450256348,3.8917417526245117,2.5582191944122314
2022-01-04,160.9414747296887,7.946743488311768,3.910273790359497,2.56704044342041
2022-01-05,152.30035035317997,7.940539360046387,3.8855650424957275,2.5485153198242188
2022-01-06,145.49877735740756,7.940539360046387,3.8855650424957275,2.5485153198242188
2022-01-07,145.70392929580703,7.878503322601318,3.92262864112854,2.635847806930542
2022-01-10,125.9384474062872,7.804062843322754,3.8917417526245117,2.7258267402648926
2022-01-11,130.9925193540539,8.033592224121094,3.990579605102539,2.800808906555176
2022-01-12,137.29846379185983,8.238309860229492,4.132659435272217,2.8299195766448975
2022-01-13,135.32142359371664,8.225902557373047,4.200610637664795,2.848444700241089
2022-01-14,133.17488020736164,8.139052391052246,4.163546085357666,2.7778730392456055
2022-01-17,133.716538151627,8.294140815734863,4.13883638381958,2.81668758392334
2022-01-18,134.99757337358915,8.126646041870117,4.1511921882629395,2.807866096496582
2022-01-19,144.18807161797486,8.126646041870117,4.219143390655518,2.8493268489837646
2022-01-20,144.98300508857028,8.139052391052246,4.262384414672852,2.904019832611084
2022-01-21,145.62806710610494,7.971558570861816,4.13883638381958,2.851091146469116
2022-01-24,145.47498871024345,7.766840934753418,4.046176433563232,2.6896588802337646
2022-01-25,139.86945550426026,7.7544331550598145,4.070886135101318,2.748762369155884
2022-01-26,139.6960278049164,8.170071601867676,4.101772785186768,2.911076784133911
2022-01-27,139.8581508398056,8.182476997375488,4.07706356048584,2.9807662963867188
2022-01-28,142.405654446884,8.027388572692871,3.972048044204712,3.0010554790496826
2022-01-31,146.46207188061453,8.176276206970215,4.070886135101318,3.0786843299865723
2022-02-01,142.70262645184994,8.387195587158203,4.126482963562012,3.13161301612854
2022-02-02,146.39935672070987,8.269328117370605,4.114127159118652,3.1025023460388184
2022-02-03,144.2661822875698,8.188680648803711,4.058531284332275,3.1227915287017822
2022-02-04,153.02875488996506,8.064610481262207,4.070886135101318,3.2110061645507812
2022-02-07,152.85704970312872,8.046000480651855,4.083240509033203,3.17572021484375
2022-02-08,150.48557669260026,8.325160026550293,4.015289783477783,3.146609306335449
2022-02-09,150.89400471839872,8.48024845123291,4.052353858947754,3.1810131072998047
2022-02-10,151.59974878696812,8.5050630569458,4.095595836639404,3.2771668434143066
2022-02-11,150.2164740495873,8.430620193481445,4.095595836639404,3.307159662246704
2022-02-14,147.00323286479033,8.343770980834961,4.00293493270874,3.2021846771240234
2022-02-15,149.411816656444,8.498858451843262,4.039999008178711,3.307159662246704
2022-02-16,146.24722443105202,8.449230194091797,4.046176433563232,3.3309779167175293
2022-02-17,142.5284912971183,8.424415588378906,4.052353858947754,3.307159662246704
2022-02-18,139.44512912631035,8.523673057556152,4.064708232879639,3.280695676803589
2022-02-21,140.0521866083145,8.39339828491211,4.064708232879639,3.2286489009857178
2022-02-22,139.9511712677231,8.343770980834961,4.13883638381958,3.187188148498535
2022-02-23,139.30456388734092,8.250716209411621,4.3056254386901855,3.2374706268310547
2022-02-24,144.51124496215925,7.785451889038086,4.101772785186768,2.99929141998291
2022-02-25,147.69420476550295,7.990168571472168,4.379755020141602,3.1933629512786865
2022-02-28,144.88794314861298,8.033592224121094,4.348867893218994,2.911076784133911
2022-03-01,142.47608459290313,8.163866996765137,4.2870941162109375,2.74346923828125
2022-03-02,144.49249294031142,8.225902557373047,4.182078838348389,2.6137940883636475
2022-03-03,142.36418028623575,8.058406829833984,4.460060119628906,2.5979154109954834
2022-03-04,142.77782748009122,7.7978596687316895,4.293271064758301,2.3906116485595703
2022-03-07,145.2936372756958,7.7978596687316895,4.293271064758301,2.3906116485595703
2022-03-08,143.66820610433024,7.425644397735596,4.182078838348389,2.3465044498443604
2022-03-09,145.2712736673493,7.506289958953857,4.200610637664795,2.527343988418579
2022-03-10,142.94060919837375,7.326388835906982,4.015289783477783,2.364147424697876
2022-03-11,139.3597110584824,7.679990768432617,4.107950687408447,2.4144296646118164
2022-03-14,129.72843718667355,7.574531078338623,4.12030553817749,2.5132296085357666
2022-03-15,130.5651793658326,7.438052654266357,4.132659435272217,2.5061726570129395
2022-03-16,135.64141783618925,7.8598952293396,4.262384414672852,2.7787551879882812
2022-03-17,135.64743198246197,7.779247760772705,4.2870941162109375,2.6464335918426514
2022-03-18,136.37528355389804,7.723415851593018,4.32415771484375,2.6905407905578613
2022-03-21,136.93575831326598,7.6923980712890625,4.348867893218994,2.74346923828125
2022-03-22,138.2290614128142,7.779247760772705,4.416818618774414,2.800808906555176
2022-03-23,135.45200944900898,8.046000480651855,4.416818618774414,2.73905873298645
2022-03-24,136.73978373408318,8.008777618408203,4.342690944671631,2.7143588066101074
2022-03-25,140.33234730362892,8.008777618408203,4.342690944671631,2.7143588066101074
2022-03-28,142.50733390450478,8.15766429901123,4.4353508949279785,2.8493268489837646
2022-03-29,144.2352817470819,8.244514465332031,4.4909467697143555,2.9904701709747314
2022-03-30,140.70213158553088,8.176276206970215,4.546543598175049,2.9375412464141846
2022-03-31,137.737212109987,8.188680648803711,4.558898448944092,2.9587128162384033
2022-04-01,137.1704297558099,8.28173542022705,4.515655994415283,3.0345773696899414
2022-04-04,139.7900300770416,8.306548118591309,4.558898448944092,3.095445156097412
2022-04-05,138.39456792499914,8.387195587158203,4.577430248260498,3.096327066421509
2022-04-06,134.96620890231316,8.449230194091797,4.558898448944092,3.048691511154175
2022-04-07,131.5809676194076,8.511266708374023,4.558898448944092,3.0460453033447266
2022-04-08,130.06172506811708,8.802831649780273,4.663913726806641,3.1580772399902344
2022-04-11,129.1049070373192,8.833849906921387,4.700977325439453,3.219827651977539
2022-04-12,127.19296581348954,8.796628952026367,4.670090675354004,3.2903990745544434
2022-04-13,128.38368109806015,8.902090072631836,4.62067174911499,3.2586419582366943
2022-04-14,126.60866009545225,8.902090072631836,4.663913726806641,3.260406017303467
2022-04-15,127.49298411214386,8.902090072631836,4.663913726806641,3.260406017303467
2022-04-18,125.47092747446641,8.902090072631836,4.663913726806641,3.260406017303467
2022-04-19,130.19176620364306,8.75940990447998,4.69480037689209,3.3962562084198
2022-04-20,127.2317734063854,8.908293724060059,4.756573677062988,3.4818243980407715
2022-04-21,121.22725655640352,9.038568496704102,4.74371862411499,3.5815067291259766
2022-04-22,125.89551902915264,9.038568496704102,4.74371862411499,3.5815067291259766
2022-04-25,122.98534498392019,9.038568496704102,4.74371862411499,3.5815067291259766
2022-04-26,116.67683702235854,8.88968276977539,4.74371862411499,3.515345811843872
2022-04-27,114.29382775735667,8.697371482849121,4.660157203674316,3.4703569412231445
2022-04-28,116.74933593381229,8.815239906311035,4.660157203674316,3.4130172729492188
2022-04-29,113.77352465508466,8.796628952026367,4.65372896194458,3.3742027282714844
2022-05-02,115.73691435673027,8.796628952026367,4.65372896194458,3.3742027282714844
2022-05-03,115.47180702925107,8.622929573059082,4.493034362792969,3.263935089111328
2022-05-04,118.49705183749393,8.647744178771973,4.486606597900391,3.216298818588257
2022-05-05,113.18452413974092,8.622929573059082,4.415900230407715,3.0945627689361572
2022-05-06,108.41823169077315,8.399601936340332,4.287344932556152,2.9384236335754395
2022-05-09,100.78624020555208,8.219698905944824,4.358050346374512,2.9816484451293945
2022-05-10,98.04275152028276,8.343770980834961,4.486606597900391,2.971944808959961
2022-05-11,99.93384684124567,8.263124465942383,4.550884246826172,2.9375412464141846
2022-05-12,101.03226340167521,8.163866996765137,4.499461650848389,2.822862386703491
2022-05-13,105.90985881225834,8.064610481262207,4.473751068115234,2.8784372806549072
2022-05-16,105.86856575164529,8.101831436157227,4.338767051696777,2.8616769313812256
2022-05-17,117.90448726107024,8.306548118591309,4.377333164215088,2.9225449562072754
2022-05-18,116.65878295246785,8.312751770019531,4.409472942352295,2.955183982849121
2022-05-19,114.35403228653558,8.349974632263184,4.370905876159668,2.7866945266723633
2022-05-20,109.76475521552811,8.15766429901123,4.30662727355957,2.911076784133911
2022-05-23,116.95564629529872,8.294140815734863,4.325911521911621,2.968416213989258
2022-05-24,114.85624755231765,8.070813179016113,4.274489402770996,3.0063483715057373
2022-05-25,113.70531383351135,8.19488525390625,4.2937726974487305,3.0707449913024902
2022-05-26,115.3592597982788,8.287938117980957,4.300199508666992,3.0786843299865723
2022-05-27,117.19048326722259,8.374788284301758,4.3451948165893555,3.17572021484375
2022-05-30,117.20683438157539,8.343770980834961,4.370905876159668,3.2286489009857178
2022-05-31,115.58874567451858,8.616727828979492,4.2552056312561035,3.1254379749298096
2022-06-01,116.10655027219127,8.908293724060059,4.428755760192871,3.1730737686157227
2022-06-02,121.12633334435941,8.74079704284668,4.351622581481934,3.2021846771240234
2022-06-03,118.09987927968905,8.93310546875,4.531601428985596,3.2215919494628906
2022-06-06,118.3940430239445,8.778018951416016,4.628017902374268,3.248056173324585
2022-06-07,123.13618532849614,8.722187995910645,4.576595783233643,3.184541702270508
2022-06-08,122.81957589904778,8.858664512634277,4.531601428985596,3.1386702060699463
2022-06-09,120.57675816653318,8.771815299987793,4.525173187255859,3.0945627689361572
2022-06-10,120.4892361721677,8.684965133666992,4.377333164215088,2.99929141998291
2022-06-13,117.43579566042172,8.684965133666992,4.377333164215088,2.99929141998291
2022-06-14,116.57059968417889,8.560894966125488,4.2937726974487305,2.7849299907684326
2022-06-15,120.83604786200704,8.771815299987793,4.370905876159668,2.8493268489837646
2022-06-16,119.45061396855544,8.579505920410156,4.197355270385742,2.703773021697998
2022-06-17,119.28674655758005,8.622929573059082,4.152359962463379,2.709066152572632
2022-06-20,119.9170557539801,8.684965133666992,4.165215969085693,2.7346479892730713
2022-06-21,122.40539031349181,8.660152435302734,4.223066329956055,2.84403395652771
2022-06-22,122.09670236239617,8.74079704284668,4.178071975708008,2.770815849304199
2022-06-23,123.10533548092371,8.66635513305664,4.178071975708008,2.6975982189178467
2022-06-24,127.01381904662412,8.64154052734375,4.210210800170898,2.603208303451538
2022-06-27,122.28693635074796,8.697371482849121,4.1775736808776855,2.604090690612793
2022-06-28,119.25271947973442,8.858664512634277,4.171046257019043,2.631437063217163
2022-06-29,119.28488505118366,8.598115921020508,4.0666069984436035,2.5935046672821045
2022-06-30,117.29184121462822,8.55469036102295,4.02744197845459,2.5229332447052
2022-07-01,119.16763524729959,8.498858451843262,4.047024726867676,2.5229332447052
2022-07-04,119.66707626188509,8.647744178771973,4.033968925476074,2.5185225009918213
2022-07-05,121.76530014051514,8.405804634094238,3.9034204483032227,2.4056079387664795
2022-07-06,122.46442577615198,8.585708618164062,3.844672679901123,2.4170758724212646
2022-07-07,124.49919409952736,8.684965133666992,4.157990455627441,2.627026319503784
2022-07-08,122.84366563048934,8.591912269592285,4.02744197845459,2.6693694591522217
2022-07-11,120.69507687310033,8.67876148223877,3.9164750576019287,2.5582191944122314
2022-07-12,121.41298685845868,8.622929573059082,3.994804859161377,2.6023263931274414
2022-07-13,120.74023603998376,8.715982437133789,3.988276958465576,2.6111481189727783
2022-07-14,122.33986345272297,8.92690372467041,3.9686944484710693,2.478825807571411
2022-07-15,123.53294006380656,8.790426254272461,3.9817495346069336,2.4611833095550537
2022-07-18,122.4703778627977,8.89331340789795,4.040496349334717,2.5352835655212402
2022-07-19,125.15306020778007,8.841869354248047,4.007859706878662,2.5185225009918213
2022-07-20,127.07046739779344,8.919034957885742,3.9817495346069336,2.579390525817871
2022-07-21,129.89575791021252,9.041213989257812,4.079661846160889,2.7346479892730713
2022-07-22,127.58923669821343,9.195544242858887,4.020914554595947,2.787576913833618
2022-07-25,128.20298714059118,9.266278266906738,4.014387130737305,2.708183526992798
2022-07-26,128.2158040313243,9.246987342834473,3.9556400775909424,2.6305549144744873
2022-07-27,128.90988043708148,9.317723274230957,3.9817495346069336,2.667604923248291
2022-07-28,127.67783041899202,9.356305122375488,3.9686944484710693,2.667604923248291
2022-07-29,130.2253812296749,9.280906677246094,4.105771541595459,2.6887764930725098
2022-08-01,124.95777517769238,9.39057731628418,4.197155475616455,2.823744773864746
2022-08-02,123.43397103995812,9.507102966308594,4.3081231117248535,2.8704984188079834
2022-08-03,127.82000813948616,9.520812034606934,4.3015947341918945,2.915487766265869
2022-08-04,125.41290957802084,9.445412635803223,4.236320495605469,2.8061015605926514
2022-08-05,124.08527540173418,9.102691650390625,4.1449360847473145,2.7143588066101074
2022-08-08,123.40143581198981,9.328886032104492,4.1645188331604,2.7346479892730713
2022-08-09,118.41967650565039,9.123255729675293,4.125353813171387,2.7893409729003906
2022-08-10,121.26592600088179,9.150672912597656,4.223265647888184,2.875791311264038
2022-08-11,117.14643211645034,9.267197608947754,4.242847919464111,2.9049017429351807
2022-08-12,119.3595979675274,9.075273513793945,4.210210800170898,2.955183982849121
2022-08-15,124.20525244212149,9.075273513793945,4.210210800170898,2.955183982849121
2022-08-16,134.41275035556282,9.349452018737793,4.26895809173584,2.99929141998291
2022-08-17,130.76825749874115,9.322032928466797,4.24937629699707,3.0134055614471436
2022-08-18,128.1606800465288,9.4317045211792,4.216738224029541,3.0495736598968506
2022-08-19,126.60183444138374,9.417994499206543,4.288540363311768,3.04339861869812
2022-08-22,124.88012670624084,9.198652267456055,4.3015947341918945,3.072509765625
2022-08-23,125.11735860719455,9.253488540649414,4.419088840484619,3.0222270488739014
2022-08-24,123.70935643732446,9.322032928466797,4.438671588897705,2.9631235599517822
2022-08-25,125.86899608222211,9.459122657775879,4.556166172027588,3.0178163051605225
2022-08-26,127.83711192124974,9.486538887023926,4.569220542907715,2.99929141998291
2022-08-29,123.6582987641068,9.370014190673828,4.5626935958862305,2.829037666320801
2022-08-30,122.86774566522217,9.116400718688965,4.484364032745361,2.812276840209961
2022-08-31,122.25359785690307,9.01358413696289,4.497418403625488,2.84403395652771
2022-09-01,120.25040308000644,9.130110740661621,4.490891456604004,2.8052196502685547
2022-09-02,119.19822882647986,9.047856330871582,4.458253860473633,2.752290725708008
2022-09-05,119.71427716605831,8.910767555236816,4.386451721191406,2.6905407905578613
2022-09-06,120.10373823652844,8.972455978393555,4.484364032745361,2.6817190647125244
2022-09-07,121.82318814019709,8.958747863769531,4.412562847137451,2.6728978157043457
2022-09-08,120.63184977371748,8.89705753326416,4.40603494644165,2.7575838565826416
2022-09-09,127.626660185133,8.9793119430542,4.503946304321289,2.9331307411193848
2022-09-12,128.62155829659787,9.21921443939209,4.288540363311768,2.955183982849121
2022-09-13,125.39540780188645,9.116400718688965,4.157990455627441,2.855501651763916
2022-09-14,128.3906841153257,9.088981628417969,4.229792594909668,2.8378589153289795
2022-09-15,128.63548414250545,9.136962890625,4.125353813171387,2.8431520462036133
2022-09-16,124.33530960964708,8.993020057678223,4.223265647888184,2.8546199798583984
2022-09-19,124.80107485601275,8.931330680847168,4.1645188331604,2.884612560272217
2022-09-20,121.33101539070412,9.041000366210938,4.203683376312256,2.924309015274048
2022-09-21,118.26550908505851,8.945039749145508,4.099243640899658,2.8052196502685547
2022-09-22,116.7158229555389,8.780531883239746,4.079661846160889,2.779637575149536
2022-09-23,112.13680202989963,8.492646217346191,3.994804859161377,2.667604923248291
2022-09-26,113.0762337288952,8.328139305114746,3.9491124153137207,2.6711337566375732
2022-09-27,114.19709718233116,8.314431190490723,3.9817495346069336,2.7258267402648926
2022-09-28,118.99512285373203,8.321285247802734,4.007859706878662,2.6534907817840576
2022-09-29,111.84392242690592,8.232178688049316,4.079661846160889,2.6728978157043457
2022-09-30,110.89005398750305,8.417248725891113,4.086189270019531,2.6693694591522217
2022-10-03,115.75983410220033,8.55433464050293,4.18410062789917,2.664076566696167
2022-10-04,118.58134757343578,8.73940658569336,4.236320495605469,2.7699339389801025
2022-10-05,117.48416245462795,8.629735946655273,4.229792594909668,2.7787551879882812
2022-10-06,122.46999397195577,8.355558395385742,4.236320495605469,2.808748245239258
2022-10-07,123.33174209080335,8.328139305114746,4.229792594909668,2.889023542404175
2022-10-10,121.14005618210831,8.266449928283691,4.262430191040039,2.822862386703491
2022-10-11,118.52658589395287,8.33499526977539,4.197155475616455,2.8131587505340576
2022-10-12,120.15256540671544,8.485790252685547,4.203683376312256,2.872262477874756
2022-10-13,122.43530477213972,8.417248725891113,4.242847919464111,2.86079478263855
2022-10-14,120.82441665348051,8.520065307617188,4.242847919464111,2.9904701709747314
2022-10-17,121.04473366415368,8.705132484436035,4.340760231018066,3.0169341564178467
2022-10-18,123.18212081191632,8.732550621032715,4.412562847137451,3.0610415935516357
2022-10-19,124.19050306081772,8.711491584777832,4.412562847137451,3.0663342475891113
2022-10-20,126.85221492738492,8.830827713012695,4.464781761169434,3.0778021812438965
2022-10-21,128.38868223176178,8.75361156463623,4.40603494644165,3.0786843299865723
2022-10-24,124.85692641885908,8.739572525024414,4.464781761169434,3.1377880573272705
2022-10-25,126.46533988862575,8.894006729125977,4.464781761169434,3.180131196975708
2022-10-26,124.069986436828,8.837848663330078,4.477836608886719,3.2110061645507812
2022-10-27,121.62183968582758,8.837848663330078,4.490891456604004,3.219827651977539
2022-10-28,124.42057821858452,8.837848663330078,4.490891456604004,3.219827651977539
2022-10-31,119.01553991881428,8.704473495483398,4.510473728179932,3.2374706268310547
2022-11-01,117.64756264143944,8.725532531738281,4.517402648925781,3.1986560821533203
2022-11-02,114.95347845153992,8.851886749267578,4.510474681854248,3.244527578353882
2022-11-03,113.4046917181131,8.908042907714844,4.448117256164551,3.2110061645507812
2022-11-04,111.31704328144042,9.090558052062988,4.524331092834473,3.300102710723877
2022-11-07,109.17722540995783,9.188834190368652,4.572830677032471,3.324802875518799
2022-11-08,93.39595738586922,9.118637084960938,4.642115592956543,3.3697919845581055
2022-11-09,93.33539609448599,8.901026725769043,4.711401462554932,3.3733203411102295
2022-11-10,98.37778567612077,9.020360946655273,4.75990104675293,3.3812599182128906
2022-11-11,100.32156679034233,8.985261917114258,4.746043682098389,3.390963554382324
2022-11-14,96.70281597529674,9.027379989624023,4.766829490661621,3.4006669521331787
2022-11-15,97.9041309966833,8.915063858032227,4.746043682098389,3.3962562084198
2022-11-16,97.32701101810744,8.6834135055542,4.739115238189697,3.3609704971313477
2022-11-17,95.87292475851064,8.739572525024414,4.70447301864624,3.308042049407959
2022-11-18,95.32193376756504,8.93612289428711,4.683687686920166,3.268345355987549
2022-11-21,94.30931872224846,9.125657081604004,4.683687686920166,3.263935089111328
2022-11-22,97.88504453967016,9.125657081604004,4.697545051574707,3.2948098182678223
2022-11-23,100.03796356187149,9.083538055419922,4.773758411407471,3.387434959411621
2022-11-24,99.02812470656772,9.223933219909668,4.808401107788086,3.4138994216918945
2022-11-25,98.6058728549956,9.055459976196289,4.75990104675293,3.3697919845581055
2022-11-28,97.67033691462711,9.125657081604004,4.746043682098389,3.308042049407959
2022-11-29,97.96490861207485,9.2379732131958,4.912328720092773,3.3168630599975586
2022-11-30,102.36816502765578,9.287110328674316,4.898471832275391,3.4138994216918945
2022-12-01,102.05888408157352,9.294130325317383,4.995471477508545,3.4774136543273926
2022-12-02,103.30134068257757,9.195855140686035,4.95389986038208,3.3609704971313477
2022-12-05,101.45876613457949,9.153735160827637,4.988542079925537,3.263935089111328
2022-12-06,96.47587744928524,9.195855140686035,4.995471477508545,3.263935089111328
2022-12-07,95.03284760091492,9.188834190368652,5.210255146026611,3.2365880012512207
2022-12-08,95.86943117917326,9.287110328674316,5.265684127807617,3.1933629512786865
2022-12-09,96.65082041328424,9.329228401184082,5.237969875335693,3.219827651977539
2022-12-12,97.5174676872366,9.308170318603516,5.189469337463379,3.226884603500366
2022-12-13,99.17717920654013,9.336249351501465,5.265684127807617,3.2656989097595215
2022-12-14,98.62935467335046,9.350289344787598,5.196398735046387,3.299220561981201
2022-12-15,95.2198402099475,9.406445503234863,5.168684482574463,3.288634777069092
2022-12-16,94.6942524291535,9.30115032196045,5.272612571716309,3.263935089111328
2022-12-19,93.14092564378916,9.26605224609375,5.196398735046387,3.3106884956359863
2022-12-20,92.42943044287586,9.230952262878418,5.161755561828613,3.2859880924224854
2022-12-21,93.9870758914185,9.230952262878418,5.1271138191223145,3.2903990745544434
2022-12-22,93.56197136273386,9.083538055419922,5.07861328125,3.3089241981506348
2022-12-23,94.14967228961177,9.097576141357422,5.175612449645996,3.2462918758392334
2022-12-26,93.58064205985829,9.097576141357422,5.175612449645996,3.2462918758392334
2022-12-27,93.40030333236655,9.090558052062988,5.196398735046387,3.24893856048584
2022-12-28,93.71857271173576,9.336249351501465,5.203327178955078,3.2903990745544434
2022-12-29,95.34066968543812,9.252010345458984,5.1271138191223145,3.2727560997009277
2022-12-30,97.67601907825701,9.287110328674316,5.258755683898926,3.3053956031799316
2023-01-02,97.22930298290976,9.259031295776367,5.251826763153076,3.336270809173584
2023-01-03,96.56560825407905,9.462604522705078,5.341897964477539,3.3609704971313477
2023-01-04,101.23397008718212,9.343269348144531,5.376540184020996,3.399785041809082
2023-01-05,99.90226870764081,9.441544532775879,5.334968566894531,3.431542158126831
2023-01-06,99.55125893652439,9.441544532775879,5.334968566894531,3.431542158126831
2023-01-09,98.6268878982487,9.455585479736328,5.334968566894531,3.5029959678649902
2023-01-10,98.32124220365222,9.308170318603516,5.348825454711914,3.482706308364868
2023-01-11,98.017062850824,9.315190315246582,5.348825931549072,3.5144639015197754
2023-01-12,96.86976684314823,9.26605224609375,5.320184707641602,3.519756555557251
2023-01-13,96.71057432485941,9.26605224609375,5.334505558013916,3.5532779693603516
2023-01-16,97.02881544352567,9.343269348144531,5.313024044036865,3.607971429824829
2023-01-17,96.52700739280317,9.280091285705566,5.2843828201293945,3.631788969039917
2023-01-18,95.63333344428065,9.26605224609375,5.227099418640137,3.6291425228118896
2023-01-19,94.70401356648108,9.195855140686035,5.0194478034973145,3.596503496170044
2023-01-20,98.38576632434342,9.259031295776367,5.169816017150879,3.6256141662597656
2023-01-23,101.85845250522652,9.294130325317383,5.198457717895508,3.7570533752441406
2023-01-24,102.32389001656338,9.371347427368164,5.119693279266357,3.727942705154419
2023-01-25,101.67019495823297,9.280091285705566,5.234259128570557,3.6697208881378174
2023-01-26,102.44424280491239,9.448564529418945,5.298704147338867,3.80733585357666
2023-01-27,104.89761383303448,9.54684066772461,5.45623254776001,3.8064537048339844
2023-01-30,103.62917531460334,9.799551010131836,5.570798873901367,3.8373284339904785
2023-01-31,104.35276930120654,9.673195838928223,5.542157173156738,3.8338003158569336
2023-02-01,103.35194191336632,9.701273918151855,5.499194145202637,3.9105470180511475
2023-02-02,104.16919966914975,9.75743293762207,5.506355285644531,3.9652395248413086
2023-02-03,100.20975841163636,10.150538444519043,5.534996509552002,3.863793134689331
2023-02-06,97.8235063482498,9.982065200805664,5.570798873901367,3.915839195251465
2023-02-07,106.09681635757443,10.122459411621094,5.484874248504639,3.943185806274414
2023-02-08,102.93829568517867,10.178617477416992,5.556478500366211,4.109029293060303
2023-02-09,103.47321362722778,10.192657470703125,5.58512020111084,4.269579887390137
2023-02-10,103.42298610025409,10.655959129333496,5.534996509552002,4.250172138214111
2023-02-13,104.3107081606804,10.655959129333496,5.799932479858398,4.331329345703125
2023-02-14,104.46003090931299,10.445366859436035,5.799932479858398,4.191950798034668
2023-02-15,108.00394097916706,10.459405899047852,5.943140506744385,4.084329128265381
2023-02-16,105.23995202326205,10.571722984313965,5.893017292022705,4.124025821685791
2023-02-17,105.48712661402624,10.5296049118042,5.914498805999756,4.213122367858887
2023-02-20,105.30261446381155,10.571722984313965,6.064867973327637,4.453065395355225
2023-02-21,104.86191954129026,10.37516975402832,6.043385982513428,4.498937129974365
2023-02-22,104.43100018940959,10.213715553283691,5.993263244628906,4.348971843719482
2023-02-23,104.06566541301663,10.494504928588867,6.157953262329102,4.551865577697754
2023-02-24,103.13220582668691,10.354110717773438,6.021904468536377,4.551865577697754
2023-02-27,104.29420003803716,10.354110717773438,6.021904468536377,4.551865577697754
2023-02-28,103.23992053573602,10.304971694946289,5.98610258102417,4.675366401672363
2023-03-01,102.76715402570335,10.655959129333496,5.943140506744385,4.7776947021484375
2023-03-02,108.05194590116116,10.599802017211914,5.835733890533447,4.6736016273498535
2023-03-03,110.09711029511072,10.445366859436035,5.785611152648926,4.728294849395752
2023-03-06,108.89121117563036,10.26987361907959,5.628082752227783,4.613616466522217
2023-03-07,109.35292341277318,10.220734596252441,5.656724452972412,4.454830169677734
2023-03-08,110.23861343432145,10.297954559326172,5.656724452972412,4.274872779846191
2023-03-09,107.07591395378722,10.185637474060059,5.620922088623047,4.279283046722412
2023-03-10,104.47156524437833,10.340070724487305,5.58512020111084,4.025225639343262
2023-03-13,104.2059953578846,10.122459411621094,5.527836322784424,4.17518949508667
2023-03-14,106.11644037776568,10.592781066894531,5.59227991104126,4.275754451751709
2023-03-15,105.62417746116625,10.389208793640137,5.255741119384766,4.097561359405518
2023-03-16,109.1808878885422,10.227755546569824,5.219939708709717,4.146078586578369
2023-03-17,109.55203609376986,10.403247833251953,5.1554951667785645,3.907900094985962
2023-03-20,108.91616838716436,10.213715553283691,5.370307445526123,3.9820005893707275
2023-03-21,110.63379646253634,10.459405899047852,5.484874248504639,4.093150615692139
2023-03-22,105.39957438608326,10.319012641906738,5.484874248504639,4.013758182525635
2023-03-23,108.07337728324273,10.634900093078613,5.370307445526123,4.0808000564575195
2023-03-24,109.01649439624634,10.248814582824707,5.212778568267822,3.8373284339904785
2023-03-27,108.53404708109474,10.389208793640137,5.205618381500244,3.8902571201324463
2023-03-28,106.92073220469865,10.445366859436035,5.162655830383301,3.8461501598358154
2023-03-29,107.63390944774528,10.5296049118042,5.1554951667785645,3.8937859535217285
2023-03-30,107.51929743588153,10.536623001098633,5.298704147338867,3.932600975036621
2023-03-31,109.40287365629956,10.38218879699707,5.413270473480225,3.943185806274414
2023-04-03,109.86421231592976,10.438346862792969,5.527836322784424,4.004936218261719
2023-04-04,111.47089730835341,10.494504928588867,5.506355285644531,4.037575721740723
2023-04-05,110.38215593972018,10.599802017211914,5.40610933303833,4.057864665985107
2023-04-06,109.14085245132446,10.669998168945312,5.4419121742248535,4.056100845336914
2023-04-07,108.97306156158447,10.669998168945312,5.4419121742248535,4.056100845336914
2023-04-10,110.90774064506377,10.669998168945312,5.4419121742248535,4.056100845336914
2023-04-11,110.76120534175607,10.740198135375977,5.506355285644531,4.146078586578369
2023-04-12,109.6220947390625,10.810392379760742,5.4419121742248535,4.159311771392822
2023-04-13,110.91929246498012,10.691057205200195,5.513515949249268,4.181365013122559
2023-04-14,111.32912470510291,10.691057205200195,5.513515949249268,4.181365013122559
2023-04-17,113.21067347633743,10.691057205200195,5.513515949249268,4.181365013122559
2023-04-18,113.78094221170613,10.866551399230957,5.58512020111084,4.285458564758301
2023-04-19,112.38788547665308,10.831453323364258,5.4777140617370605,4.251936912536621
2023-04-20,114.26032902897987,10.747217178344727,5.427590370178223,4.275754451751709
2023-04-21,113.92838019203191,10.740198135375977,5.298704147338867,4.292515754699707
2023-04-24,116.25439972898084,10.78231430053711,5.219939708709717,4.250172138214111
2023-04-25,114.84244614818863,10.733174324035645,5.19129753112793,4.057864665985107
2023-04-26,110.7630101610107,10.684039115905762,5.19129753112793,4.2060651779174805
2023-04-27,112.19953780494689,10.908670425415039,5.19129753112793,4.260757923126221
2023-04-28,112.66266804653833,10.852511405944824,5.1554951667785645,4.181365013122559
2023-05-01,112.74270753265228,10.852511405944824,5.1554951667785645,4.181365013122559
2023-05-02,110.87365789582554,10.985886573791504,5.176976680755615,4.176954746246338
2023-05-03,110.92632750869598,11.070122718811035,5.119693279266357,4.185775279998779
2023-05-04,108.66455749855959,11.09118366241455,5.105372428894043,4.225472450256348
2023-05-05,112.95547130191608,11.203498840332031,5.169816017150879,4.378965377807617
2023-05-08,114.06995886285586,11.35793399810791,5.0910515785217285,4.59244441986084
2023-05-09,113.31248459333801,11.23157787322998,5.162655830383301,4.631258487701416
2023-05-10,113.7653762992145,11.540446281433105,5.2843828201293945,4.659487724304199
2023-05-11,114.32018178634053,11.329853057861328,5.2772216796875,4.564215660095215
2023-05-12,114.78952218199584,11.112242698669434,5.162655830383301,4.551865577697754
2023-05-15,115.2432487834858,11.168399810791016,5.19129753112793,4.530694484710693
2023-05-16,114.08258756614214,11.23157787322998,5.291543006896973,4.760051727294922
2023-05-17,115.05965201062054,11.02098560333252,5.355986595153809,4.749466419219971
2023-05-18,128.8296211554698,10.985886573791504,5.32734489440918,4.761815547943115
2023-05-19,127.54053419842967,11.175418853759766,5.212778568267822,4.728294849395752
2023-05-22,126.81625467538834,11.428130149841309,5.513515949249268,5.451653480529785
2023-05-23,125.59378120162546,11.428130149841309,5.45623254776001,5.264638900756836
2023-05-24,126.13150878376473,11.393031120300293,5.427590370178223,5.1252593994140625
2023-05-25,127.10420408047867,11.301775932312012,5.45623254776001,5.239938259124756
2023-05-26,129.59189652573968,11.301775932312012,5.499194145202637,5.400489330291748
2023-05-29,129.60857192238473,11.463227272033691,5.7140069007873535,5.3899030685424805
2023-05-30,129.14107535323637,11.23859691619873,5.685365200042725,5.284045219421387
2023-05-31,128.3230358109322,11.217536926269531,5.721167087554932,5.116438388824463
2023-06-01,128.64664690396785,11.056085586547852,5.599440574645996,5.040573596954346
2023-06-02,127.79734137369542,11.23157787322998,5.58512020111084,5.116438388824463
2023-06-05,127.79218680993654,11.23157787322998,5.58512020111084,5.116438388824463
2023-06-06,126.66405718835449,11.745440483093262,5.7140069007873535,5.328153133392334
2023-06-07,123.62069021165371,11.745440483093262,5.699686050415039,5.391667366027832
2023-06-08,124.32475435092783,11.745440483093262,5.742649078369141,5.372260570526123
2023-06-09,124.30076204220313,11.804166793823242,5.7498087882995605,5.266402721405029
2023-06-12,126.50039625167847,11.928962707519531,5.764129638671875,5.231116771697998
2023-06-13,126.79564155090884,12.031734466552734,5.785611152648926,5.271695613861084
2023-06-14,126.63415472368797,12.17121410369873,5.814253330230713,5.336974620819092
2023-06-15,126.53269345645913,12.068440437316895,5.785611152648926,5.298160076141357
2023-06-16,126.65873069792633,12.362075805664062,5.878696441650391,5.179953098297119
2023-06-19,126.70309790144347,12.067920684814453,5.914498805999756,5.16936731338501
2023-06-20,127.26667261915281,12.067920684814453,5.893017292022705,5.0899739265441895
2023-06-21,128.62203537623282,12.105631828308105,6.014743804931641,5.116438388824463
2023-06-22,128.4314360115568,11.9924955368042,5.9646220207214355,5.065274238586426
2023-06-23,129.4381339514257,11.95478343963623,5.993263244628906,4.978823661804199
2023-06-26,131.58000837333566,11.720969200134277,5.885857105255127,4.91178035736084
2023-06-27,134.12792081041152,11.75868034362793,5.878696441650391,4.992938041687012
2023-06-28,133.22717973124782,11.75868034362793,5.939694881439209,5.0970306396484375
2023-06-29,133.26507178078464,11.95478343963623,5.970193862915039,5.336974620819092
2023-06-30,135.40633629159856,12.052834510803223,5.970193862915039,5.252288341522217
2023-07-03,135.43886335157003,12.226311683654785,5.909195899963379,5.3969597816467285
2023-07-04,135.3694240151326,12.15088939666748,5.909195899963379,5.345795631408691
2023-07-05,133.2482388995668,12.143345832824707,5.878696441650391,5.328153133392334
2023-07-06,131.6067754135438,11.87936019897461,5.909195899963379,5.246995449066162
2023-07-07,131.47992169024292,11.75868034362793,5.932070732116699,5.248759746551514
2023-07-10,131.2157053195915,11.901987075805664,5.962569713592529,5.381081581115723
2023-07-11,136.97144588828087,12.211227416992188,5.985443115234375,5.601617813110352
2023-07-12,136.11686641385495,12.173513412475586,5.970193862915039,5.589267253875732
2023-07-13,133.95791171599194,12.1885986328125,6.023567199707031,5.531045913696289
2023-07-14,133.64850282669067,12.26402473449707,6.023567199707031,5.451653480529785
2023-07-17,136.01116356210787,12.143345832824707,5.977818965911865,5.292867183685303
2023-07-18,136.63953936763664,12.022665023803711,5.932070732116699,5.471060276031494
2023-07-19,135.3740163502689,12.279109001159668,5.993068218231201,5.4869384765625
2023-07-20,135.32960424550856,12.445043563842773,5.962569713592529,5.56633186340332
2023-07-21,134.64908782598104,12.32436466217041,6.038817405700684,5.4781174659729
2023-07-24,135.07918047139356,12.233854293823242,6.023567199707031,5.4816460609436035
2023-07-25,136.51602001596257,12.362074851989746,5.970193862915039,5.589267253875732
2023-07-26,135.96723636984825,12.339448928833008,6.023567199707031,5.6210246086120605
2023-07-27,135.26360834433945,12.20368480682373,6.015942573547363,5.681010723114014
2023-07-28,138.08486381000512,12.120718002319336,5.947319984436035,5.619260787963867
2023-07-31,138.73034807767908,12.075462341308594,6.160812854766846,5.522225379943848
2023-08-01,138.02112537786797,12.030208587646484,6.22943639755249,5.469295978546143
2023-08-02,133.74053700475997,11.803934097290039,6.252310276031494,5.398724555969238
2023-08-03,133.1761511862278,11.675712585449219,6.244685649871826,5.539867877960205
2023-08-04,129.82597563964373,11.781307220458984,6.237061023712158,5.681010723114014
2023-08-07,128.3142573689256,11.82656192779541,6.336182594299316,5.6616034507751465
2023-08-08,127.36343383035546,11.736053466796875,6.25993537902832,5.626317501068115
2023-08-09,127.20249775409684,11.864273071289062,6.3666815757751465,5.617496490478516
2023-08-10,126.12875733544115,11.653083801269531,6.305683135986328,5.594560623168945
2023-08-11,127.6675220475654,11.585203170776367,6.282809257507324,5.368731498718262
2023-08-14,130.09403399533767,11.675712585449219,6.115065097808838,5.449888706207275
2023-08-15,127.87485942161948,11.675712585449219,6.115065097808838,5.449888706207275
2023-08-16,128.63881343402227,11.562575340270996,6.0693159103393555,5.513403415679932
2023-08-17,126.97146590760804,11.472065925598145,6.092190265655518,5.522225379943848
2023-08-18,126.40410233022976,11.366473197937012,6.023567199707031,5.469295978546143
2023-08-21,128.32401932821813,11.494693756103516,6.176063537597656,5.645724773406982
2023-08-22,128.9002289669861,11.555034637451172,6.176063537597656,5.716296672821045
2023-08-23,133.26643395741758,11.426813125610352,6.145564079284668,5.6704254150390625
2023-08-24,128.53189099815245,11.389101028442383,6.0693159103393555,5.686304092407227
2023-08-25,130.95491816957474,11.426813125610352,6.092190265655518,5.605146884918213
2023-08-28,130.4019261967469,11.68325424194336,6.252310276031494,5.66513204574585
2023-08-29,130.6076021838726,11.841647148132324,6.336182594299316,5.606910228729248
2023-08-30,130.4878562762333,11.9924955368042,6.282809257507324,5.636903285980225
2023-08-31,130.07033318086633,11.751137733459473,6.305683135986328,5.53457498550415
2023-09-01,130.78995865993238,11.9924955368042,6.221811294555664,5.381081581115723
2023-09-04,131.6182379119491,11.781307220458984,6.046442031860352,5.116438388824463
2023-09-05,130.78914603614612,12.369617462158203,6.023567199707031,5.171131134033203
2023-09-06,131.42632813176533,12.301735877990723,6.000692844390869,5.116438388824463
2023-09-07,132.62520747724466,12.135802268981934,5.878696441650391,5.0617451667785645
2023-09-08,133.4571151890941,12.301735877990723,5.840572834014893,5.239938259124756
2023-09-11,135.63954864569678,12.452585220336914,5.726201057434082,5.074094772338867
2023-09-12,133.19533751255221,12.316821098327637,5.75670051574707,5.08115291595459
2023-09-13,134.24758240238953,12.1885986328125,5.61182975769043,4.931188106536865
2023-09-14,134.5230306508638,12.067920684814453,5.70332670211792,5.015873908996582
2023-09-15,134.34969647346406,12.218770027160645,5.794824123382568,5.172895431518555
2023-09-18,132.4770889178335,12.29419231414795,5.665203094482422,5.116438388824463
2023-09-19,134.58751407503587,12.181056022644043,5.61182975769043,4.84650182723999
2023-09-20,131.7350311691971,11.89444351196289,5.535581588745117,4.694773197174072
2023-09-21,127.60688305313306,11.773763656616211,5.69570255279541,4.747702121734619
2023-09-22,129.66221523532113,11.781307220458984,5.6042046546936035,4.860616683959961
2023-09-25,130.30012875795364,12.007579803466797,5.573706150054932,4.931188106536865
2023-09-26,129.70596015000046,12.052834510803223,5.718576431274414,4.931188106536865
2023-09-27,130.35641571423184,11.917072296142578,5.680452823638916,4.827094554901123
2023-09-28,133.4563778437805,11.69834041595459,5.665203094482422,4.7018303871154785
2023-09-29,132.91422984691144,11.962327003479004,5.649953365325928,4.710651874542236
2023-10-02,131.56350046396255,11.76622200012207,5.619454383850098,4.6012654304504395
2023-10-03,131.2501196336052,11.653083801269531,5.428835391998291,4.428365707397461
2023-10-04,133.33269533785642,11.517322540283203,5.405961513519287,4.546572685241699
2023-10-05,133.4339488071746,11.50977897644043,5.2610907554626465,4.48129415512085
2023-10-06,133.60663905653746,11.389101028442383,5.123844623565674,4.467179775238037
2023-10-09,135.44392787938705,11.253334999084473,5.07047176361084,4.379847526550293
2023-10-10,137.2924746392373,11.426813125610352,5.169593811035156,4.675366401672363
2023-10-11,136.49490429461002,11.524862289428711,5.230592250823975,4.749466419219971
2023-10-12,133.29840599498857,11.660628318786621,5.2992143630981445,4.790044784545898
2023-10-13,135.55424479872727,11.615372657775879,5.344963550567627,4.7706379890441895
2023-10-16,136.47223677132024,11.487152099609375,5.268714904785156,4.807687282562256
2023-10-17,137.25195669664117,11.539950370788574,5.123844623565674,4.719473361968994
2023-10-18,134.77650091052055,11.57011890411377,5.2610907554626465,4.798866271972656
2023-10-19,133.11168864765932,11.434353828430176,5.337338924407959,4.763580799102783
2023-10-20,132.79186777222822,11.351387023925781,5.2992143630981445,4.8253302574157715
2023-10-23,134.2497050572283,11.366473197937012,5.222966194152832,4.816509246826172
2023-10-24,133.73192086032213,11.615372657775879,5.2992143630981445,4.957651615142822
2023-10-25,129.36804170938558,11.555034637451172,5.200092315673828,4.93471622467041
2023-10-26,125.89840608874056,11.592745780944824,5.146718502044678,4.860616683959961
2023-10-27,127.2473953697372,11.46452522277832,5.238216400146484,4.807687282562256
2023-10-30,126.24911630733004,11.630459785461426,5.2458415031433105,4.7847514152526855
2023-10-31,126.00052416324615,12.067920684814453,5.28396463394165,4.763580799102783
2023-11-01,126.48523672772353,12.128259658813477,5.5660810470581055,4.731822490692139
2023-11-02,129.8756219446659,12.475557327270508,5.665203094482422,4.88002347946167
2023-11-03,130.81154790509026,12.427295684814453,5.726201057434082,4.851795196533203
2023-11-06,125.20327145150804,12.467514038085938,5.75670051574707,4.948830604553223
2023-11-07,127.18296961729811,12.306642532348633,5.70332670211792,4.851795196533203
2023-11-08,134.132975399325,12.427295684814453,5.749075889587402,4.855323791503906
2023-11-09,136.6145989471297,12.427295684814453,5.75670051574707,4.8623809814453125
2023-11-10,138.62567573985143,12.379034996032715,5.680452823638916,4.798866271972656
2023-11-13,140.40018675545252,11.984899520874023,5.718576431274414,4.835916042327881
2023-11-14,143.34002069922644,11.984899520874023,5.901571273803711,5.116438388824463
2023-11-15,141.51089049654547,12.113597869873047,5.932070732116699,5.072330951690674
2023-11-16,142.6586671136647,12.121641159057617,5.947319984436035,5.098795413970947
2023-11-17,142.2456802943634,11.864246368408203,6.023567199707031,5.398724555969238
2023-11-20,142.91702630207146,11.759681701660156,5.886321067810059,5.504581451416016
2023-11-21,142.28095428082543,11.67120361328125,5.855822563171387,5.548688888549805
2023-11-22,142.7704952234344,11.743593215942383,6.000692844390869,5.469295978546143
2023-11-23,143.12902298086556,11.727506637573242,5.977818965911865,5.502817630767822
2023-11-24,143.32981145075973,11.663158416748047,5.909195899963379,5.449888706207275
2023-11-27,142.837039244675,11.912508010864258,5.840572834014893,5.3581461906433105
2023-11-28,142.9767634241034,11.815984725952148,5.832948207855225,5.439302921295166
2023-11-29,142.65927672645012,11.88837718963623,5.832948207855225,5.469295978546143
2023-11-30,144.16291476148217,11.824028968811035,5.802448749542236,5.541631698608398
2023-12-01,144.9129005475006,11.944683074951172,5.779574871063232,5.442831993103027
2023-12-04,144.70782394773414,11.87229061126709,5.680452823638916,5.345795631408691
2023-12-05,144.64244503283317,12.041205406188965,5.680452823638916,5.381081581115723
2023-12-06,145.75226430205294,11.719463348388672,5.924445152282715,5.469295978546143
2023-12-07,143.22870801203862,11.719463348388672,5.871071815490723,5.292867183685303
2023-12-08,143.91951558712753,11.952726364135742,5.543206691741943,5.254052639007568
2023-12-11,141.70840833386683,11.743593215942383,5.466958999633789,5.266402721405029
2023-12-12,146.00735509666447,11.751636505126953,5.413585662841797,5.442831993103027
2023-12-13,151.055639260936,11.984899520874023,5.474583625793457,5.555746078491211
2023-12-14,150.54935717484568,12.08142375946045,5.535581588745117,5.539867877960205
2023-12-15,145.72111914321522,12.161858558654785,5.497457981109619,5.495759963989258
2023-12-18,145.54030829804833,12.113597869873047,5.489832878112793,5.626317501068115
2023-12-19,145.91953790545267,12.266425132751465,5.459333896636963,5.698653697967529
2023-12-20,143.84786420921955,12.43533992767334,5.459333896636963,5.698653697967529
2023-12-21,146.5323078629217,12.427295684814453,5.520331859588623,5.698653697967529
2023-12-22,147.14452906433962,12.290555000305176,5.535581588745117,5.5575103759765625
2023-12-25,146.87245039443496,12.290555000305176,5.535581588745117,5.5575103759765625
2023-12-26,146.65721266771288,12.290555000305176,5.535581588745117,5.5575103759765625
2023-12-27,145.78449996563722,12.403166770935059,5.5584564208984375,5.66513204574585
2023-12-28,145.35529660797692,12.322729110717773,5.535581588745117,5.504581451416016
2023-12-29,145.4167138571329,12.362947463989258,5.550831317901611,5.548688888549805
2024-01-01,145.57927346763609,12.362947463989258,5.550831317901611,5.548688888549805
2024-01-02,144.27362926675414,12.507732391357422,5.5584564208984375,5.636903285980225
2024-01-03,144.7665062435608,12.555992126464844,5.5660810470581055,5.504581451416016
2024-01-04,145.37278313461684,12.676645278930664,5.657577991485596,5.66513204574585
2024-01-05,144.5185153038583,12.580124855041504,5.634704113006592,5.6898322105407715
2024-01-08,144.88811512347638,12.78121280670166,5.5813307762146,5.776281833648682
2024-01-09,145.38378378273774,12.724907875061035,5.619454383850098,5.9897613525390625
2024-01-10,145.63098289388017,12.749039649963379,5.69893741607666,5.97388219833374
2024-01-11,147.18716143179336,12.829474449157715,5.690989017486572,6.127375602722168
2024-01-12,147.22742139007096,12.588167190551758,5.706885814666748,6.1220831871032715
2024-01-15,147.71084576468638,12.749039649963379,5.69893741607666,6.166190147399902
2024-01-16,147.8935769225427,12.636428833007812,5.6274027824401855,5.99858283996582
2024-01-17,147.42450338974595,12.829474449157715,5.683041095733643,6.042689800262451
2024-01-18,146.8521929887993,12.78925609588623,5.706885814666748,6.1414899826049805
2024-01-19,149.91989290863603,12.797300338745117,5.69893741607666,6.08679723739624
2024-01-22,150.95988311566907,12.917953491210938,5.675092697143555,6.077975749969482
2024-01-23,151.78935716951855,12.861648559570312,5.69893741607666,6.042689800262451
2024-01-24,152.79223375860602,13.127084732055664,5.706885814666748,6.060333251953125
2024-01-25,154.8464431166649,13.014476776123047,5.690989017486572,6.042689800262451
2024-01-26,154.3185123163248,13.030563354492188,5.826110363006592,6.0462188720703125
2024-01-29,154.9497244610793,13.030563354492188,5.8896965980529785,6.033868312835693
2024-01-30,154.0822852078236,12.950127601623535,5.802265644073486,6.051511764526367
2024-01-31,152.10173647389456,12.88577938079834,5.8896965980529785,6.201475620269775
2024-02-01,153.9533828511312,13.038604736328125,5.83405876159668,6.2455830574035645
2024-02-02,153.56819480657578,13.151215553283691,5.873800277709961,6.28616189956665
2024-02-05,152.14223472349022,13.271869659423828,6.000973701477051,6.339090347290039
2024-02-06,155.15976349541688,13.255783081054688,6.056611061096191,6.386725902557373
2024-02-07,157.63397687616816,13.207520484924316,6.088404655456543,6.275576114654541
2024-02-08,157.39049943853752,13.151215553283691,6.080456733703613,6.360262393951416
2024-02-09,143.73789251678863,13.23165225982666,6.080456733703613,6.280869483947754
2024-02-12,143.79244376787028,13.344261169433594,6.151991367340088,6.26322603225708
2024-02-13,142.48630347746894,13.13512897491455,6.096353530883789,6.254404544830322
2024-02-14,145.41133434797666,13.119041442871094,6.263267993927002,6.395547389984131
2024-02-15,146.25219202015978,12.901866912841797,6.2791643142700195,6.324976444244385
2024-02-16,142.36272302005818,13.119041442871094,6.271215915679932,6.316154479980469
2024-02-19,142.2170061205543,13.23165225982666,6.318905353546143,6.377905368804932
2024-02-20,141.00640406206367,13.014476776123047,6.318905353546143,6.377905368804932
2024-02-21,139.74652535080622,12.998387336730957,6.35864782333374,6.377905368804932
2024-02-22,140.8819970687873,12.966215133666992,6.509665012359619,6.390254974365234
2024-02-23,139.49246460491668,12.982300758361816,6.517613410949707,6.395547389984131
2024-02-26,138.36348709541653,13.312088012695312,6.573251247406006,6.333796977996826
2024-02-27,136.3385499076794,13.593611717224121,6.5494065284729,6.293218612670898
2024-02-28,135.99130517148205,13.529263496398926,6.438131332397461,6.310862064361572
2024-02-29,135.55907832024604,13.56948184967041,6.684527397155762,6.390254974365234
2024-03-01,139.13966295464525,13.754484176635742,6.533510208129883,6.360262393951416
2024-03-04,134.95723607316268,13.923397064208984,6.446078777313232,6.413190841674805
2024-03-05,132.60040970523187,13.6981782913208,6.581199645996094,6.379668712615967
2024-03-06,132.5534835084818,13.481001853942871,6.469924449920654,6.439655303955078
2024-03-07,133.04231651818554,13.754484176635742,6.446078777313232,6.201475620269775
2024-03-08,131.25854427514514,13.714263916015625,6.454026699066162,6.187361717224121
2024-03-11,133.3003750532298,13.489046096801758,6.350698947906494,6.090325355529785
2024-03-12,132.21604118793584,13.432740211486816,6.398388862609863,6.175012111663818
2024-03-13,132.5888353186474,13.513175010681152,6.438131332397461,6.175012111663818
2024-03-14,131.23326191541582,13.553393363952637,6.438131332397461,6.303804397583008
2024-03-15,132.22882542865955,13.529263496398926,6.438131332397461,6.369083404541016
2024-03-18,132.8913153889007,13.529263496398926,6.438131332397461,6.369083404541016
2024-03-19,133.53027189463046,13.046648979187012,6.3824920654296875,6.439655303955078
2024-03-20,136.63426430316395,13.33621883392334,6.398388862609863,6.580798149108887
2024-03-21,139.13054775192722,13.255783081054688,6.541458606719971,6.504934310913086
2024-03-22,140.356208400578,13.263826370239258,6.7560625076293945,6.464354991912842
2024-03-25,135.22041497261125,13.263826370239258,6.7560625076293945,6.464354991912842
2024-03-26,135.32653950905114,13.070780754089355,6.811700820922852,6.571976184844971
2024-03-27,135.63066793921735,13.078824996948242,6.77195930480957,6.474941253662109
2024-03-28,137.3205889396504,13.416654586791992,6.628890037536621,6.400841236114502
2024-03-29,137.56114195269492,13.416654586791992,6.628890037536621,6.400841236114502
2024-04-01,138.98249566555023,13.416654586791992,6.628890037536621,6.400841236114502
2024-04-02,139.30052750605682,13.119041442871094,6.533510208129883,6.280869483947754
2024-04-03,140.90102508162272,12.966215133666992,6.469924449920654,6.247347354888916
2024-04-04,138.01920706822784,13.022520065307617,6.438131332397461,6.2455830574035645
2024-04-05,139.37366567971185,13.014476776123047,6.469924449920654,6.26322603225708
2024-04-08,141.86811165821746,12.958172798156738,6.605044841766357,6.413190841674805
2024-04-09,142.40134416642195,13.022520065307617,6.605044841766357,6.571976184844971
2024-04-10,140.08274082912976,13.022520065307617,6.660682678222656,6.603734016418457
2024-04-11,140.88996746912198,13.054694175720215,6.589148044586182,6.571976184844971
2024-04-12,137.29099015372776,13.11099624633789,6.469924449920654,6.504934310913086
2024-04-15,136.43670438985828,13.046648979187012,6.541458606719971,6.360262393951416
2024-04-16,136.88444879741473,12.942084312438965,6.414285182952881,6.233233451843262
2024-04-17,134.78371106416853,12.942084312438965,6.458001136779785,6.217354774475098
2024-04-18,131.81624190345156,12.990344047546387,6.509665012359619,6.24029016494751
2024-04-19,132.0908946754189,13.21556568145752,6.517613410949707,6.257933139801025
2024-04-22,131.3160755326362,13.384478569030762,6.569278240203857,6.372611999511719
2024-04-23,133.01981279747088,13.392522811889648,6.605044841766357,6.626669883728027
2024-04-24,133.43178611687563,13.33621883392334,6.581199645996094,6.753698825836182
2024-04-25,134.04823427781957,13.094911575317383,6.569278240203857,6.669013023376465
2024-04-26,134.64603845103738,13.207520484924316,6.656708717346191,6.7925124168396
2024-04-29,134.74529687331233,13.241377830505371,6.5454325675964355,6.766048908233643
2024-04-30,133.27172000621067,13.040876388549805,6.700425148010254,6.669013023376465
2024-05-01,133.82018448835152,13.040876388549805,6.700425148010254,6.669013023376465
2024-05-02,133.44139273406108,12.948980331420898,6.664656639099121,6.8895487785339355
2024-05-03,135.91639926939388,12.948980331420898,6.664656639099121,6.8895487785339355
2024-05-06,137.88648043451758,12.948980331420898,6.664656639099121,6.8895487785339355
2024-05-07,137.75703891576995,12.948980331420898,6.664656639099121,6.8895487785339355
2024-05-08,135.77983934165786,13.00745964050293,6.620941162109375,7.180656433105469
2024-05-09,135.5552289474108,12.974042892456055,6.712347030639648,7.12772798538208
2024-05-10,135.25994335152063,12.873793601989746,6.700425148010254,7.145370960235596
2024-05-13,133.65325590147586,12.882147789001465,6.843493938446045,7.118906021118164
2024-05-14,134.3025463318054,12.948980331420898,6.891183853149414,7.198299407958984
2024-05-15,136.9266152910095,12.982397079467773,7.002460956573486,7.498228549957275
2024-05-16,134.14380766212162,12.982397079467773,6.879261493682861,7.365907669067383
2024-05-17,136.03496996557624,12.78189754486084,6.7560625076293945,7.461178302764893
2024-05-20,138.75254338045124,12.823668479919434,6.9269514083862305,7.515872001647949
2024-05-21,139.4184503790657,12.681647300720215,6.883234977722168,7.4541215896606445
2024-05-22,138.74494544883328,12.431022644042969,6.676578998565674,7.374728202819824
2024-05-23,140.71788738657324,12.489500999450684,6.660682678222656,7.330620765686035
2024-05-24,142.98026554009994,12.598105430603027,6.819648742675781,7.318270206451416
2024-05-27,142.51955847731006,12.547980308532715,6.7560625076293945,7.489406585693359
2024-05-28,144.34870815622708,12.347479820251465,6.767985820770264,7.401192665100098
2024-05-29,147.1451175907896,12.372542381286621,6.5970964431762695,7.159485340118408
2024-05-30,147.9195270288128,12.297355651855469,6.589148044586182,7.163013458251953
2024-05-31,147.99624794307329,12.238875389099121,6.640811443328857,7.039513111114502
2024-06-03,150.7778971698799,12.431022644042969,6.783882141113281,7.145370960235596
2024-06-04,152.15378978904937,12.146979331970215,6.672605991363525,6.931891441345215
2024-06-05,153.8614619242071,12.639876365661621,6.6447858810424805,6.9777631759643555
2024-06-06,152.3468140596451,12.531271934509277,6.783882141113281,7.080091953277588
2024-06-07,151.24239118010246,12.44773006439209,6.728242874145508,7.290042400360107
2024-06-10,148.9393698131662,12.464438438415527,6.692476272583008,7.348263740539551
2024-06-11,147.2557880713557,12.289000511169434,6.533510208129883,7.314742565155029
2024-06-12,148.66394994303755,12.280646324157715,6.616966724395752,7.212413311004639
2024-06-13,145.85945377468488,12.464438438415527,6.565303802490234,7.037749290466309
2024-06-14,148.0235626179201,12.389250755310059,6.3824920654296875,6.96012020111084
2024-06-17,147.07298162689585,12.364188194274902,6.370570182800293,6.921306610107422
2024-06-18,144.65567854399706,12.322417259216309,6.469924449920654,7.145370960235596
2024-06-19,144.6339249873563,12.297355651855469,6.5056915283203125,7.226528167724609
2024-06-20,144.14689770641507,12.197105407714844,6.318905353546143,7.129491329193115
2024-06-21,147.780642821117,12.163688659667969,6.310956954956055,7.07480001449585
2024-06-24,149.43266635010332,12.163688659667969,6.310956954956055,7.07480001449585
2024-06-25,148.18232854902362,12.299689292907715,6.2791643142700195,6.898370742797852
2024-06-26,147.10139645001436,12.66519546508789,6.310956954956055,6.728998184204102
2024-06-27,146.9835106745113,12.571694374084473,6.23147439956665,6.880727291107178
2024-06-28,145.20278312043502,12.444191932678223,6.199681282043457,6.866612434387207
2024-07-01,143.72266726700764,12.529192924499512,6.215578079223633,7.007755756378174
2024-07-02,144.0332706945992,12.46969223022461,6.23147439956665,6.790748596191406
2024-07-03,142.8117908835411,12.580194473266602,6.23942232131958,6.863084316253662
2024-07-04,142.21775344014168,12.707695960998535,6.303009510040283,7.011284828186035
2024-07-05,140.3610263507917,12.784196853637695,6.42620849609375,7.113613605499268
2024-07-08,140.4023962020874,12.750197410583496,6.541458606719971,7.07480001449585
2024-07-09,137.90110146608276,13.090202331542969,6.612993240356445,6.96012020111084
2024-07-10,137.61715351555085,12.928699493408203,6.6643900871276855,6.933655738830566
2024-07-11,139.86508965053417,13.243204116821289,6.621559143066406,7.043042182922363
2024-07-12,141.04060228647904,13.345206260681152,6.565879821777344,6.942477226257324
2024-07-15,140.83822488558872,13.260205268859863,6.544465065002441,7.032456398010254
2024-07-16,141.35593342372886,13.260205268859863,6.433106422424316,7.057156085968018
2024-07-17,137.46375638969766,13.430207252502441,6.3902764320373535,7.011284828186035
2024-07-18,137.38322027920913,13.387706756591797,6.343163013458252,7.233584403991699
2024-07-19,137.88854059683217,13.43870735168457,6.441672325134277,7.3217997550964355
2024-07-22,138.03787506961817,13.608711242675781,6.527332782745361,7.422363758087158
2024-07-23,139.31378495312856,13.625710487365723,6.475935935974121,7.4541215896606445
2024-07-24,140.9034210170994,13.56620979309082,6.356011390686035,7.365907669067383
2024-07-25,138.65927121249206,13.489707946777344,6.3388800621032715,7.4382429122924805
2024-07-26,138.92365886271,13.583209037780762,6.283200740814209,7.436479091644287
2024-07-29,138.84593348666385,13.634211540222168,6.253219127655029,7.464376449584961
2024-07-30,138.63900303840637,13.549208641052246,6.2275214195251465,7.377710342407227
2024-07-31,139.17250989766217,13.69371223449707,6.3388800621032715,7.477283954620361
2024-08-01,134.84952823554522,13.557708740234375,6.270351886749268,7.361114501953125
2024-08-02,133.18991247245503,13.345206260681152,6.197539806365967,7.080831527709961
2024-08-05,127.84537976542015,12.597193717956543,5.824916362762451,6.614307880401611
2024-08-06,127.94285181050054,12.80119800567627,5.919142723083496,6.649343490600586
2024-08-07,124.1692491921267,13.107202529907227,6.073331832885742,6.850336074829102
2024-08-08,126.9934131097416,13.268704414367676,5.996237754821777,6.748917579650879
2024-08-09,132.67105389068092,13.23470401763916,6.047634124755859,6.80423641204834
2024-08-12,134.95740474410923,13.200703620910645,6.05620002746582,6.9240946769714355
2024-08-13,132.4768316523332,13.36220645904541,6.064765930175781,7.016292572021484
2024-08-14,131.77246620713777,13.57470989227295,6.0904645919799805,7.305795192718506
2024-08-15,132.91304331680294,13.57470989227295,6.0904645919799805,7.305795192718506
2024-08-16,136.6478229981003,13.685211181640625,6.02193546295166,7.480972766876221
2024-08-19,136.50801295042038,13.676711082458496,6.073331832885742,7.482816219329834
2024-08-20,139.6386193480539,13.685211181640625,6.077614784240723,7.335298538208008
2024-08-21,143.84530769675257,13.685211181640625,6.081897735595703,7.4514689445495605
2024-08-22,142.26344073431392,13.761712074279785,6.116161823272705,7.516008377075195
2024-08-23,143.37290249163016,13.72771167755127,6.081897735595703,7.4846601486206055
2024-08-26,143.35085400353273,13.7022123336792,6.064765930175781,7.388773441314697
2024-08-27,144.00743096569022,13.685211181640625,6.05620002746582,7.394306182861328
2024-08-28,142.24458020925522,13.43870735168457,6.047634124755859,7.257852554321289
2024-08-29,144.2702407836914,13.56620979309082,5.996237754821777,7.2191290855407715
2024-08-30,145.9416671607778,13.294205665588379,6.116161823272705,7.2449445724487305
2024-09-02,146.41223654712758,13.72771167755127,6.176124572753906,7.3555827140808105
2024-09-03,140.86344397523862,13.685211181640625,6.176124572753906,7.276292324066162
2024-09-04,143.03725780564037,13.676711082458496,6.167558670043945,7.137994289398193
2024-09-05,141.7450803061729,13.60020923614502,6.167558670043945,7.090051651000977
2024-09-06,140.94899681544302,13.583209037780762,6.141860485076904,6.9978532791137695
2024-09-09,140.99126555147086,13.583209037780762,6.103313446044922,6.9572858810424805
2024-09-10,140.29410833563816,13.472708702087402,6.02193546295166,6.964661598205566
2024-09-11,138.22722171257738,13.251705169677734,5.996237754821777,6.892746448516846
2024-09-12,139.50706829427872,13.28570556640625,5.961973667144775,6.721258163452148
2024-09-13,137.37288044787783,13.60020923614502,6.043351173400879,6.7360100746154785
2024-09-16,137.48550090943536,13.557708740234375,6.03478479385376,6.807924270629883
2024-09-17,137.2114649634459,13.472708702087402,6.030501842498779,6.877995491027832
2024-09-18,137.84827611137644,13.515207290649414,6.009086608886719,6.7618255615234375
2024-09-19,138.2479031406383,13.4472074508667,6.000520706176758,6.728634357452393
2024-09-20,133.29200255226897,13.489707946777344,6.017652988433838,6.619839668273926
2024-09-23,134.15658097955202,13.489707946777344,6.030501842498779,6.914875030517578
2024-09-24,135.80245365173323,13.540709495544434,5.987671375274658,7.099271297454834
2024-09-25,134.72204385878922,13.56620979309082,5.987671375274658,7.246788501739502
2024-09-26,136.27678054976786,13.60020923614502,6.030501842498779,7.198845386505127
2024-09-27,136.9307802800904,13.583209037780762,5.987671375274658,7.232036590576172
2024-09-30,137.6119561686046,13.56620979309082,5.983388900756836,7.077143669128418
2024-10-01,135.1220043585099,13.52370834350586,6.030501842498779,7.0531721115112305
2024-10-02,136.8142572037832,13.328206062316895,5.953407287597656,7.0531721115112305
2024-10-03,133.64706754024883,13.353705406188965,5.910577297210693,6.960973739624023
2024-10-04,137.45541215517005,13.651209831237793,5.996237754821777,7.13430643081665
2024-10-07,138.69375612900058,13.57470989227295,6.039068222045898,7.101115703582764
2024-10-08,139.34363168827622,13.4472074508667,6.077614784240723,6.992321491241455
2024-10-09,140.18184199271582,13.515207290649414,6.013369560241699,6.855867862701416
2024-10-10,140.2591671953087,13.43870735168457,5.996237754821777,6.842959880828857
2024-10-11,141.8437599222416,13.413207054138184,6.013369560241699,6.868775367736816
2024-10-14,142.2650741045436,13.370706558227539,6.030501842498779,6.699130535125732
2024-10-15,143.0447974850531,13.387706756591797,6.0904645919799805,6.796860694885254
2024-10-16,142.32666642542063,13.583209037780762,6.103313446044922,6.782109260559082
2024-10-17,142.49966736159422,13.464207649230957,6.060482501983643,6.9314703941345215
2024-10-18,143.3763195907659,13.557708740234375,6.047634124755859,6.8872151374816895
2024-10-21,144.34215585308993,13.60020923614502,6.013369560241699,6.863243103027344
2024-10-22,147.92248746281803,13.455707550048828,5.996237754821777,6.800548553466797
2024-10-23,149.12101295620778,13.396206855773926,5.970539093017578,6.752605438232422
2024-10-24,149.58477511837373,13.370706558227539,5.961973667144775,6.595868110656738
2024-10-25,149.4713053790574,13.319705963134766,5.902010917663574,6.503669738769531
2024-10-28,148.8898649662733,13.319705963134766,5.902010917663574,6.503669738769531
2024-10-29,150.02623201051028,13.413207054138184,5.85061502456665,6.697286605834961
2024-10-30,150.5364224324585,13.192203521728516,5.752105236053467,6.629059791564941
2024-10-31,148.92471790430682,13.328206062316895,5.910577297210693,6.619839668273926
2024-11-01,150.4483106116695,13.336706161499023,5.824916362762451,6.800548553466797
2024-11-04,149.82715985548566,13.480664253234863,5.764954090118408,6.739697456359863
2024-11-05,150.84526378251212,13.507184028625488,5.78208589553833,6.9314703941345215
2024-11-06,152.38064913635753,13.348068237304688,5.824916362762451,6.9978532791137695
2024-11-07,166.93268572200395,13.348068237304688,5.893445014953613,7.034732341766357
2024-11-08,164.79587748901758,13.312708854675293,5.829198837280273,6.929625988006592
2024-11-11,167.42109704275208,13.374587059020996,5.906294345855713,6.942534446716309
2024-11-12,169.30173309208385,13.348068237304688,5.906294345855713,6.9978532791137695
2024-11-13,171.30517227642122,13.259669303894043,5.837765693664551,6.7618255615234375
2024-11-14,171.78896757291022,13.339228630065918,5.893445014953613,6.643811225891113
2024-11-15,168.67860512875632,13.383427619934082,5.824916362762451,6.5479254722595215
2024-11-18,173.66092487372953,13.241990089416504,5.79493522644043,6.350620746612549
2024-11-19,175.56552974967872,13.127074241638184,5.670727729797363,6.343245029449463
2024-11-20,174.8745592534542,13.286189079284668,5.696425437927246,6.468634128570557
2024-11-21,176.91702372127838,13.524863243103027,5.824916362762451,6.487074375152588
2024-11-22,179.71522510889736,13.966853141784668,5.717841148376465,6.383812427520752
2024-11-25,179.02887241668213,13.754697799682617,5.747822284698486,6.345088481903076
2024-11-26,179.85886425339595,13.949172019958496,5.79493522644043,6.444663047790527
2024-11-27,176.87208127246777,13.958012580871582,5.764954090118408,6.275018215179443
2024-11-28,175.67892494565967,13.843095779418945,5.78208589553833,6.278706073760986
2024-11-29,178.33934627495182,13.710498809814453,5.820633411407471,6.145940780639648
2024-12-02,178.23486491123003,13.710498809814453,5.970539093017578,6.402251720428467
2024-12-03,179.08388849109542,13.533703804016113,5.991954803466797,6.638279914855957
2024-12-04,179.0534737043572,13.683979034423828,6.039068222045898,6.638279914855957
2024-12-05,180.7375302804394,13.966853141784668,5.996237754821777,6.8872151374816895
2024-12-06,179.21524449639037,14.046411514282227,5.910577297210693,6.877995491027832
2024-12-09,177.84358174684348,14.090609550476074,6.111879348754883,7.141682147979736
2024-12-10,175.6100597346649,14.072929382324219,5.996237754821777,7.136150360107422
2024-12-11,180.82273184540372,14.06408977508545,5.996237754821777,7.126931190490723
2024-12-12,180.49176468694077,14.161327362060547,6.064765930175781,7.1638102531433105
2024-12-13,177.0851688673638,14.143648147583008,6.150426387786865,7.237568378448486
2024-12-16,178.09615089436556,13.949172019958496,6.296048641204834,7.117711067199707
2024-12-17,176.7840991624871,13.613261222839355,6.24036979675293,7.007072925567627
2024-12-18,173.319774206293,13.913813591003418,6.291766166687012,7.108490943908691
2024-12-19,175.242105403413,13.904973983764648,6.236086845397949,7.1711859703063965
2024-12-20,175.56283504121893,13.869614601135254,6.253219127655029,7.228348731994629
2024-12-23,175.61454154907915,13.701659202575684,6.154709339141846,6.999696731567383
2024-12-24,178.1597940986967,13.701659202575684,6.154709339141846,6.999696731567383
2024-12-25,178.21540927745627,13.701659202575684,6.154709339141846,6.999696731567383
2024-12-26,179.96931229111397,13.701659202575684,6.154709339141846,6.999696731567383
2024-12-27,178.8609346353369,13.843095779418945,6.3902764320373535,7.043951988220215
2024-12-30,176.9424815724724,13.790057182312012,6.424540042877197,6.994165420532227
2024-12-31,176.89535651212918,13.878454208374023,6.475935935974121,7.062392234802246
2025-01-02,176.84745310326252,13.949172019958496,6.570163249969482,7.051327705383301
2025-01-03,183.81984867155552,13.913813591003418,6.535898685455322,7.154590606689453
2025-01-06,183.3805174412655,13.913813591003418,6.535898685455322,7.154590606689453
2025-01-07,174.98890471458435,14.134807586669922,6.621559143066406,7.377710342407227
2025-01-08,177.6030894673977,13.966853141784668,6.621559143066406,7.296575546264648
2025-01-09,178.13409639407382,13.878454208374023,6.595860958099365,7.420121669769287
2025-01-10,173.44816672110937,13.754697799682617,6.5102009773254395,7.421965599060059
2025-01-13,174.49478502028796,13.790057182312012,6.595860958099365,7.394306182861328
2025-01-14,175.37802641625422,14.090609550476074,6.578729152679443,7.394306182861328
2025-01-15,175.92210768353107,14.143648147583008,6.595860958099365,7.493880271911621
2025-01-16,178.11093879219698,14.072929382324219,6.544465065002441,7.523383617401123
2025-01-17,180.94632868761983,14.205526351928711,6.595860958099365,7.680120944976807
2025-01-20,181.37879832814542,14.276244163513184,6.613450050354004,7.818418025970459
2025-01-21,177.66589993079833,14.125967979431152,6.639833450317383,7.812885761260986
2025-01-22,180.65651757686373,14.276244163513184,6.595861434936523,7.689340114593506
2025-01-23,176.57750243655028,14.302763938903809,6.507916450500488,7.698561191558838
2025-01-24,178.0815347516018,14.541439056396484,6.525505542755127,7.8552985191345215
2025-01-27,179.47784510847123,14.541439056396484,6.507916450500488,7.7686309814453125
2025-01-28,179.16596595384635,14.73591423034668,6.477135181427002,7.744658946990967
2025-01-29,182.26969010696666,14.850829124450684,6.534299850463867,7.735440254211426
2025-01-30,183.42972010575704,14.612156867980957,6.5694780349731445,7.731751918792725
2025-01-31,178.4216622979302,14.638675689697266,6.587066650390625,7.726219654083252
2025-02-03,181.5708354663111,14.479558944702148,6.507916450500488,7.512319087982178
2025-02-04,177.72177273337184,14.691715240478516,6.582669734954834,7.560263156890869
2025-02-05,178.2739750113533,14.497239112854004,6.66621732711792,7.560263156890869
2025-02-06,176.0240975198776,14.841991424560547,6.66621732711792,7.634021282196045
2025-02-07,201.01628385292315,14.921548843383789,6.683806419372559,7.687496662139893
2025-02-10,206.08794839472012,14.824311256408691,6.7717509269714355,7.606362342834473
2025-02-11,203.7950599754513,14.824311256408691,6.894874095916748,7.541823387145996
2025-02-12,201.8147623328332,14.965747833251953,6.859696388244629,7.652461528778076
2025-02-13,202.16539651081075,15.071823120117188,6.921257495880127,7.9290571212768555
2025-02-14,199.5474102513208,14.89503002166748,7.022394180297852,7.759411334991455
2025-02-17,199.02343277086857,15.045307159423828,7.031188011169434,7.881113529205322
2025-02-18,206.36377869534044,15.045307159423828,7.009202003479004,7.971467018127441
2025-02-19,205.94662353234162,14.983428001403809,7.026790618896484,7.882957458496094
2025-02-20,206.54430319528183,15.372376441955566,7.013599395751953,7.8552985191345215
2025-02-21,201.5606372583752,15.151382446289062,7.070763111114502,7.973310947418213
2025-02-24,202.40914002244153,14.91270923614502,6.912463188171387,7.735440254211426
2025-02-25,198.74117529633622,14.691715240478516,6.815723419189453,7.761255264282227
2025-02-26,198.69632702708532,15.027626037597656,6.798134803771973,7.799979209899902
2025-02-27,198.50742369717227,15.098343849182129,6.815723419189453,7.947495460510254
2025-02-28,203.92263583925705,15.116024017333984,6.859696388244629,8.227779388427734
2025-03-03,199.78209052177135,15.116024017333984,6.859696388244629,8.227779388427734
2025-03-04,198.90248006173897,15.116024017333984,6.824518203735352,8.314445495605469
2025-03-05,202.13620442489628,15.054145812988281,6.877285003662109,8.565224647521973
2025-03-06,192.56245098427462,15.054145812988281,6.864092826843262,8.637139320373535
2025-03-07,189.40573675133055,15.107185363769531,6.916860103607178,8.64820384979248
2025-03-10,185.92905519169653,15.08950424194336,6.90366792678833,8.758841514587402
2025-03-11,188.01772604197686,14.939227104187012,6.7717509269714355,8.71274185180664
2025-03-12,188.13155613105846,15.301658630371094,6.833312511444092,9.04096794128418
2025-03-13,187.0524880612429,15.310498237609863,6.824518203735352,9.302811622619629
2025-03-14,188.44580136028526,15.46961498260498,6.859696388244629,9.487207412719727
2025-03-17,189.77556160092354,15.443094253540039,6.833312511444092,9.404229164123535
2025-03-18,187.12034962987673,15.46961498260498,6.793737411499023,9.298201560974121
2025-03-19,190.9231076181286,15.151382446289062,6.7629570960998535,9.112882614135742
2025-03-20,192.11122463905485,15.558013916015625,6.701395034790039,9.173733711242676
2025-03-21,196.62508488201638,16.12375831604004,6.701395034790039,8.952457427978516
2025-03-24,197.04196443189994,16.265195846557617,6.859696388244629,9.219833374023438
2025-03-25,201.73888041128248,16.265195846557617,6.859696388244629,9.219833374023438
2025-03-26,200.13002644881726,16.353593826293945,6.912463188171387,9.450328826904297
2025-03-27,199.4868415880901,16.58342742919922,6.947640895843506,9.256711959838867
2025-03-28,194.86155017740748,16.592266082763672,6.930051803588867,9.035436630249023
2025-03-31,191.47412607073784,16.203317642211914,6.727778911590576,8.71274185180664
2025-04-01,194.22527081307635,16.4243106842041,6.789340019226074,8.766217231750488
2025-04-02,195.53560436070256,16.51270866394043,6.811326026916504,8.834443092346191
2025-04-03,191.52612544154545,16.17679786682129,6.696998119354248,8.55231761932373
2025-04-04,176.19024219492985,15.363536834716797,6.4551496505737305,8.002815246582031
2025-04-07,179.8253834590687,14.585636138916016,6.01102876663208,7.4994120597839355
2025-04-08,179.79247890412807,15.628730773925781,6.375999450683594,7.91799259185791
2025-04-09,189.54607199104794,15.70828914642334,6.208904266357422,7.691184043884277
2025-04-10,186.6406467574252,16.17679786682129,6.375999450683594,7.83685827255249
2025-04-11,188.37542975012184,16.274036407470703,6.507916450500488,7.83685827255249
2025-04-14,187.7345896698589,16.60110855102539,6.507916450500488,8.034162521362305
2025-04-15,189.247165197281,16.71602439880371,6.626641750335693,8.5504732131958
2025-04-16,187.2010355306702,16.73370361328125,6.648627758026123,8.456430435180664
2025-04-17,186.69290738671407,16.539228439331055,6.560683250427246,8.390048027038574
2025-04-21,180.01558863579703,16.539228439331055,6.560683250427246,8.390048027038574
2025-04-22,182.3799453430729,16.56574821472168,6.609052658081055,8.574443817138672
2025-04-23,187.90876805216976,16.67182731628418,6.683806419372559,8.961677551269531
2025-04-24,196.59519022347376,16.75138282775879,6.578272342681885,8.911890983581543
2025-04-25,198.19016563756304,16.7867431640625,6.683806419372559,8.762528419494629
2025-04-28,198.84262916072657,16.848621368408203,6.613450050354004,8.74962043762207
2025-04-29,202.2150130717655,17.26409149169922,6.66621732711792,8.760684967041016
2025-04-30,204.85963015622474,17.299448013305664,6.705792427062988,8.5689115524292
2025-05-01,207.65746708952975,17.299448013305664,6.705792427062988,8.5689115524292
2025-05-02,194.3079860508442,17.891714096069336,6.683806419372559,8.814160346984863
2025-05-05,198.9891174698023,17.6795597076416,6.7673540115356445,8.932173728942871
2025-05-06,204.92569123819885,17.6795597076416,6.7717509269714355,8.64820384979248
2025-05-07,199.54586527903484,17.679561614990234,6.806928634643555,8.71274185180664
2025-05-08,199.40375563592534,17.86372184753418,6.670614242553711,8.729338645935059
2025-05-09,201.84019353184794,18.17679786682129,6.784943103790283,9.035436630249023
2025-05-12,201.47562704980373,18.011051177978516,6.921257495880127,9.316640853881836
2025-05-13,203.82896905025336,18.508289337158203,6.899270534515381,9.459547996520996
2025-05-14,205.1752966940403,18.600372314453125,7.05317497253418,9.42266845703125
2025-05-15,207.78165500248724,18.600372314453125,6.938846111297607,9.358129501342773
2025-05-16,202.57859235879368,18.52670669555664,6.802531719207764,9.399619102478027
2025-05-19,209.7508509646741,18.47145652770996,6.815723419189453,9.404229164123535
2025-05-20,211.42250448465347,18.78453254699707,6.758559703826904,9.542527198791504
2025-05-21,200.8866838047179,19.023942947387695,6.789340019226074,9.726923942565918
2025-05-22,199.45834487420052,18.69245147705078,6.701395034790039,9.58862590789795
2025-05-23,199.42664484970464,18.508289337158203,6.507916450500488,9.316640853881836
2025-05-26,197.8314584884265,18.69245147705078,6.648627758026123,9.57940673828125
2025-05-27,198.68316770796628,18.600372314453125,6.609052658081055,9.717703819274902
2025-05-28,201.40075944226282,18.802949905395508,6.595861434936523,9.865220069885254
2025-05-29,200.63766779092293,18.167591094970703,6.595861434936523,9.865220069885254
2025-05-30,198.8684390020935,17.44015121459961,6.648627758026123,9.680824279785156
2025-06-02,200.47008737289434,17.44015121459961,6.578272342681885,9.671603202819824
2025-06-03,200.50740570691596,17.495399475097656,6.622244834899902,9.820060729980469
2025-06-04,201.30941701432675,17.45856475830078,6.758559703826904,9.88745403289795
2025-06-05,202.26676932929513,17.32965087890625,6.859696388244629,10.128141403198242
2025-06-06,203.18085183861695,17.403316497802734,6.877285003662109,10.157024383544922
2025-06-09,204.6837681531906,17.403316497802734,6.877285003662109,10.157024383544922
2025-06-10,205.55564836337908,17.9558048248291,6.90366792678833,10.445849418640137
2025-06-11,205.23787470324805,18.333335876464844,6.88607931137085,10.542123794555664
2025-06-12,203.7129229181046,18.241252899169922,6.815723419189453,10.397711753845215
2025-06-13,198.46976709236242,17.624311447143555,6.921257495880127,10.349574089050293
2025-06-16,206.46058521310806,17.68876838684082,6.859696388244629,10.445849418640137
2025-06-17,205.62106923898318,17.47698211669922,6.912463188171387,10.301436424255371
2025-06-18,207.70488184690475,17.311235427856445,6.894874095916748,10.301436424255371
2025-06-19,207.7978952229023,17.11786651611328,6.798134803771973,10.10888671875
2025-06-20,207.04818035032076,17.246780395507812,6.912463188171387,10.397711753845215
2025-06-23,210.0624973230315,17.44015121459961,7.017996788024902,10.426593780517578
2025-06-24,209.5431295985918,17.661144256591797,6.938846111297607,10.864645957946777
2025-06-25,208.09069711337816,17.9558048248291,7.149913787841797,10.68653678894043
2025-06-26,204.8401495291555,17.90976333618164,7.29941987991333,10.595075607299805
2025-06-27,206.49639767598273,17.937387466430664,7.220269680023193,10.575819969177246
2025-06-30,207.07819900014874,17.725601196289062,7.237857818603516,10.426593780517578
2025-07-01,203.69605018938273,17.946596145629883,7.281830787658691,10.585448265075684
2025-07-02,202.87934187203336,18.305709838867188,7.34777307510376,10.676909446716309
2025-07-03,203.47881996141587,18.038677215576172,7.343062877655029,10.86945915222168
2025-07-04,203.9758499937643,18.103134155273438,7.253570556640625,10.638400077819824
2025-07-07,205.86916373823624,18.241252899169922,7.197049140930176,10.71541976928711
2025-07-08,204.9667385900284,18.057092666625977,7.423134803771973,11.071637153625488
2025-07-09,206.60038134535625,17.946596145629883,7.34777307510376,11.269001007080078
2025-07-10,200.60235016624029,18.112340927124023,7.1923394203186035,11.649288177490234
2025-07-11,199.88463743148804,18.13075828552246,7.253570556640625,11.50006103515625
2025-07-14,204.12415506368689,18.232046127319336,7.197049140930176,11.336394309997559
2025-07-15,203.7493030019341,17.9558048248291,7.248860836029053,11.293069839477539
2025-07-16,205.67066409327072,17.790056228637695,7.225310325622559,11.36046314239502
2025-07-17,201.0355251788269,17.790056228637695,7.206469535827637,11.456737518310547
2025-07-18,199.0274820679515,17.679561614990234,7.338352680206299,11.480806350708008
2025-07-21,199.1531681849956,17.51381492614746,7.319512367248535,11.379717826843262
2025-07-22,197.58795773176462,17.311235427856445,7.3571929931640625,11.220863342285156
2025-07-23,194.84364073094093,17.651935577392578,7.34777307510376,11.466365814208984
2025-07-24,191.73172818124294,17.587478637695312,7.366613388061523,11.726308822631836
2025-07-25,191.17683865129948,17.348068237304688,7.328932762145996,11.764819145202637
2025-07-28,192.31388740529837,17.292821884155273,7.234730243682861,11.384531021118164
2025-07-29,193.14018839416622,17.45856475830078,7.248860836029053,11.56745433807373
2025-07-30,193.7590264159262,17.633520126342773,7.300671577453613,11.466365814208984
2025-07-31,194.87537758912458,18.103134155273438,7.2582807540893555,11.832210540771484
2025-08-01,193.089121857367,17.83609962463379,7.272410869598389,11.605964660644531
2025-08-04,195.04293358919676,17.9558048248291,7.267701148986816,12.082526206970215
2025-08-05,195.02544229751584,18.407001495361328,7.28183126449585,12.323213577270508
2025-08-06,196.22310218025177,18.416210174560547,7.361903190612793,12.433930397033691
2025-08-07,194.19253073143864,18.324127197265625,7.404294490814209,12.587969779968262
2025-08-08,186.1578432895476,18.278087615966797,7.630379676818848,12.525391578674316
2025-08-11,191.1666404531161,18.416210174560547,7.945957660675049,12.58315658569336
2025-08-12,200.1643925157623,18.43462371826172,7.865884780883789,12.58315658569336
2025-08-13,202.22556932632142,18.508289337158203,8.068418502807617,12.746824264526367
2025-08-14,199.06268566936342,18.241252899169922,8.026028633117676,12.881608963012695
2025-08-15,199.27311987374924,18.241252899169922,8.026028633117676,12.881608963012695
2025-08-18,198.6488573483266,18.029468536376953,7.875304222106934,12.515763282775879
2025-08-19,195.70909240102083,17.882139205932617,8.049578666687012,12.433930397033691
2025-08-20,196.40922982895245,18.407001495361328,8.172041893005371,12.22693920135498
2025-08-21,195.56714651304355,18.149173736572266,8.101390838623047,12.255820274353027
2025-08-22,197.21773607699106,18.186006546020508,8.214432716369629,12.323213577270508
2025-08-25,197.98281515210147,17.77164077758789,8.16733169555664,12.303958892822266
2025-08-26,198.666782901455,17.633520126342773,8.148490905761719,11.93811321258545
2025-08-27,199.3485717031126,17.68876838684082,8.082550048828125,11.707053184509277
2025-08-28,201.66633603498667,17.7440185546875,8.096680641174316,11.707053184509277
2025-08-29,199.6907905388871,17.651935577392578,8.091970443725586,11.389345169067383
2025-09-01,199.51583681213287,17.82689094543457,7.950666904449463,11.59633731842041
2025-09-02,205.6604611902685,17.578271865844727,7.743422031402588,11.620405197143555
2025-09-03,205.2762783968601,17.69797706604004,7.762262344360352,12.00550651550293
2025-09-04,206.38142843137757,17.716392517089844,7.677480220794678,11.851466178894043
2025-09-05,205.61188540614603,17.283613204956055,7.799942970275879,11.77925968170166
2025-09-08,212.3934304067734,17.375694274902344,7.616249084472656,11.451924324035645
2025-09-09,210.60168693069954,17.403316497802734,7.668060302734375,11.51450252532959
2025-09-10,208.53217321569446,17.55064582824707,7.790523529052734,11.649288177490234
2025-09-11,210.65609415976724,17.68876838684082,8.101390838623047,11.812955856323242
2025-09-12,209.8553771891602,17.808473587036133,7.978928089141846,11.92367172241211
2025-09-15,210.84737530350685,18.001842498779297,7.898855209350586,11.793700218200684
2025-09-16,210.58783739250794,18.112340927124023,7.903566360473633,11.57226848602295
2025-09-17,211.02803573014535,17.937387466430664,7.8847246170043945,11.408599853515625
2025-09-18,211.1726633946737,18.232046127319336,7.828204154968262,11.504875183105469
2025-09-19,212.74589182707314,18.563539505004883,8.002477645874023,11.269001007080078
2025-09-22,214.39979881736144,18.342544555664062,7.9129862785339355,11.55301284790039
2025-09-23,212.9296409610306,18.600372314453125,7.917696475982666,11.841838836669922
2025-09-24,206.62804384119954,18.600372314453125,8.002477645874023,11.812955856323242
2025-09-25,208.6989164011984,18.47145652770996,8.03544807434082,11.69742488861084
2025-09-26,219.60496260639047,18.296504974365234,7.98834753036499,11.620405197143555
2025-09-29,222.0318258259431,18.370168685913086,8.026028633117676,11.841838836669922
2025-09-30,220.2286398787328,18.296504974365234,7.941247463226318,11.904417037963867
2025-10-01,217.62378108179473,18.13996696472168,7.941247463226318,12.318400382995605
2025-10-02,218.96940858167,18.637203216552734,7.856464385986328,12.318400382995605
2025-10-03,219.76753212924814,18.508289337158203,7.960087299346924,12.742010116577148
2025-10-06,219.40695977154792,18.324127197265625,7.785813331604004,12.58315658569336
2025-10-07,222.45398116111755,18.52670669555664,7.795232772827148,12.809403419494629
2025-10-08,221.4318138530689,18.3609619140625,7.80936336517334,13.141551971435547
2025-10-09,220.67640129228312,18.43462371826172,7.847043991088867,13.348544120788574
2025-10-10,217.8457094053265,18.52670669555664,8.016608238220215,13.415936470031738
2025-10-13,221.22992350405184,18.47145652770996,7.799942970275879,13.170434951782227
2025-10-14,222.80924492989652,17.182323455810547,7.7057414054870605,13.170434951782227
2025-10-15,225.3868426680565,17.127073287963867,7.56914758682251,13.151179313659668
2025-10-16,222.5852605542259,16.27992820739746,7.446685314178467,12.80458927154541
2025-10-17,223.38369333889204,16.54696273803711,7.4608154296875,12.477253913879395
2025-10-20,224.99760842127034,16.629837036132812,7.59269905090332,12.80458927154541
2025-10-21,223.5232642324081,16.703500747680664,7.630379676818848,13.026021957397461
2025-10-22,220.3029360205437,16.961328506469727,7.724581241607666,13.151179313659668
2025-10-23,219.262322891218,16.758750915527344,7.724581241607666,12.761265754699707
2025-10-24,219.58943145567173,16.850831985473633,7.724581241607666,12.251008033752441
2025-10-27,218.60100595860058,16.94291114807129,7.668060302734375,12.217310905456543
2025-10-28,215.9074451876004,16.94291114807129,7.668060302734375,12.217310905456543
2025-10-29,215.93147134504397,16.998159408569336,7.658639907836914,12.457998275756836
2025-10-30,217.85085413157503,16.67587661743164,7.630379676818848,12.207684516906738
2025-10-31,221.5344418627792,16.528547286987305,7.197049140930176,12.270262718200684
2025-11-03,221.76358691293717,16.73693084716797,7.437264919281006,12.60722541809082
2025-11-04,219.1395289442189,16.680099487304688,7.267701148986816,12.602411270141602
2025-11-05,221.80933860063396,16.594852447509766,7.2582807540893555,12.689059257507324
2025-11-06,219.54003494569406,16.414884567260742,7.376033306121826,12.130664825439453
2025-11-07,200.8795166015625,16.329635620117188,7.441975116729736,12.072897911071777
2025-11-10,202.75681164133493,16.339109420776367,7.423134803771973,12.446287155151367
2025-11-11,208.26808056227492,16.594852447509766,7.479655742645264,12.495287895202637
2025-11-12,207.41341099484453,16.831649780273438,7.555017948150635,12.833395957946777
2025-11-13,204.92250471816533,16.57590675354004,7.724581241607666,12.916698455810547
2025-11-14,202.05529562135598,16.42435646057129,7.649219512939453,12.808895111083984
2025-11-17,201.09603695081296,16.339109420776367,7.724581241607666,12.838296890258789
2025-11-18,206.27968115218937,16.19702911376953,7.620959281921387,12.358084678649902
2025-11-19,207.6300063038625,16.291749954223633,7.795232772827148,12.544289588928223
2025-11-20,203.94810548283567,16.291749954223633,7.865884780883789,12.740293502807617
2025-11-21,204.1430696848238,16.291749954223633,7.898855209350586,12.784395217895508
2025-11-24,207.74944663593124,16.367525100708008,7.974217891693115,12.75499439239502
2025-11-25,209.92920379322823,16.528547286987305,7.903566360473633,12.89709758758545
2025-11-26,210.66443033012183,16.680099487304688,7.9129862785339355,13.333207130432129
2025-11-27,209.98713398621476,16.76534652709961,7.842333793640137,13.269506454467773
2025-11-28,212.132026497864,16.689571380615234,7.785813331604004,13.230305671691895
2025-12-01,214.9211017072903,16.916898727416992,7.804653167724609,13.32830810546875
2025-12-02,212.64405269773488,17.068449020385742,7.898855209350586,13.416508674621582
2025-12-03,210.6570008795261,16.97372817993164,7.9129862785339355,13.107802391052246
2025-12-04,212.14823937755227,17.23894500732422,7.856464385986328,13.181303977966309
2025-12-05,212.90413881785207,17.598876953125,8.007187843322754,13.38710880279541
2025-12-08,212.435766878476,17.381023406982422,8.129651069641113,13.357707977294922
2025-12-09,213.6590730903672,17.523101806640625,8.054288864135742,13.15190315246582
2025-12-10,211.5698165704398,17.523101806640625,8.077838897705078,13.088201522827148
2025-12-11,207.16601950390577,17.47574234008789,8.087260246276855,13.367508888244629
2025-12-12,205.69139250311127,17.523101806640625,7.941247463226318,13.269506454467773
2025-12-15,208.35533634565581,17.608348846435547,7.931827068328857,13.024500846862793
2025-12-16,208.02900633257923,17.418909072875977,7.837623596191406,12.867696762084961
2025-12-17,204.73211422719487,17.04950523376465,7.804653167724609,12.916698455810547
2025-12-18,210.05207236076058,17.371551513671875,7.804653167724609,12.955899238586426
2025-12-19,210.990135006321,17.466270446777344,7.927116870880127,13.15190315246582
2025-12-22,212.31466598977204,17.54204559326172,8.063709259033203,13.249906539916992
2025-12-23,211.82307085981665,17.54204559326172,8.002477645874023,13.073501586914062
2025-12-24,213.30145046786492,17.54204559326172,8.002477645874023,13.073501586914062
2025-12-26,217.29492968961858,17.54204559326172,8.002477645874023,13.073501586914062
2025-12-29,217.19669423161122,17.598876953125,7.978928089141846,12.95099925994873
2025-12-30,219.07133555637301,17.78831672668457,7.880014419555664,12.90689754486084
2025-12-31,217.9480984065649,18.091419219970703,7.875304222106934,12.740293502807617
2026-01-02,214.11915120753474,18.00617218017578,8.03544807434082,13.499811172485352
2026-01-05,219.8353654995808,17.88303565979004,8.318056106567383,13.43610954284668
2026-01-06,217.11570340750586,17.88303565979004,8.318056106567383,13.43610954284668
2026-01-07,219.59659789744364,17.778844833374023,8.129651069641113,13.57331371307373
2026-01-08,216.1382394550019,17.428382873535156,8.007187843322754,14.249528884887695
2026-01-09,215.05653497585445,17.712541580200195,7.927116870880127,13.91632080078125
2026-01-12,214.1483681208656,17.381023406982422,7.9224066734313965,13.91632080078125
2026-01-13,212.12862793339355,17.314720153808594,8.21914291381836,13.99962329864502
2026-01-14,210.85627015221507,17.2010555267334,8.374577522277832,14.34753131866455
2026-01-15,209.80009815127596,17.144224166870117,8.318056106567383,14.71504020690918
2026-01-16,206.85659744377517,16.92637062072754,8.35102653503418,14.597436904907227
2026-01-19,206.5732338888256,16.755874633789062,8.2787446975708,15.004146575927734
2026-01-20,206.72489894675618,16.82217788696289,8.182367324829102,14.484733581542969
2026-01-21,203.13157376948675,16.803234100341797,8.408852577209473,14.421032905578613
2026-01-22,206.54554743910012,16.935840606689453,8.43294620513916,14.52883529663086
2026-01-23,209.049879738669,16.76534652709961,8.365483283996582,14.504334449768066
2026-01-26,207.13487478563184,16.76534652709961,8.524504661560059,14.494534492492676
2026-01-27,206.7278454705811,16.23491668701172,8.423308372497559,15.459856033325195
2026-01-28,202.3525007230237,16.159141540527344,8.524504661560059,15.337353706359863
2026-01-29,199.76173982526052,16.42435646057129,8.57269287109375,14.940444946289062
2026-01-30,184.10911913447762,16.102310180664062,8.741351127624512,14.617036819458008
2026-02-02,187.19433368874888,16.708513259887695,8.673888206481934,15.033547401428223
2026-02-03,179.82467662651925,16.73693084716797,8.794358253479004,15.293251991271973
2026-02-04,169.9031845381851,17.087392807006836,9.030481338500977,15.401055335998535
2026-02-05,163.73998388831933,16.812705993652344,9.025662422180176,15.023746490478516
2026-02-06,166.06568353678995,16.623266220092773,9.001567840576172,14.945344924926758
2026-02-09,173.37542189013402,16.149669647216797,8.958198547363281,14.607236862182617
2026-02-10,177.00693736214816,16.69904136657715,8.996748924255371,14.82284164428711
2026-02-11,171.48576104387303,16.348581314086914,8.905191421508789,14.768939971923828
2026-02-12,160.28882917537612,16.282278060913086,8.963017463684082,14.68073844909668
2026-02-13,163.18053168334063,15.732904434204102,8.697981834411621,14.269129753112793
2026-02-16,163.1940839066565,15.240363121032715,8.726895332336426,14.112325668334961
2026-02-17,163.60495237222494,15.060395240783691,8.56787395477295,13.720316886901855
2026-02-18,168.01594161987305,15.4392728805542,8.779901504516602,14.504334449768066
2026-02-19,170.81410912755382,15.249835014343262,8.770264625549316,14.107425689697266
2026-02-20,169.69809193619767,15.4392728805542,8.722076416015625,14.00942325592041
2026-02-23,165.26767683297658,15.4392728805542,8.722076416015625,14.00942325592041
2026-02-24,173.13269763708013,14.766765594482422,8.770264625549316,13.426309585571289
2026-02-25,176.05594336659487,14.596270561218262,8.765445709228516,13.666415214538574
2026-02-26,180.52224772840054,15.202474594116211,8.746170043945312,14.06822395324707
2026-02-27,179.17430548130505,14.965676307678223,8.49077320098877,13.509611129760742
2026-03-02,181.87927929062425,14.378416061401367,8.57269287109375,13.073501586914062
2026-03-03,185.5560481471348,13.942706108093262,8.283563613891602,12.201281547546387
2026-03-04,185.8124926279752,14.15108871459961,8.240193367004395,13.004900932312012
2026-03-05,182.65466005735834,14.15108871459961,8.384757995605469,13.176403999328613
2026-03-06,182.2009016275406,13.753267288208008,8.649794578552246,12.691292762756348
2026-03-09,186.2580668789742,14.018481254577637,8.731714248657227,12.701092720031738
2026-03-10,179.9739777590912,14.132144927978516,8.760626792907715,13.475311279296875
2026-03-11,181.79704087174105,14.170032501220703,8.813633918762207,13.343008041381836
2026-03-12,181.2320494440155,13.952177047729492,8.770264625549316,12.647191047668457
2026-03-13,181.0328399588352,14.018481254577637,9.155770301818848,12.441387176513672
2026-03-16,181.62490228232855,13.762738227844238,9.522001266479492,12.377685546875
2026-03-17,179.76371264752197,13.762738227844238,9.917144775390625,12.583490371704102
2026-03-18,176.9750155632355,13.743795394897461,9.820768356323242,12.456087112426758
2026-03-19,175.9784498512745,13.412276268005371,9.743666648864746,12.299283981323242
2026-03-20,173.29216582462686,13.69643497467041,9.618377685546875,12.348285675048828
2026-03-23,173.73463128637923,13.715378761291504,9.338885307312012,12.76479434967041
2026-03-24,164.87290932730684,13.336501121520996,9.122038841247559,12.1522798538208
2026-03-25,166.21218666030018,13.336501121520996,9.122038841247559,12.1522798538208
2026-03-26,168.4211154528839,13.175477981567383,9.252147674560547,12.377685546875
2026-03-27,164.4460558455612,12.881848335266113,9.252147674560547,12.495287895202637
2026-03-30,168.01242465565338,12.597689628601074,9.300334930419922,12.446287155151367
2026-03-31,172.33850374817848,12.398778915405273,9.51236343383789,12.970599174499512
2026-04-01,171.24281711362073,13.450164794921875,9.522001266479492,13.034300804138184
2026-04-02,172.44183987688302,13.791154861450195,9.362979888916016,12.848095893859863
2026-04-03,173.1713553710506,13.791154861450195,9.362979888916016,12.848095893859863
2026-04-06,170.88624063470706,13.791154861450195,9.362979888916016,12.848095893859863
2026-04-07,171.8450184063704,14.34999942779541,9.541275978088379,13.1911039352417
2026-04-08,172.95860032661585,15.050000190734863,9.348523139953613,14.612136840820312
2026-04-09,169.86353111643893,14.399999618530273,9.51236343383789,13.994722366333008
2026-04-10,168.56186084653018,14.399999618530273,9.51236343383789,13.994722366333008
2026-04-13,172.4688671428421,14.399999618530273,9.51236343383789,13.994722366333008
2026-04-14,174.2734698658751,13.600000381469727,9.493088722229004,14.827742576599121
2026-04-15,181.4921254435776,13.770000457763672,9.329248428344727,14.739540100097656
2026-04-16,181.15592406125143,13.805000305175781,9.39189338684082,14.308330535888672
2026-04-17,179.9583395315667,13.795000076293945,9.367798805236816,14.710139274597168
2026-04-20,184.6911519148398,13.619999885559082,9.025662422180176,14.092724800109863
2026-04-21,184.69343242677496,13.600000381469727,9.194320678710938,14.190727233886719
2026-04-22,185.78442484358675,13.170000076293945,9.078669548034668,14.014323234558105
2026-04-23,179.30917453907568,13.149999618530273,9.097944259643555,13.994722366333008
2026-04-24,180.37671464681625,13.220000267028809,9.271422386169434,13.886919975280762
2026-04-27,182.60874789960417,13.324999809265137,9.203959465026855,13.803618431091309
2026-04-28,181.69538917293812,13.005000114440918,9.117219924926758,13.57821273803711
2026-04-29,183.77115114969638,12.699999809265137,9.252147674560547,13.568413734436035
2026-04-30,182.94007853553467,12.100000381469727,9.478631973266602,13.156804084777832
2026-05-01,184.18285871202715,12.100000381469727,9.478631973266602,13.156804084777832
2026-05-04,192.0244943638354,12.789999961853027,9.734029769897461,13.230305671691895
2026-05-05,190.82375145603237,12.984999656677246,9.859318733215332,13.602713584899902
2026-05-06,189.48810374736786,13.260000228881836,9.541275978088379,14.014323234558105
2026-05-07,190.25437340140343,12.835000038146973,9.497906684875488,13.965322494506836
2026-05-08,187.9115784708929,12.3149995803833,9.08830738067627,13.99962329864502
2026-05-11,188.1830542923126,12.350000381469727,9.396712303161621,14.327930450439453
2026-05-12,191.8429202106372,12.050000190734863,9.51236343383789,13.994722366333008
2026-05-13,193.42271945007906,12.255000114440918,9.637653350830078,13.803618431091309
2026-05-14,206.90420793359772,12.135000228881836,9.415987968444824,14.033923149108887
2026-05-15,207.88745075478437,11.944999694824219,9.531639099121094,13.524312019348145
2026-05-18,208.49976349948884,11.765000343322754,9.60874080657959,13.475311279296875
2026-05-19,204.32174438084257,11.805000305175781,9.637653350830078,13.254805564880371
2026-05-20,203.85759521023283,11.779999732971191,9.782217979431152,13.32830810546875
2026-05-21,204.79403065830684,12.175000190734863,9.734029769897461,13.739917755126953
2026-05-22,195.80677263483994,11.899999618530273,9.42562484741211,13.872220039367676
2026-05-25,195.45180082784464,12.180000305175781,9.536458015441895,14.146626472473145
2026-05-26,189.62173325671574,12.680000305175781,9.762943267822266,14.465133666992188
2026-05-27,187.7314248070752,12.645000457763672,9.753305435180664,14.817941665649414
2026-05-28,187.5294208978521,12.255000114440918,9.820768356323242,14.425932884216309
2026-05-29,192.36515298398444,12.595000267028809,9.926782608032227,14.52883529663086
2026-06-01,194.85097631492044,12.595000267028809,9.926782608032227,14.52883529663086
2026-06-02,191.12227777155204,12.9399995803833,9.926782608032227,14.543535232543945
2026-06-03,185.68079710328675,13.170000076293945,10.158086776733398,14.411231994628906
2026-06-04,186.61581110630686,13.380000114440918,9.926782608032227,14.048624038696289
2026-06-05,184.6176599944847,13.510000228881836,9.926782608032227,14.425932884216309
2026-06-08,184.4636497309466,13.015000343322754,9.811131477355957,14.357331275939941
2026-06-09,183.93641740452676,13.470000267028809,9.68584156036377,14.421032905578613
2026-06-10,182.44778546021098,13.425000190734863,9.72439193725586,14.350000381469727
2026-06-11,183.8479119104477,13.850000381469727,9.830406188964844,14.600000381469727
2026-06-12,182.92235735058784,13.930000305175781,9.753305435180664,14.920000076293945
2026-06-15,186.35566161294628,13.859999656677246,9.801493644714355,15.300000190734863
2026-06-16,198.3491287943125,13.9350004196167,10.013522148132324,15.4350004196167
2026-06-17,196.4090726333834,13.699999809265137,10.533955574035645,15.5
2026-06-18,207.93670494810794,13.890000343322754,10.572505950927734,15.414999961853027
2026-06-19,208.8220452336609,13.800000190734863,10.350839614868164,15.505000114440918
2026-06-22,208.99847203190802,13.630000114440918,10.572505950927734,15.699999809265137
2026-06-23,212.33668272488558,13.725000381469727,10.215912818908691,15.5
2026-06-24,207.18760518850286,13.765000343322754,10.186999320983887,15.420000076293945
2026-06-25,210.24786030515133,13.71500015258789,10.273737907409668,15.050000190734863
2026-06-26,209.94218322542474,13.869999885559082,10.601418495178223,15.0
2026-06-29,217.07184239697926,13.84000015258789,10.601418495178223,15.199999809265137
2026-06-30,218.85749210024824,13.920000076293945,10.649606704711914,15.085000038146973
2026-07-01,219.32287570379776,14.114999771118164,10.779999732971191,15.375
2026-07-02,224.10816030076148,14.100000381469727,10.9399995803833,15.494999885559082
2026-07-03,223.2310041511937,14.225000381469727,11.010000228881836,15.765000343322754
2026-07-06,225.92786699038697,14.175000190734863,11.0,15.954999923706055
2026-07-07,225.30588938624896,14.15999984741211,10.899999618530273,15.680000305175781
2026-07-08,220.43513062093552,13.670000076293945,10.75,15.220000267028809
2026-07-09,215.46056109375968,13.350000381469727,10.949999809265137,15.524999618530273
2026-07-10,212.71000709646614,13.359999656677246,11.390000343322754,15.800000190734863
2026-07-13,214.0390925401116,13.520000457763672,11.869999885559082,15.555000305175781
2026-07-14,208.2159366808546,13.5,12.119999885559082,15.289999961853027
2026-07-15,213.39814027639386,13.220000267028809,12.569999694824219,14.899999618530273
2026-07-16,208.86191731508006,13.114999771118164,12.319999694824219,14.720000267028809
2026-07-17,206.80387685722962,13.0,11.880000114440918,14.574999809265137
2026-07-20,209.1242190906396,13.114999771118164,12.180000305175781,14.78499984741211
2026-07-21,206.62749078045454,13.274999618530273,12.199999809265137,15.300000190734863
2026-07-22,204.82630763759425,13.029999732971191,12.470000267028809,15.449999809265137
2026-07-23,201.7657778710127,12.850000381469727,12.539999961853027,15.194999694824219
2026-07-24,203.61570722117722,12.850000381469727,12.449999809265137,15.6899995803833
2026-07-27,214.08563516246704,12.984999656677246,12.510000228881836,16.030000686645508
2026-07-28,217.7941617934266,13.100000381469727,12.4399995803833,16.165000915527344
2026-07-29,216.4222064794958,13.300000190734863,12.800000190734863,16.360000610351562
2026-07-30,215.77132197454557,13.079999923706055,12.859999656677246,16.690000534057617
2026-07-31,210.80354126343082,13.34000015258789,13.0,16.100000381469727
2026-08-03,212.3611769524814,13.609999656677246,12.899999618530273,16.450000762939453
2026-08-04,208.75357644303585,13.489999771118164,13.109999656677246,16.46500015258789
2026-08-05,203.69516884540644,13.444999694824219,13.039999961853027,16.170000076293945
2026-08-06,201.14466656090735,13.289999961853027,13.09000015258789,16.34000015258789
2026-08-07,213.88804525136948,13.489999771118164,13.069999694824219,16.184999465942383
2026-08-10,219.41920555237084,13.53499984741211,13.0,16.219999313354492
2026-08-11,216.9505281150341,13.520000457763672,13.600000381469727,16.200000762939453
2026-08-12,210.5036113858223,13.5,13.899999618530273,16.200000762939453
2026-08-13,209.8085398779458,13.4399995803833,14.1899995803833,16.010000228881836
2026-08-14,214.0809589722585,13.680000305175781,14.569999694824219,16.46500015258789
2026-08-17,208.7534509222187,14.100000381469727,14.609999656677246,16.520000457763672
2026-08-18,209.2760284658052,14.175000190734863,15.0,16.424999237060547
2026-08-19,204.70774190927114,13.979999542236328,15.149999618530273,16.329999923706055
2026-08-20,205.71729106498424,13.90999984741211,15.300000190734863,16.200000762939453
2026-08-21,205.01646823108604,14.100000381469727,15.390000343322754,16.600000381469727
2026-08-24,199.88767838478088,14.170000076293945,15.520000457763672,16.440000534057617
2026-08-25,199.62566709455132,14.5600004196167,15.09000015258789,16.614999771118164
2026-08-26,199.96158980993278,14.449999809265137,15.199999809265137,16.899999618530273
2026-08-27,199.91632860898972,14.149999618530273,15.149999618530273,16.780000686645508
2026-08-28,201.94108599872015,13.819999694824219,15.470000267028809,16.854999542236328
2026-08-31,189.57693148970793,13.5,15.510000228881836,16.8799991607666
2026-09-01,186.50946475921955,13.380000114440918,15.520000457763672,16.834999084472656
2026-09-02,186.3991344636097,13.100000381469727,15.84000015258789,16.969999313354492
2026-09-03,184.82845804512908,13.154999732971191,15.600000381469727,17.375
2026-09-04,184.626955724023,13.010000228881836,15.920000076293945,17.549999237060547
2026-09-07,184.6334051707745,13.010000228881836,15.920000076293945,17.549999237060547
