Date,MSFT,META,GOOG,AAPL
2021-09-07,288.0909729003906,378.85308837890625,144.15362548828125,152.8308868408203
2021-09-08,288.1197204589844,374.283203125,143.5240936279297,151.28981018066406
2021-09-09,285.27899169921875,374.7095031738281,143.55381774902344,150.2754364013672
2021-09-10,283.8009338378906,375.3934631347656,140.58938598632812,145.30105590820312
2021-09-13,285.0293884277344,373.232421875,142.11886596679688,145.86672973632812
2021-09-14,287.7166442871094,373.25225830078125,142.0604705810547,144.4719696044922
2021-09-15,292.54412841796875,370.66497802734375,143.8435516357422,145.35952758789062
2021-09-16,292.9278869628906,369.8124694824219,143.0188751220703,145.12547302246094
2021-09-17,287.79339599609375,361.5450744628906,140.13616943359375,142.4626922607422
2021-09-20,282.4477233886719,352.6036376953125,137.7126007080078,139.41952514648438
2021-09-21,282.9275817871094,354.3681335449219,138.33619689941406,139.8974609375
2021-09-22,286.555419921875,340.2223205566406,139.6160888671875,142.2578887939453
2021-09-23,287.49578857421875,342.94842529296875,140.49574279785156,143.21372985839844
2021-09-24,287.2943420410156,349.8874206542969,141.29470825195312,143.301513671875
2021-09-27,282.3229675292969,350.5020446777344,140.17330932617188,141.7897186279297
2021-09-28,272.1018371582031,337.6845703125,134.9062042236328,138.41490173339844
2021-09-29,272.56256103515625,336.6536560058594,133.25881958007812,139.31227111816406
2021-09-30,270.5663146972656,336.4355773925781,132.01512145996094,138.01502990722656
2021-10-01,277.4571533203125,340.02410888671875,135.1820831298828,139.13670349121094
2021-10-04,271.70831298828125,323.39013671875,132.5099334716797,135.713134765625
2021-10-05,277.130859375,330.0615539550781,134.8992919921875,137.63462829589844
2021-10-06,281.3056945800781,330.7356262207031,136.0652618408203,138.50271606445312
2021-10-07,282.9755554199219,326.35406494140625,137.87954711914062,139.76092529296875
2021-10-08,282.9755554199219,327.1768493652344,138.74188232421875,139.38050842285156
2021-10-11,282.3805236816406,322.6169128417969,137.54473876953125,139.29273986816406
2021-10-12,281.0848693847656,320.9515380859375,135.4302520751953,138.02481079101562
2021-10-13,284.37677001953125,321.7148132324219,136.60610961914062,137.43951416015625
2021-10-14,290.55743408203125,325.670166015625,140.0851593017578,140.2193145751953
2021-10-15,291.9585876464844,321.93292236328125,140.34567260742188,141.2727508544922
2021-10-18,294.9145812988281,332.4208068847656,141.61912536621094,142.94065856933594
2021-10-19,295.81671142578125,337.0303649902344,142.47254943847656,145.09617614746094
2021-10-20,295.0297546386719,337.8134765625,141.0787353515625,145.5838623046875
2021-10-21,298.24481201171875,338.9039001464844,141.4408416748047,145.7984619140625
2021-10-22,296.7092590332031,321.78424072265625,137.32431030273438,145.02792358398438
2021-10-25,295.7207946777344,325.8287048339844,137.47093200683594,144.9791717529297
2021-10-26,297.62103271484375,313.06085205078125,138.36146545410156,145.64244079589844
2021-10-27,310.1551208496094,309.5021057128906,145.0535888671875,145.1840057373047
2021-10-28,311.2875671386719,314.1612243652344,144.75790405273438,148.81239318847656
2021-10-29,318.2648010253906,320.7532958984375,146.87928771972656,146.11058044433594
2021-11-01,316.1053161621094,327.1075134277344,142.42498779296875,145.29129028320312
2021-11-02,319.7139587402344,325.2239990234375,144.49440002441406,146.32516479492188
2021-11-03,320.5489196777344,328.733154296875,145.41270446777344,147.75900268554688
2021-11-04,322.8906555175781,332.9263916015625,147.28794860839844,147.2420196533203
2021-11-05,322.5259094238281,338.160400390625,147.84068298339844,147.76951599121094
2021-11-08,323.4184875488281,335.6722717285156,147.95016479492188,146.948974609375
2021-11-09,322.4204406738281,332.4505615234375,147.84812927246094,147.31039428710938
2021-11-10,317.4777526855469,324.7878723144531,145.25022888183594,144.4874267578125
2021-11-11,319.0421447753906,324.886962890625,145.37110900878906,144.43861389160156
2021-11-12,323.1593322753906,337.92254638671875,148.24139404296875,146.50942993164062
2021-11-15,322.5356140136719,344.534423828125,147.98631286621094,146.51919555664062
2021-11-16,325.8370361328125,339.9744567871094,147.67727661132812,147.4959716796875
2021-11-17,326.0581970214844,337.8035888671875,147.66339111328125,149.92825317382812
2021-11-18,328.12530517578125,335.7416687011719,149.294921875,154.20655822753906
2021-11-19,329.89447021484375,342.29412841796875,148.54551696777344,156.82440185546875
2021-11-22,326.7407531738281,338.0414733886719,145.69850158691406,157.28347778320312
2021-11-23,324.6736145019531,334.3141784667969,145.3800048828125,157.66444396972656
2021-11-24,324.8947448730469,338.09100341796875,145.34088134765625,158.18215942382812
2021-11-26,316.9818115234375,330.22015380859375,141.4661102294922,153.17115783691406
2021-11-29,323.6640625,335.08740234375,144.74305725097656,156.52159118652344
2021-11-30,317.8567810058594,321.635498046875,141.1154022216797,161.46417236328125
2021-12-01,317.3663024902344,307.896240234375,140.28924560546875,160.9464569091797
2021-12-02,316.7991027832031,307.68798828125,142.42745971679688,159.95986938476562
2021-12-03,310.56866455078125,304.1689147949219,141.18325805664062,158.08441162109375
2021-12-06,313.6262512207031,315.1028747558594,142.44728088378906,161.4836883544922
2021-12-07,322.0199890136719,319.9998474121094,146.6475067138672,167.2076873779297
2021-12-08,322.06793212890625,327.68243408203125,147.32508850097656,171.0172119140625
2021-12-09,320.26995849609375,326.94891357421875,146.7163543701172,170.50926208496094
2021-12-10,329.3463439941406,326.8795166015625,147.27999877929688,175.2858123779297
2021-12-13,326.3273620605469,331.5782165527344,145.3280029296875,171.66183471679688
2021-12-14,315.6933288574219,330.8347473144531,143.61029052734375,170.2846221923828
2021-12-15,321.7602844238281,338.6858215332031,145.9857940673828,175.13929748535156
2021-12-16,312.3858947753906,331.9846496582031,143.47950744628906,168.26263427734375
2021-12-17,311.3282470703125,330.88433837890625,141.46310424804688,167.1686553955078
2021-12-20,307.58807373046875,322.6169128417969,141.06539916992188,165.8109130859375
2021-12-21,314.68377685546875,331.290771484375,142.8673095703125,168.9757080078125
2021-12-22,320.3661804199219,327.5733642578125,145.57022094726562,171.56419372558594
2021-12-23,321.7987976074219,332.3216857910156,145.76190185546875,172.1893768310547
2021-12-27,329.2598876953125,343.16644287109375,146.6747283935547,176.14537048339844
2021-12-28,328.1061096191406,343.20611572265625,145.07388305664062,175.12950134277344
2021-12-29,328.7791442871094,339.9546813964844,145.12989807128906,175.21742248535156
2021-12-30,326.25048828125,341.3622741699219,144.63258361816406,174.06478881835938
2021-12-31,323.365966796875,333.4219970703125,143.32200622558594,173.44943237304688
2022-01-03,321.8564147949219,335.593017578125,143.7133026123047,177.78640747070312
2022-01-04,316.3374938964844,333.6004943847656,143.0614776611328,175.53001403808594
2022-01-05,304.1939697265625,321.3480529785156,136.36195373535156,170.86090087890625
2022-01-06,301.7903747558594,329.56591796875,136.26039123535156,168.00865173339844
2022-01-07,301.944091796875,328.9017639160156,135.71902465820312,168.1747283935547
2022-01-10,302.165283203125,325.214111328125,137.2738037109375,168.19427490234375
2022-01-11,302.8479919433594,331.459228515625,138.70376586914062,171.0172119140625
2022-01-12,306.01123046875,330.3589782714844,140.31893920898438,171.4567413330078
2022-01-13,293.06005859375,323.6379699707031,137.82554626464844,168.19427490234375
2022-01-14,298.2520751953125,329.01080322265625,138.47491455078125,169.05384826660156
2022-01-18,290.99285888671875,315.38043212890625,135.01170349121094,165.85975646972656
2022-01-19,291.6466369628906,316.80792236328125,134.37921142578125,162.3726043701172
2022-01-20,289.9833068847656,313.8042907714844,132.25384521484375,160.69248962402344
2022-01-21,284.6277770996094,300.5308837890625,128.87136840820312,158.64125061035156
2022-01-24,284.9547119140625,306.02264404296875,129.14874267578125,157.86956787109375
2022-01-25,277.3782653808594,297.53717041015625,125.5463638305664,156.07225036621094
2022-01-26,285.2816467285156,292.06524658203125,128.02737426757812,155.98434448242188
2022-01-27,288.29107666015625,292.0751037597656,127.90946960449219,155.52523803710938
2022-01-28,296.38671875,299.0835266113281,132.03887939453125,166.37741088867188
2022-01-31,299.00201416015625,310.5330505371094,134.42527770996094,170.72415161132812
2022-02-01,296.8675842285156,316.2230224609375,136.58482360839844,170.55813598632812
2022-02-02,301.3865051269531,320.1882629394531,146.6475067138672,171.75955200195312
2022-02-03,289.64678955078125,235.6902618408203,141.31204223632812,168.8877410888672
2022-02-04,294.1560974121094,235.02610778808594,141.67413330078125,168.60418701171875
2022-02-07,289.3583984375,222.9521484375,137.6343994140625,167.8902130126953
2022-02-08,292.8292541503906,218.2633056640625,137.90679931640625,170.99061584472656
2022-02-09,299.2231750488281,229.9804229736328,140.1257781982422,172.4087371826172
2022-02-10,290.7332763671875,226.0846405029297,137.302001953125,168.340087890625
2022-02-11,283.6759948730469,217.63880920410156,132.87147521972656,164.9365234375
2022-02-14,283.63751220703125,215.80490112304688,134.030517578125,165.17124938964844
2022-02-15,288.8968200683594,219.07615661621094,135.14544677734375,168.99537658691406
2022-02-16,288.5596008300781,214.65501403808594,136.19747924804688,168.7606658935547
2022-02-17,280.1100769042969,205.90185546875,131.0670928955078,165.17124938964844
2022-02-18,277.4122009277344,204.36534118652344,129.2433319091797,163.62594604492188
2022-02-22,277.2099304199219,200.32086181640625,128.18832397460938,160.7113800048828
2022-02-23,270.0320739746094,196.7224884033203,126.38790130615234,156.55474853515625
2022-02-24,283.8289489746094,205.7928009033203,131.42861938476562,159.16604614257812
2022-02-25,286.44964599609375,208.64773559570312,133.25733947753906,161.22976684570312
2022-02-28,287.8756103515625,209.19296264648438,133.62539672851562,161.49383544921875
2022-03-01,284.17584228515625,201.7185821533203,132.90911865234375,159.61598205566406
2022-03-02,289.2243957519531,206.29835510253906,133.4871368408203,162.90220642089844
2022-03-03,285.1103820800781,201.20314025878906,133.0478057861328,162.57943725585938
2022-03-04,279.2717590332031,198.3184814453125,130.88233947753906,159.58665466308594
2022-03-07,268.72174072265625,185.83804321289062,125.27790832519531,155.80166625976562
2022-03-08,265.7734680175781,188.6334991455078,126.08428192138672,153.98245239257812
2022-03-09,277.9614562988281,196.7720489501953,132.60995483398438,159.37147521972656
2022-03-10,275.1578063964844,193.51071166992188,131.43710327148438,155.0387725830078
2022-03-11,269.83941650390625,185.97682189941406,129.2512664794922,151.3319854736328
2022-03-14,266.3418884277344,185.00535583496094,125.55180358886719,147.312255859375
2022-03-15,276.6607360839844,190.35836791992188,128.44393920898438,151.68406677246094
2022-03-16,283.6363220214844,201.8573760986328,132.4361114501953,156.0852813720703
2022-03-17,284.4360046386719,206.0307159423828,133.33755493164062,157.0926513671875
2022-03-18,289.4556884765625,214.60543823242188,135.51791381835938,160.37887573242188
2022-03-21,288.2320251464844,209.64895629882812,135.1979522705078,161.7481231689453
2022-03-22,292.95306396484375,214.7640380859375,138.96131896972656,165.11257934570312
2022-03-23,288.54998779296875,211.601806640625,137.2039337158203,166.47206115722656
2022-03-24,292.99163818359375,217.6586151123047,139.986083984375,170.24728393554688
2022-03-25,292.5869445800781,219.88902282714844,140.19363403320312,170.88299560546875
2022-03-28,299.3505554199219,221.6436004638672,140.61810302734375,171.74365234375
2022-03-29,303.8883972167969,227.8590545654297,141.9059295654297,175.02987670898438
2022-03-30,302.39501953125,225.8665313720703,141.30609130859375,173.8660430908203
2022-03-31,297.0478210449219,220.42433166503906,138.3391876220703,170.7754364013672
2022-04-01,298.1172790527344,222.89268493652344,139.37982177734375,170.48199462890625
2022-04-04,303.4645080566406,231.8539581298828,142.2947235107422,174.52130126953125
2022-04-05,299.52392578125,229.82179260253906,139.7394561767578,171.21559143066406
2022-04-06,288.5596008300781,221.3561553955078,135.888916015625,168.0564422607422
2022-04-07,290.361328125,221.00918579101562,135.18455505371094,168.35968017578125
2022-04-08,286.12200927734375,220.39459228515625,132.7531280517578,166.3546905517578
2022-04-11,274.8397216796875,214.57571411132812,128.57862854003906,162.1099853515625
2022-04-12,271.75665283203125,212.27589416503906,127.16999816894531,163.97805786132812
2022-04-13,277.11358642578125,213.11849975585938,129.06353759765625,166.65785217285156
2022-04-14,269.6081237792969,208.350341796875,126.05901336669922,161.6600799560547
2022-04-18,270.2729187011719,208.9352264404297,126.76036834716797,161.4449005126953
2022-04-19,274.87835693359375,215.41827392578125,129.3062744140625,163.72372436523438
2022-04-20,275.89959716796875,198.6753387451172,127.04219818115234,163.5574951171875
2022-04-21,270.5523376464844,186.432861328125,123.76522827148438,162.76527404785156
2022-04-22,264.0199890136719,182.50729370117188,118.49168395996094,158.23695373535156
2022-04-25,270.465576171875,185.36221313476562,122.09355926513672,159.30299377441406
2022-04-26,260.3491516113281,179.3748016357422,118.38469696044922,153.35655212402344
2022-04-27,272.8742370605469,173.42703247070312,113.9412841796875,153.131591796875
2022-04-28,279.0501708984375,203.93910217285156,118.29108428955078,160.04629516601562
2022-04-29,267.38250732421875,198.72488403320312,113.88780212402344,154.1878662109375
2022-05-02,274.07867431640625,209.2921142578125,116.05775451660156,154.49107360839844
2022-05-03,271.4869079589844,210.18423461914062,117.02112579345703,155.97769165039062
2022-05-04,279.3873596191406,221.4652099609375,121.4249038696289,162.37405395507812
2022-05-05,267.21875,206.4669189453125,115.65108489990234,153.3272247314453
2022-05-06,264.6944885253906,201.9961395263672,114.57478332519531,154.05201721191406
2022-05-09,254.91519165039062,194.50196838378906,112.02296447753906,148.93914794921875
2022-05-10,259.6554870605469,195.929443359375,113.50938415527344,151.33885192871094
2022-05-11,251.03244018554688,187.0970001220703,112.89173126220703,143.49327087402344
2022-05-12,246.02239990234375,189.57522583007812,112.0992431640625,139.6341094970703
2022-05-13,251.5815887451172,196.8909912109375,115.42224884033203,144.0907745361328
2022-05-16,251.94772338867188,198.29864501953125,113.71542358398438,142.5529327392578
2022-05-17,257.0733947753906,200.85617065429688,115.60652160644531,146.177001953125
2022-05-18,245.368896484375,190.56654357910156,111.34637451171875,137.92984008789062
2022-05-19,244.46116638183594,189.62478637695312,109.70639038085938,134.53103637695312
2022-05-20,243.90101623535156,191.8551788330078,108.287353515625,134.76611328125
2022-05-23,251.71368408203125,194.52178955078125,110.61876678466797,140.17283630371094
2022-05-24,250.71897888183594,179.70193481445312,104.93212127685547,137.47927856445312
2022-05-25,253.51954650878906,182.22972106933594,104.846435546875,137.635986328125
2022-05-26,256.7836608886719,189.9618377685547,107.27987670898438,140.8291015625
2022-05-27,263.87200927734375,193.43138122558594,111.74063110351562,146.56883239746094
2022-05-31,262.5489807128906,191.95431518554688,112.96898651123047,145.7852020263672
2022-06-01,263.0801696777344,186.99786376953125,113.06608581542969,145.65792846679688
2022-06-02,265.16607666015625,197.12889099121094,116.64122009277344,148.10659790039062
2022-06-03,260.7624816894531,189.11923217773438,113.48907470703125,142.39627075195312
2022-06-06,259.535888671875,192.5590362548828,115.91260528564453,143.14064025878906
2022-06-07,263.15740966796875,193.94683837890625,116.12956237792969,145.65792846679688
2022-06-08,261.1390380859375,194.92822265625,116.13799285888672,144.9232940673828
2022-06-09,255.7117919921875,182.3982391357422,113.83975219726562,139.7124786376953
2022-06-10,244.3162841796875,174.04164123535156,110.38200378417969,134.31558227539062
2022-06-13,233.9541473388672,162.83009338378906,105.87371063232422,129.17332458496094
2022-06-14,236.1077117919922,162.30470275878906,106.18821716308594,130.0352325439453
2022-06-15,243.12847900390625,167.8757781982422,109.35472106933594,132.650390625
2022-06-16,236.57125854492188,159.46961975097656,105.63545989990234,127.39066314697266
2022-06-17,239.1593780517578,162.31463623046875,106.8534164428711,128.8599090576172
2022-06-21,245.0406036376953,155.68289184570312,110.9639892578125,133.08143615722656
2022-06-22,244.4514617919922,154.49330139160156,110.98279571533203,132.57208251953125
2022-06-23,249.9850311279297,157.36805725097656,111.627197265625,135.4321746826172
2022-06-24,258.5220031738281,168.67874145507812,117.42578125,138.7525634765625
2022-06-27,255.808349609375,168.01458740234375,115.52825927734375,138.7525634765625
2022-06-28,247.68661499023438,159.28125,111.51526641845703,134.6192169189453
2022-06-29,251.33705139160156,162.51290893554688,111.20321655273438,136.37245178222656
2022-06-30,248.02464294433594,159.8463134765625,108.34628295898438,133.91400146484375
2022-07-01,250.6803436279297,158.6369171142578,108.0575180053711,136.07859802246094
2022-07-05,253.8382110595703,166.7258758544922,112.81842803955078,138.65464782714844
2022-07-06,257.0830078125,168.29214477539062,114.13247680664062,139.98675537109375
2022-07-07,259.1979064941406,170.69105529785156,118.18656921386719,143.3463592529297
2022-07-08,258.4832763671875,169.3925018310547,119.04097747802734,144.02215576171875
2022-07-11,255.44134521484375,161.46209716796875,115.42918395996094,141.89669799804688
2022-07-12,244.9729461669922,161.8487548828125,113.77190399169922,142.86636352539062
2022-07-13,244.05555725097656,162.06680297851562,111.1343765258789,142.5040283203125
2022-07-14,245.368896484375,156.67416381835938,110.39439392089844,145.4228515625
2022-07-15,247.91842651367188,163.2662811279297,111.70893859863281,147.08792114257812
2022-07-18,245.53309631347656,165.7742462158203,108.87873840332031,144.05157470703125
2022-07-19,250.63204956054688,174.2498321533203,113.54454803466797,147.90089416503906
2022-07-20,253.2781524658203,181.49615478515625,113.6238021850586,149.89903259277344
2022-07-21,255.76004028320312,181.5754852294922,113.9605941772461,152.16162109375
2022-07-22,251.43359375,167.7965087890625,107.34327697753906,150.927490234375
2022-07-25,249.9560546875,165.1992950439453,107.19468688964844,149.81085205078125
2022-07-26,243.26364135742188,157.7645721435547,104.45068359375,148.4886016845703
2022-07-27,259.52630615234375,168.10377502441406,112.53410339355469,153.5720672607422
2022-07-28,266.9333190917969,159.32090759277344,113.51482391357422,154.1205596923828
2022-07-29,271.1148681640625,157.7150115966797,115.54560089111328,159.17469787597656
2022-08-01,268.4784851074219,158.53775024414062,114.39647674560547,158.19520568847656
2022-08-02,265.39788818359375,158.79551696777344,114.81253814697266,156.7259521484375
2022-08-03,272.7855529785156,167.33056640625,117.66551208496094,162.72039794921875
2022-08-04,273.9251708984375,169.0851593017578,117.75466918945312,162.406982421875
2022-08-05,273.2106018066406,165.65530395507812,117.11077117919922,162.18136596679688
2022-08-08,270.70928955078125,168.76797485351562,117.03153228759766,161.71051025390625
2022-08-09,272.6213684082031,167.0629119873047,116.39752960205078,161.75958251953125
2022-08-10,279.2461853027344,176.78753662109375,119.51797485351562,165.99681091308594
2022-08-11,277.1795959472656,175.9449462890625,118.69575500488281,165.2611846923828
2022-08-12,281.9019775390625,178.9287109375,121.49920654296875,168.80198669433594
2022-08-15,283.408447265625,179.31532287597656,121.72704315185547,169.87110900878906
2022-08-16,282.6744384765625,177.90768432617188,121.36050415039062,169.7141876220703
2022-08-17,281.9292907714844,173.3279266357422,119.19105529785156,171.20506286621094
2022-08-18,280.8163757324219,173.13955688476562,119.72599029541016,170.81271362304688
2022-08-19,276.92596435546875,166.4978790283203,117.01171112060547,168.23309326171875
2022-08-22,268.7967224121094,161.63064575195312,113.99032592773438,164.3588104248047
2022-08-23,267.52899169921875,159.70751953125,113.6931381225586,164.0253143310547
2022-08-24,266.8998718261719,161.8387908935547,113.6238021850586,164.319580078125
2022-08-25,269.861328125,167.3107452392578,116.59564208984375,166.77169799804688
2022-08-26,259.4481506347656,160.3717041015625,110.25569915771484,160.4844970703125
2022-08-29,256.6802978515625,157.78440856933594,109.30470275878906,158.2874298095703
2022-08-30,254.4932403564453,155.79193115234375,108.87873840332031,155.86476135253906
2022-08-31,253.04153442382812,161.51168823242188,108.1258773803711,154.20713806152344
2022-09-01,252.00604248046875,163.92051696777344,109.51274871826172,154.9329833984375
2022-09-02,247.805908203125,158.92442321777344,107.66029357910156,152.8241729736328
2022-09-06,245.0864715576172,157.15985107421875,106.47154235839844,151.56866455078125
2022-09-07,249.77049255371094,158.99380493164062,109.44339752197266,152.97129821777344
2022-09-08,250.18661499023438,160.64923095703125,108.39334106445312,151.5000457763672
2022-09-09,255.9351043701172,167.67752075195312,110.73119354248047,154.35423278808594
2022-09-12,258.0545349121094,167.4892120361328,110.82035827636719,160.2981414794922
2022-09-13,243.86709594726562,151.79698181152344,104.32191467285156,150.8918914794922
2022-09-14,244.0897216796875,150.15145874023438,104.87664794921875,152.333740234375
2022-09-15,237.47019958496094,148.24815368652344,102.92512512207031,149.4500732421875
2022-09-16,236.850830078125,145.0165252685547,102.65766143798828,147.8120574951172
2022-09-19,236.6378936767578,146.73146057128906,102.87560272216797,151.51962280273438
2022-09-20,234.6346435546875,144.8182830810547,100.87455749511719,153.8932647705078
2022-09-21,231.24745178222656,140.88282775878906,99.07162475585938,150.77423095703125
2022-09-22,233.2120361328125,141.5767364501953,99.6263656616211,149.81298828125
2022-09-23,230.25064086914062,139.18771362304688,98.23949432373047,147.54725646972656
2022-09-26,229.79579162597656,135.182861328125,97.88288116455078,147.88076782226562
2022-09-27,228.78933715820312,133.2300262451172,97.16963195800781,148.8517608642578
2022-09-28,233.29908752441406,140.3772735595703,99.7947769165039,146.96856689453125
2022-09-29,229.84420776367188,135.2225341796875,97.16963195800781,139.74960327148438
2022-09-30,225.3924560546875,134.49887084960938,95.24784851074219,135.55165100097656
2022-10-03,232.97976684570312,137.40338134765625,98.36829376220703,139.72015380859375
2022-10-04,240.8573760986328,139.05885314941406,101.44911193847656,143.30023193359375
2022-10-05,241.16702270507812,137.77015686035156,101.2608871459961,143.59449768066406
2022-10-06,238.83474731445312,137.85940551757812,101.28070831298828,142.64305114746094
2022-10-07,226.68930053710938,132.2882843017578,98.63575744628906,137.4053955078125
2022-10-10,221.8601531982422,132.62535095214844,97.7838134765625,137.72906494140625
2022-10-11,218.14390563964844,127.42103576660156,97.1300277709961,136.31666564941406
2022-10-12,218.47293090820312,126.39009857177734,97.37767791748047,135.68893432617188
2022-10-13,226.68930053710938,129.15579223632812,98.77444458007812,140.2498321533203
2022-10-14,221.19239807128906,125.65653991699219,96.26819610595703,135.72817993164062
2022-10-17,229.8732452392578,132.8731689453125,99.83438873291016,139.68096923828125
2022-10-18,230.8119659423828,131.6439666748047,100.43868255615234,140.9952850341797
2022-10-19,228.85707092285156,132.0701904296875,99.3489990234375,141.1031494140625
2022-10-20,228.53770446777344,130.38502502441406,99.58673858642578,140.64215087890625
2022-10-21,234.3152313232422,128.87826538085938,100.52784729003906,144.44784545898438
2022-10-24,239.2799072265625,128.59078979492188,102.00385284423828,146.58604431152344
2022-10-25,242.5800018310547,136.3129425048828,103.94547271728516,149.4207000732422
2022-10-26,223.8634033203125,128.6898956298828,93.93032836914062,146.48797607421875
2022-10-27,219.4407196044922,97.08741760253906,91.73114776611328,142.025146484375
2022-10-28,228.2667236328125,98.33645629882812,95.67381286621094,152.75552368164062
2022-10-31,224.6472930908203,92.34902954101562,93.7718276977539,150.40150451660156
2022-11-01,220.81495666503906,94.37126159667969,89.65084838867188,147.76303100585938
2022-11-02,213.00509643554688,89.75184631347656,86.2530517578125,142.250732421875
2022-11-03,207.34365844726562,88.13601684570312,82.70663452148438,136.21859741210938
2022-11-04,214.2534942626953,89.9996566772461,85.88651275634766,135.9533233642578
2022-11-07,220.5246124267578,95.8780517578125,87.8182144165039,136.4838409423828
2022-11-08,221.4923858642578,95.6302261352539,88.07576751708984,137.05368041992188
2022-11-09,217.27293395996094,100.5866928100586,86.57994842529297,132.5048828125
2022-11-10,235.14752197265625,110.89615631103516,93.28643035888672,144.29443359375
2022-11-11,239.1444091796875,112.03614807128906,95.8224105834961,147.0748291015625
2022-11-14,233.763671875,113.22570037841797,95.12896728515625,145.67971801757812
2022-11-15,234.17010498046875,116.06079864501953,97.79373168945312,147.40884399414062
2022-11-16,234.5971221923828,112.24430847167969,98.06120300292969,146.1807861328125
2022-11-17,234.548583984375,110.47981262207031,97.57579040527344,148.07691955566406
2022-11-18,234.10215759277344,111.07460021972656,96.88236999511719,148.63694763183594
2022-11-21,234.9076690673828,108.90367126464844,94.93085479736328,145.41444396972656
2022-11-22,237.7997283935547,110.46991729736328,96.41678619384766,147.54640197753906
2022-11-23,240.2744903564453,111.26294708251953,97.89278411865234,148.4208221435547
2022-11-25,240.18716430664062,110.4401626586914,96.68424224853516,145.5126953125
2022-11-28,234.626220703125,107.83304595947266,95.34690856933594,141.69093322753906
2022-11-29,233.23843383789062,108.50713348388672,94.54451751708984,138.6943817138672
2022-11-30,247.61141967773438,117.07193756103516,100.49810791015625,145.43411254882812
2022-12-01,247.17466735839844,119.39156341552734,100.3297119140625,145.70916748046875
2022-12-02,247.49496459960938,122.41498565673828,99.8839340209961,145.2179718017578
2022-12-05,242.8171844482422,121.36424255371094,98.93295288085938,144.05865478515625
2022-12-06,237.8870849609375,113.1265869140625,96.39695739746094,140.40390014648438
2022-12-07,237.15921020507812,112.938232421875,94.25723266601562,138.46844482421875
2022-12-08,240.09979248046875,114.32604217529297,93.0684814453125,140.14845275878906
2022-12-09,238.17820739746094,114.89108276367188,92.19674682617188,139.66705322265625
2022-12-12,245.0590057373047,113.71143341064453,92.68214416503906,141.95619201660156
2022-12-13,249.33889770507812,119.10408782958984,94.95066833496094,142.91900634765625
2022-12-14,249.6300506591797,120.53153991699219,94.41571807861328,140.69863891601562
2022-12-15,241.6622772216797,115.13890838623047,90.34429931640625,134.10630798339844
2022-12-16,237.4698028564453,118.3903579711914,90.00748443603516,132.15121459960938
2022-12-19,233.35488891601562,113.48344421386719,88.31353759765625,130.04869079589844
2022-12-20,234.66506958007812,116.07071685791016,88.78901672363281,129.97994995117188
2022-12-21,237.21746826171875,118.71746826171875,89.40321350097656,133.07473754882812
2022-12-22,231.1615753173828,116.10045623779297,87.43187713623047,129.91116333007812
2022-12-23,231.68563842773438,117.01244354248047,88.96733093261719,129.5476531982422
2022-12-27,229.96788024902344,115.86254119873047,87.10497283935547,127.74977111816406
2022-12-28,227.60955810546875,114.61351776123047,85.64876556396484,123.82972717285156
2022-12-29,233.8983154296875,119.213134765625,88.11539459228516,127.33712768554688
2022-12-30,232.7434844970703,119.29243469238281,87.89747619628906,127.65151977539062
2023-01-03,232.5105743408203,123.65410614013672,88.85836029052734,122.87673950195312
2023-01-04,222.3397674560547,126.26123809814453,87.87764739990234,124.14412689208984
2023-01-05,215.75013732910156,125.83496856689453,85.95584869384766,122.8276138305664
2023-01-06,218.2928466796875,128.88815307617188,87.33282470703125,127.346923828125
2023-01-09,220.418212890625,128.3429412841797,87.9668197631836,127.8676528930664
2023-01-10,222.09716796875,131.83230590820312,88.40267944335938,128.43748474121094
2023-01-11,228.81297302246094,131.73316955566406,91.39434051513672,131.1490936279297
2023-01-12,231.47210693359375,135.51991271972656,91.0476303100586,131.07049560546875
2023-01-13,232.17088317871094,135.78758239746094,91.92928314208984,132.39682006835938
2023-01-17,233.25784301757812,134.18165588378906,91.2952880859375,133.55612182617188
2023-01-18,228.851806640625,131.8620147705078,90.9188461303711,132.8389434814453
2023-01-19,225.08628845214844,134.96478271484375,93.02886199951172,132.89785766601562
2023-01-20,233.1316680908203,138.1567840576172,98.34847259521484,135.45230102539062
2023-01-23,235.42202758789062,142.02284240722656,100.26036834716797,138.6354522705078
2023-01-24,234.89796447753906,141.89395141601562,98.27913665771484,140.0305633544922
2023-01-25,233.5101776123047,140.2682342529297,95.8224105834961,139.372314453125
2023-01-26,240.68209838867188,146.0177459716797,98.2296142578125,141.4355010986328
2023-01-27,240.83737182617188,150.41908264160156,99.76504516601562,143.3708953857422
2023-01-30,235.54820251464844,145.77980041503906,97.03094482421875,140.49232482910156
2023-01-31,240.49769592285156,147.67320251464844,98.93295288085938,141.75967407226562
2023-02-01,245.29197692871094,151.78707885742188,100.4782943725586,142.87966918945312
2023-02-02,256.792236328125,187.12673950195312,107.77915954589844,148.1751708984375
2023-02-03,250.7266845703125,184.90623474121094,104.23274230957031,151.79066467285156
2023-02-06,249.1933135986328,184.44032287597656,102.4991683959961,149.06922912597656
2023-02-07,259.6649169921875,189.95193481445312,107.02629089355469,151.9380340576172
2023-02-08,258.85943603515625,181.8332061767578,99.06171417236328,149.2559051513672
2023-02-09,255.84112548828125,176.37118530273438,94.56431579589844,148.22430419921875
2023-02-10,255.3365478515625,172.6339874267578,93.96995544433594,148.58837890625
2023-02-13,263.31396484375,177.86801147460938,94.10863494873047,151.3828582763672
2023-02-14,264.138916015625,177.9176025390625,94.0591049194336,150.74325561523438
2023-02-15,262.02764892578125,175.6177978515625,96.18892669677734,152.83909606933594
2023-02-16,255.05178833007812,170.93887329101562,94.88130950927734,151.2450714111328
2023-02-17,251.0725860595703,171.37509155273438,93.70247650146484,150.10366821289062
2023-02-21,245.82850646972656,170.58203125,91.18631744384766,146.0989227294922
2023-02-22,244.69992065429688,169.63035583496094,90.93866729736328,146.52206420898438
2023-02-23,247.87164306640625,170.54238891601562,90.21550750732422,147.00418090820312
2023-02-24,242.47189331054688,168.90673828125,88.51164245605469,144.3573455810547
2023-02-27,243.38645935058594,168.06411743164062,89.25460815429688,145.5479278564453
2023-02-28,242.66648864746094,173.4171142578125,89.45275115966797,145.04611206054688
2023-03-01,239.60179138183594,171.9103240966797,89.66078186035156,142.97976684570312
2023-03-02,244.3107147216797,173.01068115234375,91.44388580322266,143.57017517089844
2023-03-03,248.37753295898438,183.6373748779297,93.13782501220703,148.60804748535156
2023-03-06,249.9147491455078,183.29042053222656,94.68321228027344,151.36318969726562
2023-03-07,247.26840209960938,182.90380859375,93.28643035888672,149.16891479492188
2023-03-08,246.8306121826172,183.3598175048828,93.76191711425781,150.41854858398438
2023-03-09,245.4879913330078,180.10838317871094,91.79058837890625,148.17507934570312
2023-03-10,241.85897827148438,177.94732666015625,90.15607452392578,146.11865234375
2023-03-13,247.04464721679688,179.3252410888672,90.79998779296875,148.05702209472656
2023-03-14,253.72862243652344,192.3310089111328,93.36568450927734,150.14306640625
2023-03-15,258.252685546875,196.02854919433594,95.64410400390625,150.5366668701172
2023-03-16,268.721435546875,203.1460418701172,100.1216812133789,153.35076904296875
2023-03-17,271.8638916015625,193.9071807861328,101.49862670898438,152.51438903808594
2023-03-20,264.8588562011719,196.0880584716797,100.97360229492188,154.87591552734375
2023-03-21,266.3669128417969,200.40016174316406,104.84693145751953,156.72573852539062
2023-03-22,264.9172668457031,198.07064819335938,103.24213409423828,155.29904174804688
2023-03-23,270.1418762207031,202.50172424316406,105.26299285888672,156.38136291503906
2023-03-24,272.9730529785156,204.21665954589844,105.06484985351562,157.68017578125
2023-03-27,268.8965148925781,201.07424926757812,102.09300994873047,155.74179077148438
2023-03-28,267.7776184082031,198.93307495117188,100.4089584350586,155.12188720703125
2023-03-29,272.9146423339844,203.5624237060547,100.94391632080078,158.1918487548828
2023-03-30,276.35882568359375,206.0307159423828,100.36933898925781,159.75636291503906
2023-03-31,280.49365234375,210.09503173828125,103.02418518066406,162.255615234375
2023-04-03,279.4527282714844,211.2152099609375,103.92565155029297,163.5052490234375
2023-04-04,279.404052734375,212.850830078125,104.1336898803711,162.97396850585938
2023-04-05,276.64093017578125,209.6390380859375,103.96526336669922,161.13394165039062
2023-04-06,283.704345703125,214.2188262939453,107.87821960449219,162.0194549560547
2023-04-10,281.5542297363281,212.88059997558594,105.94650268554688,159.431640625
2023-04-11,275.17181396484375,211.98841857910156,105.12429809570312,158.22137451171875
2023-04-12,275.8139953613281,212.13710021972656,104.23274230957031,157.53262329101562
2023-04-13,281.9920959472656,218.4318389892578,107.17488098144531,162.9050750732422
2023-04-14,278.3922119140625,219.5619354248047,108.43296813964844,162.56065368652344
2023-04-17,280.9801940917969,216.95481872558594,105.4214859008789,162.5803680419922
2023-04-18,280.56182861328125,215.9932403564453,104.1336898803711,163.8004608154297
2023-04-19,280.63970947265625,213.8223114013672,104.03461456298828,164.9418487548828
2023-04-20,278.3630065917969,211.2152099609375,104.9063720703125,163.97755432128906
2023-04-21,278.0224914550781,211.03677368164062,104.916259765625,162.3737335205078
2023-04-24,274.1405029296875,210.9376220703125,105.77810668945312,162.67874145507812
2023-04-25,267.9624938964844,205.74327087402344,103.62846374511719,161.1437530517578
2023-04-26,287.3723449707031,207.57711791992188,103.469970703125,161.13394165039062
2023-04-27,296.576171875,236.48329162597656,107.35318756103516,165.7093505859375
2023-04-28,298.9403381347656,238.22799682617188,107.20460510253906,166.95896911621094
2023-05-01,297.286376953125,241.06307983398438,106.69938659667969,166.87042236328125
2023-05-02,297.1404724121094,237.1573944091797,104.98561096191406,165.8372344970703
2023-05-03,296.1578369140625,234.96661376953125,105.12429809570312,164.76475524902344
2023-05-04,297.1404724121094,231.4871826171875,104.22283935546875,163.13136291503906
2023-05-05,302.2385559082031,230.7536163330078,105.21839904785156,170.78662109375
2023-05-08,300.2927551269531,231.2393798828125,107.22440338134766,170.71774291992188
2023-05-09,298.6874084472656,231.33847045898438,106.9272232055664,169.01547241210938
2023-05-10,303.85357666015625,231.051025390625,111.22650146484375,170.77674865722656
2023-05-11,301.7131652832031,233.73739624023438,115.80316162109375,170.96376037597656
2023-05-12,300.6040344238281,231.774658203125,116.8135757446289,170.03753662109375
2023-05-15,301.080810546875,236.7807159423828,115.86259460449219,169.54486083984375
2023-05-16,303.299072265625,236.74105834960938,118.96321868896484,169.54486083984375
2023-05-17,306.1657409667969,240.37908935546875,120.34017944335938,170.15577697753906
2023-05-18,310.5729064941406,244.70115661621094,122.36102294921875,172.48114013671875
2023-05-19,310.3974304199219,243.5016632080078,122.09355926513672,172.58950805664062
2023-05-22,313.1665954589844,246.15834045410156,124.68900299072266,171.64361572265625
2023-05-23,307.394287109375,244.59210205078125,122.13318634033203,169.04232788085938
2023-05-24,306.0194396972656,247.04058837890625,120.49867248535156,169.31822204589844
2023-05-25,317.7882995605469,250.49029541015625,123.18325805664062,170.45135498046875
2023-05-26,324.5843811035156,259.7588806152344,124.25312042236328,172.8555145263672
2023-05-30,322.9462890625,260.2347106933594,123.47053527832031,174.69810485839844
2023-05-31,320.1966857910156,262.41558837890625,122.21244812011719,174.64881896972656
2023-06-01,324.28216552734375,270.23687744140625,123.20306396484375,177.44712829589844
2023-06-02,327.03173828125,270.23687744140625,124.05499267578125,178.2945098876953
2023-06-05,327.5583190917969,269.02752685546875,125.44185638427734,176.94464111328125
2023-06-06,325.35467529296875,268.7598876953125,126.70985412597656,176.580078125
2023-06-07,315.3116760253906,261.3053283691406,121.78648376464844,175.21047973632812
2023-06-08,317.1448059082031,262.2767333984375,121.51901245117188,177.9200897216797
2023-06-09,318.63665771484375,262.6435546875,121.71713256835938,178.3043975830078
2023-06-12,323.5703430175781,268.6904602050781,123.18325805664062,181.0928497314453
2023-06-13,325.9494934082031,268.95819091796875,123.26249694824219,180.61988830566406
2023-06-14,328.9233703613281,270.9704895019531,123.21295166015625,181.25050354003906
2023-06-15,339.4149169921875,279.3765869140625,124.60972595214844,183.28025817871094
2023-06-16,333.7888488769531,278.5538330078125,122.89598083496094,182.20626831054688
2023-06-20,329.61566162109375,281.8548889160156,122.68795013427734,182.29495239257812
2023-06-21,325.2376403808594,279.1883239746094,120.12224578857422,181.2603759765625
2023-06-22,331.2342224121094,282.4000244140625,122.707763671875,184.2557373046875
2023-06-23,326.6612548828125,286.2165832519531,121.86573028564453,183.94041442871094
2023-06-26,320.4014587402344,276.0458984375,117.97260284423828,182.55111694335938
2023-06-27,326.22247314453125,284.5511474609375,117.89335632324219,185.3001708984375
2023-06-28,327.4705810546875,282.8065185546875,119.94393920898438,186.4727325439453
2023-06-29,326.6905517578125,279.0792236328125,118.88397979736328,186.80770874023438
2023-06-30,332.0435791015625,284.4817810058594,119.8349609375,191.1234588623047
2023-07-03,329.5570983886719,283.5301513671875,119.42881774902344,189.6356201171875
2023-07-05,329.7131652832031,291.8074951171875,121.47937774658203,188.522216796875
2023-07-06,332.75531005859375,289.44818115234375,119.79533386230469,188.99514770507812
2023-07-07,328.8063659667969,288.0008850097656,119.01275634765625,187.88172912597656
2023-07-10,323.55078125,291.53985595703125,115.77342987060547,185.84213256835938
2023-07-11,324.1748962402344,295.6933288574219,116.60555267333984,185.31993103027344
2023-07-12,328.7868347167969,306.6471252441406,118.49764251708984,186.98509216308594
2023-07-13,334.110595703125,310.6817321777344,123.65874481201172,187.7437744140625
2023-07-14,336.62628173828125,306.18121337890625,124.52057647705078,187.89157104492188
2023-07-17,337.1040344238281,307.916015625,123.8865966796875,191.1431884765625
2023-07-18,350.520751953125,309.3336181640625,122.91578674316406,190.88699340820312
2023-07-19,346.22076416015625,313.25909423828125,121.62798309326172,192.2368621826172
2023-07-20,338.2156066894531,299.8865051269531,118.4084701538086,190.29579162597656
2023-07-21,335.1929016113281,291.6984558105469,119.18115234375,189.1232452392578
2023-07-24,336.49945068359375,289.0715026855469,120.7364273071289,189.92137145996094
2023-07-25,342.22308349609375,291.9065856933594,121.63789367675781,190.77857971191406
2023-07-26,329.3426513671875,295.9709777832031,128.4434356689453,191.6456756591797
2023-07-27,322.4684753417969,308.9964599609375,128.65147399902344,190.38446044921875
2023-07-28,329.9276428222656,322.6466979980469,131.7620086669922,192.9561309814453
2023-07-31,327.5388488769531,315.8265686035156,131.86105346679688,193.5670623779297
2023-08-01,327.9483337402344,319.9007263183594,130.65249633789062,192.73941040039062
2023-08-02,319.3288879394531,311.57391357421875,127.43299102783203,189.75384521484375
2023-08-03,318.50982666015625,310.4636535644531,127.56179809570312,188.3645782470703
2023-08-04,319.6019287109375,308.02508544921875,127.33393859863281,179.3192901611328
2023-08-07,321.8737487792969,313.8042907714844,130.70204162597656,176.22537231445312
2023-08-08,317.9150390625,309.91839599609375,130.6029815673828,177.16139221191406
2023-08-09,314.19036865234375,302.5531005859375,128.9288330078125,175.57504272460938
2023-08-10,314.8728942871094,303.0784912109375,128.98825073242188,175.35824584960938
2023-08-11,313.0008239746094,299.01422119140625,128.94863891601562,175.4174346923828
2023-08-14,315.9552307128906,303.5245666503906,130.5930633544922,177.065185546875
2023-08-15,313.82952880859375,299.32147216796875,129.04769897460938,175.0819854736328
2023-08-16,313.0674743652344,291.7281799316406,127.8985824584961,174.2137451171875
2023-08-17,309.6280212402344,282.6083068847656,129.23594665527344,171.6780242919922
2023-08-18,309.2371826171875,280.7842712402344,126.90796661376953,172.16151428222656
2023-08-21,314.5135803222656,287.3763732910156,127.72027587890625,173.49349975585938
2023-08-22,315.08026123046875,285.096435546875,128.47314453125,174.8649444580078
2023-08-23,319.5163879394531,291.6785583496094,131.96014404296875,178.7030029296875
2023-08-24,312.6473083496094,284.2537841796875,129.19630432128906,174.02626037597656
2023-08-25,315.58843994140625,283.01470947265625,129.4637451171875,176.22650146484375
2023-08-28,316.2919006347656,287.7332763671875,130.55343627929688,177.7854766845703
2023-08-29,320.89422607421875,295.3959655761719,134.2187042236328,181.66299438476562
2023-08-30,321.26544189453125,292.5310974121094,135.6451873779297,185.1458740234375
2023-08-31,320.25909423828125,293.31427001953125,136.06126403808594,185.36294555664062
2023-09-01,321.138427734375,293.7999572753906,135.51646423339844,186.93174743652344
2023-09-05,325.91650390625,297.53717041015625,135.4272918701172,187.16851806640625
2023-09-06,325.2618713378906,296.565673828125,134.09983825683594,180.46913146972656
2023-09-07,322.35980224609375,296.070068359375,134.9220733642578,175.1905059814453
2023-09-08,326.62005615234375,295.296875,135.9126739501953,175.80221557617188
2023-09-11,330.2060852050781,304.8826599121094,136.4476318359375,176.96649169921875
2023-09-12,324.17718505859375,299.0340576171875,134.7932891845703,173.9473419189453
2023-09-13,328.3690490722656,302.4044189453125,136.20985412597656,171.88525390625
2023-09-14,330.94866943359375,309.0064392089844,137.68589782714844,173.39483642578125
2023-09-15,322.6627197265625,297.6957702636719,137.0023651123047,172.67454528808594
2023-09-18,321.529296875,299.91619873046875,137.6561737060547,175.5950469970703
2023-09-19,321.128662109375,302.4143371582031,137.5273895263672,176.6803741455078
2023-09-20,313.42901611328125,297.0613708496094,133.32716369628906,173.14817810058594
2023-09-21,312.2173767089844,293.1556091308594,130.12747192382812,171.6089630126953
2023-09-22,309.7550354003906,296.4764404296875,130.01852416992188,172.45748901367188
2023-09-25,310.2729187011719,298.21124267578125,130.9298858642578,173.73028564453125
2023-09-26,304.99652099609375,296.3574523925781,128.23541259765625,169.66526794433594
2023-09-27,305.6316223144531,295.1481018066406,130.22654724121094,168.15567016601562
2023-09-28,306.4621887207031,301.31396484375,131.88087463378906,168.41221618652344
2023-09-29,308.52386474609375,297.59661865234375,130.61288452148438,168.92527770996094
2023-10-02,314.4354248046875,304.1490783691406,133.90174865722656,171.4313507080078
2023-10-03,306.21795654296875,298.3203125,132.04928588867188,170.0994110107422
2023-10-04,311.6603698730469,302.919921875,134.9914093017578,171.3425750732422
2023-10-05,312.0512390136719,302.1367492675781,134.7140350341797,172.575927734375
2023-10-06,319.7705078125,312.6841125488281,137.42835998535156,175.12144470214844
2023-10-09,322.2718200683594,315.588623046875,138.19110107421875,176.60147094726562
2023-10-10,320.8746032714844,319.0383605957031,137.89390563964844,176.00946044921875
2023-10-11,324.8124084472656,324.9662780761719,140.37046813964844,177.400634765625
2023-10-12,323.58123779296875,321.338134765625,138.9737091064453,178.29852294921875
2023-10-13,320.2297058105469,311.95062255859375,137.2797393798828,176.46334838867188
2023-10-16,325.0273132324219,318.3543395996094,139.17181396484375,176.3350372314453
2023-10-17,324.4606018066406,321.1795349121094,139.66712951660156,174.78599548339844
2023-10-18,322.5552062988281,314.210693359375,137.97315979003906,173.49349975585938
2023-10-19,323.7375183105469,310.08697509765625,137.6759796142578,173.11856079101562
2023-10-20,319.19403076171875,305.96319580078125,135.45701599121094,170.57301330566406
2023-10-23,321.7833251953125,311.2765197753906,136.60610961914062,170.69137573242188
2023-10-24,322.9656066894531,309.8291931152344,138.80528259277344,171.12551879882812
2023-10-25,332.8735656738281,296.9225769042969,125.48149108886719,168.8167266845703
2023-10-26,320.38604736328125,285.83984375,122.28179168701172,164.6629180908203
2023-10-27,322.2620849609375,294.1469421386719,122.24215698242188,165.97518920898438
2023-10-30,329.5904846191406,300.0253601074219,124.57011413574219,168.0175323486328
2023-10-31,330.3721618652344,298.64739990234375,124.12433624267578,168.49114990234375
2023-11-01,338.1500244140625,309.1353454589844,126.373046875,171.6484375
2023-11-02,340.3484802246094,308.163818359375,127.37357330322266,175.2003936767578
2023-11-03,344.7259521484375,311.8614196777344,129.14678955078125,174.29266357421875
2023-11-06,348.3705749511719,313.05084228515625,130.2166290283203,176.83822631835938
2023-11-07,352.2790222167969,316.044677734375,131.15771484375,179.39369201660156
2023-11-08,354.887939453125,316.99627685546875,132.00962829589844,180.44940185546875
2023-11-09,352.4354248046875,317.7595520019531,130.45437622070312,179.97579956054688
2023-11-10,361.20989990234375,325.9079895019531,132.80215454101562,184.15484619140625
2023-11-13,358.2882995605469,326.3243103027344,132.3861083984375,182.5741424560547
2023-11-14,361.796142578125,333.3824157714844,134.15928649902344,185.1823272705078
2023-11-15,361.9430236816406,329.813720703125,135.1003875732422,185.7454833984375
2023-11-16,368.3071594238281,331.2807922363281,137.39862060546875,187.4250030517578
2023-11-17,362.1192321777344,332.1235046386719,135.65513610839844,187.40525817871094
2023-11-20,369.5505676269531,337.0105285644531,136.62591552734375,189.14404296875
2023-11-21,365.27197265625,334.04656982421875,137.31935119628906,188.34378051757812
2023-11-22,369.9519958496094,338.5173034667969,138.70623779296875,189.00572204589844
2023-11-24,369.5408020019531,335.28564453125,136.92311096191406,187.68185424804688
2023-11-27,370.6961364746094,331.786376953125,136.7547149658203,187.5040283203125
2023-11-28,374.70068359375,336.0390319824219,137.31935119628906,188.106689453125
2023-11-29,370.93115234375,329.3081359863281,135.1201629638672,187.08908081054688
2023-11-30,370.9898681640625,324.3020935058594,132.6634521484375,187.66207885742188
2023-12-01,366.6818542480469,321.9924011230469,132.0691375732422,188.93655395507812
2023-12-04,361.424072265625,317.23419189453125,129.4043426513672,187.14834594726562
2023-12-05,364.73345947265625,315.5192565917969,131.1477813720703,191.09030151367188
2023-12-06,361.0911865234375,314.6865539550781,130.19680786132812,190.00357055664062
2023-12-07,363.1962890625,323.7469482421875,137.1509552001953,191.93008422851562
2023-12-08,366.40771484375,329.8533630371094,135.35794067382812,193.3527374267578
2023-12-11,363.5389709472656,322.4483947753906,133.43614196777344,190.85317993164062
2023-12-12,366.5545349121094,331.31060791015625,132.3861083984375,192.3647918701172
2023-12-13,366.5447998046875,331.8260192871094,132.7130126953125,195.57562255859375
2023-12-14,358.2811584472656,330.2697448730469,131.95022583007812,195.72381591796875
2023-12-15,362.9808654785156,332.0044860839844,132.5841827392578,195.19032287597656
2023-12-18,364.8607177734375,341.6200256347656,135.90277099609375,193.5305633544922
2023-12-19,365.4579772949219,347.3100891113281,136.80422973632812,194.5679168701172
2023-12-20,362.8731689453125,346.23944091796875,138.34959411621094,192.4832763671875
2023-12-21,365.73211669921875,351.007568359375,140.46951293945312,192.33511352539062
2023-12-22,366.7503662109375,350.31365966796875,141.380859375,191.2681121826172
2023-12-26,366.8287353515625,351.7411804199219,141.47998046875,190.72474670410156
2023-12-27,366.2510681152344,354.71502685546875,140.1129150390625,190.8235321044922
2023-12-28,367.4357604980469,355.20074462890625,139.9544219970703,191.24839782714844
2023-12-29,368.179931640625,350.87872314453125,139.60768127441406,190.21102905273438
2024-01-02,363.1179504394531,343.2754821777344,138.25051879882812,183.4040069580078
2024-01-03,362.8536071777344,341.4713134765625,139.04302978515625,182.03074645996094
2024-01-04,360.2492370605469,344.0982666015625,136.7447967529297,179.71893310546875
2024-01-05,360.0631103515625,348.88623046875,136.10089111328125,178.99769592285156
2024-01-08,366.85809326171875,355.5378723144531,139.21145629882812,183.32498168945312
2024-01-09,367.9350891113281,354.3185119628906,141.22239685058594,182.91001892089844
2024-01-10,374.76922607421875,367.2450256347656,142.4507598876953,183.94741821289062
2024-01-11,376.59033203125,366.4520263671875,142.3219757080078,183.3546142578125
2024-01-12,380.3500061035156,371.2300720214844,142.88661193847656,183.6806182861328
2024-01-16,382.1123962402344,364.2611999511719,142.7281494140625,181.418212890625
2024-01-17,381.32916259765625,365.163330078125,141.54931640625,180.47967529296875
2024-01-18,385.63720703125,372.8557434082031,143.6295928955078,186.35800170898438
2024-01-19,390.33685302734375,380.1120300292969,146.5816192626953,189.25270080566406
2024-01-22,388.22198486328125,378.4566345214844,146.3240966796875,191.55462646484375
2024-01-23,390.5620422363281,381.8468322753906,147.2849578857422,192.82907104492188
2024-01-24,394.14556884765625,387.29888916015625,148.9393310546875,192.15728759765625
2024-01-25,396.4072570800781,389.75732421875,152.19845581054688,191.83123779296875
2024-01-26,395.48687744140625,390.7090148925781,152.3470001220703,190.10231018066406
2024-01-29,401.1559143066406,397.5290832519531,153.38717651367188,189.42063903808594
2024-01-30,400.0494384765625,396.577392578125,151.6139678955078,185.7751007080078
2024-01-31,389.26959228515625,386.74383544921875,140.46951293945312,182.17893981933594
2024-02-01,395.34002685546875,391.3434143066406,141.37100219726562,184.60931396484375
2024-02-02,402.62457275390625,470.85516357421875,142.1931915283203,183.61148071289062
2024-02-05,397.17095947265625,455.4107971191406,143.5701446533203,185.41941833496094
2024-02-06,397.0143127441406,450.7616271972656,144.045654296875,187.01992797851562
2024-02-07,405.3954162597656,465.50213623046875,145.30372619628906,187.12860107421875
2024-02-08,405.4540710449219,465.90863037109375,145.83868408203125,186.0517578125
2024-02-09,411.7594909667969,464.0350036621094,148.81051635742188,186.81344604492188
2024-02-12,406.5801086425781,464.81817626953125,147.33448791503906,185.13174438476562
2024-02-13,397.82696533203125,456.1145935058594,144.99664306640625,183.0445098876953
2024-02-14,401.6720275878906,469.1600646972656,145.75941467285156,182.16412353515625
2024-02-15,398.79803466796875,479.8164978027344,142.5894317626953,181.8772430419922
2024-02-16,396.3457946777344,469.1997375488281,140.42990112304688,180.34396362304688
2024-02-20,395.10003662109375,467.6433410644531,140.8657684326172,179.60205078125
2024-02-21,394.5016784667969,464.4480285644531,142.4904022216797,180.3538360595703
2024-02-22,403.7909240722656,482.40948486328125,143.9564971923828,182.38172912597656
2024-02-23,402.5058898925781,480.3255615234375,143.9267578125,180.5517120361328
2024-02-26,399.75933837890625,478.0531005859375,137.4481658935547,179.20635986328125
2024-02-27,399.70050048828125,483.3224182128906,138.7855224609375,180.66049194335938
2024-02-28,399.93585205078125,480.31561279296875,136.1405029296875,179.4635467529297
2024-02-29,405.7428894042969,486.37884521484375,138.46847534179688,178.80075073242188
2024-03-01,407.5674133300781,498.4556579589844,136.784423828125,177.7225341796875
2024-03-04,406.9984436035156,494.377197265625,132.94082641601562,173.2117156982422
2024-03-05,394.9626770019531,486.4681396484375,132.52479553222656,168.28541564941406
2024-03-06,394.4133605957031,492.29327392578125,131.31622314453125,167.29617309570312
2024-03-07,401.3288269042969,508.2700500488281,133.97109985351562,167.177490234375
2024-03-08,398.4645080566406,502.0777893066406,135.01121520996094,168.88880920410156
2024-03-11,396.7970275878906,479.888916015625,137.6363525390625,170.88705444335938
2024-03-12,407.3515625,495.92523193359375,138.30996704101562,171.3618621826172
2024-03-13,407.1750183105469,491.7772521972656,139.4491729736328,169.2845458984375
2024-03-14,417.101806640625,488.06585693359375,142.98570251464844,171.1343536376953
2024-03-15,408.4698486328125,480.39501953125,140.8360595703125,170.75843811035156
2024-03-18,409.3526611328125,493.17645263671875,147.08685302734375,171.8466033935547
2024-03-19,413.36456298828125,492.4421081542969,146.53208923339844,174.18113708496094
2024-03-20,417.11163330078125,501.6510925292969,148.27557373046875,176.74319458007812
2024-03-21,421.17254638671875,503.8739318847656,147.34442138671875,169.52191162109375
2024-03-22,420.5545959472656,505.6800537109375,150.3459930419922,170.42213439941406
2024-03-25,414.7868347167969,499.1701965332031,149.73178100585938,169.007568359375
2024-03-26,413.59991455078125,492.0948181152344,150.27664184570312,167.87985229492188
2024-03-27,413.3841247558594,490.080322265625,150.51438903808594,171.44100952148438
2024-03-28,412.6877136230469,481.8636779785156,150.83135986328125,169.6307373046875
2024-04-01,416.4642028808594,487.5895690917969,155.03158569335938,168.19638061523438
2024-04-02,413.3939514160156,493.5634460449219,154.40750122070312,167.0192108154297
2024-04-03,412.4228820800781,502.8616943359375,154.90280151367188,167.82046508789062
2024-04-04,409.9019775390625,507.00982666015625,150.51438903808594,166.99945068359375
2024-04-05,417.3960876464844,523.3040771484375,152.49562072753906,167.751220703125
2024-04-08,416.48382568359375,515.2760009765625,154.6749725341797,166.6334228515625
2024-04-09,418.1415100097656,512.9439697265625,156.6562042236328,167.8402862548828
2024-04-10,415.1792297363281,515.8516235351562,156.18072509765625,165.97064208984375
2024-04-11,419.76007080078125,519.1560668945312,159.28134155273438,173.15231323242188
2024-04-12,413.84515380859375,507.9822082519531,157.69635009765625,174.6460723876953
2024-04-15,405.7428894042969,496.4015808105469,154.8632049560547,170.82769775390625
2024-04-16,406.6648864746094,495.9351501464844,154.53627014160156,167.55337524414062
2024-04-17,403.97723388671875,490.38800048828125,155.40802001953125,166.18826293945312
2024-04-18,396.5517272949219,497.9595642089844,155.98260498046875,165.23861694335938
2024-04-19,391.5001220703125,477.3882141113281,154.25892639160156,163.22064208984375
2024-04-22,393.30499267578125,478.04315185546875,156.46800231933594,164.0515594482422
2024-04-23,399.788818359375,492.30316162109375,158.4195098876953,165.10012817382812
2024-04-24,401.2502746582031,489.72308349609375,159.58843994140625,167.19729614257812
2024-04-25,391.42156982421875,438.001953125,156.46800231933594,168.05787658691406
2024-04-26,398.5626525878906,439.8973388671875,172.060302734375,167.47425842285156
2024-04-29,394.5703125,429.30902099609375,166.32461547851562,171.62893676757812
2024-04-30,381.89697265625,426.8778076171875,163.09521484375,168.49314880371094
2024-05-01,387.39990234375,435.8287353515625,164.01651000976562,167.47425842285156
2024-05-02,390.2445373535156,438.2996826171875,166.87937927246094,171.16404724121094
2024-05-03,398.89617919921875,448.5009460449219,167.40440368652344,181.40243530273438
2024-05-06,405.6448059082031,462.115966796875,168.2364959716797,179.7504425048828
2024-05-07,401.5249328613281,464.6564025878906,171.35694885253906,180.4329833984375
2024-05-08,402.7021179199219,468.9830322265625,169.55404663085938,180.7693328857422
2024-05-09,404.4480285644531,471.7814636230469,169.97010803222656,182.57962036132812
2024-05-10,406.8218688964844,472.55548095703125,168.69219970703125,181.32159423828125
2024-05-13,405.8212890625,464.4281311035156,169.29647827148438,184.5210723876953
2024-05-14,408.6070861816406,468.2388000488281,170.31683349609375,185.66021728515625
2024-05-15,415.75115966796875,477.8546447753906,172.24851989746094,187.92860412597656
2024-05-16,413.6974182128906,469.6082458496094,173.7839813232422,188.04745483398438
2024-05-17,412.93084716796875,468.29833984375,175.62652587890625,188.07716369628906
2024-05-20,417.9720458984375,465.25177001953125,176.78555297851562,189.2361297607422
2024-05-21,421.60797119140625,461.0740661621094,177.85543823242188,190.53378295898438
2024-05-22,423.0622863769531,464.1999206542969,176.3298797607422,189.0974578857422
2024-05-23,419.6032409667969,462.2152099609375,173.4174346923828,185.1154022216797
2024-05-24,422.70855712890625,474.56005859375,174.67552185058594,188.18612670898438
2024-05-28,422.86578369140625,476.2470703125,176.3496856689453,188.19607543945312
2024-05-29,421.7357177734375,470.7295837402344,175.73548889160156,188.49319458007812
2024-05-30,407.4869079589844,463.4754333496094,171.9315185546875,189.48374938964844
2024-05-31,407.9389343261719,463.2571716308594,172.3277587890625,190.43472290039062
2024-06-03,406.3567810058594,473.8356018066406,172.783447265625,192.19790649414062
2024-06-04,408.86260986328125,473.3393859863281,173.48680114746094,192.51487731933594
2024-06-05,416.6651306152344,491.2710876464844,175.40859985351562,194.0205078125
2024-06-06,417.166259765625,489.9811096191406,176.6765899658203,192.64366149902344
2024-06-07,416.5078125,489.18719482421875,174.299072265625,195.03089904785156
2024-06-10,420.45819091796875,498.7533874511719,175.17184448242188,191.29647827148438
2024-06-11,425.1848449707031,503.58612060546875,176.71893310546875,205.19400024414062
2024-06-12,433.41973876953125,504.9456481933594,178.07763671875,211.05812072753906
2024-06-13,433.93072509765625,500.241943359375,175.2809295654297,212.21707153320312
2024-06-14,434.9035949707031,500.7982177734375,176.8974609375,210.48361206054688
2024-06-17,440.6031494140625,503.25177001953125,177.30406188964844,214.62411499023438
2024-06-18,438.6082763671875,496.1593322753906,174.99331665039062,212.26658630371094
2024-06-20,437.9793701171875,498.35467529296875,176.24290466308594,207.70010375976562
2024-06-21,441.9886474609375,491.48077392578125,178.77186584472656,205.5308074951172
2024-06-24,439.915283203125,495.583251953125,179.2974853515625,206.17469787597656
2024-06-25,443.1383361816406,507.1953430175781,184.04794311523438,207.0959014892578
2024-06-26,444.3274230957031,509.6985168457031,183.83966064453125,211.2364044189453
2024-06-27,445.0054931640625,516.0955200195312,185.31736755371094,212.07838439941406
2024-06-28,439.2077331542969,500.8578186035156,181.90577697753906,208.63124084472656
2024-07-01,448.8183288574219,501.3147888183594,182.96693420410156,214.703369140625
2024-07-02,451.3241271972656,506.1026306152344,185.06944274902344,218.19012451171875
2024-07-03,452.78826904296875,506.5596008300781,185.84298706054688,219.45803833007812
2024-07-05,459.4607238769531,536.3097534179688,190.37527465820312,224.2028045654297
2024-07-08,458.1635437011719,525.79052734375,188.90750122070312,225.6688690185547
2024-07-09,451.5796813964844,526.4659423828125,188.86781311035156,226.52072143554688
2024-07-10,458.1734313964844,531.1246948242188,191.06948852539062,230.78012084960938
2024-07-11,446.8234558105469,509.2812805175781,185.75375366210938,225.42120361328125
2024-07-12,445.6933288574219,495.5434875488281,185.23805236816406,228.3631591796875
2024-07-15,446.09625244140625,492.8515930175781,186.63641357421875,232.18670654296875
2024-07-16,441.7331848144531,486.5240783691406,183.96861267089844,232.6027374267578
2024-07-17,435.83709716796875,458.9093933105469,181.1123504638672,226.7188262939453
2024-07-18,432.74169921875,472.677001953125,177.7404327392578,222.0631866455078
2024-07-19,429.5381164550781,473.6107177734375,177.90902709960938,222.19198608398438
2024-07-22,435.2671813964844,484.1499938964844,181.8363494873047,221.84530639648438
2024-07-23,437.14410400390625,485.4314270019531,182.0843048095703,222.8853759765625
2024-07-24,421.4703674316406,458.19415283203125,172.93051147460938,216.47645568847656
2024-07-25,411.1522216796875,450.38665771484375,167.76351928710938,215.43638610839844
2024-07-26,417.9031982421875,462.5946960449219,167.28746032714844,215.90194702148438
2024-07-29,419.3380126953125,462.6046142578125,169.71725463867188,216.17930603027344
2024-07-30,415.5940246582031,460.1014099121094,170.44122314453125,216.7340087890625
2024-07-31,411.1031494140625,471.66375732421875,171.72056579589844,219.9830322265625
2024-08-01,409.8846130371094,494.4209899902344,171.02633666992188,216.29815673828125
2024-08-02,401.4139099121094,484.8850402832031,167.009765625,217.7840118408203
2024-08-05,388.30499267578125,472.55780029296875,159.31382751464844,207.2939910888672
2024-08-06,392.6877746582031,490.79534912109375,159.21466064453125,205.27325439453125
2024-08-07,391.5281982421875,485.659912109375,159.42291259765625,207.83880615234375
2024-08-08,395.7143859863281,506.23175048828125,162.48741149902344,211.29586791992188
2024-08-09,398.9866943359375,514.3175048828125,164.02462768554688,214.19821166992188
2024-08-12,399.7630310058594,512.5095825195312,162.5965118408203,215.7254180908203
2024-08-13,406.83831787109375,525.0156860351562,164.56015014648438,219.43438720703125
2024-08-14,409.6389465332031,523.24755859375,160.6923828125,219.8806610107422
2024-08-15,414.482421875,533.7470703125,161.82293701171875,222.8557891845703
2024-08-16,411.9622497558594,523.903076171875,163.37998962402344,224.1747589111328
2024-08-19,414.9746398925781,525.750732421875,167.009765625,224.01605224609375
2024-08-20,418.1937561035156,523.2177124023438,167.56515502929688,224.6309356689453
2024-08-21,417.5440673828125,531.591552734375,166.2461395263672,224.5218505859375
2024-08-22,409.0876770019531,528.383056640625,164.12380981445312,222.6673126220703
2024-08-23,410.308349609375,524.479248046875,166.0477752685547,224.9581756591797
2024-08-26,407.0596618652344,517.6451416015625,166.5436553955078,225.2953643798828
2024-08-27,407.40423583984375,515.6385498046875,165.00645446777344,226.1383056640625
2024-08-28,404.21466064453125,513.333984375,163.1419677734375,224.611083984375
2024-08-29,406.6954040527344,514.7644653320312,162.05105590820312,227.8837127685547
2024-08-30,410.65289306640625,517.8339233398438,163.74693298339844,227.1002655029297
2024-09-03,403.0726623535156,508.3475646972656,157.3006134033203,220.9219512939453
2024-09-04,402.54107666015625,509.3210144042969,156.50721740722656,219.0178680419922
2024-09-05,402.0389709472656,513.4135131835938,157.29067993164062,220.53517150878906
2024-09-06,395.45306396484375,496.93414306640625,150.87408447265625,218.9881134033203
2024-09-09,399.4105529785156,501.42401123046875,148.50070190429688,219.077392578125
2024-09-10,407.7586669921875,501.42401123046875,148.96743774414062,218.28399658203125
2024-09-11,416.4611511230469,508.4170837402344,151.09254455566406,220.8128662109375
2024-09-12,420.3595886230469,522.0952758789062,154.45899963378906,220.9219512939453
2024-09-13,423.8937683105469,521.1217651367188,157.26930236816406,220.6541748046875
2024-09-16,424.632080078125,530.2294921875,157.88502502441406,214.52545166015625
2024-09-17,428.3829040527344,533.2520141601562,159.16604614257812,214.99156188964844
2024-09-18,424.1103210449219,534.8726806640625,159.6923828125,218.85919189453125
2024-09-19,431.8677978515625,555.9016723632812,162.10546875,226.97134399414062
2024-09-20,428.5009460449219,558.1387939453125,163.49575805664062,226.30690002441406
2024-09-23,426.7684020996094,561.1812744140625,161.93667602539062,224.59124755859375
2024-09-24,422.495849609375,560.1075439453125,162.50270080566406,225.48377990722656
2024-09-25,425.3901062011719,565.0589599609375,161.85723876953125,224.49208068847656
2024-09-26,424.6025695800781,564.5916748046875,162.69137573242188,225.63255310058594
2024-09-27,421.36370849609375,564.1144409179688,164.14122009277344,225.90029907226562
2024-09-30,423.6082458496094,569.1653442382812,166.02804565429688,231.06707763671875
2024-10-01,414.1477355957031,573.1724243164062,167.2494659423828,224.3334197998047
2024-10-02,410.64306640625,569.5332641601562,166.14718627929688,224.89869689941406
2024-10-03,410.0622863769531,579.436279296875,166.0478973388672,223.79788208007812
2024-10-04,409.5896911621094,592.5309448242188,167.38851928710938,224.9185028076172
2024-10-07,403.1711120605469,581.4348754882812,163.2474822998047,219.8509063720703
2024-10-08,408.2607116699219,589.4984130859375,164.5483856201172,223.89706420898438
2024-10-09,410.9679260253906,587.1320190429688,161.9267578125,227.6357879638672
2024-10-10,409.3731384277344,580.4902954101562,162.04588317871094,227.13990783691406
2024-10-11,409.845703125,586.5753173828125,163.37660217285156,225.66229248046875
2024-10-14,412.6218566894531,587.0425415039062,165.1938934326172,229.38119506835938
2024-10-15,412.2279968261719,582.916259765625,165.7400360107422,231.9100341796875
2024-10-16,409.6488037109375,573.490478515625,165.58116149902344,229.85719299316406
2024-10-17,410.239501953125,573.6296997070312,163.36663818359375,230.22413635253906
2024-10-18,411.6570739746094,573.1724243164062,163.9029083251953,233.0504913330078
2024-10-21,412.2674255371094,571.8698120117188,164.647705078125,234.51820373535156
2024-10-22,420.8616943359375,578.6806640625,165.66061401367188,233.90335083007812
2024-10-23,417.9969177246094,560.4655151367188,163.3368682861328,228.84564208984375
2024-10-24,418.1249084472656,564.531982421875,163.38650512695312,228.65725708007812
2024-10-25,421.49169921875,569.970703125,165.8294219970703,229.4902801513672
2024-10-28,419.95599365234375,574.8526611328125,167.17002868652344,231.46376037597656
2024-10-29,425.2326354980469,589.88623046875,169.95059204101562,231.7315216064453
2024-10-30,425.8035888671875,588.41455078125,174.91583251953125,228.19114685058594
2024-10-31,400.03076171875,564.3331909179688,171.4897918701172,224.03590393066406
2024-11-01,403.98822021484375,563.91552734375,171.45008850097656,221.06077575683594
2024-11-04,402.10791015625,557.4727172851562,169.49375915527344,220.1682586669922
2024-11-05,405.0612487792969,569.1553955078125,170.21868896484375,221.59629821777344
2024-11-06,413.6456298828125,568.7775268554688,177.09060668945312,220.87232971191406
2024-11-07,418.8139953613281,588.3152465820312,181.01316833496094,225.59286499023438
2024-11-08,415.968994140625,585.9686889648438,178.60995483398438,225.32481384277344
2024-11-11,411.5094299316406,579.833984375,180.705322265625,222.6144561767578
2024-11-12,416.4512939453125,581.4745483398438,182.0459442138672,222.6144561767578
2024-11-13,418.58758544921875,576.6821899414062,179.23558044433594,223.498046875
2024-11-14,420.25128173828125,573.8583374023438,176.11741638183594,226.5757293701172
2024-11-15,408.5462341308594,550.9104614257812,172.68145751953125,223.3789520263672
2024-11-18,409.2944030761719,551.2285766601562,175.5712432861328,226.377197265625
2024-11-19,411.2928161621094,557.8803100585938,178.33192443847656,226.6352996826172
2024-11-20,409.028564453125,562.2849731445312,176.09754943847656,227.35011291503906
2024-11-21,407.2628479003906,559.868896484375,168.06378173828125,226.87356567382812
2024-11-22,411.3367919921875,555.9414672851562,165.41233825683594,228.21383666992188
2024-11-25,413.1025085449219,561.8773193359375,168.25244140625,231.19224548339844
2024-11-26,422.17755126953125,570.2591552734375,169.4342041015625,233.366455078125
2024-11-27,417.2454833984375,565.94384765625,169.6328125,233.2373809814453
2024-11-29,417.7090759277344,571.0346069335938,169.30508422851562,235.62010192871094
2024-12-02,425.1269836425781,589.4387817382812,171.77777099609375,237.8638153076172
2024-12-03,425.343994140625,610.1396484375,171.81748962402344,240.90174865722656
2024-12-04,431.4794616699219,610.2689208984375,174.86619567871094,241.25917053222656
2024-12-05,436.6088562011719,605.4466552734375,173.09854125976562,241.28895568847656
2024-12-06,437.54595947265625,620.2017822265625,175.26339721679688,241.09039306640625
2024-12-09,439.9626770019531,610.0601196289062,176.06869506835938,244.9722442626953
2024-12-10,437.3092346191406,615.77734375,185.44375610351562,245.98487854003906
2024-12-11,442.8923645019531,629.060791015625,195.56448364257812,244.714111328125
2024-12-12,443.45465087890625,627.1815795898438,192.50241088867188,246.17352294921875
2024-12-13,441.1956481933594,616.80126953125,190.26553344726562,246.34228515625
2024-12-16,445.45703125,621.169677734375,197.00604248046875,249.2313232421875
2024-12-17,448.2880554199219,616.3933715820312,195.9720916748047,251.6537322998047
2024-12-18,431.4498596191406,594.2528076171875,189.0426788330078,246.2628631591797
2024-12-19,431.0947570800781,592.6406860351562,188.5952911376953,247.99032592773438
2024-12-20,430.670654296875,582.37158203125,191.83631896972656,252.65646362304688
2024-12-23,429.33892822265625,596.8995971679688,194.84866333007812,253.43084716796875
2024-12-24,433.363525390625,604.7608642578125,196.4194793701172,256.3397216796875
2024-12-26,432.16009521484375,600.3824462890625,195.95220947265625,257.15380859375
2024-12-27,424.6830139160156,596.8599853515625,192.91001892089844,253.74853515625
2024-12-30,419.0604553222656,588.3319702148438,191.56788635253906,250.38296508789062
2024-12-31,415.77569580078125,582.6301879882812,189.33099365234375,248.6157989501953
2025-01-02,412.89532470703125,596.2926635742188,189.51988220214844,242.09312438964844
2025-01-03,417.6005859375,601.6561889648438,192.00534057617188,241.60665893554688
2025-01-06,422.0394592285156,627.100341796875,196.8072052001953,243.23484802246094
2025-01-07,416.6338806152344,614.8509521484375,195.56448364257812,240.46495056152344
2025-01-08,418.7941589355469,607.7161865234375,194.2521514892578,240.95140075683594
2025-01-10,413.26031494140625,612.8309326171875,192.04510498046875,235.14353942871094
2025-01-13,411.5242614746094,605.3379516601562,191.17019653320312,232.71121215820312
2025-01-14,410.02490234375,591.3272705078125,189.93743896484375,231.5992889404297
2025-01-15,420.5203857421875,614.084716796875,195.83290100097656,236.1562042236328
2025-01-16,418.8138427734375,608.2933349609375,193.27789306640625,226.6154327392578
2025-01-17,423.20343017578125,609.7561645507812,196.39959716796875,228.3230438232422
2025-01-21,422.68060302734375,613.4280395507812,198.46749877929688,221.03591918945312
2025-01-22,440.1402587890625,620.433349609375,198.86514282226562,222.21737670898438
2025-01-23,440.6433410644531,633.3197631835938,198.41778564453125,222.04859924316406
2025-01-24,438.0293273925781,644.3053588867188,200.72427368164062,221.17491149902344
2025-01-27,428.6583251953125,656.6344604492188,192.6416015625,228.2039337158203
2025-01-28,441.126708984375,671.0133056640625,195.92237854003906,236.5433807373047
2025-01-29,436.32281494140625,673.1626586914062,196.03172302246094,237.63546752929688
2025-01-30,409.3540954589844,683.6210327148438,201.45001220703125,235.87820434570312
2025-01-31,409.42315673828125,685.7902221679688,204.40274047851562,234.29966735839844
2025-02-03,405.33941650390625,694.0296020507812,201.45994567871094,226.3672332763672
2025-02-04,406.76971435546875,700.7265014648438,206.50042724609375,231.12274169921875
2025-02-05,407.67724609375,701.4031982421875,192.1743621826172,230.79513549804688
2025-02-06,410.1728515625,708.4880981445312,192.18426513671875,231.5397186279297
2025-02-07,404.18524169921875,711.0056762695312,186.05020141601562,225.99002075195312
2025-02-10,406.6217346191406,713.87158203125,187.1040496826172,226.25831604003906
2025-02-11,405.85235595703125,716.2597045898438,185.9806365966797,231.19793701171875
2025-02-12,403.4849548339844,721.812255859375,184.35015869140625,235.42196655273438
2025-02-13,404.9645080566406,724.9766845703125,186.78590393066406,240.053466796875
2025-02-14,402.88323974609375,733.0467529296875,185.78176879882812,243.104736328125
2025-02-18,404.0767517089844,712.8465576171875,184.71800231933594,242.97552490234375
2025-02-19,409.1370544433594,700.30859375,186.040283203125,243.37306213378906
2025-02-20,411.3016662597656,691.4225463867188,185.55313110351562,244.32720947265625
2025-02-21,403.4735412597656,680.1879272460938,180.5225830078125,244.0489044189453
2025-02-24,399.3123779296875,664.8438720703125,180.13485717773438,245.58944702148438
2025-02-25,393.2832336425781,654.26611328125,176.33706665039062,245.52980041503906
2025-02-26,395.0919494628906,670.386474609375,173.68264770507812,238.89064025878906
2025-02-27,387.9754638671875,655.0025634765625,169.2187957763672,235.84934997558594
2025-02-28,392.38372802734375,664.91357421875,171.2170867919922,240.36158752441406
2025-03-03,383.9823913574219,651.828125,167.67782592773438,236.5749053955078
2025-03-04,384.1009521484375,636.8521728515625,171.60484313964844,234.4877166748047
2025-03-05,396.36700439453125,653.2411499023438,173.97097778320312,234.2988739013672
2025-03-06,392.2849426269531,624.8414916992188,173.1955108642578,233.89138793945312
2025-03-07,388.7464599609375,622.5827026367188,174.72653198242188,237.60855102539062
2025-03-10,375.7490234375,595.0487670898438,167.02284240722656,226.08938598632812
2025-03-11,376.03570556640625,602.7308349609375,165.201416015625,219.48995971679688
2025-03-12,378.82293701171875,616.5126953125,168.20726013183594,215.65354919433594
2025-03-13,374.3751525878906,587.7349853515625,163.95729064941406,208.39816284179688
2025-03-14,384.05157470703125,605.1494750976562,166.833740234375,212.18490600585938
2025-03-17,384.1899719238281,602.4603881835938,165.78866577148438,212.69178771972656
2025-03-18,379.070068359375,580.01123046875,161.90695190429688,211.38978576660156
2025-03-19,383.3201904296875,581.7044067382812,165.50001525878906,213.92422485351562
2025-03-20,382.3515319824219,583.6366577148438,164.27581787109375,212.79116821289062
2025-03-21,386.72027587890625,593.84521484375,165.4701690673828,216.93569946289062
2025-03-24,388.5191650390625,616.35400390625,169.13290405273438,219.38064575195312
2025-03-25,390.5749816894531,623.783935546875,171.97947692871094,222.38217163085938
2025-03-26,385.4451904296875,608.5158081054688,166.35598754882812,220.17575073242188
2025-03-27,386.0481262207031,600.1497192382812,163.3103485107422,222.48158264160156
2025-03-28,374.4048156738281,574.4139404296875,155.32794189453125,216.56793212890625
2025-03-31,371.034423828125,574.035400390625,155.4971466064453,220.77210998535156
2025-04-01,377.7554931640625,583.6366577148438,158.1347198486328,221.82559204101562
2025-04-02,377.70611572265625,581.574951171875,158.11483764648438,222.5213165283203
2025-04-03,368.78082275390625,529.4759521484375,151.9140625,201.94786071777344
2025-04-04,355.6647644042969,502.6943664550781,147.04701232910156,187.22840881347656
2025-04-07,353.7077941894531,514.1678466796875,148.5399627685547,180.3507080078125
2025-04-08,350.4460754394531,508.39129638671875,145.89242553710938,171.365966796875
2025-04-09,385.95916748046875,583.4075927734375,160.30450439453125,197.63436889648438
2025-04-10,376.9252624511719,544.0866088867188,154.64120483398438,189.25592041015625
2025-04-11,383.9428405761719,541.3777465820312,158.65228271484375,196.9386749267578
2025-04-14,383.31024169921875,529.33642578125,160.7125701904297,201.28196716308594
2025-04-15,381.2544250488281,519.4166259765625,157.93565368652344,200.90428161621094
2025-04-16,367.2982177734375,500.28411865234375,154.77059936523438,193.08241271972656
2025-04-17,363.5126647949219,499.4574890136719,152.64064025878906,195.77581787109375
2025-04-21,354.9531555175781,482.70526123046875,149.15704345703125,191.9791717529297
2025-04-22,362.5638427734375,498.2623291015625,153.1781005859375,198.5189666748047
2025-04-23,370.0459899902344,518.1716918945312,156.9801788330078,203.3492431640625
2025-04-24,382.8061218261719,530.999755859375,160.7125701904297,207.09617614746094
2025-04-25,387.3034362792969,545.0628662109375,163.0814208984375,208.00064086914062
2025-04-28,386.62139892578125,547.5227661132812,161.65814208984375,208.85537719726562
2025-04-29,389.4679870605469,552.203857421875,161.29981994628906,209.91885375976562
2025-04-30,390.6738586425781,546.7857666015625,160.1352996826172,211.20095825195312
2025-05-01,420.464111328125,569.9022216796875,162.02638244628906,212.0159454345703
2025-05-02,430.2294921875,594.6121826171875,165.03221130371094,204.0946807861328
2025-05-05,431.1091613769531,596.8531494140625,165.27110290527344,197.6741485595703
2025-05-06,428.2823486328125,584.9412841796875,164.42507934570312,197.2964630126953
2025-05-07,428.3218688964844,594.4030151367188,152.08326721191406,195.05029296875
2025-05-08,433.0859680175781,595.5982666015625,155.0194091796875,196.28271484375
2025-05-09,433.63946533203125,590.1004028320312,153.65582275390625,197.3163604736328
2025-05-12,444.04730224609375,636.85107421875,158.83145141601562,209.77613830566406
2025-05-13,443.9287109375,653.3841552734375,160.1352996826172,211.9058380126953
2025-05-14,447.6845703125,656.70068359375,166.0275421142578,211.30874633789062
2025-05-15,448.6946105957031,641.283203125,164.62413024902344,210.43296813964844
2025-05-16,449.8233947753906,637.7574462890625,166.64462280273438,210.24386596679688
2025-05-19,454.3783874511719,637.8471069335938,167.08255004882812,207.77581787109375
2025-05-20,453.6852722167969,634.530517578125,164.54452514648438,205.8650360107422
2025-05-21,448.1401062011719,632.9369506835938,169.2622833251953,201.1179656982422
2025-05-22,450.40765380859375,634.0026245117188,171.1732940673828,200.3914794921875
2025-05-23,445.7734680175781,624.5309448242188,168.7944793701172,194.33078002929688
2025-05-27,456.18060302734375,639.7294311523438,173.1638946533203,199.24705505371094
2025-05-28,452.8831787109375,640.984375,172.56674194335938,199.45602416992188
2025-05-29,454.1903076171875,642.4484252929688,172.14869689941406,198.98825073242188
2025-05-30,455.85382080078125,644.8786010742188,172.03919982910156,199.88394165039062
2025-06-02,457.4480895996094,668.1942138671875,169.57081604003906,200.72984313964844
2025-06-03,458.4382629394531,664.1605224609375,166.92330932617188,202.2923126220703
2025-06-04,459.3294677734375,685.1754760742188,168.59542846679688,201.84445190429688
2025-06-05,463.1022033691406,681.8588256835938,169.01345825195312,199.66500854492188
2025-06-06,465.7757568359375,694.8961181640625,174.09950256347656,202.9391632080078
2025-06-09,468.12255859375,691.2607421875,177.00929260253906,200.48106384277344
2025-06-10,466.3105163574219,699.567138671875,179.38096618652344,201.69517517089844
2025-06-11,467.99383544921875,691.3404541015625,178.1652374267578,197.82391357421875
2025-06-12,474.1826477050781,690.5635986328125,176.3516082763672,198.24188232421875
2025-06-13,470.3109130859375,680.1157836914062,175.26541137695312,195.50511169433594
2025-06-16,474.45001220703125,699.8262939453125,177.31820678710938,197.46563720703125
2025-06-17,473.36077880859375,694.9522705078125,176.61068725585938,194.69898986816406
2025-06-18,475.53924560546875,693.4970092773438,173.37203979492188,195.6344757080078
2025-06-20,472.72698974609375,680.1207885742188,167.1438751220703,200.03321838378906
2025-06-23,481.2428894042969,696.2481079101562,165.4298858642578,200.53082275390625
2025-06-24,485.3126220703125,709.8733520507812,167.15386962890625,199.33657836914062
2025-06-25,487.45147705078125,706.3648681640625,170.8907470703125,200.59051513671875
2025-06-26,492.580810546875,723.718017578125,173.82046508789062,200.03321838378906
2025-06-27,491.0855712890625,731.2333984375,177.64706420898438,200.11282348632812
2025-06-30,492.5411682128906,735.6788330078125,176.7701416015625,204.18316650390625
2025-07-01,487.23358154296875,716.8704833984375,176.29180908203125,206.82041931152344
2025-07-02,486.2830505371094,711.2389526367188,179.13182067871094,211.418212890625
2025-07-03,493.95721435546875,716.6611328125,179.91909790039062,212.52284240722656
2025-07-07,492.8481140136719,716.0032348632812,176.93954467773438,208.94017028808594
2025-07-08,491.7588806152344,718.315673828125,174.5479278564453,208.99989318847656
2025-07-09,498.58148193359375,730.38623046875,177.0391845703125,210.12445068359375
2025-07-10,496.5713195800781,724.8642578125,178.07554626464844,211.3883514404297
2025-07-11,498.393310546875,715.1660766601562,180.67642211914062,210.14434814453125
2025-07-14,498.0962219238281,718.5648803710938,182.1711883544922,207.61656188964844
2025-07-15,500.8688659667969,708.0692749023438,182.46018981933594,208.1042022705078
2025-07-16,500.67083740234375,700.6136474609375,183.12783813476562,209.14913940429688
2025-07-17,506.6912841796875,699.1185913085938,184.05458068847656,209.0098419189453
2025-07-18,505.05743408203125,701.979248046875,185.29025268554688,210.1642608642578
2025-07-21,505.0673522949219,710.640869140625,190.48204040527344,211.4580078125
2025-07-22,500.32421875,702.507568359375,191.43869018554688,213.36875915527344
2025-07-23,500.9183349609375,711.2489013671875,190.8407745361328,213.11996459960938
2025-07-24,505.87933349609375,712.46484375,192.52487182617188,212.7318572998047
2025-07-25,508.6816711425781,710.351806640625,193.4018096923828,212.85125732421875
2025-07-28,507.48345947265625,715.28564453125,192.74411010742188,213.0204620361328
2025-07-29,507.5527648925781,697.7132568359375,195.7436065673828,210.25384521484375
2025-07-30,508.2162170410156,692.9389038085938,196.75006103515625,208.0445098876953
2025-07-31,528.2778930664062,770.913330078125,192.18606567382812,206.5716094970703
2025-08-01,518.9797973632812,747.5598754882812,189.28622436523438,201.40658569335938
2025-08-04,530.3969116210938,773.833740234375,195.06597900390625,202.37193298339844
2025-08-05,522.584228515625,760.9659423828125,194.6374969482422,201.94398498535156
2025-08-06,519.8016967773438,769.4680786132812,196.2318878173828,212.22430419921875
2025-08-07,515.7418212890625,759.3412475585938,196.59063720703125,218.9716796875
2025-08-08,516.9301147460938,766.786865234375,201.38381958007812,228.2468719482422
2025-08-11,516.6627807617188,763.3679809570312,200.9254150390625,226.34388732910156
2025-08-12,524.0595092773438,787.4192504882812,203.4465789794922,228.80479431152344
2025-08-13,515.484375,777.5316772460938,202.32054138183594,232.47125244140625
2025-08-14,517.36572265625,779.5748901367188,203.1077880859375,231.92327880859375
2025-08-15,515.078369140625,782.664794921875,204.19395446777344,230.73764038085938
2025-08-18,512.0383911132812,764.8631591796875,203.57611083984375,230.0402374267578
2025-08-19,504.7801818847656,749.0250244140625,201.7824249267578,229.71144104003906
2025-08-20,500.76983642578125,745.2772827148438,199.49046325683594,225.1781768798828
2025-08-21,500.1251220703125,736.6854858398438,199.91896057128906,224.07228088378906
2025-08-22,503.0907287597656,752.32421875,205.9976348876953,226.92173767089844
2025-08-25,500.1449890136719,750.839111328125,208.4291229248047,226.32395935058594
2025-08-26,497.943115234375,751.636474609375,207.22332763671875,228.46604919433594
2025-08-27,502.604736328125,744.9384765625,207.482421875,229.64170837402344
2025-08-28,505.4810791015625,748.65625,211.62789916992188,231.70408630371094
2025-08-29,502.55511474609375,736.286865234375,212.78384399414062,231.28562927246094
2025-09-02,500.9979248046875,732.7085571289062,211.2492218017578,228.8745574951172
2025-09-03,501.22607421875,734.6422119140625,230.29246520996094,237.59234619140625
2025-09-04,503.82470703125,746.2042846679688,231.8470001220703,238.8975067138672
2025-09-05,490.9605407714844,749.9918823242188,234.34820556640625,238.80784606933594
2025-09-08,494.1344299316406,749.8423461914062,233.55030822753906,237.00450134277344
2025-09-09,494.34271240234375,763.1985473632812,239.3152618408203,233.4875030517578
2025-09-10,496.2867126464844,749.5234375,238.93624877929688,225.955322265625
2025-09-11,496.9215393066406,748.4469604492188,240.153076171875,229.1833953857422
2025-09-12,505.73895263671875,753.1216430664062,240.7515106201172,233.2085418701172
2025-09-15,511.1543884277344,762.2018432617188,251.10447692871094,235.82884216308594
2025-09-16,504.8859558105469,776.4552001953125,250.765380859375,237.2735137939453
2025-09-17,505.85797119140625,773.1858520507812,249.19944763183594,238.1104278564453
2025-09-18,504.3008117675781,777.7010498046875,251.67300415039062,237.00450134277344
2025-09-19,513.7034301757812,775.8372192382812,254.575439453125,244.59645080566406
2025-09-22,510.2518310546875,763.1751098632812,252.22158813476562,255.1374969482422
2025-09-23,505.074462890625,753.4404907226562,251.68296813964844,253.4936065673828
2025-09-24,505.9869079589844,758.686767578125,247.18470764160156,251.3813934326172
2025-09-25,502.892333984375,746.9672241210938,245.92799377441406,255.92459106445312
2025-09-26,507.28619384765625,741.8206176757812,246.53640747070312,254.51980590820312
2025-09-29,510.4005126953125,741.4716186523438,243.7237548828125,253.4936065673828
2025-09-30,513.7232666015625,732.4749145507812,242.91586303710938,253.69287109375
2025-10-01,515.4688720703125,715.4791870117188,244.90066528320312,254.5098419189453
2025-10-02,511.53131103515625,725.1639404296875,245.78834533691406,256.1836853027344
2025-10-03,513.1281127929688,708.7167358398438,245.8083038330078,257.0704040527344
2025-10-06,524.256591796875,713.8035278320312,250.85513305664062,255.7452850341797
2025-10-07,519.7040405273438,711.230224609375,246.48655700683594,255.53607177734375
2025-10-08,520.56689453125,715.9779052734375,244.82089233398438,257.1102600097656
2025-10-09,518.136962890625,731.6072387695312,241.579345703125,253.1050262451172
2025-10-10,506.790283203125,703.4703979492188,236.8716583251953,244.3673095703125
2025-10-13,509.85504150390625,713.8433837890625,244.00302124023438,246.74851989746094
2025-10-14,509.3789978027344,706.811767578125,245.54901123046875,246.8581085205078
2025-10-15,509.2401428222656,715.6885986328125,251.0546112060547,248.42233276367188
2025-10-16,507.4349670410156,710.2228393554688,251.22418212890625,246.53927612304688
2025-10-17,509.3889465332031,715.0602416992188,253.1291961669922,251.36146545410156
2025-10-20,512.5726928710938,730.2706909179688,256.35076904296875,261.27484130859375
2025-10-21,513.4356079101562,731.3678588867188,250.6855926513672,261.80291748046875
2025-10-22,516.2921752929688,731.5074462890625,251.87249755859375,257.4988098144531
2025-10-23,516.3119506835938,732.095947265625,253.06935119628906,258.6246337890625
2025-10-24,519.3370361328125,736.444580078125,259.8316955566406,261.85272216796875
2025-10-27,527.1825561523438,748.872314453125,269.2271728515625,267.8206481933594
2025-10-28,537.6464233398438,749.49072265625,267.7310791015625,268.00994873046875
2025-10-29,537.1306762695312,749.7201538085938,274.4535217285156,268.7073974609375
2025-10-30,521.4695434570312,664.7410888671875,281.166015625,270.401123046875
2025-10-31,513.5843505859375,646.6680908203125,281.0862121582031,269.37493896484375
2025-11-03,512.810791015625,636.0557861328125,283.38018798828125,268.0597839355469
2025-11-04,510.1328430175781,625.6926879882812,277.3360290527344,269.046142578125
2025-11-05,503.0213317871094,634.30029296875,284.00860595703125,269.14581298828125
2025-11-06,493.04339599609375,617.3344116210938,284.5970458984375,268.7771301269531
2025-11-07,492.76568603515625,620.0972290039062,278.97174072265625,267.48193359375
2025-11-10,501.8707580566406,630.1211547851562,289.8333740234375,268.6985778808594
2025-11-11,504.5289001464844,625.453369140625,290.9803771972656,274.5028076171875
2025-11-12,506.9688720703125,607.43017578125,286.6816101074219,272.7276611328125
2025-11-13,499.182861328125,608.3079223632812,278.39324951171875,272.2090759277344
2025-11-14,506.0166320800781,607.8790283203125,276.25885009765625,271.6705322265625
2025-11-17,503.3486022949219,600.4483032226562,284.85638427734375,266.7339782714844
2025-11-18,489.76043701171875,596.1395874023438,284.2180480957031,266.7139892578125
2025-11-19,483.14483642578125,588.7886352539062,292.22711181640625,267.83099365234375
2025-11-20,475.41387939453125,587.6217651367188,289.2249755859375,265.5272521972656
2025-11-21,469.1436462402344,592.70849609375,298.8697814941406,270.75299072265625
2025-11-24,471.0118103027344,611.459716796875,317.64080810546875,275.1710205078125
2025-11-25,473.9829406738281,634.569580078125,322.79736328125,276.2181396484375
2025-11-26,482.4393310546875,631.9664306640625,319.4460754394531,276.79656982421875
2025-11-28,488.9082946777344,646.2691650390625,319.2865295410156,278.0930480957031
2025-12-01,483.6714782714844,639.2075805664062,314.29949951171875,282.33148193359375
2025-12-02,486.91094970703125,645.4213256835938,315.1971740722656,285.4131164550781
2025-12-03,474.7182922363281,637.9408569335938,319.7851867675781,283.378662109375
2025-12-04,477.8087158203125,659.81396484375,317.5610046386719,279.93804931640625
2025-12-05,480.11407470703125,671.673095703125,321.2513732910156,278.0232238769531
2025-12-08,487.9245300292969,665.0702514648438,313.8359375,277.1356506347656
2025-12-09,488.9181823730469,655.2557983398438,317.1294250488281,276.42755126953125
2025-12-10,475.5430908203125,648.4434814453125,320.37310791015625,278.0232238769531
2025-12-11,480.422119140625,651.016845703125,313.0873718261719,277.2752380371094
2025-12-12,475.51324462890625,642.558837890625,309.9135437011719,277.52459716796875
2025-12-15,471.82666015625,646.3570556640625,308.7159423828125,273.3658752441406
2025-12-16,473.38677978515625,655.9799194335938,307.1289978027344,273.8645324707031
2025-12-17,473.1184387207031,648.343505859375,297.4779052734375,271.1020812988281
2025-12-18,480.92889404296875,663.266845703125,303.1567687988281,271.45111083984375
2025-12-19,482.8566589355469,657.5969848632812,308.0072937011719,272.9271545410156
2025-12-22,481.8630065917969,660.3221435546875,310.7219543457031,270.23443603515625
2025-12-23,483.7807922363281,663.7559814453125,315.0634460449219,271.62066650390625
2025-12-24,484.94342041015625,666.361328125,315.0534973144531,273.06671142578125
2025-12-26,484.6353759765625,662.1089477539062,314.3448791503906,272.6578369140625
2025-12-29,484.02923583984375,657.5171508789062,313.7760314941406,273.0168762207031
2025-12-30,484.4068298339844,664.7642211914062,313.9356689453125,272.33868408203125
2025-12-31,480.5711669921875,658.9146118164062,313.1871337890625,271.12200927734375
2026-01-02,469.95849609375,649.2518310546875,314.70416259765625,270.27435302734375
2026-01-05,469.8691101074219,657.616943359375,316.7002868652344,266.5345458984375
2026-01-06,475.493408203125,659.4436645507812,313.9356689453125,261.64776611328125
2026-01-07,480.422119140625,647.534912109375,321.80029296875,259.6233215332031
2026-01-08,475.09588623046875,644.9096069335938,325.3733215332031,258.33685302734375
2026-01-09,476.2585144042969,651.8971557617188,328.4972229003906,258.6659240722656
2026-01-12,474.1717529296875,640.8268432617188,332.0801696777344,259.54351806640625
2026-01-13,467.70281982421875,629.96630859375,335.77294921875,260.34136962890625
2026-01-14,456.4839782714844,614.4240112304688,335.6531982421875,259.25433349609375
2026-01-15,453.7811279296875,619.694580078125,332.50933837890625,257.5090637207031
2026-01-16,456.9609375,619.1455688476562,329.69482421875,254.83636474609375
2026-01-20,451.6546325683594,603.0443115234375,321.5308532714844,246.0303192138672
2026-01-21,441.31024169921875,611.8685913085938,327.7386779785156,246.97775268554688
2026-01-22,448.2959289550781,646.476806640625,330.1938781738281,247.67584228515625
2026-01-23,463.0125732421875,657.5870361328125,327.78857421875,247.36668395996094
2026-01-26,467.3152770996094,671.1627197265625,332.9384765625,254.7166748046875
2026-01-27,477.5503234863281,671.7716674804688,334.3457336425781,257.56890869140625
2026-01-28,478.5937194824219,667.5391845703125,335.62322998046875,255.74388122558594
2026-01-29,430.76715087890625,736.995361328125,337.99859619140625,257.578857421875
2026-01-30,427.577392578125,715.2241821289062,337.86883544921875,258.775634765625
2026-02-02,420.7010192871094,705.152099609375,344.2264099121094,269.2770690917969
2026-02-03,408.6176452636719,690.4683227539062,340.03460693359375,268.7485046386719
2026-02-04,411.578857421875,667.798828125,332.6889953613281,275.73944091796875
2026-02-05,391.188232421875,669.0166625976562,330.6828918457031,275.1610107421875
2026-02-06,398.61114501953125,660.2822265625,322.468994140625,277.36505126953125
2026-02-09,410.9925842285156,676.0140991210938,323.76641845703125,274.13079833984375
2026-02-10,410.6646728515625,669.525634765625,318.0077209472656,273.19244384765625
2026-02-11,401.8207702636719,667.4993286132812,310.7219543457031,275.00921630859375
2026-02-12,399.30670166015625,648.6529541015625,308.76580810546875,261.2637634277344
2026-02-13,398.7900085449219,638.6307983398438,305.42236328125,255.32435607910156
2026-02-17,394.3581237792969,638.1516723632812,302.2286376953125,263.4099426269531
2026-02-18,397.08087158203125,642.0746459960938,303.346435546875,263.8791198730469
2026-02-19,396.8517761230469,643.6318969726562,302.9671630859375,260.11578369140625
2026-02-20,395.6267395019531,654.4925537109375,314.2850036621094,264.1086730957031
2026-02-23,382.918212890625,636.1153564453125,311.0812683105469,265.705810546875
2026-02-24,387.4299621582031,638.1616821289062,310.31280517578125,271.6552429199219
2026-02-25,398.9831237792969,652.5260009765625,312.41864013671875,273.74151611328125
2026-02-26,400.0986022949219,655.8401489257812,306.5501403808594,272.4637756347656
2026-02-27,391.15484619140625,647.0258178710938,310.82177734375,263.70941162109375
2026-03-02,396.9413757324219,652.396240234375,305.76165771484375,264.2484130859375
2026-03-03,402.2996826171875,653.91357421875,302.9671630859375,263.2801818847656
2026-03-04,403.5645751953125,666.541015625,302.85736083984375,262.0523376464844
2026-03-05,409.0224304199219,659.393798828125,300.32232666015625,259.8263244628906
2026-03-06,407.30938720703125,643.7117309570312,297.7174072265625,257.0013427734375
2026-03-09,407.757568359375,646.2372436523438,305.6275329589844,259.41705322265625
2026-03-10,404.122314453125,652.9053955078125,306.54638671875,260.3653564453125
2026-03-11,403.245849609375,653.6939697265625,308.0345153808594,260.34539794921875
2026-03-12,400.238037109375,637.043701171875,302.8310241699219,255.3043975830078
2026-03-13,393.9534912109375,612.6171875,301.0832214355469,249.6744384765625
2026-03-16,398.33575439453125,626.8690185546875,304.0395202636719,252.36964416503906
2026-03-17,397.79791259765625,622.0834350585938,309.0232849121094,253.77711486816406
2026-03-18,390.2087097167969,615.1099243164062,305.9171447753906,249.49476623535156
2026-03-19,387.4498596191406,606.1382446289062,305.3478698730469,248.5165252685547
2026-03-20,380.3287353515625,593.1102905273438,298.41656494140625,247.54823303222656
2026-03-23,381.4541931152344,603.5006713867188,298.6462707519531,251.04200744628906
2026-03-24,371.2355651855469,592.3709716796875,288.8385314941406,251.1917266845703
2026-03-25,369.5424499511719,594.3391723632812,289.22802734375,252.16998291015625
2026-03-26,364.492919921875,547.032958984375,280.38909912109375,252.43951416015625
2026-03-27,355.33001708984375,525.233154296875,273.4178161621094,248.35679626464844
2026-03-30,357.51116943359375,535.8833618164062,272.79864501953125,246.19065856933594
2026-03-31,368.67596435546875,571.6002197265625,286.5014343261719,253.33790588378906
2026-04-01,367.8791809082031,578.6936645507812,294.5314025878906,255.1746368408203
2026-04-02,371.9526672363281,573.9281005859375,294.0919494628906,255.464111328125
2026-04-06,371.375,572.4894409179688,297.2879638671875,258.39886474609375
2026-04-07,370.78741455078125,574.5175170898438,303.55010986328125,253.0484161376953
2026-04-08,372.81915283203125,611.8529052734375,314.34661865234375,258.4388122558594
2026-04-09,371.56427001953125,627.8081665039062,315.9745788574219,260.0259704589844
2026-04-10,369.3731384277344,629.2767333984375,315.32537841796875,260.0159912109375
2026-04-13,382.8186340332031,633.9425048828125,318.81103515625,258.73828125
2026-04-14,391.5233459472656,661.8765258789062,330.16680908203125,258.3689270019531
2026-04-15,409.5602722167969,670.9581909179688,334.0519714355469,265.95538330078125
2026-04-16,418.56378173828125,676.2432250976562,332.35406494140625,262.9307861328125
2026-04-17,421.0835876464844,687.9124145507812,338.9757995605469,269.7486267089844
2026-04-20,416.38262939453125,670.2887573242188,334.9808044433594,272.5635681152344
2026-04-21,422.44805908203125,668.220703125,330.0569763183594,265.69586181640625
2026-04-22,431.1726989746094,674.09521484375,337.3078918457031,272.68341064453125
2026-04-23,414.07196044921875,658.5396728515625,337.3278503417969,272.9429016113281
2026-04-24,422.90618896484375,674.4049682617188,341.89215087890625,270.5771179199219
2026-04-27,423.1053771972656,677.9916381835938,348.0843811035156,267.1332702636719
2026-04-28,427.5174865722656,670.7183837890625,347.065673828125,270.2277526855469
2026-04-29,422.7467956542969,668.5004272460938,346.87591552734375,269.688720703125
2026-04-30,406.1341552734375,611.3433837890625,381.4626159667969,270.86663818359375
2026-05-01,412.76727294921875,608.1863403320312,382.74102783203125,279.6409912109375
2026-05-04,411.9505615234375,609.8447875976562,379.16552734375,276.3368225097656
2026-05-05,409.7196350097656,604.3998413085938,383.7896728515625,283.67376708984375
2026-05-06,412.2891845703125,612.3125,394.6461181640625,286.99786376953125
2026-05-07,419.07171630859375,616.2388305664062,394.805908203125,286.927978515625
2026-05-08,413.44451904296875,609.0654907226562,396.5537414550781,292.7974853515625
2026-05-11,410.99444580078125,598.3054809570312,386.28656005859375,292.42779541015625
2026-05-12,406.1241760253906,602.441650390625,383.34027099609375,294.54595947265625
2026-05-13,403.57452392578125,616.0590209960938,398.541259765625,298.6124572753906
2026-05-14,407.7774963378906,617.8573608398438,396.673583984375,297.9530334472656
2026-05-15,420.2170715332031,613.6612548828125,392.8283996582031,299.9713134765625
2026-05-18,421.83056640625,610.64404296875,392.61865234375,297.5833435058594
2026-05-19,415.7352600097656,602.052001953125,384.4189147949219,298.7123718261719
2026-05-20,419.36053466796875,604.499755859375,384.4189147949219,301.98956298828125
2026-05-21,418.3025207519531,606.8175659179688,382.9906921386719,304.7271728515625
2026-05-22,417.7835388183594,609.6949462890625,378.90582275390625,308.55389404296875
2026-05-26,415.248291015625,611.7730102539062,384.3589782714844,308.0643005371094
2026-05-27,411.8946228027344,634.6718139648438,384.3489990234375,310.5821533203125
2026-05-28,426.18768310546875,634.7017211914062,385.63739013671875,312.24072265625
2026-05-29,449.3940124511719,631.92431640625,375.9595031738281,311.7911071777344
2026-06-01,459.6546936035156,599.9139404296875,372.11431884765625,306.0460510253906
2026-06-02,440.48077392578125,597.0765991210938,357.9420471191406,314.92840576171875
2026-06-03,426.53704833984375,622.4031372070312,355.2354431152344,309.9926452636719
2026-06-04,427.2456970214844,626.9888916015625,368.8084411621094,310.9618225097656
2026-06-05,415.8870849609375,592.450927734375,365.3028564453125,307.0751647949219
2026-06-08,410.9663391113281,584.8479614257812,360.9356994628906,301.2801818847656
2026-06-09,402.6520080566406,584.0487060546875,362.0549621582031,290.29962158203125
2026-06-10,396.61334228515625,570.4512939453125,353.09075927734375,291.3287353515625
2026-06-11,389.6065673828125,567.9036254882812,356.32867431640625,295.375244140625
2026-06-12,390.00579833984375,566.4549560546875,357.9276428222656,290.879150390625
2026-06-15,399.0088806152344,593.47998046875,366.8717956542969,296.1645812988281
2026-06-16,393.0899963378906,600.2100219726562,370.8592529296875,298.9821472167969
2026-06-17,378.1980285644531,567.5800170898438,361.8650817871094,295.6949768066406
2026-06-18,378.6871032714844,577.219970703125,367.2215881347656,297.7532043457031
2026-06-22,366.6497802734375,563.8499755859375,348.5537109375,296.75408935546875
2026-06-23,373.23736572265625,562.2000122070312,345.8554382324219,294.04638671875
2026-06-24,364.7733154296875,557.6699829101562,344.816162109375,292.8274230957031
2026-06-25,352.1670227050781,542.8699951171875,341.9679870605469,274.91290283203125
2026-06-26,372.2691955566406,550.25,334.4728698730469,283.53546142578125
2026-06-29,367.8774719238281,562.5999755859375,351.0520935058594,281.4972229003906
2026-06-30,372.319091796875,563.2899780273438,353.1007385253906,289.11065673828125
2026-07-01,383.5579528808594,612.9099731445312,357.6578063964844,294.1263427734375
2026-07-02,389.7562561035156,582.9000244140625,355.94891357421875,308.3640441894531
2026-07-06,386.0133056640625,600.2899780273438,364.6632385253906,312.3905944824219
2026-07-07,388.109375,615.5800170898438,363.38409423828125,310.3923034667969
2026-07-08,382.6197204589844,603.1199951171875,358.4772644042969,313.1199645996094
2026-07-09,383.6377868652344,631.47998046875,356.00885009765625,315.947509765625
2026-07-10,384.37640380859375,669.2100219726562,354.7996520996094,315.0483093261719
2026-07-13,390.2553405761719,656.72998046875,350.4425048828125,317.03656005859375
2026-07-14,384.20672607421875,661.0399780273438,357.09814453125,314.58868408203125
2026-07-15,394.8866271972656,681.3099975585938,369.96978759765625,327.2178039550781
2026-07-16,400.3463439941406,664.5399780273438,353.5804443359375,332.97283935546875
2026-07-17,393.08001708984375,646.010009765625,345.89544677734375,333.452392578125
2026-07-20,401.53411865234375,645.8499755859375,351.14202880859375,326.3085632324219
2026-07-21,397.00262451171875,643.8099975585938,345.96539306640625,327.45758056640625
2026-07-22,389.6065673828125,627.1699829101562,341.68817138671875,325.60919189453125
2026-07-23,380.8630065917969,606.0999755859375,318.1334533691406,321.3828430175781
2026-07-24,380.9828186035156,595.1900024414062,318.8829650878906,332.7330322265625
2026-07-27,388.368896484375,593.8699951171875,326.3581237792969,336.61968994140625
2026-07-28,392.61090087890625,593.4099731445312,332.38421630859375,339.78692626953125
2026-07-29,389.8061828613281,585.6099853515625,335.54217529296875,337.8985900878906
2026-07-30,450.2524108886719,539.030029296875,333.4635009765625,333.1426696777344
2026-07-31,463.8468017578125,556.7100219726562,356.4186096191406,308.6438293457031
2026-08-03,486.73370361328125,590.239990234375,372.22833251953125,303.1585693359375
2026-08-04,491.884033203125,587.9400024414062,375.1064758300781,309.1134033203125
2026-08-05,486.5440673828125,588.77001953125,359.8963623046875,310.7320251464844
2026-08-06,498.9207458496094,589.9000244140625,356.38861083984375,312.14080810546875
2026-08-07,499.0505065917969,592.0999755859375,353.24066162109375,313.05999755859375
2026-08-10,505.109130859375,594.9199829101562,355.609130859375,308.260009765625
2026-08-11,502.86334228515625,599.1199951171875,342.7774658203125,304.9100036621094
2026-08-12,491.5047302246094,578.8499755859375,342.1478576660156,302.25
2026-08-13,495.9463806152344,594.969970703125,343.71685791015625,305.260009765625
2026-08-14,494.4691467285156,589.8499755859375,343.3171081542969,305.92999267578125
2026-08-17,479.44744873046875,568.969970703125,341.2284851074219,305.5899963378906
2026-08-18,480.72503662109375,543.6699829101562,341.0585632324219,310.0299987792969
2026-08-19,483.3999938964844,546.030029296875,341.47833251953125,316.8299865722656
2026-08-20,481.1499938964844,545.8300170898438,337.9805908203125,311.29998779296875
2026-08-21,483.239990234375,549.9000244140625,341.52825927734375,309.3500061035156
2026-08-24,487.30999755859375,559.02001953125,344.3664245605469,310.3399963378906
2026-08-25,491.7099914550781,570.0499877929688,343.11724853515625,309.8999938964844
2026-08-26,496.3699951171875,576.1400146484375,338.8800048828125,313.45001220703125
2026-08-27,505.05999755859375,571.0999755859375,337.4908752441406,314.5799865722656
2026-08-28,513.530029296875,578.02001953125,342.65753173828125,319.70001220703125
2026-08-31,507.2900085449219,572.3400268554688,335.1923828125,316.8500061035156
2026-09-01,501.0199890136719,578.5399780273438,331.8145751953125,325.1300048828125
2026-09-02,496.82000732421875,592.8499755859375,333.5634460449219,324.9599914550781
2026-09-03,510.1199951171875,610.6799926757812,338.8599853515625,328.2099914550781
2026-09-04,499.70001220703125,616.77001953125,335.30999755859375,319.9700012207031
