Datetime,ETE.AT,AAPL,MSFT
2026-08-31 13:30:00+00:00,19.776076427405542,319.3599853515625,509.10009765625
2026-08-31 13:31:00+00:00,19.781876590793672,319.2900085449219,508.56500244140625
2026-08-31 13:32:00+00:00,19.776076427405542,319.3883972167969,508.19500732421875
2026-08-31 13:33:00+00:00,19.789974353376238,318.5845947265625,509.5
2026-08-31 13:34:00+00:00,19.787678967139982,318.07501220703125,510.54998779296875
2026-08-31 13:35:00+00:00,19.793479130528112,317.4549865722656,508.88800048828125
2026-08-31 13:36:00+00:00,19.791183071468367,317.489990234375,509.3900146484375
2026-08-31 13:37:00+00:00,19.795775189587857,318.31500244140625,509.42999267578125
2026-08-31 13:38:00+00:00,19.76676658209999,318.19000244140625,509.8500061035156
2026-08-31 13:39:00+00:00,19.76676658209999,318.6499938964844,510.3902893066406
2026-08-31 13:40:00+00:00,19.76676658209999,317.95001220703125,509.7349853515625
2026-08-31 13:41:00+00:00,19.77486503036198,318.1650085449219,509.55499267578125
2026-08-31 13:42:00+00:00,19.784171303949734,317.7799987792969,509.875
2026-08-31 13:43:00+00:00,19.77378238707297,317.19000244140625,509.32000732421875
2026-08-31 13:44:00+00:00,19.771488346740398,317.375,509.2850036621094
2026-08-31 13:45:00+00:00,19.77728716448155,316.8739929199219,509.7550048828125
2026-08-31 13:46:00+00:00,19.77378238707297,316.9049987792969,509.2250061035156
2026-08-31 13:47:00+00:00,19.765689528999246,317.32000732421875,509.5849914550781
2026-08-31 13:48:00+00:00,19.763396161490164,317.19000244140625,509.60540771484375
2026-08-31 13:49:00+00:00,19.788887012408622,317.3900146484375,510.81500244140625
2026-08-31 13:50:00+00:00,19.78308819466747,317.2449951171875,510.2200012207031
2026-08-31 13:51:00+00:00,19.788887012408622,317.95001220703125,509.81500244140625
2026-08-31 13:52:00+00:00,19.763396161490164,317.8301086425781,509.5249938964844
2026-08-31 13:53:00+00:00,19.765689528999246,317.80999755859375,509.8901062011719
2026-08-31 13:54:00+00:00,19.769194306407826,317.95001220703125,510.6300048828125
2026-08-31 13:55:00+00:00,19.771488346740398,317.57501220703125,510.1400146484375
2026-08-31 13:56:00+00:00,19.765689528999246,317.69000244140625,510.17999267578125
2026-08-31 13:57:00+00:00,19.762181193242213,317.30499267578125,509.6899108886719
2026-08-31 13:58:00+00:00,19.75867372428297,317.5050048828125,508.92999267578125
2026-08-31 13:59:00+00:00,19.778370467738114,317.260009765625,508.9049987792969
2026-08-31 14:00:00+00:00,19.769194306407826,316.8900146484375,508.57000732421875
2026-08-31 14:01:00+00:00,19.771488346740398,316.45111083984375,508.4150085449219
2026-08-31 14:02:00+00:00,19.771488346740398,316.4849853515625,508.1650085449219
2026-08-31 14:03:00+00:00,19.77378238707297,316.5799865722656,508.3700866699219
2026-08-31 14:04:00+00:00,19.776076427405542,316.5199890136719,507.8056945800781
2026-08-31 14:05:00+00:00,19.776076427405542,316.6400146484375,507.8999938964844
2026-08-31 14:06:00+00:00,19.776076427405542,316.4100036621094,507.9599914550781
2026-08-31 14:07:00+00:00,19.776076427405542,316.49749755859375,507.9649963378906
2026-08-31 14:08:00+00:00,19.778370467738114,316.42999267578125,508.3999938964844
2026-08-31 14:09:00+00:00,19.778370467738114,316.3599853515625,507.9100036621094
2026-08-31 14:10:00+00:00,19.586909674531398,315.80499267578125,507.7749938964844
2026-08-31 14:11:00+00:00,19.586909674531398,316.09991455078125,508.16558837890625
2026-08-31 14:12:00+00:00,19.591457365650513,315.94000244140625,507.6000061035156
2026-08-31 14:13:00+00:00,19.589183520090955,316.2449951171875,508.1202087402344
2026-08-31 14:14:00+00:00,19.589183520090955,316.5150146484375,508.0849914550781
2026-08-31 14:15:00+00:00,19.586909674531398,316.4750061035156,507.8851013183594
2026-08-31 14:16:00+00:00,19.589183520090955,316.3999938964844,507.6300048828125
2026-08-31 14:17:00+00:00,19.591457365650513,316.260009765625,507.885009765625
2026-08-31 14:18:00+00:00,19.589183520090955,316.19000244140625,508.18499755859375
2026-08-31 14:19:00+00:00,19.591457365650513,316.19000244140625,508.32501220703125
2026-08-31 14:20:00+00:00,19.591457365650513,315.9599914550781,508.0799865722656
2026-08-31 14:21:00+00:00,19.591457365650513,315.82501220703125,508.7449951171875
2026-08-31 14:22:00+00:00,19.59373121121007,315.69000244140625,508.3450012207031
2026-08-31 14:23:00+00:00,19.59373121121007,315.6000061035156,508.8949890136719
2026-08-31 14:24:00+00:00,19.59373121121007,315.6199951171875,509.2250061035156
2026-08-31 14:25:00+00:00,19.59373121121007,315.689208984375,508.9549865722656
2026-08-31 14:26:00+00:00,19.59373121121007,315.739990234375,509.1300048828125
2026-08-31 14:27:00+00:00,19.59373121121007,315.7300109863281,509.1300048828125
2026-08-31 14:28:00+00:00,19.591457365650513,315.6650085449219,509.0799865722656
2026-08-31 14:29:00+00:00,19.591457365650513,315.7099914550781,509.3699951171875
2026-08-31 14:30:00+00:00,19.59373121121007,315.3349914550781,509.6300048828125
2026-08-31 14:31:00+00:00,19.596005056769627,315.2919006347656,509.3550109863281
2026-08-31 14:32:00+00:00,19.59373121121007,315.0899963378906,509.0199890136719
2026-08-31 14:33:00+00:00,19.59373121121007,314.82000732421875,509.17498779296875
2026-08-31 14:34:00+00:00,19.589183520090955,314.4049987792969,509.0849914550781
2026-08-31 14:35:00+00:00,19.591457365650513,314.614990234375,509.0249938964844
2026-08-31 14:36:00+00:00,19.591457365650513,314.9200134277344,509.1300048828125
2026-08-31 14:37:00+00:00,19.591457365650513,315.1000061035156,509.07000732421875
2026-08-31 14:38:00+00:00,19.596005056769627,315.125,509.3800048828125
2026-08-31 14:39:00+00:00,19.596005056769627,314.95001220703125,509.39239501953125
2026-08-31 14:40:00+00:00,19.596005056769627,314.81500244140625,509.3280944824219
2026-08-31 14:41:00+00:00,19.596005056769627,314.8500061035156,509.510009765625
2026-08-31 14:42:00+00:00,19.596005056769627,314.835205078125,509.4800109863281
2026-08-31 14:43:00+00:00,19.59373121121007,314.9100036621094,509.5450134277344
2026-08-31 14:44:00+00:00,19.596005056769627,314.9750061035156,509.4385986328125
2026-08-31 14:45:00+00:00,19.60283263020642,314.9549865722656,509.1942138671875
2026-08-31 14:46:00+00:00,19.60283263020642,315.0899963378906,509.44000244140625
2026-08-31 14:47:00+00:00,19.60283263020642,315.20001220703125,509.510009765625
2026-08-31 14:48:00+00:00,19.600556772394157,315.1400146484375,509.55999755859375
2026-08-31 14:49:00+00:00,19.598280914581892,315.07000732421875,509.3299865722656
2026-08-31 14:50:00+00:00,19.598280914581892,314.989990234375,509.42498779296875
2026-08-31 14:51:00+00:00,19.605108488018686,315.05999755859375,509.69500732421875
2026-08-31 14:52:00+00:00,19.60283263020642,315.0754089355469,509.6499938964844
2026-08-31 14:53:00+00:00,19.60966422814863,314.7799987792969,509.92498779296875
2026-08-31 14:54:00+00:00,19.60738635808366,314.9800109863281,510.0899963378906
2026-08-31 14:55:00+00:00,19.60966422814863,314.88970947265625,509.8999938964844
2026-08-31 14:56:00+00:00,19.60738635808366,315.17498779296875,510.1390075683594
2026-08-31 14:57:00+00:00,19.614221980531283,315.385009765625,510.3999938964844
2026-08-31 14:58:00+00:00,19.616501862848963,315.4700012207031,510.3900146484375
2026-08-31 14:59:00+00:00,19.60966422814863,315.3800048828125,510.8800048828125
2026-08-31 15:00:00+00:00,19.611942098213603,315.57000732421875,511.3999938964844
2026-08-31 15:01:00+00:00,19.611942098213603,315.7500915527344,511.4150085449219
2026-08-31 15:02:00+00:00,19.60966422814863,315.57000732421875,511.1499938964844
2026-08-31 15:03:00+00:00,19.60966422814863,315.3800048828125,511.3949890136719
2026-08-31 15:04:00+00:00,19.60966422814863,315.23809814453125,511.07000732421875
2026-08-31 15:05:00+00:00,19.60966422814863,315.1000061035156,511.239990234375
2026-08-31 15:06:00+00:00,19.611942098213603,315.29998779296875,511.6036071777344
2026-08-31 15:07:00+00:00,19.614221980531283,315.20001220703125,511.7049865722656
2026-08-31 15:08:00+00:00,19.614221980531283,315.2300109863281,511.5299987792969
2026-08-31 15:09:00+00:00,19.614221980531283,315.4549865722656,511.8800048828125
2026-08-31 15:10:00+00:00,19.60966422814863,315.5400085449219,511.89990234375
2026-08-31 15:11:00+00:00,19.60966422814863,315.364990234375,511.6983947753906
2026-08-31 15:12:00+00:00,19.614221980531283,315.3299865722656,511.44500732421875
2026-08-31 15:13:00+00:00,19.614221980531283,315.2699890136719,510.6449890136719
2026-08-31 15:14:00+00:00,19.611942098213603,315.31500244140625,511.18341064453125
2026-08-31 15:15:00+00:00,19.60966422814863,315.3399963378906,510.9100036621094
2026-08-31 15:16:00+00:00,19.60966422814863,315.1650085449219,510.5299987792969
2026-08-31 15:17:00+00:00,19.60738635808366,315.07000732421875,510.7950134277344
2026-08-31 15:18:00+00:00,19.60966422814863,315.07000732421875,511.4949951171875
2026-08-31 15:19:00+00:00,19.60738635808366,315.17999267578125,511.7987060546875
2026-08-31 15:20:00+00:00,19.60966422814863,315.07501220703125,511.2799987792969
2026-08-31 15:21:00+00:00,19.60966422814863,315.2099914550781,511.1499938964844
2026-08-31 15:22:00+00:00,19.60966422814863,315.3999938964844,511.114990234375
2026-08-31 15:23:00+00:00,19.60738635808366,315.3056945800781,511.510009765625
2026-08-31 15:24:00+00:00,19.60966422814863,315.06500244140625,511.5899963378906
2026-08-31 15:25:00+00:00,19.611942098213603,315.0199890136719,511.3550109863281
2026-08-31 15:26:00+00:00,19.611942098213603,315.0350036621094,511.1377868652344
2026-08-31 15:27:00+00:00,19.611942098213603,314.9599914550781,510.9100036621094
2026-08-31 15:28:00+00:00,19.614221980531283,315.0799865722656,510.5899963378906
2026-08-31 15:29:00+00:00,19.614221980531283,315.06988525390625,510.82000732421875
2026-08-31 15:30:00+00:00,19.616501862848963,314.92401123046875,510.3999938964844
2026-08-31 15:31:00+00:00,19.618779732913936,314.8399963378906,510.5299987792969
2026-08-31 15:32:00+00:00,19.618779732913936,314.8599853515625,510.0
2026-08-31 15:33:00+00:00,19.616501862848963,314.7799987792969,510.3299865722656
2026-08-31 15:34:00+00:00,19.616501862848963,315.1000061035156,510.2300109863281
2026-08-31 15:35:00+00:00,19.618779732913936,315.04998779296875,510.2001037597656
2026-08-31 15:36:00+00:00,19.618779732913936,314.92498779296875,510.7139892578125
2026-08-31 15:37:00+00:00,19.618779732913936,314.9150085449219,510.5050964355469
2026-08-31 15:38:00+00:00,19.618779732913936,314.7900085449219,510.48980712890625
2026-08-31 15:39:00+00:00,19.618779732913936,314.7300109863281,510.6199951171875
2026-08-31 15:40:00+00:00,19.618779732913936,314.7349853515625,510.7650146484375
2026-08-31 15:41:00+00:00,19.618779732913936,314.7900085449219,510.8500061035156
2026-08-31 15:42:00+00:00,19.618779732913936,314.8299865722656,511.1499938964844
2026-08-31 15:43:00+00:00,19.616501862848963,314.760009765625,510.8800048828125
2026-08-31 15:44:00+00:00,19.616501862848963,314.91900634765625,511.0950012207031
2026-08-31 15:45:00+00:00,19.616501862848963,314.7099914550781,510.989990234375
2026-08-31 15:46:00+00:00,19.618779732913936,314.8349914550781,511.0
2026-08-31 15:47:00+00:00,19.618779732913936,314.7699890136719,510.625
2026-08-31 15:48:00+00:00,19.621061627484323,314.7699890136719,510.56500244140625
2026-08-31 15:49:00+00:00,19.618779732913936,314.9150085449219,510.54998779296875
2026-08-31 15:50:00+00:00,19.618779732913936,314.92999267578125,510.7550048828125
2026-08-31 15:51:00+00:00,19.616501862848963,314.9649963378906,510.8099060058594
2026-08-31 15:52:00+00:00,19.618779732913936,314.9949951171875,510.7250061035156
2026-08-31 15:53:00+00:00,19.618779732913936,315.0199890136719,510.68499755859375
2026-08-31 15:54:00+00:00,19.616501862848963,314.92999267578125,510.7850036621094
2026-08-31 15:55:00+00:00,19.616501862848963,314.79998779296875,510.7900085449219
2026-08-31 15:56:00+00:00,19.614221980531283,314.739990234375,510.1300048828125
2026-08-31 15:57:00+00:00,19.614221980531283,314.67999267578125,510.2650146484375
2026-08-31 15:58:00+00:00,19.614221980531283,314.7799987792969,510.2250061035156
2026-08-31 15:59:00+00:00,19.614221980531283,314.6600036621094,509.9071044921875
2026-08-31 16:00:00+00:00,19.614221980531283,314.6099853515625,509.9599914550781
2026-08-31 16:01:00+00:00,19.616501862848963,314.6199951171875,509.8349914550781
2026-08-31 16:02:00+00:00,19.616501862848963,314.54998779296875,509.5
2026-08-31 16:03:00+00:00,19.614221980531283,314.55999755859375,509.4549865722656
2026-08-31 16:04:00+00:00,19.614221980531283,314.3699951171875,509.29998779296875
2026-08-31 16:05:00+00:00,19.616501862848963,314.135009765625,509.5799865722656
2026-08-31 16:06:00+00:00,19.616501862848963,314.1400146484375,509.54998779296875
2026-08-31 16:07:00+00:00,19.614221980531283,314.07000732421875,509.5299987792969
2026-08-31 16:08:00+00:00,19.614221980531283,314.04180908203125,509.8349914550781
2026-08-31 16:09:00+00:00,19.614221980531283,314.010009765625,509.8500061035156
2026-08-31 16:10:00+00:00,19.614221980531283,314.0400085449219,510.2250061035156
2026-08-31 16:11:00+00:00,19.614221980531283,314.1720886230469,510.44500732421875
2026-08-31 16:12:00+00:00,19.614221980531283,314.1499938964844,510.4150085449219
2026-08-31 16:13:00+00:00,19.614221980531283,314.17999267578125,510.260009765625
2026-08-31 16:14:00+00:00,19.614221980531283,314.4599914550781,510.54998779296875
2026-08-31 16:15:00+00:00,19.614221980531283,314.45001220703125,510.43499755859375
2026-08-31 16:16:00+00:00,19.614221980531283,314.260009765625,510.510009765625
2026-08-31 16:17:00+00:00,19.611942098213603,314.1050109863281,510.2349853515625
2026-08-31 16:18:00+00:00,19.611942098213603,314.07000732421875,510.3399963378906
2026-08-31 16:19:00+00:00,19.611942098213603,314.25,510.4599914550781
2026-08-31 16:20:00+00:00,19.614221980531283,314.2349853515625,510.7300109863281
2026-08-31 16:21:00+00:00,19.616501862848963,314.2049865722656,510.69000244140625
2026-08-31 16:22:00+00:00,19.616501862848963,314.2701110839844,510.5050048828125
2026-08-31 16:23:00+00:00,19.614221980531283,314.20001220703125,510.5400085449219
2026-08-31 16:24:00+00:00,19.616501862848963,314.30999755859375,510.5
2026-08-31 16:25:00+00:00,19.614221980531283,314.260009765625,510.6099853515625
2026-08-31 16:26:00+00:00,19.614221980531283,314.5150146484375,510.5150146484375
2026-08-31 16:27:00+00:00,19.614221980531283,314.8299865722656,510.4150085449219
2026-08-31 16:28:00+00:00,19.614221980531283,314.6400146484375,510.67950439453125
2026-08-31 16:29:00+00:00,19.614221980531283,314.6700134277344,510.60009765625
2026-08-31 16:30:00+00:00,19.614221980531283,314.32501220703125,510.4800109863281
2026-08-31 16:31:00+00:00,19.614221980531283,314.04010009765625,510.2200012207031
2026-08-31 16:32:00+00:00,19.614221980531283,314.0852966308594,509.6600036621094
2026-08-31 16:33:00+00:00,19.614221980531283,314.125,510.364990234375
2026-08-31 16:34:00+00:00,19.614221980531283,314.06500244140625,510.67999267578125
2026-08-31 16:35:00+00:00,19.611942098213603,313.635009765625,510.7799987792969
2026-08-31 16:36:00+00:00,19.611942098213603,313.639892578125,510.67999267578125
2026-08-31 16:37:00+00:00,19.611942098213603,313.3900146484375,510.6400146484375
2026-08-31 16:38:00+00:00,19.611942098213603,313.0899963378906,510.55499267578125
2026-08-31 16:39:00+00:00,19.611942098213603,313.1300048828125,510.1600036621094
2026-08-31 16:40:00+00:00,19.611942098213603,313.5351867675781,510.0360107421875
2026-08-31 16:41:00+00:00,19.611942098213603,313.489990234375,510.6700134277344
2026-08-31 16:42:00+00:00,19.611942098213603,313.385009765625,510.6199951171875
2026-08-31 16:43:00+00:00,19.611942098213603,313.46990966796875,510.67498779296875
2026-08-31 16:44:00+00:00,19.611942098213603,313.4800109863281,510.6199951171875
2026-08-31 16:45:00+00:00,19.611942098213603,313.3999938964844,510.54010009765625
2026-08-31 16:46:00+00:00,19.611942098213603,313.6300048828125,510.75
2026-08-31 16:47:00+00:00,19.611942098213603,313.5199890136719,510.69000244140625
2026-08-31 16:48:00+00:00,19.611942098213603,313.6549987792969,511.0799865722656
2026-08-31 16:49:00+00:00,19.60966422814863,313.70001220703125,510.9750061035156
2026-08-31 16:50:00+00:00,19.611942098213603,313.6824035644531,511.010009765625
2026-08-31 16:51:00+00:00,19.614221980531283,313.6199951171875,510.9100036621094
2026-08-31 16:52:00+00:00,19.614221980531283,313.6499938964844,511.5400085449219
2026-08-31 16:53:00+00:00,19.614221980531283,313.7799987792969,511.3450012207031
2026-08-31 16:54:00+00:00,19.614221980531283,313.760009765625,511.239990234375
2026-08-31 16:55:00+00:00,19.611942098213603,313.81500244140625,511.3699951171875
2026-08-31 16:56:00+00:00,19.611942098213603,313.70001220703125,511.3599853515625
2026-08-31 16:57:00+00:00,19.611942098213603,313.7799987792969,511.4649963378906
2026-08-31 16:58:00+00:00,19.614221980531283,313.7799987792969,511.3900146484375
2026-08-31 16:59:00+00:00,19.614221980531283,313.760009765625,511.3900146484375
2026-08-31 17:00:00+00:00,19.614221980531283,313.69000244140625,511.2099914550781
2026-08-31 17:01:00+00:00,19.614221980531283,313.56500244140625,511.2300109863281
2026-08-31 17:02:00+00:00,19.614221980531283,313.57000732421875,511.2300109863281
2026-08-31 17:03:00+00:00,19.614221980531283,313.57000732421875,511.2401123046875
2026-08-31 17:04:00+00:00,19.614221980531283,313.4800109863281,511.07501220703125
2026-08-31 17:05:00+00:00,19.611942098213603,313.5508117675781,511.3599853515625
2026-08-31 17:06:00+00:00,19.611942098213603,313.6199951171875,511.2123107910156
2026-08-31 17:07:00+00:00,19.611942098213603,313.739990234375,511.1679992675781
2026-08-31 17:08:00+00:00,19.614221980531283,313.6451110839844,510.8699951171875
2026-08-31 17:09:00+00:00,19.611942098213603,313.62200927734375,511.010009765625
2026-08-31 17:10:00+00:00,19.614221980531283,313.6300048828125,511.260009765625
2026-08-31 17:11:00+00:00,19.614221980531283,313.7008056640625,511.3349914550781
2026-08-31 17:12:00+00:00,19.614221980531283,313.760009765625,511.30499267578125
2026-08-31 17:13:00+00:00,19.616501862848963,313.80999755859375,511.0249938964844
2026-08-31 17:14:00+00:00,19.616501862848963,314.0314025878906,511.1549987792969
2026-08-31 17:15:00+00:00,19.614221980531283,313.875,511.42498779296875
2026-08-31 17:16:00+00:00,19.616501862848963,313.9100036621094,511.4119873046875
2026-08-31 17:17:00+00:00,19.616501862848963,313.95001220703125,511.260009765625
2026-08-31 17:18:00+00:00,19.616501862848963,314.04998779296875,511.2900085449219
2026-08-31 17:19:00+00:00,19.616501862848963,314.07000732421875,511.42999267578125
2026-08-31 17:20:00+00:00,19.616501862848963,314.0799865722656,511.19000244140625
2026-08-31 17:21:00+00:00,19.616501862848963,314.1300048828125,510.9949951171875
2026-08-31 17:22:00+00:00,19.616501862848963,314.1600036621094,511.18499755859375
2026-08-31 17:23:00+00:00,19.616501862848963,314.2049865722656,511.1600036621094
2026-08-31 17:24:00+00:00,19.616501862848963,314.1499938964844,511.135009765625
2026-08-31 17:25:00+00:00,19.616501862848963,314.0,510.95001220703125
2026-08-31 17:26:00+00:00,19.614221980531283,314.0,510.8450012207031
2026-08-31 17:27:00+00:00,19.614221980531283,313.8500061035156,510.8999938964844
2026-08-31 17:28:00+00:00,19.611942098213603,313.8500061035156,510.55999755859375
2026-08-31 17:29:00+00:00,19.614221980531283,313.8800048828125,510.6799011230469
2026-08-31 17:30:00+00:00,19.611942098213603,313.7099914550781,510.4599914550781
2026-08-31 17:31:00+00:00,19.611942098213603,313.6400146484375,510.4205017089844
2026-08-31 17:32:00+00:00,19.611942098213603,313.70001220703125,510.2200012207031
2026-08-31 17:33:00+00:00,19.611942098213603,313.69500732421875,510.20001220703125
2026-08-31 17:34:00+00:00,19.611942098213603,313.3949890136719,510.3399963378906
2026-08-31 17:35:00+00:00,19.611942098213603,313.5799865722656,510.4200134277344
2026-08-31 17:36:00+00:00,19.611942098213603,313.7699890136719,510.3599853515625
2026-08-31 17:37:00+00:00,19.611942098213603,313.9949951171875,510.41290283203125
2026-08-31 17:38:00+00:00,19.611942098213603,313.94000244140625,510.42999267578125
2026-08-31 17:39:00+00:00,19.611942098213603,314.0950012207031,510.6300048828125
2026-08-31 17:40:00+00:00,19.611942098213603,314.1400146484375,510.7250061035156
2026-08-31 17:41:00+00:00,19.611942098213603,314.2049865722656,510.75
2026-08-31 17:42:00+00:00,19.614221980531283,314.06500244140625,510.57000732421875
2026-08-31 17:43:00+00:00,19.614221980531283,314.1200866699219,510.57000732421875
2026-08-31 17:44:00+00:00,19.614221980531283,314.1700134277344,510.6099853515625
2026-08-31 17:45:00+00:00,19.611942098213603,314.260009765625,510.6000061035156
2026-08-31 17:46:00+00:00,19.614221980531283,314.2449951171875,510.6199951171875
2026-08-31 17:47:00+00:00,19.616501862848963,314.32000732421875,510.67999267578125
2026-08-31 17:48:00+00:00,19.614221980531283,314.3699951171875,510.6700134277344
2026-08-31 17:49:00+00:00,19.616501862848963,314.42498779296875,510.7998962402344
2026-08-31 17:50:00+00:00,19.616501862848963,314.52899169921875,511.1199951171875
2026-08-31 17:51:00+00:00,19.614221980531283,314.67999267578125,511.1700134277344
2026-08-31 17:52:00+00:00,19.614221980531283,314.79998779296875,511.04998779296875
2026-08-31 17:53:00+00:00,19.614221980531283,314.82000732421875,511.135009765625
2026-08-31 17:54:00+00:00,19.614221980531283,315.1000061035156,511.0849914550781
2026-08-31 17:55:00+00:00,19.614221980531283,315.0299987792969,511.0150146484375
2026-08-31 17:56:00+00:00,19.614221980531283,315.0299987792969,510.9800109863281
2026-08-31 17:57:00+00:00,19.614221980531283,314.94000244140625,510.9599914550781
2026-08-31 17:58:00+00:00,19.611942098213603,315.010009765625,511.010009765625
2026-08-31 17:59:00+00:00,19.611942098213603,315.07489013671875,511.0199890136719
2026-08-31 18:00:00+00:00,19.611942098213603,315.04998779296875,510.6400146484375
2026-08-31 18:01:00+00:00,19.611942098213603,314.93499755859375,511.1400146484375
2026-08-31 18:02:00+00:00,19.611942098213603,314.92999267578125,511.2300109863281
2026-08-31 18:03:00+00:00,19.611942098213603,315.0849914550781,511.18499755859375
2026-08-31 18:04:00+00:00,19.614221980531283,315.1600036621094,511.2200012207031
2026-08-31 18:05:00+00:00,19.614221980531283,315.1700134277344,511.2300109863281
2026-08-31 18:06:00+00:00,19.614221980531283,315.3349914550781,511.239990234375
2026-08-31 18:07:00+00:00,19.614221980531283,315.3301086425781,511.0596008300781
2026-08-31 18:08:00+00:00,19.614221980531283,315.4949951171875,511.19000244140625
2026-08-31 18:09:00+00:00,19.614221980531283,315.6000061035156,511.20001220703125
2026-08-31 18:10:00+00:00,19.614221980531283,315.57000732421875,511.0899963378906
2026-08-31 18:11:00+00:00,19.614221980531283,315.6000061035156,511.42498779296875
2026-08-31 18:12:00+00:00,19.614221980531283,315.56988525390625,511.5050048828125
2026-08-31 18:13:00+00:00,19.616501862848963,315.33990478515625,511.5899963378906
2026-08-31 18:14:00+00:00,19.616501862848963,315.3599853515625,511.6499938964844
2026-08-31 18:15:00+00:00,19.616501862848963,315.2799987792969,511.4599914550781
2026-08-31 18:16:00+00:00,19.616501862848963,315.29998779296875,512.0650024414062
2026-08-31 18:17:00+00:00,19.616501862848963,315.30999755859375,511.7799987792969
2026-08-31 18:18:00+00:00,19.614221980531283,315.29998779296875,511.864990234375
2026-08-31 18:19:00+00:00,19.614221980531283,315.43109130859375,511.8924865722656
2026-08-31 18:20:00+00:00,19.614221980531283,315.5450134277344,511.7900085449219
2026-08-31 18:21:00+00:00,19.614221980531283,315.5050048828125,511.6499938964844
2026-08-31 18:22:00+00:00,19.614221980531283,315.5751037597656,511.2710876464844
2026-08-31 18:23:00+00:00,19.614221980531283,315.9100036621094,511.56500244140625
2026-08-31 18:24:00+00:00,19.616501862848963,315.80499267578125,511.42498779296875
2026-08-31 18:25:00+00:00,19.614221980531283,315.69500732421875,511.3299865722656
2026-08-31 18:26:00+00:00,19.611942098213603,315.6200866699219,511.1499938964844
2026-08-31 18:27:00+00:00,19.614221980531283,315.80999755859375,511.1600036621094
2026-08-31 18:28:00+00:00,19.614221980531283,315.80010986328125,511.1499938964844
2026-08-31 18:29:00+00:00,19.611942098213603,315.68499755859375,510.9200134277344
2026-08-31 18:30:00+00:00,19.611942098213603,315.760009765625,510.9700012207031
2026-08-31 18:31:00+00:00,19.614221980531283,315.7950134277344,510.8512878417969
2026-08-31 18:32:00+00:00,19.611942098213603,315.8299865722656,510.6700134277344
2026-08-31 18:33:00+00:00,19.614221980531283,315.8299865722656,510.6199951171875
2026-08-31 18:34:00+00:00,19.614221980531283,315.8399963378906,510.45001220703125
2026-08-31 18:35:00+00:00,19.614221980531283,315.760009765625,510.0400085449219
2026-08-31 18:36:00+00:00,19.611942098213603,315.6000061035156,510.1549987792969
2026-08-31 18:37:00+00:00,19.614221980531283,315.590087890625,510.1700134277344
2026-08-31 18:38:00+00:00,19.611942098213603,315.3599853515625,509.7749938964844
2026-08-31 18:39:00+00:00,19.611942098213603,315.2926025390625,509.8800048828125
2026-08-31 18:40:00+00:00,19.614221980531283,315.4200134277344,510.6700134277344
2026-08-31 18:41:00+00:00,19.611942098213603,315.3599853515625,510.30499267578125
2026-08-31 18:42:00+00:00,19.611942098213603,315.1600036621094,510.2900085449219
2026-08-31 18:43:00+00:00,19.611942098213603,315.1300048828125,509.8599853515625
2026-08-31 18:44:00+00:00,19.611942098213603,315.2701110839844,510.2099914550781
2026-08-31 18:45:00+00:00,19.611942098213603,315.27850341796875,510.05499267578125
2026-08-31 18:46:00+00:00,19.611942098213603,315.3800048828125,510.0400085449219
2026-08-31 18:47:00+00:00,19.614221980531283,315.46600341796875,510.1300048828125
2026-08-31 18:48:00+00:00,19.614221980531283,315.44000244140625,510.2300109863281
2026-08-31 18:49:00+00:00,19.614221980531283,315.2900085449219,510.18499755859375
2026-08-31 18:50:00+00:00,19.616501862848963,315.3900146484375,510.29998779296875
2026-08-31 18:51:00+00:00,19.616501862848963,315.4150085449219,510.17999267578125
2026-08-31 18:52:00+00:00,19.614221980531283,315.3800048828125,510.5199890136719
2026-08-31 18:53:00+00:00,19.616501862848963,315.36199951171875,510.8500061035156
2026-08-31 18:54:00+00:00,19.616501862848963,315.3999938964844,510.70001220703125
2026-08-31 18:55:00+00:00,19.616501862848963,315.2789001464844,510.6700134277344
2026-08-31 18:56:00+00:00,19.616501862848963,315.3026123046875,510.80999755859375
2026-08-31 18:57:00+00:00,19.614221980531283,315.3599853515625,510.8599853515625
2026-08-31 18:58:00+00:00,19.614221980531283,315.3901062011719,511.1502990722656
2026-08-31 18:59:00+00:00,19.611942098213603,315.3900146484375,511.0450134277344
2026-08-31 19:00:00+00:00,19.614221980531283,315.4490051269531,511.2300109863281
2026-08-31 19:01:00+00:00,19.614221980531283,315.4700012207031,511.1300048828125
2026-08-31 19:02:00+00:00,19.614221980531283,315.5350036621094,511.2099914550781
2026-08-31 19:03:00+00:00,19.614221980531283,315.55499267578125,511.1650085449219
2026-08-31 19:04:00+00:00,19.614221980531283,315.6050109863281,510.9849853515625
2026-08-31 19:05:00+00:00,19.614221980531283,315.6000061035156,510.8450012207031
2026-08-31 19:06:00+00:00,19.614221980531283,315.54229736328125,510.42999267578125
2026-08-31 19:07:00+00:00,19.614221980531283,315.56500244140625,510.4800109863281
2026-08-31 19:08:00+00:00,19.614221980531283,315.54998779296875,510.45001220703125
2026-08-31 19:09:00+00:00,19.614221980531283,315.65008544921875,510.57501220703125
2026-08-31 19:10:00+00:00,19.616501862848963,315.7582092285156,510.7799987792969
2026-08-31 19:11:00+00:00,19.616501862848963,315.8500061035156,510.885009765625
2026-08-31 19:12:00+00:00,19.614221980531283,315.9849853515625,511.04998779296875
2026-08-31 19:13:00+00:00,19.616501862848963,315.94500732421875,511.0199890136719
2026-08-31 19:14:00+00:00,19.614221980531283,316.0299987792969,511.0899963378906
2026-08-31 19:15:00+00:00,19.614221980531283,315.9800109863281,510.9599914550781
2026-08-31 19:16:00+00:00,19.614221980531283,316.010009765625,511.0799865722656
2026-08-31 19:17:00+00:00,19.614221980531283,315.9200134277344,510.8399963378906
2026-08-31 19:18:00+00:00,19.614221980531283,315.9200134277344,510.57000732421875
2026-08-31 19:19:00+00:00,19.614221980531283,315.93499755859375,510.4200134277344
2026-08-31 19:20:00+00:00,19.616501862848963,315.82000732421875,510.20001220703125
2026-08-31 19:21:00+00:00,19.614221980531283,315.67999267578125,509.8999938964844
2026-08-31 19:22:00+00:00,19.614221980531283,315.8299865722656,510.06500244140625
2026-08-31 19:23:00+00:00,19.616501862848963,315.8900146484375,510.125
2026-08-31 19:24:00+00:00,19.616501862848963,315.82000732421875,510.010009765625
2026-08-31 19:25:00+00:00,19.616501862848963,315.8299865722656,510.1000061035156
2026-08-31 19:26:00+00:00,19.614221980531283,315.8599853515625,509.9800109863281
2026-08-31 19:27:00+00:00,19.614221980531283,316.0050048828125,510.2349853515625
2026-08-31 19:28:00+00:00,19.614221980531283,316.010009765625,510.42498779296875
2026-08-31 19:29:00+00:00,19.614221980531283,316.0249938964844,510.5950012207031
2026-08-31 19:30:00+00:00,19.616501862848963,315.8599853515625,509.7699890136719
2026-08-31 19:31:00+00:00,19.616501862848963,315.7925109863281,509.4849853515625
2026-08-31 19:32:00+00:00,19.616501862848963,315.8699951171875,509.6499938964844
2026-08-31 19:33:00+00:00,19.614221980531283,315.80499267578125,509.6099853515625
2026-08-31 19:34:00+00:00,19.614221980531283,315.82000732421875,509.8299865722656
2026-08-31 19:35:00+00:00,19.616501862848963,315.8500061035156,509.6300048828125
2026-08-31 19:36:00+00:00,19.614221980531283,315.93499755859375,509.7099914550781
2026-08-31 19:37:00+00:00,19.614221980531283,315.9800109863281,509.82000732421875
2026-08-31 19:38:00+00:00,19.611942098213603,315.9938049316406,509.7349853515625
2026-08-31 19:39:00+00:00,19.611942098213603,316.0400085449219,509.6000061035156
2026-08-31 19:40:00+00:00,19.611942098213603,316.10009765625,509.07000732421875
2026-08-31 19:41:00+00:00,19.611942098213603,316.2149963378906,509.45001220703125
2026-08-31 19:42:00+00:00,19.611942098213603,316.3500061035156,509.614990234375
2026-08-31 19:43:00+00:00,19.611942098213603,316.3999938964844,509.92999267578125
2026-08-31 19:44:00+00:00,19.611942098213603,316.4599914550781,509.885009765625
2026-08-31 19:45:00+00:00,19.611942098213603,316.25,510.1050109863281
2026-08-31 19:46:00+00:00,19.614221980531283,316.45001220703125,510.19000244140625
2026-08-31 19:47:00+00:00,19.614221980531283,316.260009765625,509.8900146484375
2026-08-31 19:48:00+00:00,19.614221980531283,316.4200134277344,509.875
2026-08-31 19:49:00+00:00,19.614221980531283,316.75,510.260009765625
2026-08-31 19:50:00+00:00,19.614221980531283,316.739990234375,509.0
2026-08-31 19:51:00+00:00,19.614221980531283,316.9599914550781,509.19000244140625
2026-08-31 19:52:00+00:00,19.616501862848963,316.989013671875,509.20001220703125
2026-08-31 19:53:00+00:00,19.616501862848963,316.7900085449219,509.0299987792969
2026-08-31 19:54:00+00:00,19.616501862848963,316.9549865722656,508.4599914550781
2026-08-31 19:55:00+00:00,19.616501862848963,316.3299865722656,506.7349853515625
2026-08-31 19:56:00+00:00,19.614221980531283,316.79071044921875,507.1050109863281
2026-08-31 19:57:00+00:00,19.614221980531283,316.9100036621094,506.989990234375
2026-08-31 19:58:00+00:00,19.611942098213603,316.9700012207031,507.3399963378906
2026-08-31 19:59:00+00:00,19.611942098213603,317.2300109863281,507.32000732421875
2026-08-31 20:00:00+00:00,19.616501862848963,317.2300109863281,507.32000732421875
2026-08-31 20:01:00+00:00,19.616501862848963,317.2300109863281,507.32000732421875
2026-08-31 20:02:00+00:00,19.614221980531283,317.2300109863281,507.32000732421875
2026-08-31 20:03:00+00:00,19.614221980531283,317.2300109863281,507.32000732421875
2026-08-31 20:04:00+00:00,19.616501862848963,317.2300109863281,507.32000732421875
2026-08-31 20:05:00+00:00,19.616501862848963,317.2300109863281,507.32000732421875
2026-08-31 20:06:00+00:00,19.616501862848963,317.2300109863281,507.32000732421875
2026-08-31 20:07:00+00:00,19.614221980531283,317.2300109863281,507.32000732421875
2026-08-31 20:08:00+00:00,19.616501862848963,317.2300109863281,507.32000732421875
2026-08-31 20:09:00+00:00,19.614221980531283,317.2300109863281,507.32000732421875
2026-08-31 20:10:00+00:00,19.616501862848963,317.2300109863281,507.32000732421875
2026-08-31 20:11:00+00:00,19.614221980531283,317.2300109863281,507.32000732421875
2026-08-31 20:12:00+00:00,19.614221980531283,317.2300109863281,507.32000732421875
2026-08-31 20:13:00+00:00,19.614221980531283,317.2300109863281,507.32000732421875
2026-08-31 20:14:00+00:00,19.614221980531283,317.2300109863281,507.32000732421875
2026-08-31 20:15:00+00:00,19.611942098213603,317.2300109863281,507.32000732421875
2026-08-31 20:16:00+00:00,19.611942098213603,317.2300109863281,507.32000732421875
2026-08-31 20:17:00+00:00,19.611942098213603,317.2300109863281,507.32000732421875
2026-08-31 20:18:00+00:00,19.611942098213603,317.2300109863281,507.32000732421875
2026-08-31 20:19:00+00:00,19.611942098213603,317.2300109863281,507.32000732421875
2026-08-31 20:20:00+00:00,19.611942098213603,317.2300109863281,507.32000732421875
2026-08-31 20:21:00+00:00,19.611942098213603,317.2300109863281,507.32000732421875
2026-08-31 20:22:00+00:00,19.60966422814863,317.2300109863281,507.32000732421875
2026-08-31 20:23:00+00:00,19.611942098213603,317.2300109863281,507.32000732421875
2026-08-31 20:24:00+00:00,19.611942098213603,317.2300109863281,507.32000732421875
2026-08-31 20:25:00+00:00,19.611942098213603,317.2300109863281,507.32000732421875
2026-08-31 20:26:00+00:00,19.611942098213603,317.2300109863281,507.32000732421875
2026-08-31 20:27:00+00:00,19.611942098213603,317.2300109863281,507.32000732421875
2026-08-31 20:28:00+00:00,19.611942098213603,317.2300109863281,507.32000732421875
2026-08-31 20:29:00+00:00,19.611942098213603,317.2300109863281,507.32000732421875
2026-08-31 20:30:00+00:00,19.611942098213603,317.2300109863281,507.32000732421875
2026-08-31 20:31:00+00:00,19.611942098213603,317.2300109863281,507.32000732421875
2026-08-31 20:32:00+00:00,19.611942098213603,317.2300109863281,507.32000732421875
2026-08-31 20:33:00+00:00,19.611942098213603,317.2300109863281,507.32000732421875
2026-08-31 20:34:00+00:00,19.611942098213603,317.2300109863281,507.32000732421875
2026-08-31 20:35:00+00:00,19.611942098213603,317.2300109863281,507.32000732421875
2026-08-31 20:36:00+00:00,19.611942098213603,317.2300109863281,507.32000732421875
2026-08-31 20:37:00+00:00,19.611942098213603,317.2300109863281,507.32000732421875
2026-08-31 20:38:00+00:00,19.611942098213603,317.2300109863281,507.32000732421875
2026-08-31 20:39:00+00:00,19.611942098213603,317.2300109863281,507.32000732421875
2026-08-31 20:40:00+00:00,19.611942098213603,317.2300109863281,507.32000732421875
2026-08-31 20:41:00+00:00,19.611942098213603,317.2300109863281,507.32000732421875
2026-08-31 20:42:00+00:00,19.611942098213603,317.2300109863281,507.32000732421875
2026-08-31 20:43:00+00:00,19.611942098213603,317.2300109863281,507.32000732421875
2026-08-31 20:44:00+00:00,19.614221980531283,317.2300109863281,507.32000732421875
2026-08-31 20:45:00+00:00,19.614221980531283,317.2300109863281,507.32000732421875
2026-08-31 20:46:00+00:00,19.614221980531283,317.2300109863281,507.32000732421875
2026-08-31 20:47:00+00:00,19.616501862848963,317.2300109863281,507.32000732421875
2026-08-31 20:48:00+00:00,19.616501862848963,317.2300109863281,507.32000732421875
2026-08-31 20:49:00+00:00,19.616501862848963,317.2300109863281,507.32000732421875
2026-08-31 20:50:00+00:00,19.616501862848963,317.2300109863281,507.32000732421875
2026-08-31 20:51:00+00:00,19.616501862848963,317.2300109863281,507.32000732421875
2026-08-31 20:52:00+00:00,19.616501862848963,317.2300109863281,507.32000732421875
2026-08-31 20:53:00+00:00,19.616501862848963,317.2300109863281,507.32000732421875
2026-08-31 20:54:00+00:00,19.614221980531283,317.2300109863281,507.32000732421875
2026-08-31 20:55:00+00:00,19.614221980531283,317.2300109863281,507.32000732421875
2026-08-31 20:56:00+00:00,19.614221980531283,317.2300109863281,507.32000732421875
2026-08-31 20:57:00+00:00,19.614221980531283,317.2300109863281,507.32000732421875
2026-08-31 20:58:00+00:00,19.616501862848963,317.2300109863281,507.32000732421875
2026-08-31 20:59:00+00:00,19.616501862848963,317.2300109863281,507.32000732421875
2026-08-31 21:00:00+00:00,19.616501862848963,317.2300109863281,507.32000732421875
2026-08-31 21:01:00+00:00,19.614221980531283,317.2300109863281,507.32000732421875
2026-08-31 21:02:00+00:00,19.618779732913936,317.2300109863281,507.32000732421875
2026-08-31 21:03:00+00:00,19.618779732913936,317.2300109863281,507.32000732421875
2026-08-31 21:04:00+00:00,19.618779732913936,317.2300109863281,507.32000732421875
2026-08-31 21:05:00+00:00,19.616501862848963,317.2300109863281,507.32000732421875
2026-08-31 21:06:00+00:00,19.618779732913936,317.2300109863281,507.32000732421875
2026-08-31 21:07:00+00:00,19.614221980531283,317.2300109863281,507.32000732421875
2026-08-31 21:08:00+00:00,19.614221980531283,317.2300109863281,507.32000732421875
2026-08-31 21:09:00+00:00,19.616501862848963,317.2300109863281,507.32000732421875
2026-08-31 21:10:00+00:00,19.614221980531283,317.2300109863281,507.32000732421875
2026-08-31 21:11:00+00:00,19.614221980531283,317.2300109863281,507.32000732421875
2026-08-31 21:12:00+00:00,19.614221980531283,317.2300109863281,507.32000732421875
2026-08-31 21:13:00+00:00,19.614221980531283,317.2300109863281,507.32000732421875
2026-08-31 21:14:00+00:00,19.614221980531283,317.2300109863281,507.32000732421875
2026-08-31 21:15:00+00:00,19.614221980531283,317.2300109863281,507.32000732421875
2026-08-31 21:16:00+00:00,19.614221980531283,317.2300109863281,507.32000732421875
2026-08-31 21:17:00+00:00,19.611942098213603,317.2300109863281,507.32000732421875
2026-08-31 21:18:00+00:00,19.614221980531283,317.2300109863281,507.32000732421875
2026-08-31 21:19:00+00:00,19.614221980531283,317.2300109863281,507.32000732421875
2026-08-31 21:20:00+00:00,19.614221980531283,317.2300109863281,507.32000732421875
2026-08-31 21:21:00+00:00,19.614221980531283,317.2300109863281,507.32000732421875
2026-08-31 21:22:00+00:00,19.614221980531283,317.2300109863281,507.32000732421875
2026-08-31 21:23:00+00:00,19.614221980531283,317.2300109863281,507.32000732421875
2026-08-31 21:24:00+00:00,19.616501862848963,317.2300109863281,507.32000732421875
2026-08-31 21:25:00+00:00,19.614221980531283,317.2300109863281,507.32000732421875
2026-08-31 21:26:00+00:00,19.614221980531283,317.2300109863281,507.32000732421875
2026-08-31 21:27:00+00:00,19.60966422814863,317.2300109863281,507.32000732421875
2026-08-31 21:28:00+00:00,19.618779732913936,317.2300109863281,507.32000732421875
2026-08-31 21:29:00+00:00,19.618779732913936,317.2300109863281,507.32000732421875
2026-08-31 21:30:00+00:00,19.616501862848963,317.2300109863281,507.32000732421875
2026-08-31 21:31:00+00:00,19.614221980531283,317.2300109863281,507.32000732421875
2026-08-31 21:32:00+00:00,19.614221980531283,317.2300109863281,507.32000732421875
2026-08-31 21:33:00+00:00,19.618779732913936,317.2300109863281,507.32000732421875
2026-08-31 21:34:00+00:00,19.616501862848963,317.2300109863281,507.32000732421875
2026-08-31 21:35:00+00:00,19.616501862848963,317.2300109863281,507.32000732421875
2026-08-31 21:36:00+00:00,19.616501862848963,317.2300109863281,507.32000732421875
2026-08-31 21:37:00+00:00,19.616501862848963,317.2300109863281,507.32000732421875
2026-08-31 21:38:00+00:00,19.616501862848963,317.2300109863281,507.32000732421875
2026-08-31 21:39:00+00:00,19.616501862848963,317.2300109863281,507.32000732421875
2026-08-31 21:40:00+00:00,19.616501862848963,317.2300109863281,507.32000732421875
2026-08-31 21:41:00+00:00,19.618779732913936,317.2300109863281,507.32000732421875
2026-08-31 21:42:00+00:00,19.616501862848963,317.2300109863281,507.32000732421875
2026-08-31 21:43:00+00:00,19.616501862848963,317.2300109863281,507.32000732421875
2026-08-31 21:44:00+00:00,19.616501862848963,317.2300109863281,507.32000732421875
2026-08-31 21:45:00+00:00,19.614221980531283,317.2300109863281,507.32000732421875
2026-08-31 21:46:00+00:00,19.616501862848963,317.2300109863281,507.32000732421875
2026-08-31 21:47:00+00:00,19.618779732913936,317.2300109863281,507.32000732421875
2026-08-31 21:48:00+00:00,19.618779732913936,317.2300109863281,507.32000732421875
2026-08-31 21:49:00+00:00,19.618779732913936,317.2300109863281,507.32000732421875
2026-08-31 21:50:00+00:00,19.616501862848963,317.2300109863281,507.32000732421875
2026-08-31 21:51:00+00:00,19.618779732913936,317.2300109863281,507.32000732421875
2026-08-31 21:52:00+00:00,19.618779732913936,317.2300109863281,507.32000732421875
2026-08-31 21:53:00+00:00,19.616501862848963,317.2300109863281,507.32000732421875
2026-08-31 21:54:00+00:00,19.618779732913936,317.2300109863281,507.32000732421875
2026-08-31 21:55:00+00:00,19.616501862848963,317.2300109863281,507.32000732421875
2026-08-31 21:56:00+00:00,19.618779732913936,317.2300109863281,507.32000732421875
2026-08-31 21:57:00+00:00,19.618779732913936,317.2300109863281,507.32000732421875
2026-08-31 21:58:00+00:00,19.616501862848963,317.2300109863281,507.32000732421875
2026-08-31 21:59:00+00:00,19.618779732913936,317.2300109863281,507.32000732421875
2026-08-31 22:00:00+00:00,19.616501862848963,317.2300109863281,507.32000732421875
2026-08-31 22:01:00+00:00,19.616501862848963,317.2300109863281,507.32000732421875
2026-08-31 22:02:00+00:00,19.616501862848963,317.2300109863281,507.32000732421875
2026-08-31 22:03:00+00:00,19.616501862848963,317.2300109863281,507.32000732421875
2026-08-31 22:04:00+00:00,19.616501862848963,317.2300109863281,507.32000732421875
2026-08-31 22:05:00+00:00,19.616501862848963,317.2300109863281,507.32000732421875
2026-08-31 22:06:00+00:00,19.616501862848963,317.2300109863281,507.32000732421875
2026-08-31 22:07:00+00:00,19.616501862848963,317.2300109863281,507.32000732421875
2026-08-31 22:08:00+00:00,19.616501862848963,317.2300109863281,507.32000732421875
2026-08-31 22:09:00+00:00,19.616501862848963,317.2300109863281,507.32000732421875
2026-08-31 22:10:00+00:00,19.616501862848963,317.2300109863281,507.32000732421875
2026-08-31 22:11:00+00:00,19.616501862848963,317.2300109863281,507.32000732421875
2026-08-31 22:12:00+00:00,19.616501862848963,317.2300109863281,507.32000732421875
2026-08-31 22:13:00+00:00,19.616501862848963,317.2300109863281,507.32000732421875
2026-08-31 22:14:00+00:00,19.616501862848963,317.2300109863281,507.32000732421875
2026-08-31 22:15:00+00:00,19.616501862848963,317.2300109863281,507.32000732421875
2026-08-31 22:16:00+00:00,19.616501862848963,317.2300109863281,507.32000732421875
2026-08-31 22:17:00+00:00,19.614221980531283,317.2300109863281,507.32000732421875
2026-08-31 22:18:00+00:00,19.614221980531283,317.2300109863281,507.32000732421875
2026-08-31 22:19:00+00:00,19.616501862848963,317.2300109863281,507.32000732421875
2026-08-31 22:20:00+00:00,19.616501862848963,317.2300109863281,507.32000732421875
2026-08-31 22:21:00+00:00,19.616501862848963,317.2300109863281,507.32000732421875
2026-08-31 22:22:00+00:00,19.616501862848963,317.2300109863281,507.32000732421875
2026-08-31 22:23:00+00:00,19.616501862848963,317.2300109863281,507.32000732421875
2026-08-31 22:24:00+00:00,19.614221980531283,317.2300109863281,507.32000732421875
2026-08-31 22:25:00+00:00,19.616501862848963,317.2300109863281,507.32000732421875
2026-08-31 22:26:00+00:00,19.614221980531283,317.2300109863281,507.32000732421875
2026-08-31 22:27:00+00:00,19.614221980531283,317.2300109863281,507.32000732421875
2026-08-31 22:28:00+00:00,19.614221980531283,317.2300109863281,507.32000732421875
2026-08-31 22:29:00+00:00,19.614221980531283,317.2300109863281,507.32000732421875
2026-08-31 22:30:00+00:00,19.616501862848963,317.2300109863281,507.32000732421875
2026-08-31 22:31:00+00:00,19.614221980531283,317.2300109863281,507.32000732421875
2026-08-31 22:32:00+00:00,19.614221980531283,317.2300109863281,507.32000732421875
2026-08-31 22:33:00+00:00,19.616501862848963,317.2300109863281,507.32000732421875
2026-08-31 22:34:00+00:00,19.614221980531283,317.2300109863281,507.32000732421875
2026-08-31 22:35:00+00:00,19.614221980531283,317.2300109863281,507.32000732421875
2026-08-31 22:36:00+00:00,19.616501862848963,317.2300109863281,507.32000732421875
2026-08-31 22:37:00+00:00,19.614221980531283,317.2300109863281,507.32000732421875
2026-08-31 22:38:00+00:00,19.614221980531283,317.2300109863281,507.32000732421875
2026-08-31 22:39:00+00:00,19.614221980531283,317.2300109863281,507.32000732421875
2026-08-31 22:40:00+00:00,19.614221980531283,317.2300109863281,507.32000732421875
2026-08-31 22:41:00+00:00,19.614221980531283,317.2300109863281,507.32000732421875
2026-08-31 22:42:00+00:00,19.614221980531283,317.2300109863281,507.32000732421875
2026-08-31 22:43:00+00:00,19.611942098213603,317.2300109863281,507.32000732421875
2026-08-31 22:44:00+00:00,19.611942098213603,317.2300109863281,507.32000732421875
2026-08-31 22:45:00+00:00,19.611942098213603,317.2300109863281,507.32000732421875
2026-08-31 22:46:00+00:00,19.611942098213603,317.2300109863281,507.32000732421875
2026-08-31 22:47:00+00:00,19.611942098213603,317.2300109863281,507.32000732421875
2026-08-31 22:48:00+00:00,19.611942098213603,317.2300109863281,507.32000732421875
2026-08-31 22:49:00+00:00,19.611942098213603,317.2300109863281,507.32000732421875
2026-08-31 22:50:00+00:00,19.611942098213603,317.2300109863281,507.32000732421875
2026-08-31 22:51:00+00:00,19.611942098213603,317.2300109863281,507.32000732421875
2026-08-31 22:52:00+00:00,19.611942098213603,317.2300109863281,507.32000732421875
2026-08-31 22:53:00+00:00,19.611942098213603,317.2300109863281,507.32000732421875
2026-08-31 22:54:00+00:00,19.611942098213603,317.2300109863281,507.32000732421875
2026-08-31 22:55:00+00:00,19.611942098213603,317.2300109863281,507.32000732421875
2026-08-31 22:56:00+00:00,19.611942098213603,317.2300109863281,507.32000732421875
2026-08-31 22:57:00+00:00,19.611942098213603,317.2300109863281,507.32000732421875
2026-08-31 22:58:00+00:00,19.611942098213603,317.2300109863281,507.32000732421875
2026-08-31 23:00:00+00:00,19.611942098213603,317.2300109863281,507.32000732421875
2026-08-31 23:01:00+00:00,19.611942098213603,317.2300109863281,507.32000732421875
2026-08-31 23:02:00+00:00,19.611942098213603,317.2300109863281,507.32000732421875
2026-08-31 23:03:00+00:00,19.611942098213603,317.2300109863281,507.32000732421875
2026-08-31 23:04:00+00:00,19.60738635808366,317.2300109863281,507.32000732421875
2026-08-31 23:05:00+00:00,19.60966422814863,317.2300109863281,507.32000732421875
2026-08-31 23:06:00+00:00,19.60966422814863,317.2300109863281,507.32000732421875
2026-08-31 23:07:00+00:00,19.60966422814863,317.2300109863281,507.32000732421875
2026-08-31 23:08:00+00:00,19.60966422814863,317.2300109863281,507.32000732421875
2026-08-31 23:09:00+00:00,19.60966422814863,317.2300109863281,507.32000732421875
2026-08-31 23:10:00+00:00,19.60966422814863,317.2300109863281,507.32000732421875
2026-08-31 23:11:00+00:00,19.60966422814863,317.2300109863281,507.32000732421875
2026-08-31 23:12:00+00:00,19.60966422814863,317.2300109863281,507.32000732421875
2026-08-31 23:13:00+00:00,19.60966422814863,317.2300109863281,507.32000732421875
2026-08-31 23:14:00+00:00,19.60966422814863,317.2300109863281,507.32000732421875
2026-08-31 23:15:00+00:00,19.60966422814863,317.2300109863281,507.32000732421875
2026-08-31 23:16:00+00:00,19.60966422814863,317.2300109863281,507.32000732421875
2026-08-31 23:17:00+00:00,19.60966422814863,317.2300109863281,507.32000732421875
2026-08-31 23:18:00+00:00,19.611942098213603,317.2300109863281,507.32000732421875
2026-08-31 23:19:00+00:00,19.611942098213603,317.2300109863281,507.32000732421875
2026-08-31 23:20:00+00:00,19.60966422814863,317.2300109863281,507.32000732421875
2026-08-31 23:21:00+00:00,19.60966422814863,317.2300109863281,507.32000732421875
2026-08-31 23:22:00+00:00,19.60966422814863,317.2300109863281,507.32000732421875
2026-08-31 23:23:00+00:00,19.60966422814863,317.2300109863281,507.32000732421875
2026-08-31 23:24:00+00:00,19.60966422814863,317.2300109863281,507.32000732421875
2026-08-31 23:25:00+00:00,19.60966422814863,317.2300109863281,507.32000732421875
2026-08-31 23:26:00+00:00,19.611942098213603,317.2300109863281,507.32000732421875
2026-08-31 23:27:00+00:00,19.611942098213603,317.2300109863281,507.32000732421875
2026-08-31 23:28:00+00:00,19.611942098213603,317.2300109863281,507.32000732421875
2026-08-31 23:29:00+00:00,19.611942098213603,317.2300109863281,507.32000732421875
2026-08-31 23:30:00+00:00,19.614221980531283,317.2300109863281,507.32000732421875
2026-08-31 23:31:00+00:00,19.611942098213603,317.2300109863281,507.32000732421875
2026-08-31 23:32:00+00:00,19.614221980531283,317.2300109863281,507.32000732421875
2026-08-31 23:33:00+00:00,19.614221980531283,317.2300109863281,507.32000732421875
2026-08-31 23:34:00+00:00,19.614221980531283,317.2300109863281,507.32000732421875
2026-08-31 23:35:00+00:00,19.614221980531283,317.2300109863281,507.32000732421875
2026-08-31 23:36:00+00:00,19.614221980531283,317.2300109863281,507.32000732421875
2026-08-31 23:37:00+00:00,19.611942098213603,317.2300109863281,507.32000732421875
2026-08-31 23:38:00+00:00,19.611942098213603,317.2300109863281,507.32000732421875
2026-08-31 23:39:00+00:00,19.611942098213603,317.2300109863281,507.32000732421875
2026-08-31 23:40:00+00:00,19.611942098213603,317.2300109863281,507.32000732421875
2026-08-31 23:41:00+00:00,19.611942098213603,317.2300109863281,507.32000732421875
2026-08-31 23:42:00+00:00,19.614221980531283,317.2300109863281,507.32000732421875
2026-08-31 23:43:00+00:00,19.614221980531283,317.2300109863281,507.32000732421875
2026-08-31 23:44:00+00:00,19.614221980531283,317.2300109863281,507.32000732421875
2026-08-31 23:45:00+00:00,19.614221980531283,317.2300109863281,507.32000732421875
2026-08-31 23:46:00+00:00,19.614221980531283,317.2300109863281,507.32000732421875
2026-08-31 23:47:00+00:00,19.614221980531283,317.2300109863281,507.32000732421875
2026-08-31 23:48:00+00:00,19.614221980531283,317.2300109863281,507.32000732421875
2026-08-31 23:49:00+00:00,19.614221980531283,317.2300109863281,507.32000732421875
2026-08-31 23:50:00+00:00,19.614221980531283,317.2300109863281,507.32000732421875
2026-08-31 23:51:00+00:00,19.616501862848963,317.2300109863281,507.32000732421875
2026-08-31 23:52:00+00:00,19.616501862848963,317.2300109863281,507.32000732421875
2026-08-31 23:53:00+00:00,19.616501862848963,317.2300109863281,507.32000732421875
2026-08-31 23:54:00+00:00,19.616501862848963,317.2300109863281,507.32000732421875
2026-08-31 23:55:00+00:00,19.616501862848963,317.2300109863281,507.32000732421875
2026-08-31 23:56:00+00:00,19.614221980531283,317.2300109863281,507.32000732421875
2026-08-31 23:57:00+00:00,19.616501862848963,317.2300109863281,507.32000732421875
2026-08-31 23:58:00+00:00,19.616501862848963,317.2300109863281,507.32000732421875
2026-08-31 23:59:00+00:00,19.616501862848963,317.2300109863281,507.32000732421875
2026-09-01 00:00:00+00:00,19.614221980531283,317.2300109863281,507.32000732421875
2026-09-01 00:01:00+00:00,19.614221980531283,317.2300109863281,507.32000732421875
2026-09-01 00:02:00+00:00,19.614221980531283,317.2300109863281,507.32000732421875
2026-09-01 00:03:00+00:00,19.614221980531283,317.2300109863281,507.32000732421875
2026-09-01 00:04:00+00:00,19.614221980531283,317.2300109863281,507.32000732421875
2026-09-01 00:05:00+00:00,19.618779732913936,317.2300109863281,507.32000732421875
2026-09-01 00:06:00+00:00,19.621061627484323,317.2300109863281,507.32000732421875
2026-09-01 00:07:00+00:00,19.621061627484323,317.2300109863281,507.32000732421875
2026-09-01 00:08:00+00:00,19.621061627484323,317.2300109863281,507.32000732421875
2026-09-01 00:09:00+00:00,19.62334352205471,317.2300109863281,507.32000732421875
2026-09-01 00:10:00+00:00,19.62334352205471,317.2300109863281,507.32000732421875
2026-09-01 00:11:00+00:00,19.62334352205471,317.2300109863281,507.32000732421875
2026-09-01 00:12:00+00:00,19.621061627484323,317.2300109863281,507.32000732421875
2026-09-01 00:13:00+00:00,19.621061627484323,317.2300109863281,507.32000732421875
2026-09-01 00:14:00+00:00,19.621061627484323,317.2300109863281,507.32000732421875
2026-09-01 00:15:00+00:00,19.618779732913936,317.2300109863281,507.32000732421875
2026-09-01 00:16:00+00:00,19.621061627484323,317.2300109863281,507.32000732421875
2026-09-01 00:17:00+00:00,19.621061627484323,317.2300109863281,507.32000732421875
2026-09-01 00:18:00+00:00,19.62334352205471,317.2300109863281,507.32000732421875
2026-09-01 00:19:00+00:00,19.62334352205471,317.2300109863281,507.32000732421875
2026-09-01 00:20:00+00:00,19.6256254166251,317.2300109863281,507.32000732421875
2026-09-01 00:21:00+00:00,19.6256254166251,317.2300109863281,507.32000732421875
2026-09-01 00:22:00+00:00,19.6256254166251,317.2300109863281,507.32000732421875
2026-09-01 00:23:00+00:00,19.6256254166251,317.2300109863281,507.32000732421875
2026-09-01 00:24:00+00:00,19.6256254166251,317.2300109863281,507.32000732421875
2026-09-01 00:25:00+00:00,19.6256254166251,317.2300109863281,507.32000732421875
2026-09-01 00:26:00+00:00,19.6256254166251,317.2300109863281,507.32000732421875
2026-09-01 00:27:00+00:00,19.6256254166251,317.2300109863281,507.32000732421875
2026-09-01 00:28:00+00:00,19.6256254166251,317.2300109863281,507.32000732421875
2026-09-01 00:29:00+00:00,19.62790529894278,317.2300109863281,507.32000732421875
2026-09-01 00:30:00+00:00,19.6256254166251,317.2300109863281,507.32000732421875
2026-09-01 00:31:00+00:00,19.62334352205471,317.2300109863281,507.32000732421875
2026-09-01 00:32:00+00:00,19.62334352205471,317.2300109863281,507.32000732421875
2026-09-01 00:33:00+00:00,19.62790529894278,317.2300109863281,507.32000732421875
2026-09-01 00:34:00+00:00,19.6256254166251,317.2300109863281,507.32000732421875
2026-09-01 00:35:00+00:00,19.6256254166251,317.2300109863281,507.32000732421875
2026-09-01 00:36:00+00:00,19.6256254166251,317.2300109863281,507.32000732421875
2026-09-01 00:37:00+00:00,19.62334352205471,317.2300109863281,507.32000732421875
2026-09-01 00:38:00+00:00,19.6256254166251,317.2300109863281,507.32000732421875
2026-09-01 00:39:00+00:00,19.62334352205471,317.2300109863281,507.32000732421875
2026-09-01 00:40:00+00:00,19.62334352205471,317.2300109863281,507.32000732421875
2026-09-01 00:41:00+00:00,19.6256254166251,317.2300109863281,507.32000732421875
2026-09-01 00:42:00+00:00,19.6256254166251,317.2300109863281,507.32000732421875
2026-09-01 00:43:00+00:00,19.62334352205471,317.2300109863281,507.32000732421875
2026-09-01 00:44:00+00:00,19.621061627484323,317.2300109863281,507.32000732421875
2026-09-01 00:45:00+00:00,19.62334352205471,317.2300109863281,507.32000732421875
2026-09-01 00:46:00+00:00,19.621061627484323,317.2300109863281,507.32000732421875
2026-09-01 00:47:00+00:00,19.621061627484323,317.2300109863281,507.32000732421875
2026-09-01 00:48:00+00:00,19.621061627484323,317.2300109863281,507.32000732421875
2026-09-01 00:49:00+00:00,19.618779732913936,317.2300109863281,507.32000732421875
2026-09-01 00:50:00+00:00,19.621061627484323,317.2300109863281,507.32000732421875
2026-09-01 00:51:00+00:00,19.62334352205471,317.2300109863281,507.32000732421875
2026-09-01 00:52:00+00:00,19.62334352205471,317.2300109863281,507.32000732421875
2026-09-01 00:53:00+00:00,19.621061627484323,317.2300109863281,507.32000732421875
2026-09-01 00:54:00+00:00,19.618779732913936,317.2300109863281,507.32000732421875
2026-09-01 00:55:00+00:00,19.618779732913936,317.2300109863281,507.32000732421875
2026-09-01 00:56:00+00:00,19.618779732913936,317.2300109863281,507.32000732421875
2026-09-01 00:57:00+00:00,19.616501862848963,317.2300109863281,507.32000732421875
2026-09-01 00:58:00+00:00,19.616501862848963,317.2300109863281,507.32000732421875
2026-09-01 00:59:00+00:00,19.616501862848963,317.2300109863281,507.32000732421875
2026-09-01 01:00:00+00:00,19.618779732913936,317.2300109863281,507.32000732421875
2026-09-01 01:01:00+00:00,19.618779732913936,317.2300109863281,507.32000732421875
2026-09-01 01:02:00+00:00,19.616501862848963,317.2300109863281,507.32000732421875
2026-09-01 01:03:00+00:00,19.616501862848963,317.2300109863281,507.32000732421875
2026-09-01 01:04:00+00:00,19.616501862848963,317.2300109863281,507.32000732421875
2026-09-01 01:05:00+00:00,19.611942098213603,317.2300109863281,507.32000732421875
2026-09-01 01:06:00+00:00,19.611942098213603,317.2300109863281,507.32000732421875
2026-09-01 01:07:00+00:00,19.614221980531283,317.2300109863281,507.32000732421875
2026-09-01 01:08:00+00:00,19.614221980531283,317.2300109863281,507.32000732421875
2026-09-01 01:09:00+00:00,19.611942098213603,317.2300109863281,507.32000732421875
2026-09-01 01:10:00+00:00,19.611942098213603,317.2300109863281,507.32000732421875
2026-09-01 01:11:00+00:00,19.611942098213603,317.2300109863281,507.32000732421875
2026-09-01 01:12:00+00:00,19.60966422814863,317.2300109863281,507.32000732421875
2026-09-01 01:13:00+00:00,19.611942098213603,317.2300109863281,507.32000732421875
2026-09-01 01:14:00+00:00,19.60966422814863,317.2300109863281,507.32000732421875
2026-09-01 01:15:00+00:00,19.60966422814863,317.2300109863281,507.32000732421875
2026-09-01 01:16:00+00:00,19.611942098213603,317.2300109863281,507.32000732421875
2026-09-01 01:17:00+00:00,19.611942098213603,317.2300109863281,507.32000732421875
2026-09-01 01:18:00+00:00,19.60966422814863,317.2300109863281,507.32000732421875
2026-09-01 01:19:00+00:00,19.60966422814863,317.2300109863281,507.32000732421875
2026-09-01 01:20:00+00:00,19.60966422814863,317.2300109863281,507.32000732421875
2026-09-01 01:21:00+00:00,19.60966422814863,317.2300109863281,507.32000732421875
2026-09-01 01:22:00+00:00,19.60738635808366,317.2300109863281,507.32000732421875
2026-09-01 01:23:00+00:00,19.60738635808366,317.2300109863281,507.32000732421875
2026-09-01 01:24:00+00:00,19.605108488018686,317.2300109863281,507.32000732421875
2026-09-01 01:25:00+00:00,19.605108488018686,317.2300109863281,507.32000732421875
2026-09-01 01:26:00+00:00,19.60738635808366,317.2300109863281,507.32000732421875
2026-09-01 01:27:00+00:00,19.605108488018686,317.2300109863281,507.32000732421875
2026-09-01 01:28:00+00:00,19.605108488018686,317.2300109863281,507.32000732421875
2026-09-01 01:29:00+00:00,19.605108488018686,317.2300109863281,507.32000732421875
2026-09-01 01:30:00+00:00,19.605108488018686,317.2300109863281,507.32000732421875
2026-09-01 01:31:00+00:00,19.605108488018686,317.2300109863281,507.32000732421875
2026-09-01 01:32:00+00:00,19.60283263020642,317.2300109863281,507.32000732421875
2026-09-01 01:33:00+00:00,19.605108488018686,317.2300109863281,507.32000732421875
2026-09-01 01:34:00+00:00,19.60283263020642,317.2300109863281,507.32000732421875
2026-09-01 01:35:00+00:00,19.605108488018686,317.2300109863281,507.32000732421875
2026-09-01 01:36:00+00:00,19.60738635808366,317.2300109863281,507.32000732421875
2026-09-01 01:37:00+00:00,19.60738635808366,317.2300109863281,507.32000732421875
2026-09-01 01:38:00+00:00,19.605108488018686,317.2300109863281,507.32000732421875
2026-09-01 01:39:00+00:00,19.605108488018686,317.2300109863281,507.32000732421875
2026-09-01 01:40:00+00:00,19.605108488018686,317.2300109863281,507.32000732421875
2026-09-01 01:41:00+00:00,19.605108488018686,317.2300109863281,507.32000732421875
2026-09-01 01:42:00+00:00,19.605108488018686,317.2300109863281,507.32000732421875
2026-09-01 01:43:00+00:00,19.60738635808366,317.2300109863281,507.32000732421875
2026-09-01 01:44:00+00:00,19.60738635808366,317.2300109863281,507.32000732421875
2026-09-01 01:45:00+00:00,19.60738635808366,317.2300109863281,507.32000732421875
2026-09-01 01:46:00+00:00,19.60738635808366,317.2300109863281,507.32000732421875
2026-09-01 01:47:00+00:00,19.60738635808366,317.2300109863281,507.32000732421875
2026-09-01 01:48:00+00:00,19.605108488018686,317.2300109863281,507.32000732421875
2026-09-01 01:49:00+00:00,19.605108488018686,317.2300109863281,507.32000732421875
2026-09-01 01:50:00+00:00,19.605108488018686,317.2300109863281,507.32000732421875
2026-09-01 01:51:00+00:00,19.605108488018686,317.2300109863281,507.32000732421875
2026-09-01 01:52:00+00:00,19.600556772394157,317.2300109863281,507.32000732421875
2026-09-01 01:53:00+00:00,19.600556772394157,317.2300109863281,507.32000732421875
2026-09-01 01:54:00+00:00,19.600556772394157,317.2300109863281,507.32000732421875
2026-09-01 01:55:00+00:00,19.60283263020642,317.2300109863281,507.32000732421875
2026-09-01 01:56:00+00:00,19.60283263020642,317.2300109863281,507.32000732421875
2026-09-01 01:57:00+00:00,19.60283263020642,317.2300109863281,507.32000732421875
2026-09-01 01:58:00+00:00,19.60283263020642,317.2300109863281,507.32000732421875
2026-09-01 01:59:00+00:00,19.60283263020642,317.2300109863281,507.32000732421875
2026-09-01 02:00:00+00:00,19.60283263020642,317.2300109863281,507.32000732421875
2026-09-01 02:01:00+00:00,19.600556772394157,317.2300109863281,507.32000732421875
2026-09-01 02:02:00+00:00,19.600556772394157,317.2300109863281,507.32000732421875
2026-09-01 02:03:00+00:00,19.600556772394157,317.2300109863281,507.32000732421875
2026-09-01 02:04:00+00:00,19.600556772394157,317.2300109863281,507.32000732421875
2026-09-01 02:05:00+00:00,19.600556772394157,317.2300109863281,507.32000732421875
2026-09-01 02:06:00+00:00,19.600556772394157,317.2300109863281,507.32000732421875
2026-09-01 02:07:00+00:00,19.598280914581892,317.2300109863281,507.32000732421875
2026-09-01 02:08:00+00:00,19.598280914581892,317.2300109863281,507.32000732421875
2026-09-01 02:09:00+00:00,19.598280914581892,317.2300109863281,507.32000732421875
2026-09-01 02:10:00+00:00,19.598280914581892,317.2300109863281,507.32000732421875
2026-09-01 02:11:00+00:00,19.600556772394157,317.2300109863281,507.32000732421875
2026-09-01 02:12:00+00:00,19.600556772394157,317.2300109863281,507.32000732421875
2026-09-01 02:13:00+00:00,19.600556772394157,317.2300109863281,507.32000732421875
2026-09-01 02:14:00+00:00,19.600556772394157,317.2300109863281,507.32000732421875
2026-09-01 02:15:00+00:00,19.600556772394157,317.2300109863281,507.32000732421875
2026-09-01 02:16:00+00:00,19.600556772394157,317.2300109863281,507.32000732421875
2026-09-01 02:17:00+00:00,19.600556772394157,317.2300109863281,507.32000732421875
2026-09-01 02:18:00+00:00,19.600556772394157,317.2300109863281,507.32000732421875
2026-09-01 02:19:00+00:00,19.600556772394157,317.2300109863281,507.32000732421875
2026-09-01 02:20:00+00:00,19.60283263020642,317.2300109863281,507.32000732421875
2026-09-01 02:21:00+00:00,19.60283263020642,317.2300109863281,507.32000732421875
2026-09-01 02:22:00+00:00,19.60283263020642,317.2300109863281,507.32000732421875
2026-09-01 02:23:00+00:00,19.60283263020642,317.2300109863281,507.32000732421875
2026-09-01 02:24:00+00:00,19.60283263020642,317.2300109863281,507.32000732421875
2026-09-01 02:25:00+00:00,19.60283263020642,317.2300109863281,507.32000732421875
2026-09-01 02:26:00+00:00,19.60283263020642,317.2300109863281,507.32000732421875
2026-09-01 02:27:00+00:00,19.60283263020642,317.2300109863281,507.32000732421875
2026-09-01 02:28:00+00:00,19.60283263020642,317.2300109863281,507.32000732421875
2026-09-01 02:29:00+00:00,19.60283263020642,317.2300109863281,507.32000732421875
2026-09-01 02:30:00+00:00,19.60283263020642,317.2300109863281,507.32000732421875
2026-09-01 02:31:00+00:00,19.60283263020642,317.2300109863281,507.32000732421875
2026-09-01 02:32:00+00:00,19.60283263020642,317.2300109863281,507.32000732421875
2026-09-01 02:33:00+00:00,19.600556772394157,317.2300109863281,507.32000732421875
2026-09-01 02:34:00+00:00,19.600556772394157,317.2300109863281,507.32000732421875
2026-09-01 02:35:00+00:00,19.600556772394157,317.2300109863281,507.32000732421875
2026-09-01 02:36:00+00:00,19.600556772394157,317.2300109863281,507.32000732421875
2026-09-01 02:37:00+00:00,19.598280914581892,317.2300109863281,507.32000732421875
2026-09-01 02:38:00+00:00,19.598280914581892,317.2300109863281,507.32000732421875
2026-09-01 02:39:00+00:00,19.598280914581892,317.2300109863281,507.32000732421875
2026-09-01 02:40:00+00:00,19.600556772394157,317.2300109863281,507.32000732421875
2026-09-01 02:41:00+00:00,19.600556772394157,317.2300109863281,507.32000732421875
2026-09-01 02:42:00+00:00,19.600556772394157,317.2300109863281,507.32000732421875
2026-09-01 02:43:00+00:00,19.600556772394157,317.2300109863281,507.32000732421875
2026-09-01 02:44:00+00:00,19.600556772394157,317.2300109863281,507.32000732421875
2026-09-01 02:45:00+00:00,19.600556772394157,317.2300109863281,507.32000732421875
2026-09-01 02:46:00+00:00,19.598280914581892,317.2300109863281,507.32000732421875
2026-09-01 02:47:00+00:00,19.600556772394157,317.2300109863281,507.32000732421875
2026-09-01 02:48:00+00:00,19.600556772394157,317.2300109863281,507.32000732421875
2026-09-01 02:49:00+00:00,19.600556772394157,317.2300109863281,507.32000732421875
2026-09-01 02:50:00+00:00,19.600556772394157,317.2300109863281,507.32000732421875
2026-09-01 02:51:00+00:00,19.600556772394157,317.2300109863281,507.32000732421875
2026-09-01 02:52:00+00:00,19.60283263020642,317.2300109863281,507.32000732421875
2026-09-01 02:53:00+00:00,19.60283263020642,317.2300109863281,507.32000732421875
2026-09-01 02:54:00+00:00,19.60283263020642,317.2300109863281,507.32000732421875
2026-09-01 02:55:00+00:00,19.60283263020642,317.2300109863281,507.32000732421875
2026-09-01 02:56:00+00:00,19.60283263020642,317.2300109863281,507.32000732421875
2026-09-01 02:57:00+00:00,19.60283263020642,317.2300109863281,507.32000732421875
2026-09-01 02:58:00+00:00,19.60283263020642,317.2300109863281,507.32000732421875
2026-09-01 02:59:00+00:00,19.60283263020642,317.2300109863281,507.32000732421875
2026-09-01 03:00:00+00:00,19.600556772394157,317.2300109863281,507.32000732421875
2026-09-01 03:01:00+00:00,19.60283263020642,317.2300109863281,507.32000732421875
2026-09-01 03:02:00+00:00,19.600556772394157,317.2300109863281,507.32000732421875
2026-09-01 03:03:00+00:00,19.598280914581892,317.2300109863281,507.32000732421875
2026-09-01 03:04:00+00:00,19.598280914581892,317.2300109863281,507.32000732421875
2026-09-01 03:05:00+00:00,19.600556772394157,317.2300109863281,507.32000732421875
2026-09-01 03:06:00+00:00,19.60283263020642,317.2300109863281,507.32000732421875
2026-09-01 03:07:00+00:00,19.600556772394157,317.2300109863281,507.32000732421875
2026-09-01 03:08:00+00:00,19.600556772394157,317.2300109863281,507.32000732421875
2026-09-01 03:09:00+00:00,19.600556772394157,317.2300109863281,507.32000732421875
2026-09-01 03:10:00+00:00,19.600556772394157,317.2300109863281,507.32000732421875
2026-09-01 03:11:00+00:00,19.600556772394157,317.2300109863281,507.32000732421875
2026-09-01 03:12:00+00:00,19.60283263020642,317.2300109863281,507.32000732421875
2026-09-01 03:13:00+00:00,19.60283263020642,317.2300109863281,507.32000732421875
2026-09-01 03:14:00+00:00,19.60283263020642,317.2300109863281,507.32000732421875
2026-09-01 03:15:00+00:00,19.60283263020642,317.2300109863281,507.32000732421875
2026-09-01 03:16:00+00:00,19.60283263020642,317.2300109863281,507.32000732421875
2026-09-01 03:17:00+00:00,19.60283263020642,317.2300109863281,507.32000732421875
2026-09-01 03:18:00+00:00,19.60283263020642,317.2300109863281,507.32000732421875
2026-09-01 03:19:00+00:00,19.600556772394157,317.2300109863281,507.32000732421875
2026-09-01 03:20:00+00:00,19.600556772394157,317.2300109863281,507.32000732421875
2026-09-01 03:21:00+00:00,19.598280914581892,317.2300109863281,507.32000732421875
2026-09-01 03:22:00+00:00,19.598280914581892,317.2300109863281,507.32000732421875
2026-09-01 03:23:00+00:00,19.598280914581892,317.2300109863281,507.32000732421875
2026-09-01 03:24:00+00:00,19.598280914581892,317.2300109863281,507.32000732421875
2026-09-01 03:25:00+00:00,19.596005056769627,317.2300109863281,507.32000732421875
2026-09-01 03:26:00+00:00,19.598280914581892,317.2300109863281,507.32000732421875
2026-09-01 03:27:00+00:00,19.600556772394157,317.2300109863281,507.32000732421875
2026-09-01 03:28:00+00:00,19.598280914581892,317.2300109863281,507.32000732421875
2026-09-01 03:29:00+00:00,19.598280914581892,317.2300109863281,507.32000732421875
2026-09-01 03:30:00+00:00,19.598280914581892,317.2300109863281,507.32000732421875
2026-09-01 03:31:00+00:00,19.600556772394157,317.2300109863281,507.32000732421875
2026-09-01 03:32:00+00:00,19.600556772394157,317.2300109863281,507.32000732421875
2026-09-01 03:33:00+00:00,19.600556772394157,317.2300109863281,507.32000732421875
2026-09-01 03:34:00+00:00,19.600556772394157,317.2300109863281,507.32000732421875
2026-09-01 03:35:00+00:00,19.598280914581892,317.2300109863281,507.32000732421875
2026-09-01 03:36:00+00:00,19.598280914581892,317.2300109863281,507.32000732421875
2026-09-01 03:37:00+00:00,19.598280914581892,317.2300109863281,507.32000732421875
2026-09-01 03:38:00+00:00,19.598280914581892,317.2300109863281,507.32000732421875
2026-09-01 03:39:00+00:00,19.598280914581892,317.2300109863281,507.32000732421875
2026-09-01 03:40:00+00:00,19.598280914581892,317.2300109863281,507.32000732421875
2026-09-01 03:41:00+00:00,19.598280914581892,317.2300109863281,507.32000732421875
2026-09-01 03:42:00+00:00,19.598280914581892,317.2300109863281,507.32000732421875
2026-09-01 03:43:00+00:00,19.598280914581892,317.2300109863281,507.32000732421875
2026-09-01 03:44:00+00:00,19.598280914581892,317.2300109863281,507.32000732421875
2026-09-01 03:45:00+00:00,19.598280914581892,317.2300109863281,507.32000732421875
2026-09-01 03:46:00+00:00,19.598280914581892,317.2300109863281,507.32000732421875
2026-09-01 03:47:00+00:00,19.598280914581892,317.2300109863281,507.32000732421875
2026-09-01 03:48:00+00:00,19.598280914581892,317.2300109863281,507.32000732421875
2026-09-01 03:49:00+00:00,19.598280914581892,317.2300109863281,507.32000732421875
2026-09-01 03:50:00+00:00,19.598280914581892,317.2300109863281,507.32000732421875
2026-09-01 03:51:00+00:00,19.598280914581892,317.2300109863281,507.32000732421875
2026-09-01 03:52:00+00:00,19.598280914581892,317.2300109863281,507.32000732421875
2026-09-01 03:53:00+00:00,19.598280914581892,317.2300109863281,507.32000732421875
2026-09-01 03:54:00+00:00,19.598280914581892,317.2300109863281,507.32000732421875
2026-09-01 03:55:00+00:00,19.598280914581892,317.2300109863281,507.32000732421875
2026-09-01 03:56:00+00:00,19.598280914581892,317.2300109863281,507.32000732421875
2026-09-01 03:57:00+00:00,19.598280914581892,317.2300109863281,507.32000732421875
2026-09-01 03:58:00+00:00,19.598280914581892,317.2300109863281,507.32000732421875
2026-09-01 03:59:00+00:00,19.596005056769627,317.2300109863281,507.32000732421875
2026-09-01 04:00:00+00:00,19.596005056769627,317.2300109863281,507.32000732421875
2026-09-01 04:01:00+00:00,19.596005056769627,317.2300109863281,507.32000732421875
2026-09-01 04:02:00+00:00,19.598280914581892,317.2300109863281,507.32000732421875
2026-09-01 04:03:00+00:00,19.598280914581892,317.2300109863281,507.32000732421875
2026-09-01 04:04:00+00:00,19.598280914581892,317.2300109863281,507.32000732421875
2026-09-01 04:05:00+00:00,19.598280914581892,317.2300109863281,507.32000732421875
2026-09-01 04:06:00+00:00,19.598280914581892,317.2300109863281,507.32000732421875
2026-09-01 04:07:00+00:00,19.596005056769627,317.2300109863281,507.32000732421875
2026-09-01 04:08:00+00:00,19.596005056769627,317.2300109863281,507.32000732421875
2026-09-01 04:09:00+00:00,19.596005056769627,317.2300109863281,507.32000732421875
2026-09-01 04:10:00+00:00,19.59373121121007,317.2300109863281,507.32000732421875
2026-09-01 04:11:00+00:00,19.596005056769627,317.2300109863281,507.32000732421875
2026-09-01 04:12:00+00:00,19.596005056769627,317.2300109863281,507.32000732421875
2026-09-01 04:13:00+00:00,19.596005056769627,317.2300109863281,507.32000732421875
2026-09-01 04:14:00+00:00,19.596005056769627,317.2300109863281,507.32000732421875
2026-09-01 04:15:00+00:00,19.596005056769627,317.2300109863281,507.32000732421875
2026-09-01 04:16:00+00:00,19.596005056769627,317.2300109863281,507.32000732421875
2026-09-01 04:17:00+00:00,19.59373121121007,317.2300109863281,507.32000732421875
2026-09-01 04:18:00+00:00,19.59373121121007,317.2300109863281,507.32000732421875
2026-09-01 04:19:00+00:00,19.59373121121007,317.2300109863281,507.32000732421875
2026-09-01 04:20:00+00:00,19.59373121121007,317.2300109863281,507.32000732421875
2026-09-01 04:21:00+00:00,19.596005056769627,317.2300109863281,507.32000732421875
2026-09-01 04:22:00+00:00,19.596005056769627,317.2300109863281,507.32000732421875
2026-09-01 04:23:00+00:00,19.596005056769627,317.2300109863281,507.32000732421875
2026-09-01 04:24:00+00:00,19.596005056769627,317.2300109863281,507.32000732421875
2026-09-01 04:25:00+00:00,19.596005056769627,317.2300109863281,507.32000732421875
2026-09-01 04:26:00+00:00,19.59373121121007,317.2300109863281,507.32000732421875
2026-09-01 04:27:00+00:00,19.59373121121007,317.2300109863281,507.32000732421875
2026-09-01 04:28:00+00:00,19.59373121121007,317.2300109863281,507.32000732421875
2026-09-01 04:29:00+00:00,19.591457365650513,317.2300109863281,507.32000732421875
2026-09-01 04:30:00+00:00,19.591457365650513,317.2300109863281,507.32000732421875
2026-09-01 04:31:00+00:00,19.591457365650513,317.2300109863281,507.32000732421875
2026-09-01 04:32:00+00:00,19.591457365650513,317.2300109863281,507.32000732421875
2026-09-01 04:33:00+00:00,19.59373121121007,317.2300109863281,507.32000732421875
2026-09-01 04:34:00+00:00,19.59373121121007,317.2300109863281,507.32000732421875
2026-09-01 04:35:00+00:00,19.591457365650513,317.2300109863281,507.32000732421875
2026-09-01 04:36:00+00:00,19.591457365650513,317.2300109863281,507.32000732421875
2026-09-01 04:37:00+00:00,19.591457365650513,317.2300109863281,507.32000732421875
2026-09-01 04:38:00+00:00,19.591457365650513,317.2300109863281,507.32000732421875
2026-09-01 04:39:00+00:00,19.591457365650513,317.2300109863281,507.32000732421875
2026-09-01 04:40:00+00:00,19.59373121121007,317.2300109863281,507.32000732421875
2026-09-01 04:41:00+00:00,19.59373121121007,317.2300109863281,507.32000732421875
2026-09-01 04:42:00+00:00,19.59373121121007,317.2300109863281,507.32000732421875
2026-09-01 04:43:00+00:00,19.59373121121007,317.2300109863281,507.32000732421875
2026-09-01 04:44:00+00:00,19.59373121121007,317.2300109863281,507.32000732421875
2026-09-01 04:45:00+00:00,19.596005056769627,317.2300109863281,507.32000732421875
2026-09-01 04:46:00+00:00,19.596005056769627,317.2300109863281,507.32000732421875
2026-09-01 04:47:00+00:00,19.59373121121007,317.2300109863281,507.32000732421875
2026-09-01 04:48:00+00:00,19.59373121121007,317.2300109863281,507.32000732421875
2026-09-01 04:49:00+00:00,19.59373121121007,317.2300109863281,507.32000732421875
2026-09-01 04:50:00+00:00,19.59373121121007,317.2300109863281,507.32000732421875
2026-09-01 04:51:00+00:00,19.59373121121007,317.2300109863281,507.32000732421875
2026-09-01 04:52:00+00:00,19.596005056769627,317.2300109863281,507.32000732421875
2026-09-01 04:53:00+00:00,19.596005056769627,317.2300109863281,507.32000732421875
2026-09-01 04:54:00+00:00,19.596005056769627,317.2300109863281,507.32000732421875
2026-09-01 04:55:00+00:00,19.59373121121007,317.2300109863281,507.32000732421875
2026-09-01 04:56:00+00:00,19.59373121121007,317.2300109863281,507.32000732421875
2026-09-01 04:57:00+00:00,19.59373121121007,317.2300109863281,507.32000732421875
2026-09-01 04:58:00+00:00,19.596005056769627,317.2300109863281,507.32000732421875
2026-09-01 04:59:00+00:00,19.596005056769627,317.2300109863281,507.32000732421875
2026-09-01 05:00:00+00:00,19.596005056769627,317.2300109863281,507.32000732421875
2026-09-01 05:01:00+00:00,19.598280914581892,317.2300109863281,507.32000732421875
2026-09-01 05:02:00+00:00,19.600556772394157,317.2300109863281,507.32000732421875
2026-09-01 05:03:00+00:00,19.600556772394157,317.2300109863281,507.32000732421875
2026-09-01 05:04:00+00:00,19.60283263020642,317.2300109863281,507.32000732421875
2026-09-01 05:05:00+00:00,19.60283263020642,317.2300109863281,507.32000732421875
2026-09-01 05:06:00+00:00,19.60283263020642,317.2300109863281,507.32000732421875
2026-09-01 05:07:00+00:00,19.600556772394157,317.2300109863281,507.32000732421875
2026-09-01 05:08:00+00:00,19.600556772394157,317.2300109863281,507.32000732421875
2026-09-01 05:09:00+00:00,19.600556772394157,317.2300109863281,507.32000732421875
2026-09-01 05:10:00+00:00,19.600556772394157,317.2300109863281,507.32000732421875
2026-09-01 05:11:00+00:00,19.60283263020642,317.2300109863281,507.32000732421875
2026-09-01 05:12:00+00:00,19.600556772394157,317.2300109863281,507.32000732421875
2026-09-01 05:13:00+00:00,19.600556772394157,317.2300109863281,507.32000732421875
2026-09-01 05:14:00+00:00,19.600556772394157,317.2300109863281,507.32000732421875
2026-09-01 05:15:00+00:00,19.598280914581892,317.2300109863281,507.32000732421875
2026-09-01 05:16:00+00:00,19.598280914581892,317.2300109863281,507.32000732421875
2026-09-01 05:17:00+00:00,19.600556772394157,317.2300109863281,507.32000732421875
2026-09-01 05:18:00+00:00,19.598280914581892,317.2300109863281,507.32000732421875
2026-09-01 05:19:00+00:00,19.598280914581892,317.2300109863281,507.32000732421875
2026-09-01 05:20:00+00:00,19.596005056769627,317.2300109863281,507.32000732421875
2026-09-01 05:21:00+00:00,19.598280914581892,317.2300109863281,507.32000732421875
2026-09-01 05:22:00+00:00,19.598280914581892,317.2300109863281,507.32000732421875
2026-09-01 05:23:00+00:00,19.598280914581892,317.2300109863281,507.32000732421875
2026-09-01 05:24:00+00:00,19.598280914581892,317.2300109863281,507.32000732421875
2026-09-01 05:25:00+00:00,19.598280914581892,317.2300109863281,507.32000732421875
2026-09-01 05:26:00+00:00,19.598280914581892,317.2300109863281,507.32000732421875
2026-09-01 05:27:00+00:00,19.598280914581892,317.2300109863281,507.32000732421875
2026-09-01 05:28:00+00:00,19.598280914581892,317.2300109863281,507.32000732421875
2026-09-01 05:29:00+00:00,19.600556772394157,317.2300109863281,507.32000732421875
2026-09-01 05:30:00+00:00,19.600556772394157,317.2300109863281,507.32000732421875
2026-09-01 05:31:00+00:00,19.600556772394157,317.2300109863281,507.32000732421875
2026-09-01 05:32:00+00:00,19.600556772394157,317.2300109863281,507.32000732421875
2026-09-01 05:33:00+00:00,19.600556772394157,317.2300109863281,507.32000732421875
2026-09-01 05:34:00+00:00,19.600556772394157,317.2300109863281,507.32000732421875
2026-09-01 05:35:00+00:00,19.600556772394157,317.2300109863281,507.32000732421875
2026-09-01 05:36:00+00:00,19.600556772394157,317.2300109863281,507.32000732421875
2026-09-01 05:37:00+00:00,19.598280914581892,317.2300109863281,507.32000732421875
2026-09-01 05:38:00+00:00,19.600556772394157,317.2300109863281,507.32000732421875
2026-09-01 05:39:00+00:00,19.600556772394157,317.2300109863281,507.32000732421875
2026-09-01 05:40:00+00:00,19.600556772394157,317.2300109863281,507.32000732421875
2026-09-01 05:41:00+00:00,19.600556772394157,317.2300109863281,507.32000732421875
2026-09-01 05:42:00+00:00,19.60283263020642,317.2300109863281,507.32000732421875
2026-09-01 05:43:00+00:00,19.600556772394157,317.2300109863281,507.32000732421875
2026-09-01 05:44:00+00:00,19.600556772394157,317.2300109863281,507.32000732421875
2026-09-01 05:45:00+00:00,19.600556772394157,317.2300109863281,507.32000732421875
2026-09-01 05:46:00+00:00,19.60283263020642,317.2300109863281,507.32000732421875
2026-09-01 05:47:00+00:00,19.60283263020642,317.2300109863281,507.32000732421875
2026-09-01 05:48:00+00:00,19.60283263020642,317.2300109863281,507.32000732421875
2026-09-01 05:49:00+00:00,19.60283263020642,317.2300109863281,507.32000732421875
2026-09-01 05:50:00+00:00,19.60283263020642,317.2300109863281,507.32000732421875
2026-09-01 05:51:00+00:00,19.600556772394157,317.2300109863281,507.32000732421875
2026-09-01 05:52:00+00:00,19.60283263020642,317.2300109863281,507.32000732421875
2026-09-01 05:53:00+00:00,19.60283263020642,317.2300109863281,507.32000732421875
2026-09-01 05:54:00+00:00,19.60283263020642,317.2300109863281,507.32000732421875
2026-09-01 05:55:00+00:00,19.60283263020642,317.2300109863281,507.32000732421875
2026-09-01 05:56:00+00:00,19.60283263020642,317.2300109863281,507.32000732421875
2026-09-01 05:57:00+00:00,19.60283263020642,317.2300109863281,507.32000732421875
2026-09-01 05:58:00+00:00,19.600556772394157,317.2300109863281,507.32000732421875
2026-09-01 05:59:00+00:00,19.600556772394157,317.2300109863281,507.32000732421875
2026-09-01 06:00:00+00:00,19.598280914581892,317.2300109863281,507.32000732421875
2026-09-01 06:01:00+00:00,19.600556772394157,317.2300109863281,507.32000732421875
2026-09-01 06:02:00+00:00,19.600556772394157,317.2300109863281,507.32000732421875
2026-09-01 06:03:00+00:00,19.600556772394157,317.2300109863281,507.32000732421875
2026-09-01 06:04:00+00:00,19.598280914581892,317.2300109863281,507.32000732421875
2026-09-01 06:05:00+00:00,19.600556772394157,317.2300109863281,507.32000732421875
2026-09-01 06:06:00+00:00,19.598280914581892,317.2300109863281,507.32000732421875
2026-09-01 06:07:00+00:00,19.598280914581892,317.2300109863281,507.32000732421875
2026-09-01 06:08:00+00:00,19.598280914581892,317.2300109863281,507.32000732421875
2026-09-01 06:09:00+00:00,19.598280914581892,317.2300109863281,507.32000732421875
2026-09-01 06:10:00+00:00,19.598280914581892,317.2300109863281,507.32000732421875
2026-09-01 06:11:00+00:00,19.598280914581892,317.2300109863281,507.32000732421875
2026-09-01 06:12:00+00:00,19.598280914581892,317.2300109863281,507.32000732421875
2026-09-01 06:13:00+00:00,19.598280914581892,317.2300109863281,507.32000732421875
2026-09-01 06:14:00+00:00,19.598280914581892,317.2300109863281,507.32000732421875
2026-09-01 06:15:00+00:00,19.600556772394157,317.2300109863281,507.32000732421875
2026-09-01 06:16:00+00:00,19.600556772394157,317.2300109863281,507.32000732421875
2026-09-01 06:17:00+00:00,19.600556772394157,317.2300109863281,507.32000732421875
2026-09-01 06:18:00+00:00,19.598280914581892,317.2300109863281,507.32000732421875
2026-09-01 06:19:00+00:00,19.596005056769627,317.2300109863281,507.32000732421875
2026-09-01 06:20:00+00:00,19.596005056769627,317.2300109863281,507.32000732421875
2026-09-01 06:21:00+00:00,19.596005056769627,317.2300109863281,507.32000732421875
2026-09-01 06:22:00+00:00,19.59373121121007,317.2300109863281,507.32000732421875
2026-09-01 06:23:00+00:00,19.596005056769627,317.2300109863281,507.32000732421875
2026-09-01 06:24:00+00:00,19.59373121121007,317.2300109863281,507.32000732421875
2026-09-01 06:25:00+00:00,19.59373121121007,317.2300109863281,507.32000732421875
2026-09-01 06:26:00+00:00,19.591457365650513,317.2300109863281,507.32000732421875
2026-09-01 06:27:00+00:00,19.591457365650513,317.2300109863281,507.32000732421875
2026-09-01 06:28:00+00:00,19.591457365650513,317.2300109863281,507.32000732421875
2026-09-01 06:29:00+00:00,19.589183520090955,317.2300109863281,507.32000732421875
2026-09-01 06:30:00+00:00,19.589183520090955,317.2300109863281,507.32000732421875
2026-09-01 06:31:00+00:00,19.591457365650513,317.2300109863281,507.32000732421875
2026-09-01 06:32:00+00:00,19.589183520090955,317.2300109863281,507.32000732421875
2026-09-01 06:33:00+00:00,19.589183520090955,317.2300109863281,507.32000732421875
2026-09-01 06:34:00+00:00,19.589183520090955,317.2300109863281,507.32000732421875
2026-09-01 06:35:00+00:00,19.589183520090955,317.2300109863281,507.32000732421875
2026-09-01 06:36:00+00:00,19.589183520090955,317.2300109863281,507.32000732421875
2026-09-01 06:37:00+00:00,19.586909674531398,317.2300109863281,507.32000732421875
2026-09-01 06:38:00+00:00,19.589183520090955,317.2300109863281,507.32000732421875
2026-09-01 06:39:00+00:00,19.591457365650513,317.2300109863281,507.32000732421875
2026-09-01 06:40:00+00:00,19.591457365650513,317.2300109863281,507.32000732421875
2026-09-01 06:41:00+00:00,19.591457365650513,317.2300109863281,507.32000732421875
2026-09-01 06:42:00+00:00,19.591457365650513,317.2300109863281,507.32000732421875
2026-09-01 06:43:00+00:00,19.591457365650513,317.2300109863281,507.32000732421875
2026-09-01 06:44:00+00:00,19.591457365650513,317.2300109863281,507.32000732421875
2026-09-01 06:45:00+00:00,19.591457365650513,317.2300109863281,507.32000732421875
2026-09-01 06:46:00+00:00,19.589183520090955,317.2300109863281,507.32000732421875
2026-09-01 06:47:00+00:00,19.589183520090955,317.2300109863281,507.32000732421875
2026-09-01 06:48:00+00:00,19.591457365650513,317.2300109863281,507.32000732421875
2026-09-01 06:49:00+00:00,19.591457365650513,317.2300109863281,507.32000732421875
2026-09-01 06:50:00+00:00,19.591457365650513,317.2300109863281,507.32000732421875
2026-09-01 06:51:00+00:00,19.589183520090955,317.2300109863281,507.32000732421875
2026-09-01 06:52:00+00:00,19.589183520090955,317.2300109863281,507.32000732421875
2026-09-01 06:53:00+00:00,19.591457365650513,317.2300109863281,507.32000732421875
2026-09-01 06:54:00+00:00,19.591457365650513,317.2300109863281,507.32000732421875
2026-09-01 06:55:00+00:00,19.591457365650513,317.2300109863281,507.32000732421875
2026-09-01 06:56:00+00:00,19.59373121121007,317.2300109863281,507.32000732421875
2026-09-01 06:57:00+00:00,19.59373121121007,317.2300109863281,507.32000732421875
2026-09-01 06:58:00+00:00,19.59373121121007,317.2300109863281,507.32000732421875
2026-09-01 06:59:00+00:00,19.59373121121007,317.2300109863281,507.32000732421875
2026-09-01 07:00:00+00:00,19.596005056769627,317.2300109863281,507.32000732421875
2026-09-01 07:01:00+00:00,19.596005056769627,317.2300109863281,507.32000732421875
2026-09-01 07:02:00+00:00,19.596005056769627,317.2300109863281,507.32000732421875
2026-09-01 07:03:00+00:00,19.596005056769627,317.2300109863281,507.32000732421875
2026-09-01 07:04:00+00:00,19.59373121121007,317.2300109863281,507.32000732421875
2026-09-01 07:05:00+00:00,19.59373121121007,317.2300109863281,507.32000732421875
2026-09-01 07:06:00+00:00,19.591457365650513,317.2300109863281,507.32000732421875
2026-09-01 07:07:00+00:00,19.591457365650513,317.2300109863281,507.32000732421875
2026-09-01 07:08:00+00:00,19.589183520090955,317.2300109863281,507.32000732421875
2026-09-01 07:09:00+00:00,19.591457365650513,317.2300109863281,507.32000732421875
2026-09-01 07:10:00+00:00,19.591457365650513,317.2300109863281,507.32000732421875
2026-09-01 07:11:00+00:00,19.589183520090955,317.2300109863281,507.32000732421875
2026-09-01 07:12:00+00:00,19.589183520090955,317.2300109863281,507.32000732421875
2026-09-01 07:13:00+00:00,19.591457365650513,317.2300109863281,507.32000732421875
2026-09-01 07:14:00+00:00,19.591457365650513,317.2300109863281,507.32000732421875
2026-09-01 07:15:00+00:00,19.591457365650513,317.2300109863281,507.32000732421875
2026-09-01 07:16:00+00:00,19.591457365650513,317.2300109863281,507.32000732421875
2026-09-01 07:17:00+00:00,19.589183520090955,317.2300109863281,507.32000732421875
2026-09-01 07:18:00+00:00,19.589183520090955,317.2300109863281,507.32000732421875
2026-09-01 07:19:00+00:00,19.589183520090955,317.2300109863281,507.32000732421875
2026-09-01 07:20:00+00:00,19.586909674531398,317.2300109863281,507.32000732421875
2026-09-01 07:21:00+00:00,19.586909674531398,317.2300109863281,507.32000732421875
2026-09-01 07:22:00+00:00,19.586909674531398,317.2300109863281,507.32000732421875
2026-09-01 07:23:00+00:00,19.58463784122455,317.2300109863281,507.32000732421875
2026-09-01 07:24:00+00:00,19.58463784122455,317.2300109863281,507.32000732421875
2026-09-01 07:25:00+00:00,19.58463784122455,317.2300109863281,507.32000732421875
2026-09-01 07:26:00+00:00,19.58463784122455,317.2300109863281,507.32000732421875
2026-09-01 07:27:00+00:00,19.58463784122455,317.2300109863281,507.32000732421875
2026-09-01 07:28:00+00:00,19.58463784122455,317.2300109863281,507.32000732421875
2026-09-01 07:29:00+00:00,19.5823660079177,317.2300109863281,507.32000732421875
2026-09-01 07:30:00+00:00,19.634570273805366,317.2300109863281,507.32000732421875
2026-09-01 07:31:00+00:00,19.634570273805366,317.2300109863281,507.32000732421875
2026-09-01 07:32:00+00:00,19.684490593509736,317.2300109863281,507.32000732421875
2026-09-01 07:33:00+00:00,19.686774539693033,317.2300109863281,507.32000732421875
2026-09-01 07:34:00+00:00,19.643892231987365,317.2300109863281,507.32000732421875
2026-09-01 07:35:00+00:00,19.632292384060293,317.2300109863281,507.32000732421875
2026-09-01 07:36:00+00:00,19.643892231987365,317.2300109863281,507.32000732421875
2026-09-01 07:37:00+00:00,19.649693262173287,317.2300109863281,507.32000732421875
2026-09-01 07:38:00+00:00,19.676408502408776,317.2300109863281,507.32000732421875
2026-09-01 07:39:00+00:00,19.68220664732644,317.2300109863281,507.32000732421875
2026-09-01 07:40:00+00:00,19.688007004432166,317.2300109863281,507.32000732421875
2026-09-01 07:41:00+00:00,19.69152188143653,317.2300109863281,507.32000732421875
2026-09-01 07:42:00+00:00,19.70891872337006,317.2300109863281,507.32000732421875
2026-09-01 07:43:00+00:00,19.717002153396606,317.2300109863281,507.32000732421875
2026-09-01 07:44:00+00:00,19.683441813060654,317.2300109863281,507.32000732421875
2026-09-01 07:45:00+00:00,19.637058562659604,317.2300109863281,507.32000732421875
2026-09-01 07:46:00+00:00,19.639335779499106,317.2300109863281,507.32000732421875
2026-09-01 07:47:00+00:00,19.639335779499106,317.2300109863281,507.32000732421875
2026-09-01 07:48:00+00:00,19.63001449431522,317.2300109863281,507.32000732421875
2026-09-01 07:49:00+00:00,19.64161299633861,317.2300109863281,507.32000732421875
2026-09-01 07:50:00+00:00,19.64161299633861,317.2300109863281,507.32000732421875
2026-09-01 07:51:00+00:00,19.635814851420946,317.2300109863281,507.32000732421875
2026-09-01 07:52:00+00:00,19.64161299633861,317.2300109863281,507.32000732421875
2026-09-01 07:53:00+00:00,19.65673262143264,317.2300109863281,507.32000732421875
2026-09-01 07:54:00+00:00,19.664810000385387,317.2300109863281,507.32000732421875
2026-09-01 07:55:00+00:00,19.664810000385387,317.2300109863281,507.32000732421875
2026-09-01 07:56:00+00:00,19.676408502408776,317.2300109863281,507.32000732421875
2026-09-01 07:57:00+00:00,19.68220664732644,317.2300109863281,507.32000732421875
2026-09-01 07:58:00+00:00,19.647413353444335,317.2300109863281,507.32000732421875
2026-09-01 07:59:00+00:00,19.601019345350778,317.2300109863281,507.32000732421875
2026-09-01 08:00:00+00:00,19.635814851420946,317.2300109863281,507.32000732421875
2026-09-01 08:01:00+00:00,19.59874683487351,317.2300109863281,507.32000732421875
2026-09-01 08:02:00+00:00,19.604546519495216,317.2300109863281,507.32000732421875
2026-09-01 08:03:00+00:00,19.590677523933664,317.2300109863281,507.32000732421875
2026-09-01 08:04:00+00:00,19.59874683487351,317.2300109863281,507.32000732421875
2026-09-01 08:05:00+00:00,19.601019345350778,317.2300109863281,507.32000732421875
2026-09-01 08:06:00+00:00,19.587149677561683,317.2300109863281,507.32000732421875
2026-09-01 08:07:00+00:00,19.597726970611347,317.2300109863281,507.32000732421875
2026-09-01 08:08:00+00:00,19.54329590974521,317.2300109863281,507.32000732421875
2026-09-01 08:09:00+00:00,19.499186529186773,317.2300109863281,507.32000732421875
2026-09-01 08:10:00+00:00,19.49113400137412,317.2300109863281,507.32000732421875
2026-09-01 08:11:00+00:00,19.55715214507245,317.2300109863281,507.32000732421875
2026-09-01 08:12:00+00:00,19.62670867297311,317.2300109863281,507.32000732421875
2026-09-01 08:13:00+00:00,19.611594621461336,317.2300109863281,507.32000732421875
2026-09-01 08:14:00+00:00,19.551354477902805,317.2300109863281,507.32000732421875
2026-09-01 08:15:00+00:00,19.551354477902805,317.2300109863281,507.32000732421875
2026-09-01 08:16:00+00:00,19.551354477902805,317.2300109863281,507.32000732421875
2026-09-01 08:17:00+00:00,19.522372775541044,317.2300109863281,507.32000732421875
2026-09-01 08:18:00+00:00,19.510779652363908,317.2300109863281,507.32000732421875
2026-09-01 08:19:00+00:00,19.445733183943048,317.2300109863281,507.32000732421875
2026-09-01 08:20:00+00:00,19.447988213682947,317.2300109863281,507.32000732421875
2026-09-01 08:21:00+00:00,19.453785686373067,317.2300109863281,507.32000732421875
2026-09-01 08:22:00+00:00,19.451529984405624,317.2300109863281,507.32000732421875
2026-09-01 08:23:00+00:00,19.463125797005887,317.2300109863281,507.32000732421875
2026-09-01 08:24:00+00:00,19.46086875032688,317.2300109863281,507.32000732421875
2026-09-01 08:25:00+00:00,19.47246321821558,317.2300109863281,507.32000732421875
2026-09-01 08:26:00+00:00,19.47246321821558,317.2300109863281,507.32000732421875
2026-09-01 08:27:00+00:00,19.480518410068726,317.2300109863281,507.32000732421875
2026-09-01 08:28:00+00:00,19.480518410068726,317.2300109863281,507.32000732421875
2026-09-01 08:29:00+00:00,19.468924809143573,317.2300109863281,507.32000732421875
2026-09-01 08:30:00+00:00,19.46086875032688,317.2300109863281,507.32000732421875
2026-09-01 08:31:00+00:00,19.445733183943048,317.2300109863281,507.32000732421875
2026-09-01 08:32:00+00:00,19.44347815420315,317.2300109863281,507.32000732421875
2026-09-01 08:33:00+00:00,19.435425457293604,317.2300109863281,507.32000732421875
2026-09-01 08:34:00+00:00,19.452816247640385,317.2300109863281,507.32000732421875
2026-09-01 08:35:00+00:00,19.455072622091848,317.2300109863281,507.32000732421875
2026-09-01 08:36:00+00:00,19.452816247640385,317.2300109863281,507.32000732421875
2026-09-01 08:37:00+00:00,19.455072622091848,317.2300109863281,507.32000732421875
2026-09-01 08:38:00+00:00,19.439934171805362,317.2300109863281,507.32000732421875
2026-09-01 08:39:00+00:00,19.4283383592051,317.2300109863281,507.32000732421875
2026-09-01 08:40:00+00:00,19.430591371749415,317.2300109863281,507.32000732421875
2026-09-01 08:41:00+00:00,19.430591371749415,317.2300109863281,507.32000732421875
2026-09-01 08:42:00+00:00,19.4283383592051,317.2300109863281,507.32000732421875
2026-09-01 08:43:00+00:00,19.439934171805362,317.2300109863281,507.32000732421875
2026-09-01 08:44:00+00:00,19.44218852906124,317.2300109863281,507.32000732421875
2026-09-01 08:45:00+00:00,19.395802111745525,317.2300109863281,507.32000732421875
2026-09-01 08:46:00+00:00,19.395802111745525,317.2300109863281,507.32000732421875
2026-09-01 08:47:00+00:00,19.372607797121873,317.2300109863281,507.32000732421875
2026-09-01 08:48:00+00:00,19.386452588388238,317.2300109863281,507.32000732421875
2026-09-01 08:49:00+00:00,19.33426043537702,317.2300109863281,507.32000732421875
2026-09-01 08:50:00+00:00,19.343616009808102,317.2300109863281,507.32000732421875
2026-09-01 08:51:00+00:00,19.300788843952432,317.2300109863281,507.32000732421875
2026-09-01 08:52:00+00:00,19.283394019214484,317.2300109863281,507.32000732421875
2026-09-01 08:53:00+00:00,19.31462422249433,317.2300109863281,507.32000732421875
2026-09-01 08:54:00+00:00,19.36456470741632,317.2300109863281,507.32000732421875
2026-09-01 08:55:00+00:00,19.366810324431754,317.2300109863281,507.32000732421875
2026-09-01 08:56:00+00:00,19.36456470741632,317.2300109863281,507.32000732421875
2026-09-01 08:57:00+00:00,19.372607797121873,317.2300109863281,507.32000732421875
2026-09-01 08:58:00+00:00,19.372607797121873,317.2300109863281,507.32000732421875
2026-09-01 08:59:00+00:00,19.401599584435644,317.2300109863281,507.32000732421875
2026-09-01 09:00:00+00:00,19.401599584435644,317.2300109863281,507.32000732421875
2026-09-01 09:01:00+00:00,19.401599584435644,317.2300109863281,507.32000732421875
2026-09-01 09:02:00+00:00,19.401599584435644,317.2300109863281,507.32000732421875
2026-09-01 09:03:00+00:00,19.424793899059296,317.2300109863281,507.32000732421875
2026-09-01 09:04:00+00:00,19.438644741399457,317.2300109863281,507.32000732421875
2026-09-01 09:05:00+00:00,19.42350175870729,317.2300109863281,507.32000732421875
2026-09-01 09:06:00+00:00,19.3922507333059,317.2300109863281,507.32000732421875
2026-09-01 09:07:00+00:00,19.394501032667222,317.2300109863281,507.32000732421875
2026-09-01 09:08:00+00:00,19.34230282321778,317.2300109863281,507.32000732421875
2026-09-01 09:09:00+00:00,19.34230282321778,317.2300109863281,507.32000732421875
2026-09-01 09:10:00+00:00,19.406100880594295,317.2300109863281,507.32000732421875
2026-09-01 09:11:00+00:00,19.400302062853143,317.2300109863281,507.32000732421875
2026-09-01 09:12:00+00:00,19.40255303529466,317.2300109863281,507.32000732421875
2026-09-01 09:13:00+00:00,19.400302062853143,317.2300109863281,507.32000732421875
2026-09-01 09:14:00+00:00,19.419953719690056,317.2300109863281,507.32000732421875
2026-09-01 09:15:00+00:00,19.435099394189592,317.2300109863281,507.32000732421875
2026-09-01 09:16:00+00:00,19.431554913520813,317.2300109863281,507.32000732421875
2026-09-01 09:17:00+00:00,19.42930057644844,317.2300109863281,507.32000732421875
2026-09-01 09:18:00+00:00,19.406100880594295,317.2300109863281,507.32000732421875
2026-09-01 09:19:00+00:00,19.406100880594295,317.2300109863281,507.32000732421875
2026-09-01 09:20:00+00:00,19.406100880594295,317.2300109863281,507.32000732421875
2026-09-01 09:21:00+00:00,19.38290118474015,317.2300109863281,507.32000732421875
2026-09-01 09:22:00+00:00,19.359703701330773,317.2300109863281,507.32000732421875
2026-09-01 09:23:00+00:00,19.359703701330773,317.2300109863281,507.32000732421875
2026-09-01 09:24:00+00:00,19.377102366998997,317.2300109863281,507.32000732421875
2026-09-01 09:25:00+00:00,19.373551157068505,317.2300109863281,507.32000732421875
2026-09-01 09:26:00+00:00,19.373551157068505,317.2300109863281,507.32000732421875
2026-09-01 09:27:00+00:00,19.365502519071924,317.2300109863281,507.32000732421875
2026-09-01 09:28:00+00:00,19.371303549257846,317.2300109863281,507.32000732421875
2026-09-01 09:29:00+00:00,19.371303549257846,317.2300109863281,507.32000732421875
2026-09-01 09:30:00+00:00,19.377102366998997,317.2300109863281,507.32000732421875
2026-09-01 09:31:00+00:00,19.371303549257846,317.2300109863281,507.32000732421875
2026-09-01 09:32:00+00:00,19.373551157068505,317.2300109863281,507.32000732421875
2026-09-01 09:33:00+00:00,19.373551157068505,317.2300109863281,507.32000732421875
2026-09-01 09:34:00+00:00,19.36774945380239,317.2300109863281,507.32000732421875
2026-09-01 09:35:00+00:00,19.373551157068505,317.2300109863281,507.32000732421875
2026-09-01 09:36:00+00:00,19.36774945380239,317.2300109863281,507.32000732421875
2026-09-01 09:37:00+00:00,19.36774945380239,317.2300109863281,507.32000732421875
2026-09-01 09:38:00+00:00,19.36774945380239,317.2300109863281,507.32000732421875
2026-09-01 09:39:00+00:00,19.344547066140876,317.2300109863281,507.32000732421875
2026-09-01 09:40:00+00:00,19.335190982287713,317.2300109863281,507.32000732421875
2026-09-01 09:41:00+00:00,19.337433879563832,317.2300109863281,507.32000732421875
2026-09-01 09:42:00+00:00,19.343234715775452,317.2300109863281,507.32000732421875
2026-09-01 09:43:00+00:00,19.335190982287713,317.2300109863281,507.32000732421875
2026-09-01 09:44:00+00:00,19.332948085011594,317.2300109863281,507.32000732421875
2026-09-01 09:45:00+00:00,19.340991145675844,317.2300109863281,507.32000732421875
2026-09-01 09:46:00+00:00,19.343234715775452,317.2300109863281,507.32000732421875
2026-09-01 09:47:00+00:00,19.337433879563832,317.2300109863281,507.32000732421875
2026-09-01 09:48:00+00:00,19.329388605941404,317.2300109863281,507.32000732421875
2026-09-01 09:49:00+00:00,19.32714638174548,317.2300109863281,507.32000732421875
2026-09-01 09:50:00+00:00,19.32714638174548,317.2300109863281,507.32000732421875
2026-09-01 09:51:00+00:00,19.324904157549554,317.2300109863281,507.32000732421875
2026-09-01 09:52:00+00:00,19.31330430962248,317.2300109863281,507.32000732421875
2026-09-01 09:53:00+00:00,19.31330430962248,317.2300109863281,507.32000732421875
2026-09-01 09:54:00+00:00,19.316863788435967,317.2300109863281,507.32000732421875
2026-09-01 09:55:00+00:00,19.31330430962248,317.2300109863281,507.32000732421875
2026-09-01 09:56:00+00:00,19.305265286412578,317.2300109863281,507.32000732421875
2026-09-01 09:57:00+00:00,19.2820682823658,317.2300109863281,507.32000732421875
2026-09-01 09:58:00+00:00,19.276270137448137,317.2300109863281,507.32000732421875
2026-09-01 09:59:00+00:00,19.274035277868734,317.2300109863281,507.32000732421875
2026-09-01 10:00:00+00:00,19.274035277868734,317.2300109863281,507.32000732421875
2026-09-01 10:01:00+00:00,19.2972273805608,317.2300109863281,507.32000732421875
2026-09-01 10:02:00+00:00,19.34941348249822,317.2300109863281,507.32000732421875
2026-09-01 10:03:00+00:00,19.34941348249822,317.2300109863281,507.32000732421875
2026-09-01 10:04:00+00:00,19.347169882678372,317.2300109863281,507.32000732421875
2026-09-01 10:05:00+00:00,19.35165708231807,317.2300109863281,507.32000732421875
2026-09-01 10:06:00+00:00,19.332018852496276,317.2300109863281,507.32000732421875
2026-09-01 10:07:00+00:00,19.343616009808102,317.2300109863281,507.32000732421875
2026-09-01 10:08:00+00:00,19.332018852496276,317.2300109863281,507.32000732421875
2026-09-01 10:09:00+00:00,19.355213167119928,317.2300109863281,507.32000732421875
2026-09-01 10:10:00+00:00,19.366810324431754,317.2300109863281,507.32000732421875
2026-09-01 10:11:00+00:00,19.372607797121873,317.2300109863281,507.32000732421875
2026-09-01 10:12:00+00:00,19.398051090411627,317.2300109863281,507.32000732421875
2026-09-01 10:13:00+00:00,19.390002427123818,317.2300109863281,507.32000732421875
2026-09-01 10:14:00+00:00,19.387754120941736,317.2300109863281,507.32000732421875
2026-09-01 10:15:00+00:00,19.376158308341473,317.2300109863281,507.32000732421875
2026-09-01 10:16:00+00:00,19.38065223128251,317.2300109863281,507.32000732421875
2026-09-01 10:17:00+00:00,19.376158308341473,317.2300109863281,507.32000732421875
2026-09-01 10:18:00+00:00,19.387754120941736,317.2300109863281,507.32000732421875
2026-09-01 10:19:00+00:00,19.378405269811992,317.2300109863281,507.32000732421875
2026-09-01 10:20:00+00:00,19.40739926905735,317.2300109863281,507.32000732421875
2026-09-01 10:21:00+00:00,19.409649592435017,317.2300109863281,507.32000732421875
2026-09-01 10:22:00+00:00,19.40384923532929,317.2300109863281,507.32000732421875
2026-09-01 10:23:00+00:00,19.40384923532929,317.2300109863281,507.32000732421875
2026-09-01 10:24:00+00:00,19.38065223128251,317.2300109863281,507.32000732421875
2026-09-01 10:25:00+00:00,19.386452588388238,317.2300109863281,507.32000732421875
2026-09-01 10:26:00+00:00,19.430591371749415,317.2300109863281,507.32000732421875
2026-09-01 10:27:00+00:00,19.43639105637112,317.2300109863281,507.32000732421875
2026-09-01 10:28:00+00:00,19.424793899059296,317.2300109863281,507.32000732421875
2026-09-01 10:29:00+00:00,19.424793899059296,317.2300109863281,507.32000732421875
2026-09-01 10:30:00+00:00,19.418996426369176,317.2300109863281,507.32000732421875
2026-09-01 10:31:00+00:00,19.41094574614226,317.2300109863281,507.32000732421875
2026-09-01 10:32:00+00:00,19.41094574614226,317.2300109863281,507.32000732421875
2026-09-01 10:33:00+00:00,19.40869475053705,317.2300109863281,507.32000732421875
2026-09-01 10:34:00+00:00,19.399349933542,317.2300109863281,507.32000732421875
2026-09-01 10:35:00+00:00,19.399349933542,317.2300109863281,507.32000732421875
2026-09-01 10:36:00+00:00,19.399349933542,317.2300109863281,507.32000732421875
2026-09-01 10:37:00+00:00,19.401599584435644,317.2300109863281,507.32000732421875
2026-09-01 10:38:00+00:00,19.393553133079422,317.2300109863281,507.32000732421875
2026-09-01 10:39:00+00:00,19.397100282648353,317.2300109863281,507.32000732421875
2026-09-01 10:40:00+00:00,19.40869475053705,317.2300109863281,507.32000732421875
2026-09-01 10:41:00+00:00,19.414493090190717,317.2300109863281,507.32000732421875
2026-09-01 10:42:00+00:00,19.414493090190717,317.2300109863281,507.32000732421875
2026-09-01 10:43:00+00:00,19.40289862230202,317.2300109863281,507.32000732421875
2026-09-01 10:44:00+00:00,19.40289862230202,317.2300109863281,507.32000732421875
2026-09-01 10:45:00+00:00,19.40869475053705,317.2300109863281,507.32000732421875
2026-09-01 10:46:00+00:00,19.40289862230202,317.2300109863281,507.32000732421875
2026-09-01 10:47:00+00:00,19.40289862230202,317.2300109863281,507.32000732421875
2026-09-01 10:48:00+00:00,19.405148945679684,317.2300109863281,507.32000732421875
2026-09-01 10:49:00+00:00,19.405148945679684,317.2300109863281,507.32000732421875
2026-09-01 10:50:00+00:00,19.40739926905735,317.2300109863281,507.32000732421875
2026-09-01 10:51:00+00:00,19.399349933542,317.2300109863281,507.32000732421875
2026-09-01 10:52:00+00:00,19.399349933542,317.2300109863281,507.32000732421875
2026-09-01 10:53:00+00:00,19.399349933542,317.2300109863281,507.32000732421875
2026-09-01 10:54:00+00:00,19.397100282648353,317.2300109863281,507.32000732421875
2026-09-01 10:55:00+00:00,19.40289862230202,317.2300109863281,507.32000732421875
2026-09-01 10:56:00+00:00,19.39130415441332,317.2300109863281,507.32000732421875
2026-09-01 10:57:00+00:00,19.385505814759654,317.2300109863281,507.32000732421875
2026-09-01 10:58:00+00:00,19.393553133079422,317.2300109863281,507.32000732421875
2026-09-01 10:59:00+00:00,19.393553133079422,317.2300109863281,507.32000732421875
2026-09-01 11:00:00+00:00,19.385505814759654,317.2300109863281,507.32000732421875
2026-09-01 11:01:00+00:00,19.385505814759654,317.2300109863281,507.32000732421875
2026-09-01 11:02:00+00:00,19.362319090400888,317.2300109863281,507.32000732421875
2026-09-01 11:03:00+00:00,19.35072462251219,317.2300109863281,507.32000732421875
2026-09-01 11:04:00+00:00,19.33913015462349,317.2300109863281,507.32000732421875
2026-09-01 11:05:00+00:00,19.33913015462349,317.2300109863281,507.32000732421875
2026-09-01 11:06:00+00:00,19.36811521863592,317.2300109863281,507.32000732421875
2026-09-01 11:07:00+00:00,19.36811521863592,317.2300109863281,507.32000732421875
2026-09-01 11:08:00+00:00,19.43188368631445,317.2300109863281,507.32000732421875
2026-09-01 11:09:00+00:00,19.4283383592051,317.2300109863281,507.32000732421875
2026-09-01 11:10:00+00:00,19.4283383592051,317.2300109863281,507.32000732421875
2026-09-01 11:11:00+00:00,19.439934171805362,317.2300109863281,507.32000732421875
2026-09-01 11:12:00+00:00,19.445733183943048,317.2300109863281,507.32000732421875
2026-09-01 11:13:00+00:00,19.445733183943048,317.2300109863281,507.32000732421875
2026-09-01 11:14:00+00:00,19.445733183943048,317.2300109863281,507.32000732421875
2026-09-01 11:15:00+00:00,19.44347815420315,317.2300109863281,507.32000732421875
2026-09-01 11:16:00+00:00,19.434137371342786,317.2300109863281,507.32000732421875
2026-09-01 11:17:00+00:00,19.44347815420315,317.2300109863281,507.32000732421875
2026-09-01 11:18:00+00:00,19.445733183943048,317.2300109863281,507.32000732421875
2026-09-01 11:19:00+00:00,19.447988213682947,317.2300109863281,507.32000732421875
2026-09-01 11:20:00+00:00,19.43639105637112,317.2300109863281,507.32000732421875
2026-09-01 11:21:00+00:00,19.424793899059296,317.2300109863281,507.32000732421875
2026-09-01 11:22:00+00:00,19.422541558742523,317.2300109863281,507.32000732421875
2026-09-01 11:23:00+00:00,19.422541558742523,317.2300109863281,507.32000732421875
2026-09-01 11:24:00+00:00,19.424793899059296,317.2300109863281,507.32000732421875
2026-09-01 11:25:00+00:00,19.424793899059296,317.2300109863281,507.32000732421875
2026-09-01 11:26:00+00:00,19.43639105637112,317.2300109863281,507.32000732421875
2026-09-01 11:27:00+00:00,19.438644741399457,317.2300109863281,507.32000732421875
2026-09-01 11:28:00+00:00,19.427046239376068,317.2300109863281,507.32000732421875
2026-09-01 11:29:00+00:00,19.427046239376068,317.2300109863281,507.32000732421875
2026-09-01 11:30:00+00:00,19.421248094458406,317.2300109863281,507.32000732421875
2026-09-01 11:31:00+00:00,19.4676398903639,317.2300109863281,507.32000732421875
2026-09-01 11:32:00+00:00,19.49889745156611,317.2300109863281,507.32000732421875
2026-09-01 11:33:00+00:00,19.514033898457456,317.2300109863281,507.32000732421875
2026-09-01 11:34:00+00:00,19.514033898457456,317.2300109863281,507.32000732421875
2026-09-01 11:35:00+00:00,19.514033898457456,317.2300109863281,507.32000732421875
2026-09-01 11:36:00+00:00,19.502435396434066,317.2300109863281,507.32000732421875
2026-09-01 11:37:00+00:00,19.52563018829278,317.2300109863281,507.32000732421875
2026-09-01 11:38:00+00:00,19.52563018829278,317.2300109863281,507.32000732421875
2026-09-01 11:39:00+00:00,19.531430545398507,317.2300109863281,507.32000732421875
2026-09-01 11:40:00+00:00,19.581352204871564,317.2300109863281,507.32000732421875
2026-09-01 11:41:00+00:00,19.59874683487351,317.2300109863281,507.32000732421875
2026-09-01 11:42:00+00:00,19.587149677561683,317.2300109863281,507.32000732421875
2026-09-01 11:43:00+00:00,19.604546519495216,317.2300109863281,507.32000732421875
2026-09-01 11:44:00+00:00,19.612617847374167,317.2300109863281,507.32000732421875
2026-09-01 11:45:00+00:00,19.58942084332739,317.2300109863281,507.32000732421875
2026-09-01 11:46:00+00:00,19.618418204479894,317.2300109863281,507.32000732421875
2026-09-01 11:47:00+00:00,19.624216349397557,317.2300109863281,507.32000732421875
2026-09-01 11:48:00+00:00,19.63001449431522,317.2300109863281,507.32000732421875
2026-09-01 11:49:00+00:00,19.635814851420946,317.2300109863281,507.32000732421875
2026-09-01 11:50:00+00:00,19.63001449431522,317.2300109863281,507.32000732421875
2026-09-01 11:51:00+00:00,19.647413353444335,317.2300109863281,507.32000732421875
2026-09-01 11:52:00+00:00,19.64161299633861,317.2300109863281,507.32000732421875
2026-09-01 11:53:00+00:00,19.635814851420946,317.2300109863281,507.32000732421875
2026-09-01 11:54:00+00:00,19.62194114949716,317.2300109863281,507.32000732421875
2026-09-01 11:55:00+00:00,19.59874683487351,317.2300109863281,507.32000732421875
2026-09-01 11:56:00+00:00,19.59874683487351,317.2300109863281,507.32000732421875
2026-09-01 11:57:00+00:00,19.584878511795978,317.2300109863281,507.32000732421875
2026-09-01 11:58:00+00:00,19.608070136996503,317.2300109863281,507.32000732421875
2026-09-01 11:59:00+00:00,19.608070136996503,317.2300109863281,507.32000732421875
2026-09-01 12:00:00+00:00,19.619665949596765,317.2300109863281,507.32000732421875
2026-09-01 12:01:00+00:00,19.619665949596765,317.2300109863281,507.32000732421875
2026-09-01 12:02:00+00:00,19.59420181391897,317.2300109863281,507.32000732421875
2026-09-01 12:03:00+00:00,19.59647432439624,317.2300109863281,507.32000732421875
2026-09-01 12:04:00+00:00,19.59420181391897,317.2300109863281,507.32000732421875
2026-09-01 12:05:00+00:00,19.591929303441702,317.2300109863281,507.32000732421875
2026-09-01 12:06:00+00:00,19.600000153572637,317.2300109863281,507.32000732421875
2026-09-01 12:07:00+00:00,19.591929303441702,317.2300109863281,507.32000732421875
2026-09-01 12:08:00+00:00,19.591929303441702,317.2300109863281,507.32000732421875
2026-09-01 12:09:00+00:00,19.591929303441702,317.2300109863281,507.32000732421875
2026-09-01 12:10:00+00:00,19.591929303441702,317.2300109863281,507.32000732421875
2026-09-01 12:11:00+00:00,19.58966082223833,317.2300109863281,507.32000732421875
2026-09-01 12:12:00+00:00,19.597726970611347,317.2300109863281,507.32000732421875
2026-09-01 12:13:00+00:00,19.591929303441702,317.2300109863281,507.32000732421875
2026-09-01 12:14:00+00:00,19.59420181391897,317.2300109863281,507.32000732421875
2026-09-01 12:15:00+00:00,19.59420181391897,317.2300109863281,507.32000732421875
2026-09-01 12:16:00+00:00,19.60579628180767,317.2300109863281,507.32000732421875
2026-09-01 12:17:00+00:00,19.608070136996503,317.2300109863281,507.32000732421875
2026-09-01 12:18:00+00:00,19.64285757479729,317.2300109863281,507.32000732421875
2026-09-01 12:19:00+00:00,19.648654375259866,317.2300109863281,507.32000732421875
2026-09-01 12:20:00+00:00,19.652174153362466,317.2300109863281,507.32000732421875
2026-09-01 12:21:00+00:00,19.6347813458201,317.2300109863281,507.32000732421875
2026-09-01 12:22:00+00:00,19.640579685473767,317.2300109863281,507.32000732421875
2026-09-01 12:23:00+00:00,19.64285757479729,317.2300109863281,507.32000732421875
2026-09-01 12:24:00+00:00,19.64285757479729,317.2300109863281,507.32000732421875
2026-09-01 12:25:00+00:00,19.650932936810932,317.2300109863281,507.32000732421875
2026-09-01 12:26:00+00:00,19.650932936810932,317.2300109863281,507.32000732421875
2026-09-01 12:27:00+00:00,19.645135464120813,317.2300109863281,507.32000732421875
2026-09-01 12:28:00+00:00,19.645135464120813,317.2300109863281,507.32000732421875
2026-09-01 12:29:00+00:00,19.631261762197028,317.2300109863281,507.32000732421875
2026-09-01 12:30:00+00:00,19.619665949596765,317.2300109863281,507.32000732421875
2026-09-01 12:31:00+00:00,19.61614367680704,317.2300109863281,507.32000732421875
2026-09-01 12:32:00+00:00,19.584878511795978,317.2300109863281,507.32000732421875
2026-09-01 12:33:00+00:00,19.56748589873314,317.2300109863281,507.32000732421875
2026-09-01 12:34:00+00:00,19.56748589873314,317.2300109863281,507.32000732421875
2026-09-01 12:35:00+00:00,19.56521674990654,317.2300109863281,507.32000732421875
2026-09-01 12:36:00+00:00,19.59420181391897,317.2300109863281,507.32000732421875
2026-09-01 12:37:00+00:00,19.600000153572637,317.2300109863281,507.32000732421875
2026-09-01 12:38:00+00:00,19.61386914913419,317.2300109863281,507.32000732421875
2026-09-01 12:39:00+00:00,19.623186877931403,317.2300109863281,507.32000732421875
2026-09-01 12:40:00+00:00,19.6347813458201,317.2300109863281,507.32000732421875
2026-09-01 12:41:00+00:00,19.623186877931403,317.2300109863281,507.32000732421875
2026-09-01 12:42:00+00:00,19.623186877931403,317.2300109863281,507.32000732421875
2026-09-01 12:43:00+00:00,19.648654375259866,317.2300109863281,507.32000732421875
2026-09-01 12:44:00+00:00,19.666046988322705,317.2300109863281,507.32000732421875
2026-09-01 12:45:00+00:00,19.66025018786013,317.2300109863281,507.32000732421875
2026-09-01 12:46:00+00:00,19.683441813060654,317.2300109863281,507.32000732421875
2026-09-01 12:47:00+00:00,19.674127251434584,317.2300109863281,507.32000732421875
2026-09-01 12:48:00+00:00,19.68923861352323,317.2300109863281,507.32000732421875
2026-09-01 12:49:00+00:00,19.695037625660916,317.2300109863281,507.32000732421875
2026-09-01 12:50:00+00:00,19.683441813060654,317.2300109863281,507.32000732421875
2026-09-01 12:51:00+00:00,19.68572440874641,317.2300109863281,507.32000732421875
2026-09-01 12:52:00+00:00,19.683441813060654,317.2300109863281,507.32000732421875
2026-09-01 12:53:00+00:00,19.683441813060654,317.2300109863281,507.32000732421875
2026-09-01 12:54:00+00:00,19.683441813060654,317.2300109863281,507.32000732421875
2026-09-01 12:55:00+00:00,19.677642800922968,317.2300109863281,507.32000732421875
2026-09-01 12:56:00+00:00,19.68572440874641,317.2300109863281,507.32000732421875
2026-09-01 12:57:00+00:00,19.68572440874641,317.2300109863281,507.32000732421875
2026-09-01 12:58:00+00:00,19.683441813060654,317.2300109863281,507.32000732421875
2026-09-01 12:59:00+00:00,19.68572440874641,317.2300109863281,507.32000732421875
2026-09-01 13:00:00+00:00,19.681159217374898,317.2300109863281,507.32000732421875
2026-09-01 13:01:00+00:00,19.675360877721232,317.2300109863281,507.32000732421875
2026-09-01 13:02:00+00:00,19.681159217374898,317.2300109863281,507.32000732421875
2026-09-01 13:03:00+00:00,19.62670867297311,317.2300109863281,507.32000732421875
2026-09-01 13:04:00+00:00,19.62670867297311,317.2300109863281,507.32000732421875
2026-09-01 13:05:00+00:00,19.62898521758507,317.2300109863281,507.32000732421875
2026-09-01 13:06:00+00:00,19.6463758137088,317.2300109863281,507.32000732421875
2026-09-01 13:07:00+00:00,19.644097252157735,317.2300109863281,507.32000732421875
2026-09-01 13:08:00+00:00,19.652174153362466,317.2300109863281,507.32000732421875
2026-09-01 13:09:00+00:00,19.652174153362466,317.2300109863281,507.32000732421875
2026-09-01 13:10:00+00:00,19.652174153362466,317.2300109863281,507.32000732421875
2026-09-01 13:11:00+00:00,19.652174153362466,317.2300109863281,507.32000732421875
2026-09-01 13:12:00+00:00,19.6579702815975,317.2300109863281,507.32000732421875
2026-09-01 13:13:00+00:00,19.6463758137088,317.2300109863281,507.32000732421875
2026-09-01 13:14:00+00:00,19.663766409832533,317.2300109863281,507.32000732421875
2026-09-01 13:15:00+00:00,19.677642800922968,317.2300109863281,507.32000732421875
2026-09-01 13:16:00+00:00,19.6695647494862,317.2300109863281,507.32000732421875
2026-09-01 13:17:00+00:00,19.683441813060654,317.2300109863281,507.32000732421875
2026-09-01 13:18:00+00:00,19.683441813060654,317.2300109863281,507.32000732421875
2026-09-01 13:19:00+00:00,19.66025018786013,317.2300109863281,507.32000732421875
2026-09-01 13:20:00+00:00,19.6463758137088,317.2300109863281,507.32000732421875
2026-09-01 13:21:00+00:00,19.652174153362466,317.2300109863281,507.32000732421875
2026-09-01 13:22:00+00:00,19.663766409832533,317.2300109863281,507.32000732421875
2026-09-01 13:23:00+00:00,19.6695647494862,317.2300109863281,507.32000732421875
2026-09-01 13:24:00+00:00,19.6695647494862,317.2300109863281,507.32000732421875
2026-09-01 13:25:00+00:00,19.652174153362466,317.2300109863281,507.32000732421875
2026-09-01 13:26:00+00:00,19.6579702815975,317.2300109863281,507.32000732421875
2026-09-01 13:27:00+00:00,19.640579685473767,317.2300109863281,507.32000732421875
2026-09-01 13:28:00+00:00,19.640579685473767,317.2300109863281,507.32000732421875
2026-09-01 13:29:00+00:00,19.64285757479729,317.2300109863281,507.32000732421875
2026-09-01 13:30:00+00:00,19.647413353444335,316.70001220703125,497.2015075683594
2026-09-01 13:31:00+00:00,19.647413353444335,316.0,498.6199951171875
2026-09-01 13:32:00+00:00,19.68220664732644,315.5227966308594,499.2950134277344
2026-09-01 13:33:00+00:00,19.690291623695657,315.04998779296875,499.1300048828125
2026-09-01 13:34:00+00:00,19.69609044143681,315.3399963378906,498.9800109863281
2026-09-01 13:35:00+00:00,19.69837573352379,316.4599914550781,499.70001220703125
2026-09-01 13:36:00+00:00,19.69609044143681,317.2944030761719,501.6995849609375
2026-09-01 13:37:00+00:00,19.70066102561077,317.92999267578125,501.7699890136719
2026-09-01 13:38:00+00:00,19.70066102561077,317.8550109863281,500.7401123046875
2026-09-01 13:39:00+00:00,19.69486086222264,318.1650085449219,500.17999267578125
2026-09-01 13:40:00+00:00,19.70646340195708,318.385009765625,501.8599853515625
2026-09-01 13:41:00+00:00,19.70066102561077,318.8042907714844,503.0799865722656
2026-09-01 13:42:00+00:00,19.69486086222264,318.885009765625,503.8699951171875
2026-09-01 13:43:00+00:00,19.708749367124256,318.3699951171875,504.5799865722656
2026-09-01 13:44:00+00:00,19.69943212432736,319.1499938964844,503.45001220703125
2026-09-01 13:45:00+00:00,19.69714548148613,319.44500732421875,505.739990234375
2026-09-01 13:46:00+00:00,19.70066102561077,320.1890869140625,504.9700012207031
2026-09-01 13:47:00+00:00,19.69837573352379,320.3973083496094,505.16119384765625
2026-09-01 13:48:00+00:00,19.69486086222264,320.7749938964844,504.07000732421875
2026-09-01 13:49:00+00:00,19.69486086222264,320.6700134277344,504.3500061035156
2026-09-01 13:50:00+00:00,19.691342432059628,320.7900085449219,503.8900146484375
2026-09-01 13:51:00+00:00,19.69486086222264,321.5990905761719,503.19000244140625
2026-09-01 13:52:00+00:00,19.69714548148613,320.94000244140625,502.510009765625
2026-09-01 13:53:00+00:00,19.685541595848008,320.489990234375,501.7850036621094
2026-09-01 13:54:00+00:00,19.6832583224882,321.7449951171875,501.4150085449219
2026-09-01 13:55:00+00:00,19.66233382457176,321.2250061035156,501.93499755859375
2026-09-01 13:56:00+00:00,19.65653298836014,320.8299865722656,502.70001220703125
2026-09-01 13:57:00+00:00,19.64265053989675,321.1300048828125,501.9549865722656
2026-09-01 13:58:00+00:00,19.58463784122455,322.1050109863281,501.75
2026-09-01 13:59:00+00:00,19.556639839890067,322.69500732421875,502.3800048828125
2026-09-01 14:00:00+00:00,19.55210023083191,323.04998779296875,502.4732971191406
2026-09-01 14:01:00+00:00,19.556639839890067,322.9700012207031,503.0849914550781
2026-09-01 14:02:00+00:00,19.55437003536099,322.3999938964844,503.114990234375
2026-09-01 14:03:00+00:00,19.556639839890067,322.0,503.3699951171875
2026-09-01 14:04:00+00:00,19.55437003536099,321.80999755859375,503.3900146484375
2026-09-01 14:05:00+00:00,19.556639839890067,322.2049865722656,503.3299865722656
2026-09-01 14:06:00+00:00,19.558909644419145,322.489990234375,503.5400085449219
2026-09-01 14:07:00+00:00,19.561179448948224,323.2250061035156,504.10009765625
2026-09-01 14:08:00+00:00,19.561179448948224,322.760009765625,503.6600036621094
2026-09-01 14:09:00+00:00,19.561179448948224,323.0,503.80499267578125
2026-09-01 14:10:00+00:00,19.54376443079491,322.9700012207031,503.9898986816406
2026-09-01 14:11:00+00:00,19.54376443079491,323.19000244140625,504.1300048828125
2026-09-01 14:12:00+00:00,19.546034221440095,323.1650085449219,503.79998779296875
2026-09-01 14:13:00+00:00,19.546034221440095,323.4849853515625,503.8299865722656
2026-09-01 14:14:00+00:00,19.546034221440095,323.4049987792969,503.79998779296875
2026-09-01 14:15:00+00:00,19.546034221440095,323.589599609375,503.9049987792969
2026-09-01 14:16:00+00:00,19.54376443079491,323.29998779296875,504.6400146484375
2026-09-01 14:17:00+00:00,19.541496647038002,323.510009765625,504.5899963378906
2026-09-01 14:18:00+00:00,19.541496647038002,323.0849914550781,504.2349853515625
2026-09-01 14:19:00+00:00,19.54376443079491,323.5801086425781,504.5050048828125
2026-09-01 14:20:00+00:00,19.54376443079491,323.7200012207031,504.39569091796875
2026-09-01 14:21:00+00:00,19.54376443079491,324.510009765625,504.04998779296875
2026-09-01 14:22:00+00:00,19.54376443079491,325.0101013183594,504.2402038574219
2026-09-01 14:23:00+00:00,19.541496647038002,324.875,504.489990234375
2026-09-01 14:24:00+00:00,19.546034221440095,325.1449890136719,503.9800109863281
2026-09-01 14:25:00+00:00,19.54376443079491,324.8900146484375,504.3349914550781
2026-09-01 14:26:00+00:00,19.54376443079491,325.2900085449219,503.7550048828125
2026-09-01 14:27:00+00:00,19.539228863281096,324.989990234375,503.7250061035156
2026-09-01 14:28:00+00:00,19.539228863281096,324.79998779296875,503.8002014160156
2026-09-01 14:29:00+00:00,19.53696107952419,325.3445129394531,504.2200012207031
2026-09-01 14:30:00+00:00,19.534693295767283,324.8999938964844,504.30499267578125
2026-09-01 14:31:00+00:00,19.539228863281096,324.7229919433594,504.19000244140625
2026-09-01 14:32:00+00:00,19.539228863281096,325.2699890136719,503.739990234375
2026-09-01 14:33:00+00:00,19.539228863281096,325.5920104980469,503.7799987792969
2026-09-01 14:34:00+00:00,19.539228863281096,325.635009765625,503.7699890136719
2026-09-01 14:35:00+00:00,19.53696107952419,325.0729064941406,503.6650085449219
2026-09-01 14:36:00+00:00,19.539228863281096,324.8599853515625,503.7449951171875
2026-09-01 14:37:00+00:00,19.53696107952419,324.79998779296875,503.9200134277344
2026-09-01 14:38:00+00:00,19.53696107952419,324.5799865722656,504.1199951171875
2026-09-01 14:39:00+00:00,19.53696107952419,324.70001220703125,503.9750061035156
2026-09-01 14:40:00+00:00,19.534693295767283,324.80499267578125,503.860107421875
2026-09-01 14:41:00+00:00,19.534693295767283,324.6300048828125,503.6050109863281
2026-09-01 14:42:00+00:00,19.534693295767283,324.56500244140625,503.57000732421875
2026-09-01 14:43:00+00:00,19.53696107952419,324.4549865722656,503.4696044921875
2026-09-01 14:44:00+00:00,19.534693295767283,324.7349853515625,503.5299987792969
2026-09-01 14:45:00+00:00,19.53696107952419,324.6700134277344,503.4100036621094
2026-09-01 14:46:00+00:00,19.53696107952419,324.8450012207031,503.55499267578125
2026-09-01 14:47:00+00:00,19.53696107952419,325.0199890136719,503.5899963378906
2026-09-01 14:48:00+00:00,19.534693295767283,324.9599914550781,502.9350891113281
2026-09-01 14:49:00+00:00,19.532427518898658,325.19000244140625,502.5799865722656
2026-09-01 14:50:00+00:00,19.532427518898658,325.1300048828125,502.32000732421875
2026-09-01 14:51:00+00:00,19.53016174203003,324.8100891113281,502.4599914550781
2026-09-01 14:52:00+00:00,19.53016174203003,324.625,502.4100036621094
2026-09-01 14:53:00+00:00,19.53016174203003,324.6199951171875,502.5820007324219
2026-09-01 14:54:00+00:00,19.53016174203003,324.7998962402344,502.55499267578125
2026-09-01 14:55:00+00:00,19.532427518898658,324.7449951171875,502.5299987792969
2026-09-01 14:56:00+00:00,19.527895965161406,324.92999267578125,502.1095886230469
2026-09-01 14:57:00+00:00,19.527895965161406,324.96990966796875,501.80938720703125
2026-09-01 14:58:00+00:00,19.527895965161406,324.7850036621094,501.6099853515625
2026-09-01 14:59:00+00:00,19.527895965161406,324.3800048828125,501.6199951171875
2026-09-01 15:00:00+00:00,19.532427518898658,324.0032043457031,501.4700012207031
2026-09-01 15:01:00+00:00,19.53016174203003,324.2488098144531,501.67999267578125
2026-09-01 15:02:00+00:00,19.527895965161406,323.8299865722656,501.4200134277344
2026-09-01 15:03:00+00:00,19.527895965161406,323.47540283203125,501.1449890136719
2026-09-01 15:04:00+00:00,19.527895965161406,323.1199951171875,500.6099853515625
2026-09-01 15:05:00+00:00,19.527895965161406,323.3800048828125,500.6549987792969
2026-09-01 15:06:00+00:00,19.527895965161406,323.0199890136719,500.55999755859375
2026-09-01 15:07:00+00:00,19.527895965161406,322.8500061035156,500.30999755859375
2026-09-01 15:08:00+00:00,19.53016174203003,322.989990234375,500.2550048828125
2026-09-01 15:09:00+00:00,19.53016174203003,323.1199951171875,500.364990234375
2026-09-01 15:10:00+00:00,19.53016174203003,323.0849914550781,500.5450134277344
2026-09-01 15:11:00+00:00,19.53016174203003,323.114990234375,500.3900146484375
2026-09-01 15:12:00+00:00,19.53016174203003,322.8999938964844,500.3599853515625
2026-09-01 15:13:00+00:00,19.527895965161406,323.095703125,500.44500732421875
2026-09-01 15:14:00+00:00,19.52563018829278,323.3599853515625,500.385009765625
2026-09-01 15:15:00+00:00,19.52563018829278,323.8900146484375,500.6300048828125
2026-09-01 15:16:00+00:00,19.52563018829278,323.94500732421875,500.69000244140625
2026-09-01 15:17:00+00:00,19.52563018829278,324.4298095703125,500.54998779296875
2026-09-01 15:18:00+00:00,19.52563018829278,324.8599853515625,500.9100036621094
2026-09-01 15:19:00+00:00,19.52563018829278,325.05999755859375,500.87109375
2026-09-01 15:20:00+00:00,19.52563018829278,325.2099914550781,501.0398864746094
2026-09-01 15:21:00+00:00,19.523366418312435,325.114990234375,501.1199951171875
2026-09-01 15:22:00+00:00,19.523366418312435,324.7850036621094,501.2349853515625
2026-09-01 15:23:00+00:00,19.523366418312435,324.8550109863281,501.23919677734375
2026-09-01 15:24:00+00:00,19.52110264833209,324.9200134277344,501.5775146484375
2026-09-01 15:25:00+00:00,19.518838878351744,324.68499755859375,501.3399963378906
2026-09-01 15:26:00+00:00,19.52110264833209,324.8205871582031,501.2699890136719
2026-09-01 15:27:00+00:00,19.52110264833209,324.6700134277344,501.010009765625
2026-09-01 15:28:00+00:00,19.52110264833209,324.6000061035156,501.1400146484375
2026-09-01 15:29:00+00:00,19.523366418312435,324.6000061035156,501.17999267578125
2026-09-01 15:30:00+00:00,19.523366418312435,324.7051086425781,501.20001220703125
2026-09-01 15:31:00+00:00,19.523366418312435,324.41009521484375,501.1449890136719
2026-09-01 15:32:00+00:00,19.52110264833209,324.2969970703125,500.94500732421875
2026-09-01 15:33:00+00:00,19.52110264833209,324.3399963378906,501.1099853515625
2026-09-01 15:34:00+00:00,19.52110264833209,324.4200134277344,501.05499267578125
2026-09-01 15:35:00+00:00,19.523366418312435,324.2799987792969,501.0350036621094
2026-09-01 15:36:00+00:00,19.52110264833209,324.1300048828125,500.9150085449219
2026-09-01 15:37:00+00:00,19.52110264833209,324.2300109863281,501.0350036621094
2026-09-01 15:38:00+00:00,19.52110264833209,324.70001220703125,501.17999267578125
2026-09-01 15:39:00+00:00,19.52110264833209,324.5400085449219,501.1199951171875
2026-09-01 15:40:00+00:00,19.523366418312435,324.42999267578125,501.1199951171875
2026-09-01 15:41:00+00:00,19.52110264833209,324.76348876953125,500.9200134277344
2026-09-01 15:42:00+00:00,19.518838878351744,325.0350036621094,500.82501220703125
2026-09-01 15:43:00+00:00,19.518838878351744,325.2099914550781,500.94000244140625
2026-09-01 15:44:00+00:00,19.52110264833209,325.1499938964844,501.0199890136719
2026-09-01 15:45:00+00:00,19.52110264833209,325.2799987792969,500.8599853515625
2026-09-01 15:46:00+00:00,19.518838878351744,324.9849853515625,500.6300048828125
2026-09-01 15:47:00+00:00,19.518838878351744,325.25,500.8399963378906
2026-09-01 15:48:00+00:00,19.518838878351744,325.95819091796875,500.7850036621094
2026-09-01 15:49:00+00:00,19.518838878351744,326.2200012207031,500.864990234375
2026-09-01 15:50:00+00:00,19.52110264833209,326.276611328125,501.2398986816406
2026-09-01 15:51:00+00:00,19.52110264833209,326.55999755859375,501.0050048828125
2026-09-01 15:52:00+00:00,19.518838878351744,326.67999267578125,500.6700134277344
2026-09-01 15:53:00+00:00,19.518838878351744,327.18499755859375,500.8900146484375
2026-09-01 15:54:00+00:00,19.518838878351744,326.8800048828125,501.17999267578125
2026-09-01 15:55:00+00:00,19.518838878351744,326.6499938964844,501.125
2026-09-01 15:56:00+00:00,19.5165751083714,326.67999267578125,501.05999755859375
2026-09-01 15:57:00+00:00,19.5165751083714,326.6549987792969,501.0
2026-09-01 15:58:00+00:00,19.518838878351744,326.6499938964844,500.75
2026-09-01 15:59:00+00:00,19.52110264833209,326.3599853515625,500.7900085449219
2026-09-01 16:00:00+00:00,19.523366418312435,326.3900146484375,501.05999755859375
2026-09-01 16:01:00+00:00,19.52110264833209,325.9200134277344,500.6000061035156
2026-09-01 16:02:00+00:00,19.52110264833209,326.1199951171875,500.6300048828125
2026-09-01 16:03:00+00:00,19.518838878351744,326.125,500.7149963378906
2026-09-01 16:04:00+00:00,19.52110264833209,326.1700134277344,501.031494140625
2026-09-01 16:05:00+00:00,19.518838878351744,326.1600036621094,500.92498779296875
2026-09-01 16:06:00+00:00,19.518838878351744,326.32501220703125,500.69000244140625
2026-09-01 16:07:00+00:00,19.52110264833209,326.4949951171875,500.281005859375
2026-09-01 16:08:00+00:00,19.518838878351744,326.1000061035156,500.4164123535156
2026-09-01 16:09:00+00:00,19.518838878351744,326.3900146484375,500.0400085449219
2026-09-01 16:10:00+00:00,19.518838878351744,326.4200134277344,500.3550109863281
2026-09-01 16:11:00+00:00,19.518838878351744,326.114990234375,500.3699951171875
2026-09-01 16:12:00+00:00,19.518838878351744,325.9800109863281,500.4100036621094
2026-09-01 16:13:00+00:00,19.52110264833209,325.75,500.17999267578125
2026-09-01 16:14:00+00:00,19.518838878351744,325.5350036621094,499.8599853515625
2026-09-01 16:15:00+00:00,19.52110264833209,325.4700012207031,499.8429870605469
2026-09-01 16:16:00+00:00,19.5165751083714,325.7049865722656,499.7200012207031
2026-09-01 16:17:00+00:00,19.514315352167614,325.6099853515625,499.5450134277344
2026-09-01 16:18:00+00:00,19.5165751083714,325.4960021972656,499.4800109863281
2026-09-01 16:19:00+00:00,19.514315352167614,325.4849853515625,499.7193908691406
2026-09-01 16:20:00+00:00,19.509791825983484,325.6099853515625,500.0199890136719
2026-09-01 16:21:00+00:00,19.51205358907555,325.5,499.6400146484375
2026-09-01 16:22:00+00:00,19.514315352167614,326.260009765625,499.7699890136719
2026-09-01 16:23:00+00:00,19.5165751083714,327.1499938964844,500.1400146484375
2026-09-01 16:24:00+00:00,19.514315352167614,326.9599914550781,500.3550109863281
2026-09-01 16:25:00+00:00,19.514315352167614,326.95001220703125,500.5799865722656
2026-09-01 16:26:00+00:00,19.514315352167614,326.3900146484375,500.5199890136719
2026-09-01 16:27:00+00:00,19.514315352167614,326.625,500.6400146484375
2026-09-01 16:28:00+00:00,19.51205358907555,326.73590087890625,500.6400146484375
2026-09-01 16:29:00+00:00,19.514315352167614,326.6600036621094,500.7052917480469
2026-09-01 16:30:00+00:00,19.514315352167614,326.6449890136719,500.2799987792969
2026-09-01 16:31:00+00:00,19.51205358907555,326.7300109863281,499.8599853515625
2026-09-01 16:32:00+00:00,19.51205358907555,326.68499755859375,499.9150085449219
2026-09-01 16:33:00+00:00,19.509791825983484,326.57501220703125,500.0199890136719
2026-09-01 16:34:00+00:00,19.51205358907555,326.3900146484375,499.5799865722656
2026-09-01 16:35:00+00:00,19.51205358907555,326.5150146484375,499.7349853515625
2026-09-01 16:36:00+00:00,19.514315352167614,326.3319091796875,499.42999267578125
2026-09-01 16:37:00+00:00,19.514315352167614,326.1600036621094,499.67498779296875
2026-09-01 16:38:00+00:00,19.514315352167614,326.32501220703125,499.56500244140625
2026-09-01 16:39:00+00:00,19.5165751083714,326.4599914550781,499.7200012207031
2026-09-01 16:40:00+00:00,19.518838878351744,326.06500244140625,499.82501220703125
2026-09-01 16:41:00+00:00,19.5165751083714,326.17999267578125,499.8699035644531
2026-09-01 16:42:00+00:00,19.514315352167614,326.17498779296875,499.5000915527344
2026-09-01 16:43:00+00:00,19.514315352167614,326.05999755859375,499.54998779296875
2026-09-01 16:44:00+00:00,19.51205358907555,325.5299987792969,499.4826965332031
2026-09-01 16:45:00+00:00,19.514315352167614,325.81500244140625,499.54998779296875
2026-09-01 16:46:00+00:00,19.514315352167614,325.9200134277344,499.3900146484375
2026-09-01 16:47:00+00:00,19.514315352167614,326.07501220703125,499.1099853515625
2026-09-01 16:48:00+00:00,19.51205358907555,326.19000244140625,499.54998779296875
2026-09-01 16:49:00+00:00,19.51205358907555,325.9125061035156,499.8450012207031
2026-09-01 16:50:00+00:00,19.51205358907555,325.875,499.8999938964844
2026-09-01 16:51:00+00:00,19.51205358907555,325.6199951171875,499.81298828125
2026-09-01 16:52:00+00:00,19.51205358907555,325.5574951171875,500.1700134277344
2026-09-01 16:53:00+00:00,19.509791825983484,325.5526123046875,500.2699890136719
2026-09-01 16:54:00+00:00,19.51205358907555,325.3800048828125,500.19500732421875
2026-09-01 16:55:00+00:00,19.51205358907555,325.4649963378906,500.5
2026-09-01 16:56:00+00:00,19.509791825983484,325.5400085449219,500.5849914550781
2026-09-01 16:57:00+00:00,19.509791825983484,325.47198486328125,500.5350036621094
2026-09-01 16:58:00+00:00,19.51205358907555,325.60888671875,500.6787109375
2026-09-01 16:59:00+00:00,19.509791825983484,325.8599853515625,500.94500732421875
2026-09-01 17:00:00+00:00,19.509791825983484,325.70001220703125,500.6650085449219
2026-09-01 17:01:00+00:00,19.509791825983484,325.6300048828125,500.3599853515625
2026-09-01 17:02:00+00:00,19.509791825983484,325.57501220703125,500.6700134277344
2026-09-01 17:03:00+00:00,19.51205358907555,325.55999755859375,500.55999755859375
2026-09-01 17:04:00+00:00,19.514315352167614,325.5199890136719,500.31500244140625
2026-09-01 17:05:00+00:00,19.51205358907555,325.29998779296875,500.30999755859375
2026-09-01 17:06:00+00:00,19.51205358907555,325.2099914550781,500.0350036621094
2026-09-01 17:07:00+00:00,19.514315352167614,325.09130859375,500.1850891113281
2026-09-01 17:08:00+00:00,19.514315352167614,325.05499267578125,500.1549987792969
2026-09-01 17:09:00+00:00,19.5165751083714,325.04998779296875,500.3399963378906
2026-09-01 17:10:00+00:00,19.5165751083714,324.9949951171875,500.7200012207031
2026-09-01 17:11:00+00:00,19.5165751083714,325.0450134277344,500.7401123046875
2026-09-01 17:12:00+00:00,19.514315352167614,325.2699890136719,500.7250061035156
2026-09-01 17:13:00+00:00,19.514315352167614,325.135009765625,500.92999267578125
2026-09-01 17:14:00+00:00,19.514315352167614,325.0639953613281,500.8500061035156
2026-09-01 17:15:00+00:00,19.514315352167614,325.28009033203125,500.7348937988281
2026-09-01 17:16:00+00:00,19.51205358907555,325.04998779296875,500.6151123046875
2026-09-01 17:17:00+00:00,19.514315352167614,324.9849853515625,500.7349853515625
2026-09-01 17:18:00+00:00,19.514315352167614,324.926513671875,500.7049865722656
2026-09-01 17:19:00+00:00,19.5165751083714,324.9801025390625,500.6199951171875
2026-09-01 17:20:00+00:00,19.5165751083714,325.0,500.7650146484375
2026-09-01 17:21:00+00:00,19.5165751083714,325.2449951171875,501.114990234375
2026-09-01 17:22:00+00:00,19.5165751083714,325.29998779296875,500.9844970703125
2026-09-01 17:23:00+00:00,19.5165751083714,325.0899963378906,500.739990234375
2026-09-01 17:24:00+00:00,19.518838878351744,324.8999938964844,501.0050048828125
2026-09-01 17:25:00+00:00,19.5165751083714,324.8349914550781,500.9599914550781
2026-09-01 17:26:00+00:00,19.5165751083714,324.9599914550781,500.79998779296875
2026-09-01 17:27:00+00:00,19.514315352167614,324.8599853515625,501.0899963378906
2026-09-01 17:28:00+00:00,19.5165751083714,324.739990234375,500.7099914550781
2026-09-01 17:29:00+00:00,19.523366418312435,324.6499938964844,500.9750061035156
2026-09-01 17:30:00+00:00,19.52563018829278,324.6700134277344,501.05999755859375
2026-09-01 17:31:00+00:00,19.52563018829278,324.7135009765625,501.2349853515625
2026-09-01 17:32:00+00:00,19.523366418312435,324.7850036621094,501.2699890136719
2026-09-01 17:33:00+00:00,19.523366418312435,324.67498779296875,501.3500061035156
2026-09-01 17:34:00+00:00,19.5165751083714,324.77099609375,501.7300109863281
2026-09-01 17:35:00+00:00,19.518838878351744,324.70001220703125,501.4700012207031
2026-09-01 17:36:00+00:00,19.518838878351744,324.6199951171875,501.1499938964844
2026-09-01 17:37:00+00:00,19.518838878351744,324.6400146484375,501.2200012207031
2026-09-01 17:38:00+00:00,19.5165751083714,324.54998779296875,501.1098937988281
2026-09-01 17:39:00+00:00,19.5165751083714,324.6099853515625,501.1300048828125
2026-09-01 17:40:00+00:00,19.514315352167614,324.4700927734375,501.25
2026-09-01 17:41:00+00:00,19.5165751083714,324.5199890136719,501.3999938964844
2026-09-01 17:42:00+00:00,19.514315352167614,324.5799865722656,501.3999938964844
2026-09-01 17:43:00+00:00,19.51205358907555,324.78009033203125,501.3699951171875
2026-09-01 17:44:00+00:00,19.514315352167614,324.86199951171875,501.239990234375
2026-09-01 17:45:00+00:00,19.514315352167614,324.8699951171875,501.3800048828125
2026-09-01 17:46:00+00:00,19.514315352167614,324.6700134277344,501.67999267578125
2026-09-01 17:47:00+00:00,19.51205358907555,324.79998779296875,501.9700012207031
2026-09-01 17:48:00+00:00,19.51205358907555,324.7049865722656,501.6650085449219
2026-09-01 17:49:00+00:00,19.51205358907555,324.5849914550781,501.5
2026-09-01 17:50:00+00:00,19.51205358907555,324.60009765625,501.4100036621094
2026-09-01 17:51:00+00:00,19.51205358907555,324.92999267578125,501.2298889160156
2026-09-01 17:52:00+00:00,19.51205358907555,324.8699035644531,501.32000732421875
2026-09-01 17:53:00+00:00,19.51205358907555,324.6549987792969,501.1300048828125
2026-09-01 17:54:00+00:00,19.514315352167614,324.75,501.25
2026-09-01 17:55:00+00:00,19.51205358907555,324.8399963378906,501.3949890136719
2026-09-01 17:56:00+00:00,19.51205358907555,324.90008544921875,501.1099853515625
2026-09-01 17:57:00+00:00,19.51205358907555,325.0050048828125,501.260009765625
2026-09-01 17:58:00+00:00,19.51205358907555,325.0899963378906,501.3200988769531
2026-09-01 17:59:00+00:00,19.514315352167614,325.2099914550781,501.44000244140625
2026-09-01 18:00:00+00:00,19.514315352167614,325.32000732421875,501.3800048828125
2026-09-01 18:01:00+00:00,19.514315352167614,325.69000244140625,501.1900939941406
2026-09-01 18:02:00+00:00,19.514315352167614,325.5299987792969,501.45001220703125
2026-09-01 18:03:00+00:00,19.5165751083714,325.2349853515625,501.7799987792969
2026-09-01 18:04:00+00:00,19.5165751083714,325.17010498046875,501.5299987792969
2026-09-01 18:05:00+00:00,19.5165751083714,324.8851013183594,501.6000061035156
2026-09-01 18:06:00+00:00,19.5165751083714,324.8900146484375,500.8301086425781
2026-09-01 18:07:00+00:00,19.518838878351744,325.05999755859375,501.2099914550781
2026-09-01 18:08:00+00:00,19.518838878351744,324.9114990234375,501.04998779296875
2026-09-01 18:09:00+00:00,19.5165751083714,325.20001220703125,500.9248962402344
2026-09-01 18:10:00+00:00,19.514315352167614,325.1050109863281,501.0000915527344
2026-09-01 18:11:00+00:00,19.514315352167614,325.0798034667969,501.05499267578125
2026-09-01 18:12:00+00:00,19.514315352167614,325.17999267578125,501.0249938964844
2026-09-01 18:13:00+00:00,19.514315352167614,325.1000061035156,500.92999267578125
2026-09-01 18:14:00+00:00,19.514315352167614,324.92498779296875,500.68499755859375
2026-09-01 18:15:00+00:00,19.51205358907555,324.7200012207031,500.7250061035156
2026-09-01 18:16:00+00:00,19.51205358907555,324.7850036621094,500.7799987792969
2026-09-01 18:17:00+00:00,19.514315352167614,324.8500061035156,500.92498779296875
2026-09-01 18:18:00+00:00,19.514315352167614,324.94830322265625,501.0299987792969
2026-09-01 18:19:00+00:00,19.514315352167614,325.114990234375,501.2699890136719
2026-09-01 18:20:00+00:00,19.514315352167614,325.1400146484375,501.2900085449219
2026-09-01 18:21:00+00:00,19.5165751083714,325.0920104980469,501.07000732421875
2026-09-01 18:22:00+00:00,19.514315352167614,325.05999755859375,501.25
2026-09-01 18:23:00+00:00,19.5165751083714,324.8500061035156,501.4491882324219
2026-09-01 18:24:00+00:00,19.5165751083714,324.9800109863281,501.4794921875
2026-09-01 18:25:00+00:00,19.514315352167614,325.0198974609375,501.3399963378906
2026-09-01 18:26:00+00:00,19.514315352167614,325.1600036621094,501.239990234375
2026-09-01 18:27:00+00:00,19.514315352167614,325.43499755859375,501.2799987792969
2026-09-01 18:28:00+00:00,19.514315352167614,325.30999755859375,501.17498779296875
2026-09-01 18:29:00+00:00,19.514315352167614,325.2099914550781,501.3699951171875
2026-09-01 18:30:00+00:00,19.514315352167614,324.7698974609375,501.260009765625
2026-09-01 18:31:00+00:00,19.51205358907555,324.6300048828125,501.1499938964844
2026-09-01 18:32:00+00:00,19.51205358907555,324.7099914550781,501.2799987792969
2026-09-01 18:33:00+00:00,19.514315352167614,324.7900085449219,500.93499755859375
2026-09-01 18:34:00+00:00,19.514315352167614,324.8599853515625,500.614990234375
2026-09-01 18:35:00+00:00,19.514315352167614,324.8800048828125,500.6000061035156
2026-09-01 18:36:00+00:00,19.514315352167614,325.0899963378906,500.54998779296875
2026-09-01 18:37:00+00:00,19.51205358907555,325.0150146484375,500.389404296875
2026-09-01 18:38:00+00:00,19.51205358907555,324.9100036621094,500.5150146484375
2026-09-01 18:39:00+00:00,19.509791825983484,324.69000244140625,500.5299987792969
2026-09-01 18:40:00+00:00,19.51205358907555,324.6820068359375,500.5
2026-09-01 18:41:00+00:00,19.509791825983484,324.6600036621094,500.4599914550781
2026-09-01 18:42:00+00:00,19.509791825983484,324.7149963378906,500.2300109863281
2026-09-01 18:43:00+00:00,19.51205358907555,324.5600891113281,500.1700134277344
2026-09-01 18:44:00+00:00,19.51205358907555,324.5400085449219,500.3399963378906
2026-09-01 18:45:00+00:00,19.51205358907555,324.4617919921875,500.3599853515625
2026-09-01 18:46:00+00:00,19.51205358907555,324.67999267578125,500.70001220703125
2026-09-01 18:47:00+00:00,19.51205358907555,324.79998779296875,500.8599853515625
2026-09-01 18:48:00+00:00,19.514315352167614,324.760009765625,500.7900085449219
2026-09-01 18:49:00+00:00,19.514315352167614,325.0400085449219,500.9049987792969
2026-09-01 18:50:00+00:00,19.514315352167614,324.7900085449219,501.0350036621094
2026-09-01 18:51:00+00:00,19.5165751083714,325.06500244140625,501.19500732421875
2026-09-01 18:52:00+00:00,19.514315352167614,325.5950012207031,501.1099853515625
2026-09-01 18:53:00+00:00,19.514315352167614,325.44000244140625,501.05999755859375
2026-09-01 18:54:00+00:00,19.5165751083714,325.4599914550781,501.0060119628906
2026-09-01 18:55:00+00:00,19.514315352167614,325.3599853515625,500.8900146484375
2026-09-01 18:56:00+00:00,19.5165751083714,325.6899108886719,501.239990234375
2026-09-01 18:57:00+00:00,19.5165751083714,325.5299987792969,501.0849914550781
2026-09-01 18:58:00+00:00,19.5165751083714,325.7449951171875,501.1199951171875
2026-09-01 18:59:00+00:00,19.518838878351744,325.5450134277344,500.8851013183594
2026-09-01 19:00:00+00:00,19.5165751083714,325.70001220703125,500.69500732421875
2026-09-01 19:01:00+00:00,19.5165751083714,325.5350036621094,500.8349914550781
2026-09-01 19:02:00+00:00,19.5165751083714,325.3380126953125,501.05999755859375
2026-09-01 19:03:00+00:00,19.5165751083714,325.5050048828125,501.2349853515625
2026-09-01 19:04:00+00:00,19.518838878351744,325.5249938964844,501.135009765625
2026-09-01 19:05:00+00:00,19.52110264833209,325.3450012207031,500.8299865722656
2026-09-01 19:06:00+00:00,19.52110264833209,325.5950012207031,500.9800109863281
2026-09-01 19:07:00+00:00,19.52110264833209,325.4849853515625,500.9599914550781
2026-09-01 19:08:00+00:00,19.52110264833209,325.2749938964844,501.0050048828125
2026-09-01 19:09:00+00:00,19.52110264833209,325.2361145019531,500.7950134277344
2026-09-01 19:10:00+00:00,19.52110264833209,325.3500061035156,500.9200134277344
2026-09-01 19:11:00+00:00,19.52110264833209,325.5849914550781,500.94000244140625
2026-09-01 19:12:00+00:00,19.52110264833209,325.6600036621094,500.8399963378906
2026-09-01 19:13:00+00:00,19.52110264833209,325.5799865722656,500.7950134277344
2026-09-01 19:14:00+00:00,19.52110264833209,325.7799987792969,500.94500732421875
2026-09-01 19:15:00+00:00,19.52110264833209,325.67999267578125,500.8450012207031
2026-09-01 19:16:00+00:00,19.52110264833209,325.75,500.8819885253906
2026-09-01 19:17:00+00:00,19.52110264833209,325.6099853515625,500.79998779296875
2026-09-01 19:18:00+00:00,19.52110264833209,325.55999755859375,500.94500732421875
2026-09-01 19:19:00+00:00,19.52110264833209,325.6300048828125,500.9049987792969
2026-09-01 19:20:00+00:00,19.52110264833209,325.385009765625,501.0199890136719
2026-09-01 19:21:00+00:00,19.52110264833209,325.510009765625,501.0101013183594
2026-09-01 19:22:00+00:00,19.52110264833209,325.70001220703125,501.0
2026-09-01 19:23:00+00:00,19.52110264833209,325.7099914550781,500.9700012207031
2026-09-01 19:24:00+00:00,19.52110264833209,325.660400390625,500.82000732421875
2026-09-01 19:25:00+00:00,19.518838878351744,325.6700134277344,500.75
2026-09-01 19:26:00+00:00,19.518838878351744,325.7300109863281,500.6199951171875
2026-09-01 19:27:00+00:00,19.518838878351744,325.75,500.68499755859375
2026-09-01 19:28:00+00:00,19.518838878351744,325.75,500.79998779296875
2026-09-01 19:29:00+00:00,19.518838878351744,325.57000732421875,500.8699951171875
2026-09-01 19:30:00+00:00,19.52110264833209,325.4599914550781,501.0361022949219
2026-09-01 19:31:00+00:00,19.52110264833209,325.4700012207031,501.159912109375
2026-09-01 19:32:00+00:00,19.518838878351744,325.24090576171875,501.20001220703125
2026-09-01 19:33:00+00:00,19.518838878351744,325.4620056152344,501.4200134277344
2026-09-01 19:34:00+00:00,19.5165751083714,325.3299865722656,501.7099914550781
2026-09-01 19:35:00+00:00,19.5165751083714,325.4009094238281,501.6199951171875
2026-09-01 19:36:00+00:00,19.5165751083714,325.20001220703125,501.4849853515625
2026-09-01 19:37:00+00:00,19.5165751083714,325.32000732421875,501.4800109863281
2026-09-01 19:38:00+00:00,19.5165751083714,325.3999938964844,501.4700012207031
2026-09-01 19:39:00+00:00,19.5165751083714,325.3999938964844,501.07501220703125
2026-09-01 19:40:00+00:00,19.5165751083714,325.2300109863281,500.8999938964844
2026-09-01 19:41:00+00:00,19.5165751083714,325.3299865722656,501.0
2026-09-01 19:42:00+00:00,19.5165751083714,325.30999755859375,500.7200012207031
2026-09-01 19:43:00+00:00,19.5165751083714,325.2200012207031,500.6099853515625
2026-09-01 19:44:00+00:00,19.5165751083714,325.364990234375,500.7250061035156
2026-09-01 19:45:00+00:00,19.514315352167614,325.3599853515625,500.5299987792969
2026-09-01 19:46:00+00:00,19.514315352167614,325.6098937988281,500.44000244140625
2026-09-01 19:47:00+00:00,19.5165751083714,325.69000244140625,500.7149963378906
2026-09-01 19:48:00+00:00,19.5165751083714,325.6449890136719,500.8699951171875
2026-09-01 19:49:00+00:00,19.514315352167614,325.7749938964844,500.6600036621094
2026-09-01 19:50:00+00:00,19.5165751083714,325.760009765625,500.5799865722656
2026-09-01 19:51:00+00:00,19.5165751083714,325.7099914550781,500.5400085449219
2026-09-01 19:52:00+00:00,19.5165751083714,325.6000061035156,500.55999755859375
2026-09-01 19:53:00+00:00,19.5165751083714,324.6600036621094,500.30999755859375
2026-09-01 19:54:00+00:00,19.5165751083714,324.92999267578125,500.9049987792969
2026-09-01 19:55:00+00:00,19.5165751083714,324.44000244140625,500.6000061035156
2026-09-01 19:56:00+00:00,19.5165751083714,324.54998779296875,500.6000061035156
2026-09-01 19:57:00+00:00,19.5165751083714,324.75,500.45001220703125
2026-09-01 19:58:00+00:00,19.5165751083714,325.0199890136719,500.6300048828125
2026-09-01 19:59:00+00:00,19.5165751083714,325.1400146484375,501.1499938964844
2026-09-01 20:00:00+00:00,19.514315352167614,325.1400146484375,501.1499938964844
2026-09-01 20:01:00+00:00,19.514315352167614,325.1400146484375,501.1499938964844
2026-09-01 20:02:00+00:00,19.514315352167614,325.1400146484375,501.1499938964844
2026-09-01 20:03:00+00:00,19.5165751083714,325.1400146484375,501.1499938964844
2026-09-01 20:04:00+00:00,19.514315352167614,325.1400146484375,501.1499938964844
2026-09-01 20:05:00+00:00,19.5165751083714,325.1400146484375,501.1499938964844
2026-09-01 20:06:00+00:00,19.5165751083714,325.1400146484375,501.1499938964844
2026-09-01 20:07:00+00:00,19.5165751083714,325.1400146484375,501.1499938964844
2026-09-01 20:08:00+00:00,19.5165751083714,325.1400146484375,501.1499938964844
2026-09-01 20:09:00+00:00,19.514315352167614,325.1400146484375,501.1499938964844
2026-09-01 20:10:00+00:00,19.514315352167614,325.1400146484375,501.1499938964844
2026-09-01 20:11:00+00:00,19.514315352167614,325.1400146484375,501.1499938964844
2026-09-01 20:12:00+00:00,19.514315352167614,325.1400146484375,501.1499938964844
2026-09-01 20:13:00+00:00,19.514315352167614,325.1400146484375,501.1499938964844
2026-09-01 20:14:00+00:00,19.514315352167614,325.1400146484375,501.1499938964844
2026-09-01 20:15:00+00:00,19.514315352167614,325.1400146484375,501.1499938964844
2026-09-01 20:16:00+00:00,19.514315352167614,325.1400146484375,501.1499938964844
2026-09-01 20:17:00+00:00,19.514315352167614,325.1400146484375,501.1499938964844
2026-09-01 20:18:00+00:00,19.5165751083714,325.1400146484375,501.1499938964844
2026-09-01 20:19:00+00:00,19.5165751083714,325.1400146484375,501.1499938964844
2026-09-01 20:20:00+00:00,19.514315352167614,325.1400146484375,501.1499938964844
2026-09-01 20:21:00+00:00,19.5165751083714,325.1400146484375,501.1499938964844
2026-09-01 20:22:00+00:00,19.5165751083714,325.1400146484375,501.1499938964844
2026-09-01 20:23:00+00:00,19.518838878351744,325.1400146484375,501.1499938964844
2026-09-01 20:24:00+00:00,19.5165751083714,325.1400146484375,501.1499938964844
2026-09-01 20:25:00+00:00,19.518838878351744,325.1400146484375,501.1499938964844
2026-09-01 20:26:00+00:00,19.5165751083714,325.1400146484375,501.1499938964844
2026-09-01 20:27:00+00:00,19.5165751083714,325.1400146484375,501.1499938964844
2026-09-01 20:28:00+00:00,19.5165751083714,325.1400146484375,501.1499938964844
2026-09-01 20:29:00+00:00,19.5165751083714,325.1400146484375,501.1499938964844
2026-09-01 20:30:00+00:00,19.5165751083714,325.1400146484375,501.1499938964844
2026-09-01 20:31:00+00:00,19.5165751083714,325.1400146484375,501.1499938964844
2026-09-01 20:32:00+00:00,19.5165751083714,325.1400146484375,501.1499938964844
2026-09-01 20:33:00+00:00,19.5165751083714,325.1400146484375,501.1499938964844
2026-09-01 20:34:00+00:00,19.5165751083714,325.1400146484375,501.1499938964844
2026-09-01 20:35:00+00:00,19.5165751083714,325.1400146484375,501.1499938964844
2026-09-01 20:36:00+00:00,19.518838878351744,325.1400146484375,501.1499938964844
2026-09-01 20:37:00+00:00,19.5165751083714,325.1400146484375,501.1499938964844
2026-09-01 20:38:00+00:00,19.5165751083714,325.1400146484375,501.1499938964844
2026-09-01 20:39:00+00:00,19.5165751083714,325.1400146484375,501.1499938964844
2026-09-01 20:40:00+00:00,19.518838878351744,325.1400146484375,501.1499938964844
2026-09-01 20:41:00+00:00,19.518838878351744,325.1400146484375,501.1499938964844
2026-09-01 20:42:00+00:00,19.518838878351744,325.1400146484375,501.1499938964844
2026-09-01 20:43:00+00:00,19.52110264833209,325.1400146484375,501.1499938964844
2026-09-01 20:44:00+00:00,19.52110264833209,325.1400146484375,501.1499938964844
2026-09-01 20:45:00+00:00,19.52110264833209,325.1400146484375,501.1499938964844
2026-09-01 20:46:00+00:00,19.52110264833209,325.1400146484375,501.1499938964844
2026-09-01 20:47:00+00:00,19.52110264833209,325.1400146484375,501.1499938964844
2026-09-01 20:48:00+00:00,19.52110264833209,325.1400146484375,501.1499938964844
2026-09-01 20:49:00+00:00,19.52110264833209,325.1400146484375,501.1499938964844
2026-09-01 20:50:00+00:00,19.52110264833209,325.1400146484375,501.1499938964844
2026-09-01 20:51:00+00:00,19.52110264833209,325.1400146484375,501.1499938964844
2026-09-01 20:52:00+00:00,19.518838878351744,325.1400146484375,501.1499938964844
2026-09-01 20:53:00+00:00,19.52110264833209,325.1400146484375,501.1499938964844
2026-09-01 20:54:00+00:00,19.52110264833209,325.1400146484375,501.1499938964844
2026-09-01 20:55:00+00:00,19.52110264833209,325.1400146484375,501.1499938964844
2026-09-01 20:56:00+00:00,19.52110264833209,325.1400146484375,501.1499938964844
2026-09-01 20:57:00+00:00,19.523366418312435,325.1400146484375,501.1499938964844
2026-09-01 20:58:00+00:00,19.52110264833209,325.1400146484375,501.1499938964844
2026-09-01 20:59:00+00:00,19.52110264833209,325.1400146484375,501.1499938964844
2026-09-01 21:00:00+00:00,19.518838878351744,325.1400146484375,501.1499938964844
2026-09-01 21:01:00+00:00,19.518838878351744,325.1400146484375,501.1499938964844
2026-09-01 21:02:00+00:00,19.52110264833209,325.1400146484375,501.1499938964844
2026-09-01 21:03:00+00:00,19.52563018829278,325.1400146484375,501.1499938964844
2026-09-01 21:04:00+00:00,19.52563018829278,325.1400146484375,501.1499938964844
2026-09-01 21:05:00+00:00,19.52110264833209,325.1400146484375,501.1499938964844
2026-09-01 21:06:00+00:00,19.518838878351744,325.1400146484375,501.1499938964844
2026-09-01 21:07:00+00:00,19.5165751083714,325.1400146484375,501.1499938964844
2026-09-01 21:08:00+00:00,19.518838878351744,325.1400146484375,501.1499938964844
2026-09-01 21:09:00+00:00,19.5165751083714,325.1400146484375,501.1499938964844
2026-09-01 21:10:00+00:00,19.5165751083714,325.1400146484375,501.1499938964844
2026-09-01 21:11:00+00:00,19.518838878351744,325.1400146484375,501.1499938964844
2026-09-01 21:12:00+00:00,19.5165751083714,325.1400146484375,501.1499938964844
2026-09-01 21:13:00+00:00,19.5165751083714,325.1400146484375,501.1499938964844
2026-09-01 21:14:00+00:00,19.5165751083714,325.1400146484375,501.1499938964844
2026-09-01 21:15:00+00:00,19.518838878351744,325.1400146484375,501.1499938964844
2026-09-01 21:16:00+00:00,19.51205358907555,325.1400146484375,501.1499938964844
2026-09-01 21:17:00+00:00,19.518838878351744,325.1400146484375,501.1499938964844
2026-09-01 21:18:00+00:00,19.518838878351744,325.1400146484375,501.1499938964844
2026-09-01 21:19:00+00:00,19.518838878351744,325.1400146484375,501.1499938964844
2026-09-01 21:20:00+00:00,19.5165751083714,325.1400146484375,501.1499938964844
2026-09-01 21:21:00+00:00,19.514315352167614,325.1400146484375,501.1499938964844
2026-09-01 21:22:00+00:00,19.518838878351744,325.1400146484375,501.1499938964844
2026-09-01 21:23:00+00:00,19.514315352167614,325.1400146484375,501.1499938964844
2026-09-01 21:24:00+00:00,19.518838878351744,325.1400146484375,501.1499938964844
2026-09-01 21:25:00+00:00,19.5165751083714,325.1400146484375,501.1499938964844
2026-09-01 21:26:00+00:00,19.518838878351744,325.1400146484375,501.1499938964844
2026-09-01 21:27:00+00:00,19.514315352167614,325.1400146484375,501.1499938964844
2026-09-01 21:28:00+00:00,19.518838878351744,325.1400146484375,501.1499938964844
2026-09-01 21:29:00+00:00,19.5165751083714,325.1400146484375,501.1499938964844
2026-09-01 21:30:00+00:00,19.518838878351744,325.1400146484375,501.1499938964844
2026-09-01 21:31:00+00:00,19.518838878351744,325.1400146484375,501.1499938964844
2026-09-01 21:32:00+00:00,19.518838878351744,325.1400146484375,501.1499938964844
2026-09-01 21:33:00+00:00,19.5165751083714,325.1400146484375,501.1499938964844
2026-09-01 21:34:00+00:00,19.5165751083714,325.1400146484375,501.1499938964844
2026-09-01 21:35:00+00:00,19.5165751083714,325.1400146484375,501.1499938964844
2026-09-01 21:36:00+00:00,19.5165751083714,325.1400146484375,501.1499938964844
2026-09-01 21:37:00+00:00,19.5165751083714,325.1400146484375,501.1499938964844
2026-09-01 21:38:00+00:00,19.5165751083714,325.1400146484375,501.1499938964844
2026-09-01 21:39:00+00:00,19.5165751083714,325.1400146484375,501.1499938964844
2026-09-01 21:40:00+00:00,19.52110264833209,325.1400146484375,501.1499938964844
2026-09-01 21:41:00+00:00,19.518838878351744,325.1400146484375,501.1499938964844
2026-09-01 21:42:00+00:00,19.5165751083714,325.1400146484375,501.1499938964844
2026-09-01 21:43:00+00:00,19.518838878351744,325.1400146484375,501.1499938964844
2026-09-01 21:44:00+00:00,19.518838878351744,325.1400146484375,501.1499938964844
2026-09-01 21:45:00+00:00,19.518838878351744,325.1400146484375,501.1499938964844
2026-09-01 21:46:00+00:00,19.518838878351744,325.1400146484375,501.1499938964844
2026-09-01 21:47:00+00:00,19.5165751083714,325.1400146484375,501.1499938964844
2026-09-01 21:48:00+00:00,19.5165751083714,325.1400146484375,501.1499938964844
2026-09-01 21:49:00+00:00,19.5165751083714,325.1400146484375,501.1499938964844
2026-09-01 21:50:00+00:00,19.52110264833209,325.1400146484375,501.1499938964844
2026-09-01 21:51:00+00:00,19.52110264833209,325.1400146484375,501.1499938964844
2026-09-01 21:52:00+00:00,19.518838878351744,325.1400146484375,501.1499938964844
2026-09-01 21:53:00+00:00,19.523366418312435,325.1400146484375,501.1499938964844
2026-09-01 21:54:00+00:00,19.5165751083714,325.1400146484375,501.1499938964844
2026-09-01 21:55:00+00:00,19.52110264833209,325.1400146484375,501.1499938964844
2026-09-01 21:56:00+00:00,19.518838878351744,325.1400146484375,501.1499938964844
2026-09-01 21:57:00+00:00,19.518838878351744,325.1400146484375,501.1499938964844
2026-09-01 21:58:00+00:00,19.518838878351744,325.1400146484375,501.1499938964844
2026-09-01 21:59:00+00:00,19.52110264833209,325.1400146484375,501.1499938964844
2026-09-01 22:00:00+00:00,19.52110264833209,325.1400146484375,501.1499938964844
2026-09-01 22:01:00+00:00,19.523366418312435,325.1400146484375,501.1499938964844
2026-09-01 22:02:00+00:00,19.523366418312435,325.1400146484375,501.1499938964844
2026-09-01 22:03:00+00:00,19.523366418312435,325.1400146484375,501.1499938964844
2026-09-01 22:04:00+00:00,19.523366418312435,325.1400146484375,501.1499938964844
2026-09-01 22:05:00+00:00,19.523366418312435,325.1400146484375,501.1499938964844
2026-09-01 22:06:00+00:00,19.523366418312435,325.1400146484375,501.1499938964844
2026-09-01 22:07:00+00:00,19.523366418312435,325.1400146484375,501.1499938964844
2026-09-01 22:08:00+00:00,19.523366418312435,325.1400146484375,501.1499938964844
2026-09-01 22:09:00+00:00,19.52563018829278,325.1400146484375,501.1499938964844
2026-09-01 22:10:00+00:00,19.52563018829278,325.1400146484375,501.1499938964844
2026-09-01 22:11:00+00:00,19.52563018829278,325.1400146484375,501.1499938964844
2026-09-01 22:12:00+00:00,19.527895965161406,325.1400146484375,501.1499938964844
2026-09-01 22:13:00+00:00,19.527895965161406,325.1400146484375,501.1499938964844
2026-09-01 22:14:00+00:00,19.52563018829278,325.1400146484375,501.1499938964844
2026-09-01 22:15:00+00:00,19.52563018829278,325.1400146484375,501.1499938964844
2026-09-01 22:16:00+00:00,19.52563018829278,325.1400146484375,501.1499938964844
2026-09-01 22:17:00+00:00,19.52563018829278,325.1400146484375,501.1499938964844
2026-09-01 22:18:00+00:00,19.52563018829278,325.1400146484375,501.1499938964844
2026-09-01 22:19:00+00:00,19.52563018829278,325.1400146484375,501.1499938964844
2026-09-01 22:20:00+00:00,19.527895965161406,325.1400146484375,501.1499938964844
2026-09-01 22:21:00+00:00,19.527895965161406,325.1400146484375,501.1499938964844
2026-09-01 22:22:00+00:00,19.527895965161406,325.1400146484375,501.1499938964844
2026-09-01 22:23:00+00:00,19.527895965161406,325.1400146484375,501.1499938964844
2026-09-01 22:24:00+00:00,19.52563018829278,325.1400146484375,501.1499938964844
2026-09-01 22:25:00+00:00,19.527895965161406,325.1400146484375,501.1499938964844
2026-09-01 22:26:00+00:00,19.523366418312435,325.1400146484375,501.1499938964844
2026-09-01 22:27:00+00:00,19.523366418312435,325.1400146484375,501.1499938964844
2026-09-01 22:28:00+00:00,19.523366418312435,325.1400146484375,501.1499938964844
2026-09-01 22:29:00+00:00,19.523366418312435,325.1400146484375,501.1499938964844
2026-09-01 22:30:00+00:00,19.523366418312435,325.1400146484375,501.1499938964844
2026-09-01 22:31:00+00:00,19.523366418312435,325.1400146484375,501.1499938964844
2026-09-01 22:32:00+00:00,19.523366418312435,325.1400146484375,501.1499938964844
2026-09-01 22:33:00+00:00,19.523366418312435,325.1400146484375,501.1499938964844
2026-09-01 22:34:00+00:00,19.523366418312435,325.1400146484375,501.1499938964844
2026-09-01 22:35:00+00:00,19.523366418312435,325.1400146484375,501.1499938964844
2026-09-01 22:36:00+00:00,19.523366418312435,325.1400146484375,501.1499938964844
2026-09-01 22:37:00+00:00,19.523366418312435,325.1400146484375,501.1499938964844
2026-09-01 22:38:00+00:00,19.523366418312435,325.1400146484375,501.1499938964844
2026-09-01 22:39:00+00:00,19.523366418312435,325.1400146484375,501.1499938964844
2026-09-01 22:40:00+00:00,19.523366418312435,325.1400146484375,501.1499938964844
2026-09-01 22:41:00+00:00,19.52110264833209,325.1400146484375,501.1499938964844
2026-09-01 22:42:00+00:00,19.52110264833209,325.1400146484375,501.1499938964844
2026-09-01 22:43:00+00:00,19.52110264833209,325.1400146484375,501.1499938964844
2026-09-01 22:44:00+00:00,19.523366418312435,325.1400146484375,501.1499938964844
2026-09-01 22:45:00+00:00,19.52110264833209,325.1400146484375,501.1499938964844
2026-09-01 22:46:00+00:00,19.52110264833209,325.1400146484375,501.1499938964844
2026-09-01 22:47:00+00:00,19.52110264833209,325.1400146484375,501.1499938964844
2026-09-01 22:48:00+00:00,19.52110264833209,325.1400146484375,501.1499938964844
2026-09-01 22:49:00+00:00,19.523366418312435,325.1400146484375,501.1499938964844
2026-09-01 22:50:00+00:00,19.52110264833209,325.1400146484375,501.1499938964844
2026-09-01 22:51:00+00:00,19.52110264833209,325.1400146484375,501.1499938964844
2026-09-01 22:52:00+00:00,19.52110264833209,325.1400146484375,501.1499938964844
2026-09-01 22:53:00+00:00,19.52110264833209,325.1400146484375,501.1499938964844
2026-09-01 22:54:00+00:00,19.52110264833209,325.1400146484375,501.1499938964844
2026-09-01 22:55:00+00:00,19.52110264833209,325.1400146484375,501.1499938964844
2026-09-01 22:56:00+00:00,19.52110264833209,325.1400146484375,501.1499938964844
2026-09-01 22:57:00+00:00,19.523366418312435,325.1400146484375,501.1499938964844
2026-09-01 22:58:00+00:00,19.523366418312435,325.1400146484375,501.1499938964844
2026-09-01 23:00:00+00:00,19.52110264833209,325.1400146484375,501.1499938964844
2026-09-01 23:01:00+00:00,19.52110264833209,325.1400146484375,501.1499938964844
2026-09-01 23:02:00+00:00,19.52110264833209,325.1400146484375,501.1499938964844
2026-09-01 23:03:00+00:00,19.52110264833209,325.1400146484375,501.1499938964844
2026-09-01 23:04:00+00:00,19.52110264833209,325.1400146484375,501.1499938964844
2026-09-01 23:05:00+00:00,19.52110264833209,325.1400146484375,501.1499938964844
2026-09-01 23:06:00+00:00,19.52110264833209,325.1400146484375,501.1499938964844
2026-09-01 23:07:00+00:00,19.52110264833209,325.1400146484375,501.1499938964844
2026-09-01 23:08:00+00:00,19.52110264833209,325.1400146484375,501.1499938964844
2026-09-01 23:09:00+00:00,19.52110264833209,325.1400146484375,501.1499938964844
2026-09-01 23:10:00+00:00,19.523366418312435,325.1400146484375,501.1499938964844
2026-09-01 23:11:00+00:00,19.523366418312435,325.1400146484375,501.1499938964844
2026-09-01 23:12:00+00:00,19.523366418312435,325.1400146484375,501.1499938964844
2026-09-01 23:13:00+00:00,19.523366418312435,325.1400146484375,501.1499938964844
2026-09-01 23:14:00+00:00,19.523366418312435,325.1400146484375,501.1499938964844
2026-09-01 23:15:00+00:00,19.52110264833209,325.1400146484375,501.1499938964844
2026-09-01 23:16:00+00:00,19.52110264833209,325.1400146484375,501.1499938964844
2026-09-01 23:17:00+00:00,19.52110264833209,325.1400146484375,501.1499938964844
2026-09-01 23:18:00+00:00,19.52110264833209,325.1400146484375,501.1499938964844
2026-09-01 23:19:00+00:00,19.523366418312435,325.1400146484375,501.1499938964844
2026-09-01 23:20:00+00:00,19.523366418312435,325.1400146484375,501.1499938964844
2026-09-01 23:21:00+00:00,19.52110264833209,325.1400146484375,501.1499938964844
2026-09-01 23:22:00+00:00,19.52110264833209,325.1400146484375,501.1499938964844
2026-09-01 23:23:00+00:00,19.52110264833209,325.1400146484375,501.1499938964844
2026-09-01 23:24:00+00:00,19.52110264833209,325.1400146484375,501.1499938964844
2026-09-01 23:25:00+00:00,19.52110264833209,325.1400146484375,501.1499938964844
2026-09-01 23:26:00+00:00,19.52110264833209,325.1400146484375,501.1499938964844
2026-09-01 23:27:00+00:00,19.52110264833209,325.1400146484375,501.1499938964844
2026-09-01 23:28:00+00:00,19.52110264833209,325.1400146484375,501.1499938964844
2026-09-01 23:29:00+00:00,19.52110264833209,325.1400146484375,501.1499938964844
2026-09-01 23:30:00+00:00,19.52110264833209,325.1400146484375,501.1499938964844
2026-09-01 23:31:00+00:00,19.52110264833209,325.1400146484375,501.1499938964844
2026-09-01 23:32:00+00:00,19.52110264833209,325.1400146484375,501.1499938964844
2026-09-01 23:33:00+00:00,19.52110264833209,325.1400146484375,501.1499938964844
2026-09-01 23:34:00+00:00,19.52110264833209,325.1400146484375,501.1499938964844
2026-09-01 23:35:00+00:00,19.52110264833209,325.1400146484375,501.1499938964844
2026-09-01 23:36:00+00:00,19.52110264833209,325.1400146484375,501.1499938964844
2026-09-01 23:37:00+00:00,19.523366418312435,325.1400146484375,501.1499938964844
2026-09-01 23:38:00+00:00,19.523366418312435,325.1400146484375,501.1499938964844
2026-09-01 23:39:00+00:00,19.52110264833209,325.1400146484375,501.1499938964844
2026-09-01 23:40:00+00:00,19.52110264833209,325.1400146484375,501.1499938964844
2026-09-01 23:41:00+00:00,19.523366418312435,325.1400146484375,501.1499938964844
2026-09-01 23:42:00+00:00,19.52110264833209,325.1400146484375,501.1499938964844
2026-09-01 23:43:00+00:00,19.52110264833209,325.1400146484375,501.1499938964844
2026-09-01 23:44:00+00:00,19.52110264833209,325.1400146484375,501.1499938964844
2026-09-01 23:45:00+00:00,19.523366418312435,325.1400146484375,501.1499938964844
2026-09-01 23:46:00+00:00,19.52110264833209,325.1400146484375,501.1499938964844
2026-09-01 23:47:00+00:00,19.52110264833209,325.1400146484375,501.1499938964844
2026-09-01 23:48:00+00:00,19.52110264833209,325.1400146484375,501.1499938964844
2026-09-01 23:49:00+00:00,19.523366418312435,325.1400146484375,501.1499938964844
2026-09-01 23:50:00+00:00,19.523366418312435,325.1400146484375,501.1499938964844
2026-09-01 23:51:00+00:00,19.523366418312435,325.1400146484375,501.1499938964844
2026-09-01 23:52:00+00:00,19.52110264833209,325.1400146484375,501.1499938964844
2026-09-01 23:53:00+00:00,19.523366418312435,325.1400146484375,501.1499938964844
2026-09-01 23:54:00+00:00,19.52110264833209,325.1400146484375,501.1499938964844
2026-09-01 23:55:00+00:00,19.52110264833209,325.1400146484375,501.1499938964844
2026-09-01 23:56:00+00:00,19.52110264833209,325.1400146484375,501.1499938964844
2026-09-01 23:57:00+00:00,19.52110264833209,325.1400146484375,501.1499938964844
2026-09-01 23:58:00+00:00,19.518838878351744,325.1400146484375,501.1499938964844
2026-09-01 23:59:00+00:00,19.518838878351744,325.1400146484375,501.1499938964844
2026-09-02 00:00:00+00:00,19.518838878351744,325.1400146484375,501.1499938964844
2026-09-02 00:01:00+00:00,19.518838878351744,325.1400146484375,501.1499938964844
2026-09-02 00:02:00+00:00,19.518838878351744,325.1400146484375,501.1499938964844
2026-09-02 00:03:00+00:00,19.52110264833209,325.1400146484375,501.1499938964844
2026-09-02 00:04:00+00:00,19.518838878351744,325.1400146484375,501.1499938964844
2026-09-02 00:05:00+00:00,19.518838878351744,325.1400146484375,501.1499938964844
2026-09-02 00:06:00+00:00,19.5165751083714,325.1400146484375,501.1499938964844
2026-09-02 00:07:00+00:00,19.5165751083714,325.1400146484375,501.1499938964844
2026-09-02 00:08:00+00:00,19.51205358907555,325.1400146484375,501.1499938964844
2026-09-02 00:09:00+00:00,19.514315352167614,325.1400146484375,501.1499938964844
2026-09-02 00:10:00+00:00,19.514315352167614,325.1400146484375,501.1499938964844
2026-09-02 00:11:00+00:00,19.514315352167614,325.1400146484375,501.1499938964844
2026-09-02 00:12:00+00:00,19.51205358907555,325.1400146484375,501.1499938964844
2026-09-02 00:13:00+00:00,19.514315352167614,325.1400146484375,501.1499938964844
2026-09-02 00:14:00+00:00,19.514315352167614,325.1400146484375,501.1499938964844
2026-09-02 00:15:00+00:00,19.5165751083714,325.1400146484375,501.1499938964844
2026-09-02 00:16:00+00:00,19.5165751083714,325.1400146484375,501.1499938964844
2026-09-02 00:17:00+00:00,19.5165751083714,325.1400146484375,501.1499938964844
2026-09-02 00:18:00+00:00,19.5165751083714,325.1400146484375,501.1499938964844
2026-09-02 00:19:00+00:00,19.5165751083714,325.1400146484375,501.1499938964844
2026-09-02 00:20:00+00:00,19.514315352167614,325.1400146484375,501.1499938964844
2026-09-02 00:21:00+00:00,19.514315352167614,325.1400146484375,501.1499938964844
2026-09-02 00:22:00+00:00,19.518838878351744,325.1400146484375,501.1499938964844
2026-09-02 00:23:00+00:00,19.5165751083714,325.1400146484375,501.1499938964844
2026-09-02 00:24:00+00:00,19.5165751083714,325.1400146484375,501.1499938964844
2026-09-02 00:25:00+00:00,19.514315352167614,325.1400146484375,501.1499938964844
2026-09-02 00:26:00+00:00,19.514315352167614,325.1400146484375,501.1499938964844
2026-09-02 00:27:00+00:00,19.514315352167614,325.1400146484375,501.1499938964844
2026-09-02 00:28:00+00:00,19.51205358907555,325.1400146484375,501.1499938964844
2026-09-02 00:29:00+00:00,19.51205358907555,325.1400146484375,501.1499938964844
2026-09-02 00:30:00+00:00,19.51205358907555,325.1400146484375,501.1499938964844
2026-09-02 00:31:00+00:00,19.51205358907555,325.1400146484375,501.1499938964844
2026-09-02 00:32:00+00:00,19.51205358907555,325.1400146484375,501.1499938964844
2026-09-02 00:33:00+00:00,19.51205358907555,325.1400146484375,501.1499938964844
2026-09-02 00:34:00+00:00,19.51205358907555,325.1400146484375,501.1499938964844
2026-09-02 00:35:00+00:00,19.51205358907555,325.1400146484375,501.1499938964844
2026-09-02 00:36:00+00:00,19.51205358907555,325.1400146484375,501.1499938964844
2026-09-02 00:37:00+00:00,19.51205358907555,325.1400146484375,501.1499938964844
2026-09-02 00:38:00+00:00,19.51205358907555,325.1400146484375,501.1499938964844
2026-09-02 00:39:00+00:00,19.51205358907555,325.1400146484375,501.1499938964844
2026-09-02 00:40:00+00:00,19.51205358907555,325.1400146484375,501.1499938964844
2026-09-02 00:41:00+00:00,19.514315352167614,325.1400146484375,501.1499938964844
2026-09-02 00:42:00+00:00,19.514315352167614,325.1400146484375,501.1499938964844
2026-09-02 00:43:00+00:00,19.514315352167614,325.1400146484375,501.1499938964844
2026-09-02 00:44:00+00:00,19.514315352167614,325.1400146484375,501.1499938964844
2026-09-02 00:45:00+00:00,19.514315352167614,325.1400146484375,501.1499938964844
2026-09-02 00:46:00+00:00,19.514315352167614,325.1400146484375,501.1499938964844
2026-09-02 00:47:00+00:00,19.51205358907555,325.1400146484375,501.1499938964844
2026-09-02 00:48:00+00:00,19.509791825983484,325.1400146484375,501.1499938964844
2026-09-02 00:49:00+00:00,19.509791825983484,325.1400146484375,501.1499938964844
2026-09-02 00:50:00+00:00,19.509791825983484,325.1400146484375,501.1499938964844
2026-09-02 00:51:00+00:00,19.509791825983484,325.1400146484375,501.1499938964844
2026-09-02 00:52:00+00:00,19.509791825983484,325.1400146484375,501.1499938964844
2026-09-02 00:53:00+00:00,19.509791825983484,325.1400146484375,501.1499938964844
2026-09-02 00:54:00+00:00,19.509791825983484,325.1400146484375,501.1499938964844
2026-09-02 00:55:00+00:00,19.5075320697797,325.1400146484375,501.1499938964844
2026-09-02 00:56:00+00:00,19.5075320697797,325.1400146484375,501.1499938964844
2026-09-02 00:57:00+00:00,19.5075320697797,325.1400146484375,501.1499938964844
2026-09-02 00:58:00+00:00,19.509791825983484,325.1400146484375,501.1499938964844
2026-09-02 00:59:00+00:00,19.5075320697797,325.1400146484375,501.1499938964844
2026-09-02 01:00:00+00:00,19.5075320697797,325.1400146484375,501.1499938964844
2026-09-02 01:01:00+00:00,19.5075320697797,325.1400146484375,501.1499938964844
2026-09-02 01:02:00+00:00,19.505270306687635,325.1400146484375,501.1499938964844
2026-09-02 01:03:00+00:00,19.5075320697797,325.1400146484375,501.1499938964844
2026-09-02 01:04:00+00:00,19.505270306687635,325.1400146484375,501.1499938964844
2026-09-02 01:05:00+00:00,19.505270306687635,325.1400146484375,501.1499938964844
2026-09-02 01:06:00+00:00,19.505270306687635,325.1400146484375,501.1499938964844
2026-09-02 01:07:00+00:00,19.505270306687635,325.1400146484375,501.1499938964844
2026-09-02 01:08:00+00:00,19.505270306687635,325.1400146484375,501.1499938964844
2026-09-02 01:09:00+00:00,19.50301055048385,325.1400146484375,501.1499938964844
2026-09-02 01:10:00+00:00,19.505270306687635,325.1400146484375,501.1499938964844
2026-09-02 01:11:00+00:00,19.505270306687635,325.1400146484375,501.1499938964844
2026-09-02 01:12:00+00:00,19.505270306687635,325.1400146484375,501.1499938964844
2026-09-02 01:13:00+00:00,19.50301055048385,325.1400146484375,501.1499938964844
2026-09-02 01:14:00+00:00,19.50301055048385,325.1400146484375,501.1499938964844
2026-09-02 01:15:00+00:00,19.5075320697797,325.1400146484375,501.1499938964844
2026-09-02 01:16:00+00:00,19.505270306687635,325.1400146484375,501.1499938964844
2026-09-02 01:17:00+00:00,19.505270306687635,325.1400146484375,501.1499938964844
2026-09-02 01:18:00+00:00,19.505270306687635,325.1400146484375,501.1499938964844
2026-09-02 01:19:00+00:00,19.505270306687635,325.1400146484375,501.1499938964844
2026-09-02 01:20:00+00:00,19.505270306687635,325.1400146484375,501.1499938964844
2026-09-02 01:21:00+00:00,19.505270306687635,325.1400146484375,501.1499938964844
2026-09-02 01:22:00+00:00,19.505270306687635,325.1400146484375,501.1499938964844
2026-09-02 01:23:00+00:00,19.505270306687635,325.1400146484375,501.1499938964844
2026-09-02 01:24:00+00:00,19.505270306687635,325.1400146484375,501.1499938964844
2026-09-02 01:25:00+00:00,19.505270306687635,325.1400146484375,501.1499938964844
2026-09-02 01:26:00+00:00,19.505270306687635,325.1400146484375,501.1499938964844
2026-09-02 01:27:00+00:00,19.505270306687635,325.1400146484375,501.1499938964844
2026-09-02 01:28:00+00:00,19.505270306687635,325.1400146484375,501.1499938964844
2026-09-02 01:29:00+00:00,19.505270306687635,325.1400146484375,501.1499938964844
2026-09-02 01:30:00+00:00,19.50301055048385,325.1400146484375,501.1499938964844
2026-09-02 01:31:00+00:00,19.50301055048385,325.1400146484375,501.1499938964844
2026-09-02 01:32:00+00:00,19.50301055048385,325.1400146484375,501.1499938964844
2026-09-02 01:33:00+00:00,19.50301055048385,325.1400146484375,501.1499938964844
2026-09-02 01:34:00+00:00,19.50301055048385,325.1400146484375,501.1499938964844
2026-09-02 01:35:00+00:00,19.500750794280066,325.1400146484375,501.1499938964844
2026-09-02 01:36:00+00:00,19.496235295649058,325.1400146484375,501.1499938964844
2026-09-02 01:37:00+00:00,19.496235295649058,325.1400146484375,501.1499938964844
2026-09-02 01:38:00+00:00,19.496235295649058,325.1400146484375,501.1499938964844
2026-09-02 01:39:00+00:00,19.49849304496456,325.1400146484375,501.1499938964844
2026-09-02 01:40:00+00:00,19.496235295649058,325.1400146484375,501.1499938964844
2026-09-02 01:41:00+00:00,19.49849304496456,325.1400146484375,501.1499938964844
2026-09-02 01:42:00+00:00,19.49849304496456,325.1400146484375,501.1499938964844
2026-09-02 01:43:00+00:00,19.49849304496456,325.1400146484375,501.1499938964844
2026-09-02 01:44:00+00:00,19.496235295649058,325.1400146484375,501.1499938964844
2026-09-02 01:45:00+00:00,19.496235295649058,325.1400146484375,501.1499938964844
2026-09-02 01:46:00+00:00,19.49849304496456,325.1400146484375,501.1499938964844
2026-09-02 01:47:00+00:00,19.496235295649058,325.1400146484375,501.1499938964844
2026-09-02 01:48:00+00:00,19.496235295649058,325.1400146484375,501.1499938964844
2026-09-02 01:49:00+00:00,19.49849304496456,325.1400146484375,501.1499938964844
2026-09-02 01:50:00+00:00,19.496235295649058,325.1400146484375,501.1499938964844
2026-09-02 01:51:00+00:00,19.496235295649058,325.1400146484375,501.1499938964844
2026-09-02 01:52:00+00:00,19.496235295649058,325.1400146484375,501.1499938964844
2026-09-02 01:53:00+00:00,19.496235295649058,325.1400146484375,501.1499938964844
2026-09-02 01:54:00+00:00,19.496235295649058,325.1400146484375,501.1499938964844
2026-09-02 01:55:00+00:00,19.49849304496456,325.1400146484375,501.1499938964844
2026-09-02 01:56:00+00:00,19.496235295649058,325.1400146484375,501.1499938964844
2026-09-02 01:57:00+00:00,19.496235295649058,325.1400146484375,501.1499938964844
2026-09-02 01:58:00+00:00,19.49849304496456,325.1400146484375,501.1499938964844
2026-09-02 01:59:00+00:00,19.49849304496456,325.1400146484375,501.1499938964844
2026-09-02 02:00:00+00:00,19.496235295649058,325.1400146484375,501.1499938964844
2026-09-02 02:01:00+00:00,19.496235295649058,325.1400146484375,501.1499938964844
2026-09-02 02:02:00+00:00,19.493977546333554,325.1400146484375,501.1499938964844
2026-09-02 02:03:00+00:00,19.496235295649058,325.1400146484375,501.1499938964844
2026-09-02 02:04:00+00:00,19.496235295649058,325.1400146484375,501.1499938964844
2026-09-02 02:05:00+00:00,19.496235295649058,325.1400146484375,501.1499938964844
2026-09-02 02:06:00+00:00,19.496235295649058,325.1400146484375,501.1499938964844
2026-09-02 02:07:00+00:00,19.493977546333554,325.1400146484375,501.1499938964844
2026-09-02 02:08:00+00:00,19.493977546333554,325.1400146484375,501.1499938964844
2026-09-02 02:09:00+00:00,19.496235295649058,325.1400146484375,501.1499938964844
2026-09-02 02:10:00+00:00,19.49849304496456,325.1400146484375,501.1499938964844
2026-09-02 02:11:00+00:00,19.496235295649058,325.1400146484375,501.1499938964844
2026-09-02 02:12:00+00:00,19.49849304496456,325.1400146484375,501.1499938964844
2026-09-02 02:13:00+00:00,19.500750794280066,325.1400146484375,501.1499938964844
2026-09-02 02:14:00+00:00,19.500750794280066,325.1400146484375,501.1499938964844
2026-09-02 02:15:00+00:00,19.500750794280066,325.1400146484375,501.1499938964844
2026-09-02 02:16:00+00:00,19.500750794280066,325.1400146484375,501.1499938964844
2026-09-02 02:17:00+00:00,19.500750794280066,325.1400146484375,501.1499938964844
2026-09-02 02:18:00+00:00,19.500750794280066,325.1400146484375,501.1499938964844
2026-09-02 02:19:00+00:00,19.500750794280066,325.1400146484375,501.1499938964844
2026-09-02 02:20:00+00:00,19.50301055048385,325.1400146484375,501.1499938964844
2026-09-02 02:21:00+00:00,19.500750794280066,325.1400146484375,501.1499938964844
2026-09-02 02:22:00+00:00,19.49849304496456,325.1400146484375,501.1499938964844
2026-09-02 02:23:00+00:00,19.49849304496456,325.1400146484375,501.1499938964844
2026-09-02 02:24:00+00:00,19.496235295649058,325.1400146484375,501.1499938964844
2026-09-02 02:25:00+00:00,19.49849304496456,325.1400146484375,501.1499938964844
2026-09-02 02:26:00+00:00,19.49849304496456,325.1400146484375,501.1499938964844
2026-09-02 02:27:00+00:00,19.500750794280066,325.1400146484375,501.1499938964844
2026-09-02 02:28:00+00:00,19.500750794280066,325.1400146484375,501.1499938964844
2026-09-02 02:29:00+00:00,19.500750794280066,325.1400146484375,501.1499938964844
2026-09-02 02:30:00+00:00,19.500750794280066,325.1400146484375,501.1499938964844
2026-09-02 02:31:00+00:00,19.49849304496456,325.1400146484375,501.1499938964844
2026-09-02 02:32:00+00:00,19.500750794280066,325.1400146484375,501.1499938964844
2026-09-02 02:33:00+00:00,19.50301055048385,325.1400146484375,501.1499938964844
2026-09-02 02:34:00+00:00,19.50301055048385,325.1400146484375,501.1499938964844
2026-09-02 02:35:00+00:00,19.500750794280066,325.1400146484375,501.1499938964844
2026-09-02 02:36:00+00:00,19.500750794280066,325.1400146484375,501.1499938964844
2026-09-02 02:37:00+00:00,19.500750794280066,325.1400146484375,501.1499938964844
2026-09-02 02:38:00+00:00,19.50301055048385,325.1400146484375,501.1499938964844
2026-09-02 02:39:00+00:00,19.50301055048385,325.1400146484375,501.1499938964844
2026-09-02 02:40:00+00:00,19.505270306687635,325.1400146484375,501.1499938964844
2026-09-02 02:41:00+00:00,19.505270306687635,325.1400146484375,501.1499938964844
2026-09-02 02:42:00+00:00,19.505270306687635,325.1400146484375,501.1499938964844
2026-09-02 02:43:00+00:00,19.50301055048385,325.1400146484375,501.1499938964844
2026-09-02 02:44:00+00:00,19.50301055048385,325.1400146484375,501.1499938964844
2026-09-02 02:45:00+00:00,19.50301055048385,325.1400146484375,501.1499938964844
2026-09-02 02:46:00+00:00,19.50301055048385,325.1400146484375,501.1499938964844
2026-09-02 02:47:00+00:00,19.50301055048385,325.1400146484375,501.1499938964844
2026-09-02 02:48:00+00:00,19.50301055048385,325.1400146484375,501.1499938964844
2026-09-02 02:49:00+00:00,19.50301055048385,325.1400146484375,501.1499938964844
2026-09-02 02:50:00+00:00,19.500750794280066,325.1400146484375,501.1499938964844
2026-09-02 02:51:00+00:00,19.50301055048385,325.1400146484375,501.1499938964844
2026-09-02 02:52:00+00:00,19.50301055048385,325.1400146484375,501.1499938964844
2026-09-02 02:53:00+00:00,19.50301055048385,325.1400146484375,501.1499938964844
2026-09-02 02:54:00+00:00,19.50301055048385,325.1400146484375,501.1499938964844
2026-09-02 02:55:00+00:00,19.50301055048385,325.1400146484375,501.1499938964844
2026-09-02 02:56:00+00:00,19.50301055048385,325.1400146484375,501.1499938964844
2026-09-02 02:57:00+00:00,19.50301055048385,325.1400146484375,501.1499938964844
2026-09-02 02:58:00+00:00,19.50301055048385,325.1400146484375,501.1499938964844
2026-09-02 02:59:00+00:00,19.50301055048385,325.1400146484375,501.1499938964844
2026-09-02 03:00:00+00:00,19.50301055048385,325.1400146484375,501.1499938964844
2026-09-02 03:01:00+00:00,19.505270306687635,325.1400146484375,501.1499938964844
2026-09-02 03:02:00+00:00,19.50301055048385,325.1400146484375,501.1499938964844
2026-09-02 03:03:00+00:00,19.50301055048385,325.1400146484375,501.1499938964844
2026-09-02 03:04:00+00:00,19.50301055048385,325.1400146484375,501.1499938964844
2026-09-02 03:05:00+00:00,19.50301055048385,325.1400146484375,501.1499938964844
2026-09-02 03:06:00+00:00,19.50301055048385,325.1400146484375,501.1499938964844
2026-09-02 03:07:00+00:00,19.50301055048385,325.1400146484375,501.1499938964844
2026-09-02 03:08:00+00:00,19.50301055048385,325.1400146484375,501.1499938964844
2026-09-02 03:09:00+00:00,19.505270306687635,325.1400146484375,501.1499938964844
2026-09-02 03:10:00+00:00,19.50301055048385,325.1400146484375,501.1499938964844
2026-09-02 03:11:00+00:00,19.50301055048385,325.1400146484375,501.1499938964844
2026-09-02 03:12:00+00:00,19.50301055048385,325.1400146484375,501.1499938964844
2026-09-02 03:13:00+00:00,19.500750794280066,325.1400146484375,501.1499938964844
2026-09-02 03:14:00+00:00,19.500750794280066,325.1400146484375,501.1499938964844
2026-09-02 03:15:00+00:00,19.500750794280066,325.1400146484375,501.1499938964844
2026-09-02 03:16:00+00:00,19.500750794280066,325.1400146484375,501.1499938964844
2026-09-02 03:17:00+00:00,19.500750794280066,325.1400146484375,501.1499938964844
2026-09-02 03:18:00+00:00,19.500750794280066,325.1400146484375,501.1499938964844
2026-09-02 03:19:00+00:00,19.500750794280066,325.1400146484375,501.1499938964844
2026-09-02 03:20:00+00:00,19.500750794280066,325.1400146484375,501.1499938964844
2026-09-02 03:21:00+00:00,19.500750794280066,325.1400146484375,501.1499938964844
2026-09-02 03:22:00+00:00,19.500750794280066,325.1400146484375,501.1499938964844
2026-09-02 03:23:00+00:00,19.49849304496456,325.1400146484375,501.1499938964844
2026-09-02 03:24:00+00:00,19.500750794280066,325.1400146484375,501.1499938964844
2026-09-02 03:25:00+00:00,19.500750794280066,325.1400146484375,501.1499938964844
2026-09-02 03:26:00+00:00,19.500750794280066,325.1400146484375,501.1499938964844
2026-09-02 03:27:00+00:00,19.500750794280066,325.1400146484375,501.1499938964844
2026-09-02 03:28:00+00:00,19.49849304496456,325.1400146484375,501.1499938964844
2026-09-02 03:29:00+00:00,19.49849304496456,325.1400146484375,501.1499938964844
2026-09-02 03:30:00+00:00,19.49849304496456,325.1400146484375,501.1499938964844
2026-09-02 03:31:00+00:00,19.49849304496456,325.1400146484375,501.1499938964844
2026-09-02 03:32:00+00:00,19.49849304496456,325.1400146484375,501.1499938964844
2026-09-02 03:33:00+00:00,19.49849304496456,325.1400146484375,501.1499938964844
2026-09-02 03:34:00+00:00,19.49849304496456,325.1400146484375,501.1499938964844
2026-09-02 03:35:00+00:00,19.49849304496456,325.1400146484375,501.1499938964844
2026-09-02 03:36:00+00:00,19.49849304496456,325.1400146484375,501.1499938964844
2026-09-02 03:37:00+00:00,19.49849304496456,325.1400146484375,501.1499938964844
2026-09-02 03:38:00+00:00,19.49849304496456,325.1400146484375,501.1499938964844
2026-09-02 03:39:00+00:00,19.49849304496456,325.1400146484375,501.1499938964844
2026-09-02 03:40:00+00:00,19.49849304496456,325.1400146484375,501.1499938964844
2026-09-02 03:41:00+00:00,19.49849304496456,325.1400146484375,501.1499938964844
2026-09-02 03:42:00+00:00,19.49849304496456,325.1400146484375,501.1499938964844
2026-09-02 03:43:00+00:00,19.49849304496456,325.1400146484375,501.1499938964844
2026-09-02 03:44:00+00:00,19.49849304496456,325.1400146484375,501.1499938964844
2026-09-02 03:45:00+00:00,19.49849304496456,325.1400146484375,501.1499938964844
2026-09-02 03:46:00+00:00,19.49849304496456,325.1400146484375,501.1499938964844
2026-09-02 03:47:00+00:00,19.500750794280066,325.1400146484375,501.1499938964844
2026-09-02 03:48:00+00:00,19.49849304496456,325.1400146484375,501.1499938964844
2026-09-02 03:49:00+00:00,19.49849304496456,325.1400146484375,501.1499938964844
2026-09-02 03:50:00+00:00,19.500750794280066,325.1400146484375,501.1499938964844
2026-09-02 03:51:00+00:00,19.49849304496456,325.1400146484375,501.1499938964844
2026-09-02 03:52:00+00:00,19.49849304496456,325.1400146484375,501.1499938964844
2026-09-02 03:53:00+00:00,19.49849304496456,325.1400146484375,501.1499938964844
2026-09-02 03:54:00+00:00,19.49849304496456,325.1400146484375,501.1499938964844
2026-09-02 03:55:00+00:00,19.49849304496456,325.1400146484375,501.1499938964844
2026-09-02 03:56:00+00:00,19.49849304496456,325.1400146484375,501.1499938964844
2026-09-02 03:57:00+00:00,19.49849304496456,325.1400146484375,501.1499938964844
2026-09-02 03:58:00+00:00,19.500750794280066,325.1400146484375,501.1499938964844
2026-09-02 03:59:00+00:00,19.500750794280066,325.1400146484375,501.1499938964844
2026-09-02 04:00:00+00:00,19.500750794280066,325.1400146484375,501.1499938964844
2026-09-02 04:01:00+00:00,19.49849304496456,325.1400146484375,501.1499938964844
2026-09-02 04:02:00+00:00,19.49849304496456,325.1400146484375,501.1499938964844
2026-09-02 04:03:00+00:00,19.500750794280066,325.1400146484375,501.1499938964844
2026-09-02 04:04:00+00:00,19.496235295649058,325.1400146484375,501.1499938964844
2026-09-02 04:05:00+00:00,19.49849304496456,325.1400146484375,501.1499938964844
2026-09-02 04:06:00+00:00,19.496235295649058,325.1400146484375,501.1499938964844
2026-09-02 04:07:00+00:00,19.496235295649058,325.1400146484375,501.1499938964844
2026-09-02 04:08:00+00:00,19.496235295649058,325.1400146484375,501.1499938964844
2026-09-02 04:09:00+00:00,19.493977546333554,325.1400146484375,501.1499938964844
2026-09-02 04:10:00+00:00,19.493977546333554,325.1400146484375,501.1499938964844
2026-09-02 04:11:00+00:00,19.496235295649058,325.1400146484375,501.1499938964844
2026-09-02 04:12:00+00:00,19.496235295649058,325.1400146484375,501.1499938964844
2026-09-02 04:13:00+00:00,19.493977546333554,325.1400146484375,501.1499938964844
2026-09-02 04:14:00+00:00,19.493977546333554,325.1400146484375,501.1499938964844
2026-09-02 04:15:00+00:00,19.496235295649058,325.1400146484375,501.1499938964844
2026-09-02 04:16:00+00:00,19.496235295649058,325.1400146484375,501.1499938964844
2026-09-02 04:17:00+00:00,19.493977546333554,325.1400146484375,501.1499938964844
2026-09-02 04:18:00+00:00,19.493977546333554,325.1400146484375,501.1499938964844
2026-09-02 04:19:00+00:00,19.49172180390633,325.1400146484375,501.1499938964844
2026-09-02 04:20:00+00:00,19.49172180390633,325.1400146484375,501.1499938964844
2026-09-02 04:21:00+00:00,19.49172180390633,325.1400146484375,501.1499938964844
2026-09-02 04:22:00+00:00,19.493977546333554,325.1400146484375,501.1499938964844
2026-09-02 04:23:00+00:00,19.493977546333554,325.1400146484375,501.1499938964844
2026-09-02 04:24:00+00:00,19.493977546333554,325.1400146484375,501.1499938964844
2026-09-02 04:25:00+00:00,19.493977546333554,325.1400146484375,501.1499938964844
2026-09-02 04:26:00+00:00,19.493977546333554,325.1400146484375,501.1499938964844
2026-09-02 04:27:00+00:00,19.493977546333554,325.1400146484375,501.1499938964844
2026-09-02 04:28:00+00:00,19.493977546333554,325.1400146484375,501.1499938964844
2026-09-02 04:29:00+00:00,19.493977546333554,325.1400146484375,501.1499938964844
2026-09-02 04:30:00+00:00,19.493977546333554,325.1400146484375,501.1499938964844
2026-09-02 04:31:00+00:00,19.493977546333554,325.1400146484375,501.1499938964844
2026-09-02 04:32:00+00:00,19.493977546333554,325.1400146484375,501.1499938964844
2026-09-02 04:33:00+00:00,19.493977546333554,325.1400146484375,501.1499938964844
2026-09-02 04:34:00+00:00,19.493977546333554,325.1400146484375,501.1499938964844
2026-09-02 04:35:00+00:00,19.493977546333554,325.1400146484375,501.1499938964844
2026-09-02 04:36:00+00:00,19.493977546333554,325.1400146484375,501.1499938964844
2026-09-02 04:37:00+00:00,19.493977546333554,325.1400146484375,501.1499938964844
2026-09-02 04:38:00+00:00,19.493977546333554,325.1400146484375,501.1499938964844
2026-09-02 04:39:00+00:00,19.493977546333554,325.1400146484375,501.1499938964844
2026-09-02 04:40:00+00:00,19.493977546333554,325.1400146484375,501.1499938964844
2026-09-02 04:41:00+00:00,19.493977546333554,325.1400146484375,501.1499938964844
2026-09-02 04:42:00+00:00,19.493977546333554,325.1400146484375,501.1499938964844
2026-09-02 04:43:00+00:00,19.493977546333554,325.1400146484375,501.1499938964844
2026-09-02 04:44:00+00:00,19.493977546333554,325.1400146484375,501.1499938964844
2026-09-02 04:45:00+00:00,19.496235295649058,325.1400146484375,501.1499938964844
2026-09-02 04:46:00+00:00,19.496235295649058,325.1400146484375,501.1499938964844
2026-09-02 04:47:00+00:00,19.493977546333554,325.1400146484375,501.1499938964844
2026-09-02 04:48:00+00:00,19.493977546333554,325.1400146484375,501.1499938964844
2026-09-02 04:49:00+00:00,19.493977546333554,325.1400146484375,501.1499938964844
2026-09-02 04:50:00+00:00,19.493977546333554,325.1400146484375,501.1499938964844
2026-09-02 04:51:00+00:00,19.493977546333554,325.1400146484375,501.1499938964844
2026-09-02 04:52:00+00:00,19.493977546333554,325.1400146484375,501.1499938964844
2026-09-02 04:53:00+00:00,19.493977546333554,325.1400146484375,501.1499938964844
2026-09-02 04:54:00+00:00,19.493977546333554,325.1400146484375,501.1499938964844
2026-09-02 04:55:00+00:00,19.493977546333554,325.1400146484375,501.1499938964844
2026-09-02 04:56:00+00:00,19.493977546333554,325.1400146484375,501.1499938964844
2026-09-02 04:57:00+00:00,19.49172180390633,325.1400146484375,501.1499938964844
2026-09-02 04:58:00+00:00,19.493977546333554,325.1400146484375,501.1499938964844
2026-09-02 04:59:00+00:00,19.493977546333554,325.1400146484375,501.1499938964844
2026-09-02 05:00:00+00:00,19.493977546333554,325.1400146484375,501.1499938964844
2026-09-02 05:01:00+00:00,19.49172180390633,325.1400146484375,501.1499938964844
2026-09-02 05:02:00+00:00,19.49172180390633,325.1400146484375,501.1499938964844
2026-09-02 05:03:00+00:00,19.49172180390633,325.1400146484375,501.1499938964844
2026-09-02 05:04:00+00:00,19.49172180390633,325.1400146484375,501.1499938964844
2026-09-02 05:05:00+00:00,19.489464054590826,325.1400146484375,501.1499938964844
2026-09-02 05:06:00+00:00,19.49172180390633,325.1400146484375,501.1499938964844
2026-09-02 05:07:00+00:00,19.49172180390633,325.1400146484375,501.1499938964844
2026-09-02 05:08:00+00:00,19.49172180390633,325.1400146484375,501.1499938964844
2026-09-02 05:09:00+00:00,19.49172180390633,325.1400146484375,501.1499938964844
2026-09-02 05:10:00+00:00,19.49172180390633,325.1400146484375,501.1499938964844
2026-09-02 05:11:00+00:00,19.493977546333554,325.1400146484375,501.1499938964844
2026-09-02 05:12:00+00:00,19.496235295649058,325.1400146484375,501.1499938964844
2026-09-02 05:13:00+00:00,19.493977546333554,325.1400146484375,501.1499938964844
2026-09-02 05:14:00+00:00,19.496235295649058,325.1400146484375,501.1499938964844
2026-09-02 05:15:00+00:00,19.496235295649058,325.1400146484375,501.1499938964844
2026-09-02 05:16:00+00:00,19.496235295649058,325.1400146484375,501.1499938964844
2026-09-02 05:17:00+00:00,19.49849304496456,325.1400146484375,501.1499938964844
2026-09-02 05:18:00+00:00,19.49849304496456,325.1400146484375,501.1499938964844
2026-09-02 05:19:00+00:00,19.496235295649058,325.1400146484375,501.1499938964844
2026-09-02 05:20:00+00:00,19.496235295649058,325.1400146484375,501.1499938964844
2026-09-02 05:21:00+00:00,19.496235295649058,325.1400146484375,501.1499938964844
2026-09-02 05:22:00+00:00,19.496235295649058,325.1400146484375,501.1499938964844
2026-09-02 05:23:00+00:00,19.49849304496456,325.1400146484375,501.1499938964844
2026-09-02 05:24:00+00:00,19.49849304496456,325.1400146484375,501.1499938964844
2026-09-02 05:25:00+00:00,19.496235295649058,325.1400146484375,501.1499938964844
2026-09-02 05:26:00+00:00,19.496235295649058,325.1400146484375,501.1499938964844
2026-09-02 05:27:00+00:00,19.496235295649058,325.1400146484375,501.1499938964844
2026-09-02 05:28:00+00:00,19.49849304496456,325.1400146484375,501.1499938964844
2026-09-02 05:29:00+00:00,19.49849304496456,325.1400146484375,501.1499938964844
2026-09-02 05:30:00+00:00,19.500750794280066,325.1400146484375,501.1499938964844
2026-09-02 05:31:00+00:00,19.500750794280066,325.1400146484375,501.1499938964844
2026-09-02 05:32:00+00:00,19.500750794280066,325.1400146484375,501.1499938964844
2026-09-02 05:33:00+00:00,19.500750794280066,325.1400146484375,501.1499938964844
2026-09-02 05:34:00+00:00,19.500750794280066,325.1400146484375,501.1499938964844
2026-09-02 05:35:00+00:00,19.500750794280066,325.1400146484375,501.1499938964844
2026-09-02 05:36:00+00:00,19.500750794280066,325.1400146484375,501.1499938964844
2026-09-02 05:37:00+00:00,19.500750794280066,325.1400146484375,501.1499938964844
2026-09-02 05:38:00+00:00,19.500750794280066,325.1400146484375,501.1499938964844
2026-09-02 05:39:00+00:00,19.49849304496456,325.1400146484375,501.1499938964844
2026-09-02 05:40:00+00:00,19.49849304496456,325.1400146484375,501.1499938964844
2026-09-02 05:41:00+00:00,19.500750794280066,325.1400146484375,501.1499938964844
2026-09-02 05:42:00+00:00,19.500750794280066,325.1400146484375,501.1499938964844
2026-09-02 05:43:00+00:00,19.500750794280066,325.1400146484375,501.1499938964844
2026-09-02 05:44:00+00:00,19.500750794280066,325.1400146484375,501.1499938964844
2026-09-02 05:45:00+00:00,19.500750794280066,325.1400146484375,501.1499938964844
2026-09-02 05:46:00+00:00,19.500750794280066,325.1400146484375,501.1499938964844
2026-09-02 05:47:00+00:00,19.500750794280066,325.1400146484375,501.1499938964844
2026-09-02 05:48:00+00:00,19.500750794280066,325.1400146484375,501.1499938964844
2026-09-02 05:49:00+00:00,19.500750794280066,325.1400146484375,501.1499938964844
2026-09-02 05:50:00+00:00,19.500750794280066,325.1400146484375,501.1499938964844
2026-09-02 05:51:00+00:00,19.500750794280066,325.1400146484375,501.1499938964844
2026-09-02 05:52:00+00:00,19.500750794280066,325.1400146484375,501.1499938964844
2026-09-02 05:53:00+00:00,19.50301055048385,325.1400146484375,501.1499938964844
2026-09-02 05:54:00+00:00,19.50301055048385,325.1400146484375,501.1499938964844
2026-09-02 05:55:00+00:00,19.50301055048385,325.1400146484375,501.1499938964844
2026-09-02 05:56:00+00:00,19.50301055048385,325.1400146484375,501.1499938964844
2026-09-02 05:57:00+00:00,19.50301055048385,325.1400146484375,501.1499938964844
2026-09-02 05:58:00+00:00,19.50301055048385,325.1400146484375,501.1499938964844
2026-09-02 05:59:00+00:00,19.500750794280066,325.1400146484375,501.1499938964844
2026-09-02 06:00:00+00:00,19.500750794280066,325.1400146484375,501.1499938964844
2026-09-02 06:01:00+00:00,19.50301055048385,325.1400146484375,501.1499938964844
2026-09-02 06:02:00+00:00,19.505270306687635,325.1400146484375,501.1499938964844
2026-09-02 06:03:00+00:00,19.505270306687635,325.1400146484375,501.1499938964844
2026-09-02 06:04:00+00:00,19.50301055048385,325.1400146484375,501.1499938964844
2026-09-02 06:05:00+00:00,19.50301055048385,325.1400146484375,501.1499938964844
2026-09-02 06:06:00+00:00,19.50301055048385,325.1400146484375,501.1499938964844
2026-09-02 06:07:00+00:00,19.50301055048385,325.1400146484375,501.1499938964844
2026-09-02 06:08:00+00:00,19.500750794280066,325.1400146484375,501.1499938964844
2026-09-02 06:09:00+00:00,19.505270306687635,325.1400146484375,501.1499938964844
2026-09-02 06:10:00+00:00,19.505270306687635,325.1400146484375,501.1499938964844
2026-09-02 06:11:00+00:00,19.505270306687635,325.1400146484375,501.1499938964844
2026-09-02 06:12:00+00:00,19.505270306687635,325.1400146484375,501.1499938964844
2026-09-02 06:13:00+00:00,19.505270306687635,325.1400146484375,501.1499938964844
2026-09-02 06:14:00+00:00,19.505270306687635,325.1400146484375,501.1499938964844
2026-09-02 06:15:00+00:00,19.500750794280066,325.1400146484375,501.1499938964844
2026-09-02 06:16:00+00:00,19.50301055048385,325.1400146484375,501.1499938964844
2026-09-02 06:17:00+00:00,19.500750794280066,325.1400146484375,501.1499938964844
2026-09-02 06:18:00+00:00,19.49849304496456,325.1400146484375,501.1499938964844
2026-09-02 06:19:00+00:00,19.49849304496456,325.1400146484375,501.1499938964844
2026-09-02 06:20:00+00:00,19.49849304496456,325.1400146484375,501.1499938964844
2026-09-02 06:21:00+00:00,19.49849304496456,325.1400146484375,501.1499938964844
2026-09-02 06:22:00+00:00,19.49849304496456,325.1400146484375,501.1499938964844
2026-09-02 06:23:00+00:00,19.500750794280066,325.1400146484375,501.1499938964844
2026-09-02 06:24:00+00:00,19.50301055048385,325.1400146484375,501.1499938964844
2026-09-02 06:25:00+00:00,19.50301055048385,325.1400146484375,501.1499938964844
2026-09-02 06:26:00+00:00,19.50301055048385,325.1400146484375,501.1499938964844
2026-09-02 06:27:00+00:00,19.500750794280066,325.1400146484375,501.1499938964844
2026-09-02 06:28:00+00:00,19.500750794280066,325.1400146484375,501.1499938964844
2026-09-02 06:29:00+00:00,19.496235295649058,325.1400146484375,501.1499938964844
2026-09-02 06:30:00+00:00,19.496235295649058,325.1400146484375,501.1499938964844
2026-09-02 06:31:00+00:00,19.49849304496456,325.1400146484375,501.1499938964844
2026-09-02 06:32:00+00:00,19.496235295649058,325.1400146484375,501.1499938964844
2026-09-02 06:33:00+00:00,19.496235295649058,325.1400146484375,501.1499938964844
2026-09-02 06:34:00+00:00,19.496235295649058,325.1400146484375,501.1499938964844
2026-09-02 06:35:00+00:00,19.496235295649058,325.1400146484375,501.1499938964844
2026-09-02 06:36:00+00:00,19.496235295649058,325.1400146484375,501.1499938964844
2026-09-02 06:37:00+00:00,19.49172180390633,325.1400146484375,501.1499938964844
2026-09-02 06:38:00+00:00,19.49172180390633,325.1400146484375,501.1499938964844
2026-09-02 06:39:00+00:00,19.493977546333554,325.1400146484375,501.1499938964844
2026-09-02 06:40:00+00:00,19.49172180390633,325.1400146484375,501.1499938964844
2026-09-02 06:41:00+00:00,19.496235295649058,325.1400146484375,501.1499938964844
2026-09-02 06:42:00+00:00,19.496235295649058,325.1400146484375,501.1499938964844
2026-09-02 06:43:00+00:00,19.496235295649058,325.1400146484375,501.1499938964844
2026-09-02 06:44:00+00:00,19.496235295649058,325.1400146484375,501.1499938964844
2026-09-02 06:45:00+00:00,19.496235295649058,325.1400146484375,501.1499938964844
2026-09-02 06:46:00+00:00,19.493977546333554,325.1400146484375,501.1499938964844
2026-09-02 06:47:00+00:00,19.49172180390633,325.1400146484375,501.1499938964844
2026-09-02 06:48:00+00:00,19.489464054590826,325.1400146484375,501.1499938964844
2026-09-02 06:49:00+00:00,19.489464054590826,325.1400146484375,501.1499938964844
2026-09-02 06:50:00+00:00,19.489464054590826,325.1400146484375,501.1499938964844
2026-09-02 06:51:00+00:00,19.487208312163602,325.1400146484375,501.1499938964844
2026-09-02 06:52:00+00:00,19.487208312163602,325.1400146484375,501.1499938964844
2026-09-02 06:53:00+00:00,19.48495256973638,325.1400146484375,501.1499938964844
2026-09-02 06:54:00+00:00,19.48495256973638,325.1400146484375,501.1499938964844
2026-09-02 06:55:00+00:00,19.48495256973638,325.1400146484375,501.1499938964844
2026-09-02 06:56:00+00:00,19.482698834197436,325.1400146484375,501.1499938964844
2026-09-02 06:57:00+00:00,19.48495256973638,325.1400146484375,501.1499938964844
2026-09-02 06:58:00+00:00,19.480443091770212,325.1400146484375,501.1499938964844
2026-09-02 06:59:00+00:00,19.480443091770212,325.1400146484375,501.1499938964844
2026-09-02 07:00:00+00:00,19.482698834197436,325.1400146484375,501.1499938964844
2026-09-02 07:01:00+00:00,19.482698834197436,325.1400146484375,501.1499938964844
2026-09-02 07:02:00+00:00,19.48495256973638,325.1400146484375,501.1499938964844
2026-09-02 07:03:00+00:00,19.482698834197436,325.1400146484375,501.1499938964844
2026-09-02 07:04:00+00:00,19.480443091770212,325.1400146484375,501.1499938964844
2026-09-02 07:05:00+00:00,19.480443091770212,325.1400146484375,501.1499938964844
2026-09-02 07:06:00+00:00,19.480443091770212,325.1400146484375,501.1499938964844
2026-09-02 07:07:00+00:00,19.480443091770212,325.1400146484375,501.1499938964844
2026-09-02 07:08:00+00:00,19.482698834197436,325.1400146484375,501.1499938964844
2026-09-02 07:09:00+00:00,19.482698834197436,325.1400146484375,501.1499938964844
2026-09-02 07:10:00+00:00,19.48495256973638,325.1400146484375,501.1499938964844
2026-09-02 07:11:00+00:00,19.48495256973638,325.1400146484375,501.1499938964844
2026-09-02 07:12:00+00:00,19.487208312163602,325.1400146484375,501.1499938964844
2026-09-02 07:13:00+00:00,19.489464054590826,325.1400146484375,501.1499938964844
2026-09-02 07:14:00+00:00,19.489464054590826,325.1400146484375,501.1499938964844
2026-09-02 07:15:00+00:00,19.487208312163602,325.1400146484375,501.1499938964844
2026-09-02 07:16:00+00:00,19.487208312163602,325.1400146484375,501.1499938964844
2026-09-02 07:17:00+00:00,19.489464054590826,325.1400146484375,501.1499938964844
2026-09-02 07:18:00+00:00,19.489464054590826,325.1400146484375,501.1499938964844
2026-09-02 07:19:00+00:00,19.49172180390633,325.1400146484375,501.1499938964844
2026-09-02 07:20:00+00:00,19.489464054590826,325.1400146484375,501.1499938964844
2026-09-02 07:21:00+00:00,19.487208312163602,325.1400146484375,501.1499938964844
2026-09-02 07:22:00+00:00,19.489464054590826,325.1400146484375,501.1499938964844
2026-09-02 07:23:00+00:00,19.487208312163602,325.1400146484375,501.1499938964844
2026-09-02 07:24:00+00:00,19.487208312163602,325.1400146484375,501.1499938964844
2026-09-02 07:25:00+00:00,19.487208312163602,325.1400146484375,501.1499938964844
2026-09-02 07:26:00+00:00,19.489464054590826,325.1400146484375,501.1499938964844
2026-09-02 07:27:00+00:00,19.489464054590826,325.1400146484375,501.1499938964844
2026-09-02 07:28:00+00:00,19.49172180390633,325.1400146484375,501.1499938964844
2026-09-02 07:29:00+00:00,19.489464054590826,325.1400146484375,501.1499938964844
2026-09-02 07:30:00+00:00,19.437370782011385,325.1400146484375,501.1499938964844
2026-09-02 07:31:00+00:00,19.546085091600162,325.1400146484375,501.1499938964844
2026-09-02 07:32:00+00:00,19.55992991693529,325.1400146484375,501.1499938964844
2026-09-02 07:33:00+00:00,19.61556329102359,325.1400146484375,501.1499938964844
2026-09-02 07:34:00+00:00,19.62135203667458,325.1400146484375,501.1499938964844
2026-09-02 07:35:00+00:00,19.580824191311876,325.1400146484375,501.1499938964844
2026-09-02 07:36:00+00:00,19.61431465759415,325.1400146484375,501.1499938964844
2026-09-02 07:37:00+00:00,19.556404955836115,325.1400146484375,501.1499938964844
2026-09-02 07:38:00+00:00,19.504285340608476,325.1400146484375,501.1499938964844
2026-09-02 07:39:00+00:00,19.493977546333554,325.1400146484375,501.1499938964844
2026-09-02 07:40:00+00:00,19.517136946141363,325.1400146484375,501.1499938964844
2026-09-02 07:41:00+00:00,19.507816336688165,325.1400146484375,501.1499938964844
2026-09-02 07:42:00+00:00,19.50555724623746,325.1400146484375,501.1499938964844
2026-09-02 07:43:00+00:00,19.507816336688165,325.1400146484375,501.1499938964844
2026-09-02 07:44:00+00:00,19.52292790039428,325.1400146484375,501.1499938964844
2026-09-02 07:45:00+00:00,19.53097841876638,325.1400146484375,501.1499938964844
2026-09-02 07:46:00+00:00,19.53097841876638,325.1400146484375,501.1499938964844
2026-09-02 07:47:00+00:00,19.565721541883704,325.1400146484375,501.1499938964844
2026-09-02 07:48:00+00:00,19.577302582922812,325.1400146484375,501.1499938964844
2026-09-02 07:49:00+00:00,19.58888362396192,325.1400146484375,501.1499938964844
2026-09-02 07:50:00+00:00,19.60625408109172,325.1400146484375,501.1499938964844
2026-09-02 07:51:00+00:00,19.586615145564792,325.1400146484375,501.1499938964844
2026-09-02 07:52:00+00:00,19.59240389121578,325.1400146484375,501.1499938964844
2026-09-02 07:53:00+00:00,19.594673040052612,325.1400146484375,501.1499938964844
2026-09-02 07:54:00+00:00,19.583091999013504,325.1400146484375,501.1499938964844
2026-09-02 07:55:00+00:00,19.571510957974397,325.1400146484375,501.1499938964844
2026-09-02 07:56:00+00:00,19.554140500844596,325.1400146484375,501.1499938964844
2026-09-02 07:57:00+00:00,19.54834887589618,325.1400146484375,501.1499938964844
2026-09-02 07:58:00+00:00,19.5506126601922,325.1400146484375,501.1499938964844
2026-09-02 07:59:00+00:00,19.544822573661804,325.1400146484375,501.1499938964844
2026-09-02 08:00:00+00:00,19.544822573661804,325.1400146484375,501.1499938964844
2026-09-02 08:01:00+00:00,19.544822573661804,325.1400146484375,501.1499938964844
2026-09-02 08:02:00+00:00,19.55287644448822,325.1400146484375,501.1499938964844
2026-09-02 08:03:00+00:00,19.564460167797733,325.1400146484375,501.1499938964844
2026-09-02 08:04:00+00:00,19.558669410827633,325.1400146484375,501.1499938964844
2026-09-02 08:05:00+00:00,19.564460167797733,325.1400146484375,501.1499938964844
2026-09-02 08:06:00+00:00,19.533240191487494,325.1400146484375,501.1499938964844
2026-09-02 08:07:00+00:00,19.535501964208606,325.1400146484375,501.1499938964844
2026-09-02 08:08:00+00:00,19.535501964208606,325.1400146484375,501.1499938964844
2026-09-02 08:09:00+00:00,19.535501964208606,325.1400146484375,501.1499938964844
2026-09-02 08:10:00+00:00,19.535501964208606,325.1400146484375,501.1499938964844
2026-09-02 08:11:00+00:00,19.481120576259855,325.1400146484375,501.1499938964844
2026-09-02 08:12:00+00:00,19.47533048972946,325.1400146484375,501.1499938964844
2026-09-02 08:13:00+00:00,19.47533048972946,325.1400146484375,501.1499938964844
2026-09-02 08:14:00+00:00,19.469538194085544,325.1400146484375,501.1499938964844
2026-09-02 08:15:00+00:00,19.463748107555148,325.1400146484375,501.1499938964844
2026-09-02 08:16:00+00:00,19.46600183372084,325.1400146484375,501.1499938964844
2026-09-02 08:17:00+00:00,19.463748107555148,325.1400146484375,501.1499938964844
2026-09-02 08:18:00+00:00,19.448627353441225,325.1400146484375,501.1499938964844
2026-09-02 08:19:00+00:00,19.43479325667613,325.1400146484375,501.1499938964844
2026-09-02 08:20:00+00:00,19.419666940482784,325.1400146484375,501.1499938964844
2026-09-02 08:21:00+00:00,19.384917979923557,325.1400146484375,501.1499938964844
2026-09-02 08:22:00+00:00,19.35950887709987,325.1400146484375,501.1499938964844
2026-09-02 08:23:00+00:00,19.37557924772932,325.1400146484375,501.1499938964844
2026-09-02 08:24:00+00:00,19.384917979923557,325.1400146484375,501.1499938964844
2026-09-02 08:25:00+00:00,19.36754129027463,325.1400146484375,501.1499938964844
2026-09-02 08:26:00+00:00,19.36754129027463,325.1400146484375,501.1499938964844
2026-09-02 08:27:00+00:00,19.379125013584144,325.1400146484375,501.1499938964844
2026-09-02 08:28:00+00:00,19.37109125927418,325.1400146484375,501.1499938964844
2026-09-02 08:29:00+00:00,19.36754129027463,325.1400146484375,501.1499938964844
2026-09-02 08:30:00+00:00,19.388463727978888,325.1400146484375,501.1499938964844
2026-09-02 08:31:00+00:00,19.40808321717327,325.1400146484375,501.1499938964844
2026-09-02 08:32:00+00:00,19.448627353441225,325.1400146484375,501.1499938964844
2026-09-02 08:33:00+00:00,19.469538194085544,325.1400146484375,501.1499938964844
2026-09-02 08:34:00+00:00,19.492702958434165,325.1400146484375,501.1499938964844
2026-09-02 08:35:00+00:00,19.43479325667613,325.1400146484375,501.1499938964844
2026-09-02 08:36:00+00:00,19.390708736893657,325.1400146484375,501.1499938964844
2026-09-02 08:37:00+00:00,19.413876183512684,325.1400146484375,501.1499938964844
2026-09-02 08:38:00+00:00,19.42191730065133,325.1400146484375,501.1499938964844
2026-09-02 08:39:00+00:00,19.433502366288167,325.1400146484375,501.1499938964844
2026-09-02 08:40:00+00:00,19.433502366288167,325.1400146484375,501.1499938964844
2026-09-02 08:41:00+00:00,19.427710938282416,325.1400146484375,501.1499938964844
2026-09-02 08:42:00+00:00,19.427710938282416,325.1400146484375,501.1499938964844
2026-09-02 08:43:00+00:00,19.439296003919253,325.1400146484375,501.1499938964844
2026-09-02 08:44:00+00:00,19.43704363013171,325.1400146484375,501.1499938964844
2026-09-02 08:45:00+00:00,19.43704363013171,325.1400146484375,501.1499938964844
2026-09-02 08:46:00+00:00,19.43704363013171,325.1400146484375,501.1499938964844
2026-09-02 08:47:00+00:00,19.425459906822198,325.1400146484375,501.1499938964844
2026-09-02 08:48:00+00:00,19.42321087450182,325.1400146484375,501.1499938964844
2026-09-02 08:49:00+00:00,19.40229246020317,325.1400146484375,501.1499938964844
2026-09-02 08:50:00+00:00,19.40229246020317,325.1400146484375,501.1499938964844
2026-09-02 08:51:00+00:00,19.35950887709987,325.1400146484375,501.1499938964844
2026-09-02 08:52:00+00:00,19.353716581455956,325.1400146484375,501.1499938964844
2026-09-02 08:53:00+00:00,19.37463767802501,325.1400146484375,501.1499938964844
2026-09-02 08:54:00+00:00,19.44991334035035,325.1400146484375,501.1499938964844
2026-09-02 08:55:00+00:00,19.426751258272134,325.1400146484375,501.1499938964844
2026-09-02 08:56:00+00:00,19.42450155551205,325.1400146484375,501.1499938964844
2026-09-02 08:57:00+00:00,19.420004149727674,325.1400146484375,501.1499938964844
2026-09-02 08:58:00+00:00,19.420004149727674,325.1400146484375,501.1499938964844
2026-09-02 08:59:00+00:00,19.420004149727674,325.1400146484375,501.1499938964844
2026-09-02 09:00:00+00:00,19.41775644670338,325.1400146484375,501.1499938964844
2026-09-02 09:01:00+00:00,19.454735206204532,325.1400146484375,501.1499938964844
2026-09-02 09:02:00+00:00,19.49172180390633,325.1400146484375,501.1499938964844
2026-09-02 09:03:00+00:00,19.49976850058647,325.1400146484375,501.1499938964844
2026-09-02 09:04:00+00:00,19.493977546333554,325.1400146484375,501.1499938964844
2026-09-02 09:05:00+00:00,19.490445879558365,325.1400146484375,501.1499938964844
2026-09-02 09:06:00+00:00,19.502026920597473,325.1400146484375,501.1499938964844
2026-09-02 09:07:00+00:00,19.49976850058647,325.1400146484375,501.1499938964844
2026-09-02 09:08:00+00:00,19.49172180390633,325.1400146484375,501.1499938964844
2026-09-02 09:09:00+00:00,19.493977546333554,325.1400146484375,501.1499938964844
2026-09-02 09:10:00+00:00,19.52292790039428,325.1400146484375,501.1499938964844
2026-09-02 09:11:00+00:00,19.534507600298184,325.1400146484375,501.1499938964844
2026-09-02 09:12:00+00:00,19.532247167942387,325.1400146484375,501.1499938964844
2026-09-02 09:13:00+00:00,19.49172180390633,325.1400146484375,501.1499938964844
2026-09-02 09:14:00+00:00,19.468567292331045,325.1400146484375,501.1499938964844
2026-09-02 09:15:00+00:00,19.482400055031576,325.1400146484375,501.1499938964844
2026-09-02 09:16:00+00:00,19.520668807981565,325.1400146484375,501.1499938964844
2026-09-02 09:17:00+00:00,19.54961360371044,325.1400146484375,501.1499938964844
2026-09-02 09:18:00+00:00,19.54382331955685,325.1400146484375,501.1499938964844
2026-09-02 09:19:00+00:00,19.546085091600162,325.1400146484375,501.1499938964844
2026-09-02 09:20:00+00:00,19.56924449140797,325.1400146484375,501.1499938964844
2026-09-02 09:21:00+00:00,19.555401679517672,325.1400146484375,501.1499938964844
2026-09-02 09:22:00+00:00,19.584348683592907,325.1400146484375,501.1499938964844
2026-09-02 09:23:00+00:00,19.54961360371044,325.1400146484375,501.1499938964844
2026-09-02 09:24:00+00:00,19.54382331955685,325.1400146484375,501.1499938964844
2026-09-02 09:25:00+00:00,19.520668807981565,325.1400146484375,501.1499938964844
2026-09-02 09:26:00+00:00,19.520668807981565,325.1400146484375,501.1499938964844
2026-09-02 09:27:00+00:00,19.509090448020743,325.1400146484375,501.1499938964844
2026-09-02 09:28:00+00:00,19.50555724623746,325.1400146484375,501.1499938964844
2026-09-02 09:29:00+00:00,19.50555724623746,325.1400146484375,501.1499938964844
2026-09-02 09:30:00+00:00,19.49976850058647,325.1400146484375,501.1499938964844
2026-09-02 09:31:00+00:00,19.50555724623746,325.1400146484375,501.1499938964844
2026-09-02 09:32:00+00:00,19.49976850058647,325.1400146484375,501.1499938964844
2026-09-02 09:33:00+00:00,19.49751208805992,325.1400146484375,501.1499938964844
2026-09-02 09:34:00+00:00,19.509090448020743,325.1400146484375,501.1499938964844
2026-09-02 09:35:00+00:00,19.509090448020743,325.1400146484375,501.1499938964844
2026-09-02 09:36:00+00:00,19.511348200490374,325.1400146484375,501.1499938964844
2026-09-02 09:37:00+00:00,19.50555724623746,325.1400146484375,501.1499938964844
2026-09-02 09:38:00+00:00,19.509090448020743,325.1400146484375,501.1499938964844
2026-09-02 09:39:00+00:00,19.509090448020743,325.1400146484375,501.1499938964844
2026-09-02 09:40:00+00:00,19.503300163867152,325.1400146484375,501.1499938964844
2026-09-02 09:41:00+00:00,19.506830686874537,325.1400146484375,501.1499938964844
2026-09-02 09:42:00+00:00,19.506830686874537,325.1400146484375,501.1499938964844
2026-09-02 09:43:00+00:00,19.524195111067684,325.1400146484375,501.1499938964844
2026-09-02 09:44:00+00:00,19.535772129893303,325.1400146484375,501.1499938964844
2026-09-02 09:45:00+00:00,19.54155953526083,325.1400146484375,501.1499938964844
2026-09-02 09:46:00+00:00,19.524195111067684,325.1400146484375,501.1499938964844
2026-09-02 09:47:00+00:00,19.524195111067684,325.1400146484375,501.1499938964844
2026-09-02 09:48:00+00:00,19.53803524374962,325.1400146484375,501.1499938964844
2026-09-02 09:49:00+00:00,19.495253668048917,325.1400146484375,501.1499938964844
2026-09-02 09:50:00+00:00,19.47209963039768,325.1400146484375,501.1499938964844
2026-09-02 09:51:00+00:00,19.469845897757295,325.1400146484375,501.1499938964844
2026-09-02 09:52:00+00:00,19.47209963039768,325.1400146484375,501.1499938964844
2026-09-02 09:53:00+00:00,19.469845897757295,325.1400146484375,501.1499938964844
2026-09-02 09:54:00+00:00,19.47563484111606,325.1400146484375,501.1499938964844
2026-09-02 09:55:00+00:00,19.47563484111606,325.1400146484375,501.1499938964844
2026-09-02 09:56:00+00:00,19.49299725552237,325.1400146484375,501.1499938964844
2026-09-02 09:57:00+00:00,19.473380438376353,325.1400146484375,501.1499938964844
2026-09-02 09:58:00+00:00,19.469845897757295,325.1400146484375,501.1499938964844
2026-09-02 09:59:00+00:00,19.469845897757295,325.1400146484375,501.1499938964844
2026-09-02 10:00:00+00:00,19.469845897757295,325.1400146484375,501.1499938964844
2026-09-02 10:01:00+00:00,19.479166504056366,325.1400146484375,501.1499938964844
2026-09-02 10:02:00+00:00,19.479166504056366,325.1400146484375,501.1499938964844
2026-09-02 10:03:00+00:00,19.479166504056366,325.1400146484375,501.1499938964844
2026-09-02 10:04:00+00:00,19.479166504056366,325.1400146484375,501.1499938964844
2026-09-02 10:05:00+00:00,19.47112804133303,325.1400146484375,501.1499938964844
2026-09-02 10:06:00+00:00,19.479166504056366,325.1400146484375,501.1499938964844
2026-09-02 10:07:00+00:00,19.481421576639832,325.1400146484375,501.1499938964844
2026-09-02 10:08:00+00:00,19.406180767820842,325.1400146484375,501.1499938964844
2026-09-02 10:09:00+00:00,19.406180767820842,325.1400146484375,501.1499938964844
2026-09-02 10:10:00+00:00,19.41775644670338,325.1400146484375,501.1499938964844
2026-09-02 10:11:00+00:00,19.406180767820842,325.1400146484375,501.1499938964844
2026-09-02 10:12:00+00:00,19.398148339059617,325.1400146484375,501.1499938964844
2026-09-02 10:13:00+00:00,19.400394032297072,325.1400146484375,501.1499938964844
2026-09-02 10:14:00+00:00,19.43512106894468,325.1400146484375,501.1499938964844
2026-09-02 10:15:00+00:00,19.45827021887476,325.1400146484375,501.1499938964844
2026-09-02 10:16:00+00:00,19.464059162233525,325.1400146484375,501.1499938964844
2026-09-02 10:17:00+00:00,19.47563484111606,325.1400146484375,501.1499938964844
2026-09-02 10:18:00+00:00,19.473380438376353,325.1400146484375,501.1499938964844
2026-09-02 10:19:00+00:00,19.473380438376353,325.1400146484375,501.1499938964844
2026-09-02 10:20:00+00:00,19.473380438376353,325.1400146484375,501.1499938964844
2026-09-02 10:21:00+00:00,19.473380438376353,325.1400146484375,501.1499938964844
2026-09-02 10:22:00+00:00,19.473380438376353,325.1400146484375,501.1499938964844
2026-09-02 10:23:00+00:00,19.479166504056366,325.1400146484375,501.1499938964844
2026-09-02 10:24:00+00:00,19.473380438376353,325.1400146484375,501.1499938964844
2026-09-02 10:25:00+00:00,19.479166504056366,325.1400146484375,501.1499938964844
2026-09-02 10:26:00+00:00,19.487208312163602,325.1400146484375,501.1499938964844
2026-09-02 10:27:00+00:00,19.48495256973638,325.1400146484375,501.1499938964844
2026-09-02 10:28:00+00:00,19.487208312163602,325.1400146484375,501.1499938964844
2026-09-02 10:29:00+00:00,19.482698834197436,325.1400146484375,501.1499938964844
2026-09-02 10:30:00+00:00,19.488486437953725,325.1400146484375,501.1499938964844
2026-09-02 10:31:00+00:00,19.486230025427176,325.1400146484375,501.1499938964844
2026-09-02 10:32:00+00:00,19.49201475201562,325.1400146484375,501.1499938964844
2026-09-02 10:33:00+00:00,19.49201475201562,325.1400146484375,501.1499938964844
2026-09-02 10:34:00+00:00,19.500059438142216,325.1400146484375,501.1499938964844
2026-09-02 10:35:00+00:00,19.509373345917993,325.1400146484375,501.1499938964844
2026-09-02 10:36:00+00:00,19.509373345917993,325.1400146484375,501.1499938964844
2026-09-02 10:37:00+00:00,19.509373345917993,325.1400146484375,501.1499938964844
2026-09-02 10:38:00+00:00,19.51741783476291,325.1400146484375,501.1499938964844
2026-09-02 10:39:00+00:00,19.51741783476291,325.1400146484375,501.1499938964844
2026-09-02 10:40:00+00:00,19.515158072506438,325.1400146484375,501.1499938964844
2026-09-02 10:41:00+00:00,19.511632438330707,325.1400146484375,501.1499938964844
2026-09-02 10:42:00+00:00,19.511632438330707,325.1400146484375,501.1499938964844
2026-09-02 10:43:00+00:00,19.51741783476291,325.1400146484375,501.1499938964844
2026-09-02 10:44:00+00:00,19.515158072506438,325.1400146484375,501.1499938964844
2026-09-02 10:45:00+00:00,19.515158072506438,325.1400146484375,501.1499938964844
2026-09-02 10:46:00+00:00,19.509373345917993,325.1400146484375,501.1499938964844
2026-09-02 10:47:00+00:00,19.515158072506438,325.1400146484375,501.1499938964844
2026-09-02 10:48:00+00:00,19.50358641226103,325.1400146484375,501.1499938964844
2026-09-02 10:49:00+00:00,19.509373345917993,325.1400146484375,501.1499938964844
2026-09-02 10:50:00+00:00,19.515158072506438,325.1400146484375,501.1499938964844
2026-09-02 10:51:00+00:00,19.526729732751846,325.1400146484375,501.1499938964844
2026-09-02 10:52:00+00:00,19.53251445934029,325.1400146484375,501.1499938964844
2026-09-02 10:53:00+00:00,19.53251445934029,325.1400146484375,501.1499938964844
2026-09-02 10:54:00+00:00,19.5289908349514,325.1400146484375,501.1499938964844
2026-09-02 10:55:00+00:00,19.526729732751846,325.1400146484375,501.1499938964844
2026-09-02 10:56:00+00:00,19.5232054385192,325.1400146484375,501.1499938964844
2026-09-02 10:57:00+00:00,19.534776231383603,325.1400146484375,501.1499938964844
2026-09-02 10:58:00+00:00,19.505844834574418,325.1400146484375,501.1499938964844
2026-09-02 10:59:00+00:00,19.504572934404905,325.1400146484375,501.1499938964844
2026-09-02 11:00:00+00:00,19.49878399104614,325.1400146484375,501.1499938964844
2026-09-02 11:01:00+00:00,19.49074084299582,325.1400146484375,501.1499938964844
2026-09-02 11:02:00+00:00,19.504572934404905,325.1400146484375,501.1499938964844
2026-09-02 11:03:00+00:00,19.504572934404905,325.1400146484375,501.1499938964844
2026-09-02 11:04:00+00:00,19.504572934404905,325.1400146484375,501.1499938964844
2026-09-02 11:05:00+00:00,19.510359669928675,325.1400146484375,501.1499938964844
2026-09-02 11:06:00+00:00,19.504572934404905,325.1400146484375,501.1499938964844
2026-09-02 11:07:00+00:00,19.510359669928675,325.1400146484375,501.1499938964844
2026-09-02 11:08:00+00:00,19.51614861328744,325.1400146484375,501.1499938964844
2026-09-02 11:09:00+00:00,19.51614861328744,325.1400146484375,501.1499938964844
2026-09-02 11:10:00+00:00,19.53351102769375,325.1400146484375,501.1499938964844
2026-09-02 11:11:00+00:00,19.529984724525775,325.1400146484375,501.1499938964844
2026-09-02 11:12:00+00:00,19.53351102769375,325.1400146484375,501.1499938964844
2026-09-02 11:13:00+00:00,19.535772129893303,325.1400146484375,501.1499938964844
2026-09-02 11:14:00+00:00,19.534507600298184,325.1400146484375,501.1499938964844
2026-09-02 11:15:00+00:00,19.540296345949173,325.1400146484375,501.1499938964844
2026-09-02 11:16:00+00:00,19.534507600298184,325.1400146484375,501.1499938964844
2026-09-02 11:17:00+00:00,19.54382331955685,325.1400146484375,501.1499938964844
2026-09-02 11:18:00+00:00,19.561191963671263,325.1400146484375,501.1499938964844
2026-09-02 11:19:00+00:00,19.59240389121578,325.1400146484375,501.1499938964844
2026-09-02 11:20:00+00:00,19.59240389121578,325.1400146484375,501.1499938964844
2026-09-02 11:21:00+00:00,19.59240389121578,325.1400146484375,501.1499938964844
2026-09-02 11:22:00+00:00,19.60625408109172,325.1400146484375,501.1499938964844
2026-09-02 11:23:00+00:00,19.60625408109172,325.1400146484375,501.1499938964844
2026-09-02 11:24:00+00:00,19.60625408109172,325.1400146484375,501.1499938964844
2026-09-02 11:25:00+00:00,19.607503195168192,325.1400146484375,501.1499938964844
2026-09-02 11:26:00+00:00,19.632931736578485,325.1400146484375,501.1499938964844
2026-09-02 11:27:00+00:00,19.632931736578485,325.1400146484375,501.1499938964844
2026-09-02 11:28:00+00:00,19.64451143648239,325.1400146484375,501.1499938964844
2026-09-02 11:29:00+00:00,19.64802635085789,325.1400146484375,501.1499938964844
2026-09-02 11:30:00+00:00,19.64575049660084,325.1400146484375,501.1499938964844
2026-09-02 11:31:00+00:00,19.639963091233312,325.1400146484375,501.1499938964844
2026-09-02 11:32:00+00:00,19.636447990897068,325.1400146484375,501.1499938964844
2026-09-02 11:33:00+00:00,19.636447990897068,325.1400146484375,501.1499938964844
2026-09-02 11:34:00+00:00,19.630659915089836,325.1400146484375,501.1499938964844
2026-09-02 11:35:00+00:00,19.636447990897068,325.1400146484375,501.1499938964844
2026-09-02 11:36:00+00:00,19.685039281845093,325.1400146484375,501.1499938964844
2026-09-02 11:37:00+00:00,19.685039281845093,325.1400146484375,501.1499938964844
2026-09-02 11:38:00+00:00,19.68731915950775,325.1400146484375,501.1499938964844
2026-09-02 11:39:00+00:00,19.70118141934472,325.1400146484375,501.1499938964844
2026-09-02 11:40:00+00:00,19.739432739754875,325.1400146484375,501.1499938964844
2026-09-02 11:41:00+00:00,19.733643323664182,325.1400146484375,501.1499938964844
2026-09-02 11:42:00+00:00,19.745222155845568,325.1400146484375,501.1499938964844
2026-09-02 11:43:00+00:00,19.751013780793983,325.1400146484375,501.1499938964844
2026-09-02 11:44:00+00:00,19.748726527015606,325.1400146484375,501.1499938964844
2026-09-02 11:45:00+00:00,19.734862946390876,325.1400146484375,501.1499938964844
2026-09-02 11:46:00+00:00,19.731358081460712,325.1400146484375,501.1499938964844
2026-09-02 11:47:00+00:00,19.722062282625075,325.1400146484375,501.1499938964844
2026-09-02 11:48:00+00:00,19.693108575598444,325.1400146484375,501.1499938964844
2026-09-02 11:49:00+00:00,19.754515272666595,325.1400146484375,501.1499938964844
2026-09-02 11:50:00+00:00,19.75801966631252,325.1400146484375,501.1499938964844
2026-09-02 11:51:00+00:00,19.75801966631252,325.1400146484375,501.1499938964844
2026-09-02 11:52:00+00:00,19.754515272666595,325.1400146484375,501.1499938964844
2026-09-02 11:53:00+00:00,19.76259482183309,325.1400146484375,501.1499938964844
2026-09-02 11:54:00+00:00,19.751013780793983,325.1400146484375,501.1499938964844
2026-09-02 11:55:00+00:00,19.745222155845568,325.1400146484375,501.1499938964844
2026-09-02 11:56:00+00:00,19.76259482183309,325.1400146484375,501.1499938964844
2026-09-02 11:57:00+00:00,19.748726527015606,325.1400146484375,501.1499938964844
2026-09-02 11:58:00+00:00,19.748726527015606,325.1400146484375,501.1499938964844
2026-09-02 11:59:00+00:00,19.68731915950775,325.1400146484375,501.1499938964844
2026-09-02 12:00:00+00:00,19.68152974341706,325.1400146484375,501.1499938964844
2026-09-02 12:01:00+00:00,19.675738118468644,325.1400146484375,501.1499938964844
2026-09-02 12:02:00+00:00,19.68731915950775,325.1400146484375,501.1499938964844
2026-09-02 12:03:00+00:00,19.6780166549961,325.1400146484375,501.1499938964844
2026-09-02 12:04:00+00:00,19.6780166549961,325.1400146484375,501.1499938964844
2026-09-02 12:05:00+00:00,19.680295191523555,325.1400146484375,501.1499938964844
2026-09-02 12:06:00+00:00,19.665199259774226,325.1400146484375,501.1499938964844
2026-09-02 12:07:00+00:00,19.65485189064748,325.1400146484375,501.1499938964844
2026-09-02 12:08:00+00:00,19.646786620299736,325.1400146484375,501.1499938964844
2026-09-02 12:09:00+00:00,19.629416163169935,325.1400146484375,501.1499938964844
2026-09-02 12:10:00+00:00,19.62589703976846,325.1400146484375,501.1499938964844
2026-09-02 12:11:00+00:00,19.60273227541984,325.1400146484375,501.1499938964844
2026-09-02 12:12:00+00:00,19.617835122130828,325.1400146484375,501.1499938964844
2026-09-02 12:13:00+00:00,19.60273227541984,325.1400146484375,501.1499938964844
2026-09-02 12:14:00+00:00,19.596942188889443,325.1400146484375,501.1499938964844
2026-09-02 12:15:00+00:00,19.66643427282179,325.1400146484375,501.1499938964844
2026-09-02 12:16:00+00:00,19.683808950640014,325.1400146484375,501.1499938964844
2026-09-02 12:17:00+00:00,19.722062282625075,325.1400146484375,501.1499938964844
2026-09-02 12:18:00+00:00,19.718553888049428,325.1400146484375,501.1499938964844
2026-09-02 12:19:00+00:00,19.71627065767666,325.1400146484375,501.1499938964844
2026-09-02 12:20:00+00:00,19.71961553920255,325.1400146484375,501.1499938964844
2026-09-02 12:21:00+00:00,19.71961553920255,325.1400146484375,501.1499938964844
2026-09-02 12:22:00+00:00,19.72540763824395,325.1400146484375,501.1499938964844
2026-09-02 12:23:00+00:00,19.72891601596416,325.1400146484375,501.1499938964844
2026-09-02 12:24:00+00:00,19.73120194716671,325.1400146484375,501.1499938964844
2026-09-02 12:25:00+00:00,19.73120194716671,325.1400146484375,501.1499938964844
2026-09-02 12:26:00+00:00,19.727694927692937,325.1400146484375,501.1499938964844
2026-09-02 12:27:00+00:00,19.73120194716671,325.1400146484375,501.1499938964844
2026-09-02 12:28:00+00:00,19.73470744396991,325.1400146484375,501.1499938964844
2026-09-02 12:29:00+00:00,19.74858045417227,325.1400146484375,501.1499938964844
2026-09-02 12:30:00+00:00,19.77525406888617,325.1400146484375,501.1499938964844
2026-09-02 12:31:00+00:00,19.77296276863035,325.1400146484375,501.1499938964844
2026-09-02 12:32:00+00:00,19.77525406888617,325.1400146484375,501.1499938964844
2026-09-02 12:33:00+00:00,19.77525406888617,325.1400146484375,501.1499938964844
2026-09-02 12:34:00+00:00,19.77296276863035,325.1400146484375,501.1499938964844
2026-09-02 12:35:00+00:00,19.735928565867653,325.1400146484375,501.1499938964844
2026-09-02 12:36:00+00:00,19.718553888049428,325.1400146484375,501.1499938964844
2026-09-02 12:37:00+00:00,19.710481241585967,325.1400146484375,501.1499938964844
2026-09-02 12:38:00+00:00,19.704689616637552,325.1400146484375,501.1499938964844
2026-09-02 12:39:00+00:00,19.69890020054686,325.1400146484375,501.1499938964844
2026-09-02 12:40:00+00:00,19.695389123700807,325.1400146484375,501.1499938964844
2026-09-02 12:41:00+00:00,19.68152974341706,325.1400146484375,501.1499938964844
2026-09-02 12:42:00+00:00,19.672226568465703,325.1400146484375,501.1499938964844
2026-09-02 12:43:00+00:00,19.664157077429536,325.1400146484375,501.1499938964844
2026-09-02 12:44:00+00:00,19.65257603639043,325.1400146484375,501.1499938964844
2026-09-02 12:45:00+00:00,19.65257603639043,325.1400146484375,501.1499938964844
2026-09-02 12:46:00+00:00,19.646786620299736,325.1400146484375,501.1499938964844
2026-09-02 12:47:00+00:00,19.65589140034035,325.1400146484375,501.1499938964844
2026-09-02 12:48:00+00:00,19.642029128500553,325.1400146484375,501.1499938964844
2026-09-02 12:49:00+00:00,19.69187891483307,325.1400146484375,501.1499938964844
2026-09-02 12:50:00+00:00,19.680295191523555,325.1400146484375,501.1499938964844
2026-09-02 12:51:00+00:00,19.6780166549961,325.1400146484375,501.1499938964844
2026-09-02 12:52:00+00:00,19.668711468214042,325.1400146484375,501.1499938964844
2026-09-02 12:53:00+00:00,19.6780166549961,325.1400146484375,501.1499938964844
2026-09-02 12:54:00+00:00,19.649061804117082,325.1400146484375,501.1499938964844
2026-09-02 12:55:00+00:00,19.63747942194277,325.1400146484375,501.1499938964844
2026-09-02 12:56:00+00:00,19.63747942194277,325.1400146484375,501.1499938964844
2026-09-02 12:57:00+00:00,19.620106953238064,325.1400146484375,501.1499938964844
2026-09-02 12:58:00+00:00,19.61431465759415,325.1400146484375,501.1499938964844
2026-09-02 12:59:00+00:00,19.596942188889443,325.1400146484375,501.1499938964844
2026-09-02 13:00:00+00:00,19.633962507654815,325.1400146484375,501.1499938964844
2026-09-02 13:01:00+00:00,19.645544021595015,325.1400146484375,501.1499938964844
2026-09-02 13:02:00+00:00,19.647820556506304,325.1400146484375,501.1499938964844
2026-09-02 13:03:00+00:00,19.636237700494803,325.1400146484375,501.1499938964844
2026-09-02 13:04:00+00:00,19.65712774490453,325.1400146484375,501.1499938964844
2026-09-02 13:05:00+00:00,19.645544021595015,325.1400146484375,501.1499938964844
2026-09-02 13:06:00+00:00,19.645544021595015,325.1400146484375,501.1499938964844
2026-09-02 13:07:00+00:00,19.645544021595015,325.1400146484375,501.1499938964844
2026-09-02 13:08:00+00:00,19.642029128500553,325.1400146484375,501.1499938964844
2026-09-02 13:09:00+00:00,19.65361419413739,325.1400146484375,501.1499938964844
2026-09-02 13:10:00+00:00,19.65712774490453,325.1400146484375,501.1499938964844
2026-09-02 13:11:00+00:00,19.682575753416813,325.1400146484375,501.1499938964844
2026-09-02 13:12:00+00:00,19.69416081905365,325.1400146484375,501.1499938964844
2026-09-02 13:13:00+00:00,19.68959903717041,325.1400146484375,501.1499938964844
2026-09-02 13:14:00+00:00,19.68959903717041,325.1400146484375,501.1499938964844
2026-09-02 13:15:00+00:00,19.68959903717041,325.1400146484375,501.1499938964844
2026-09-02 13:16:00+00:00,19.68959903717041,325.1400146484375,501.1499938964844
2026-09-02 13:17:00+00:00,19.69416081905365,325.1400146484375,501.1499938964844
2026-09-02 13:18:00+00:00,19.69416081905365,325.1400146484375,501.1499938964844
2026-09-02 13:19:00+00:00,19.69644272327423,325.1400146484375,501.1499938964844
2026-09-02 13:20:00+00:00,19.68485631531007,325.1400146484375,501.1499938964844
2026-09-02 13:21:00+00:00,19.701008558273315,325.1400146484375,501.1499938964844
2026-09-02 13:22:00+00:00,19.70329248905182,325.1400146484375,501.1499938964844
2026-09-02 13:23:00+00:00,19.711371204802163,325.1400146484375,501.1499938964844
2026-09-02 13:24:00+00:00,19.75072381328846,325.1400146484375,501.1499938964844
2026-09-02 13:25:00+00:00,19.757595804384437,325.1400146484375,501.1499938964844
2026-09-02 13:26:00+00:00,19.77945582803295,325.1400146484375,501.1499938964844
2026-09-02 13:27:00+00:00,19.77486503036198,325.1400146484375,501.1499938964844
2026-09-02 13:28:00+00:00,19.76798289650833,325.1400146484375,501.1499938964844
2026-09-02 13:29:00+00:00,19.765689528999246,325.1400146484375,501.1499938964844
2026-09-02 13:30:00+00:00,19.765689528999246,328.0150146484375,496.2341003417969
2026-09-02 13:31:00+00:00,19.761104825307484,326.0050048828125,496.864990234375
2026-09-02 13:32:00+00:00,19.73562186392428,326.45770263671875,496.0
2026-09-02 13:33:00+00:00,19.744927685053426,326.5299072265625,497.7900085449219
2026-09-02 13:34:00+00:00,19.744927685053426,325.6300048828125,497.2850036621094
2026-09-02 13:35:00+00:00,19.729822851786594,325.2099914550781,497.9200134277344
2026-09-02 13:36:00+00:00,19.71945144722804,324.2749938964844,496.010009765625
2026-09-02 13:37:00+00:00,19.721738749276028,324.3900146484375,495.70001220703125
2026-09-02 13:38:00+00:00,19.71945144722804,324.260009765625,496.1499938964844
2026-09-02 13:39:00+00:00,19.71945144722804,325.010009765625,495.9599914550781
2026-09-02 13:40:00+00:00,19.713653780058394,324.8599853515625,496.3900146484375
2026-09-02 13:41:00+00:00,19.726313353372007,325.0899963378906,495.6050109863281
2026-09-02 13:42:00+00:00,19.72280029831427,324.8699951171875,496.23199462890625
2026-09-02 13:43:00+00:00,19.717002153396606,324.8699951171875,496.4784851074219
2026-09-02 13:44:00+00:00,19.721578121185303,325.45001220703125,496.5
2026-09-02 13:45:00+00:00,19.71471619606018,325.05999755859375,496.9800109863281
2026-09-02 13:46:00+00:00,19.712430238723755,325.25,497.5299987792969
2026-09-02 13:47:00+00:00,19.717002153396606,325.239990234375,497.80499267578125
2026-09-02 13:48:00+00:00,19.732110826062126,324.79998779296875,498.3349914550781
2026-09-02 13:49:00+00:00,19.766902297997603,324.5450134277344,498.852294921875
2026-09-02 13:50:00+00:00,19.751797659466774,324.9200134277344,499.0050048828125
2026-09-02 13:51:00+00:00,19.757595804384437,324.65008544921875,498.364990234375
2026-09-02 13:52:00+00:00,19.75867372428297,325.1199951171875,497.8949890136719
2026-09-02 13:53:00+00:00,19.75867372428297,325.3299865722656,497.80499267578125
2026-09-02 13:54:00+00:00,19.76096574588837,325.0050048828125,497.54010009765625
2026-09-02 13:55:00+00:00,19.75867372428297,324.70001220703125,497.2250061035156
2026-09-02 13:56:00+00:00,19.763259797628052,325.05999755859375,497.6600036621094
2026-09-02 13:57:00+00:00,19.75745607452518,325.3999938964844,498.0950012207031
2026-09-02 13:58:00+00:00,19.773650757577343,325.364990234375,498.2200012207031
2026-09-02 13:59:00+00:00,19.820082465279484,325.19000244140625,498.5350036621094
2026-09-02 14:00:00+00:00,19.815482238194818,324.80999755859375,497.7049865722656
2026-09-02 14:01:00+00:00,19.80858596856524,324.8999938964844,497.3399963378906
2026-09-02 14:02:00+00:00,19.810884046608862,324.7900085449219,497.4200134277344
2026-09-02 14:03:00+00:00,19.810884046608862,324.17999267578125,497.42999267578125
2026-09-02 14:04:00+00:00,19.815482238194818,323.9649963378906,497.6400146484375
2026-09-02 14:05:00+00:00,19.810884046608862,323.6099853515625,497.8999938964844
2026-09-02 14:06:00+00:00,19.810884046608862,324.03509521484375,497.9100036621094
2026-09-02 14:07:00+00:00,19.806287890521617,324.0799865722656,498.0
2026-09-02 14:08:00+00:00,19.80858596856524,324.4299011230469,498.1177978515625
2026-09-02 14:09:00+00:00,19.684490593509736,324.20001220703125,497.6099853515625
2026-09-02 14:10:00+00:00,19.686774539693033,323.6600036621094,498.20001220703125
2026-09-02 14:11:00+00:00,19.686774539693033,323.8026123046875,498.5
2026-09-02 14:12:00+00:00,19.684490593509736,323.75,498.5574951171875
2026-09-02 14:13:00+00:00,19.679924724124703,323.8900146484375,498.70001220703125
2026-09-02 14:14:00+00:00,19.679924724124703,323.989990234375,498.8599853515625
2026-09-02 14:15:00+00:00,19.68220664732644,324.0299987792969,498.55999755859375
2026-09-02 14:16:00+00:00,19.679924724124703,324.159912109375,498.17999267578125
2026-09-02 14:17:00+00:00,19.68220664732644,324.0249938964844,497.7200927734375
2026-09-02 14:18:00+00:00,19.679924724124703,323.93499755859375,497.7262878417969
2026-09-02 14:19:00+00:00,19.677642800922968,323.7847900390625,497.7349853515625
2026-09-02 14:20:00+00:00,19.677642800922968,324.08599853515625,497.9700012207031
2026-09-02 14:21:00+00:00,19.675360877721232,324.0736083984375,497.8699951171875
2026-09-02 14:22:00+00:00,19.673078954519497,324.0400085449219,498.1600036621094
2026-09-02 14:23:00+00:00,19.673078954519497,324.1099853515625,498.3399963378906
2026-09-02 14:24:00+00:00,19.673078954519497,324.07501220703125,497.8323059082031
2026-09-02 14:25:00+00:00,19.675360877721232,324.1600036621094,497.7200012207031
2026-09-02 14:26:00+00:00,19.677642800922968,324.5299987792969,498.135009765625
2026-09-02 14:27:00+00:00,19.677642800922968,324.57501220703125,498.0425109863281
2026-09-02 14:28:00+00:00,19.675360877721232,324.8182067871094,497.8550109863281
2026-09-02 14:29:00+00:00,19.675360877721232,324.57000732421875,497.7900085449219
2026-09-02 14:30:00+00:00,19.675360877721232,324.1099853515625,497.8500061035156
2026-09-02 14:31:00+00:00,19.677642800922968,324.67498779296875,497.25
2026-09-02 14:32:00+00:00,19.679924724124703,324.3599853515625,497.20001220703125
2026-09-02 14:33:00+00:00,19.677642800922968,324.2099914550781,496.82501220703125
2026-09-02 14:34:00+00:00,19.677642800922968,324.07000732421875,497.2300109863281
2026-09-02 14:35:00+00:00,19.677642800922968,324.1600036621094,497.0899963378906
2026-09-02 14:36:00+00:00,19.675360877721232,324.07501220703125,497.3299865722656
2026-09-02 14:37:00+00:00,19.677642800922968,324.4700012207031,497.43499755859375
2026-09-02 14:38:00+00:00,19.677642800922968,324.5400085449219,497.1300048828125
2026-09-02 14:39:00+00:00,19.675360877721232,324.55999755859375,497.5790100097656
2026-09-02 14:40:00+00:00,19.675360877721232,324.70001220703125,497.6908874511719
2026-09-02 14:41:00+00:00,19.675360877721232,324.6650085449219,497.67999267578125
2026-09-02 14:42:00+00:00,19.677642800922968,324.6299133300781,497.64129638671875
2026-09-02 14:43:00+00:00,19.675360877721232,324.57000732421875,497.7699890136719
2026-09-02 14:44:00+00:00,19.675360877721232,324.7250061035156,497.95001220703125
2026-09-02 14:45:00+00:00,19.677642800922968,324.5799865722656,497.9949951171875
2026-09-02 14:46:00+00:00,19.675360877721232,324.8500061035156,497.8599853515625
2026-09-02 14:47:00+00:00,19.675360877721232,325.0799865722656,498.19000244140625
2026-09-02 14:48:00+00:00,19.675360877721232,324.9119873046875,497.92498779296875
2026-09-02 14:49:00+00:00,19.675360877721232,324.75,498.239990234375
2026-09-02 14:50:00+00:00,19.679924724124703,324.6199951171875,498.1199035644531
2026-09-02 14:51:00+00:00,19.675360877721232,324.6099853515625,498.44000244140625
2026-09-02 14:52:00+00:00,19.675360877721232,324.6199951171875,498.2799987792969
2026-09-02 14:53:00+00:00,19.673078954519497,324.44000244140625,498.239990234375
2026-09-02 14:54:00+00:00,19.675360877721232,324.2049865722656,498.364990234375
2026-09-02 14:55:00+00:00,19.677642800922968,324.4800109863281,498.57000732421875
2026-09-02 14:56:00+00:00,19.677642800922968,324.4700012207031,497.93499755859375
2026-09-02 14:57:00+00:00,19.679924724124703,324.6351013183594,498.42999267578125
2026-09-02 14:58:00+00:00,19.679924724124703,324.5899963378906,498.44000244140625
2026-09-02 14:59:00+00:00,19.677642800922968,324.6191101074219,498.3999938964844
2026-09-02 15:00:00+00:00,19.677642800922968,324.6700134277344,498.4849853515625
2026-09-02 15:01:00+00:00,19.68220664732644,324.7200012207031,498.2650146484375
2026-09-02 15:02:00+00:00,19.68220664732644,324.8599853515625,498.31500244140625
2026-09-02 15:03:00+00:00,19.684490593509736,324.8800964355469,498.635009765625
2026-09-02 15:04:00+00:00,19.679924724124703,324.40240478515625,497.6499938964844
2026-09-02 15:05:00+00:00,19.68220664732644,324.3699951171875,497.9591064453125
2026-09-02 15:06:00+00:00,19.68220664732644,324.5950012207031,498.0899963378906
2026-09-02 15:07:00+00:00,19.68220664732644,324.5849914550781,497.57501220703125
2026-09-02 15:08:00+00:00,19.68220664732644,324.6700134277344,497.2432861328125
2026-09-02 15:09:00+00:00,19.679924724124703,324.3900146484375,497.1400146484375
2026-09-02 15:10:00+00:00,19.679924724124703,324.2200012207031,497.0450134277344
2026-09-02 15:11:00+00:00,19.679924724124703,324.5400085449219,497.32000732421875
2026-09-02 15:12:00+00:00,19.679924724124703,324.4800109863281,497.1700134277344
2026-09-02 15:13:00+00:00,19.679924724124703,324.32501220703125,496.5849914550781
2026-09-02 15:14:00+00:00,19.677642800922968,324.4599914550781,497.0552062988281
2026-09-02 15:15:00+00:00,19.675360877721232,324.7200012207031,497.0
2026-09-02 15:16:00+00:00,19.677642800922968,324.79998779296875,496.9100036621094
2026-09-02 15:17:00+00:00,19.677642800922968,324.6611022949219,496.8299865722656
2026-09-02 15:18:00+00:00,19.677642800922968,324.8900146484375,496.9494934082031
2026-09-02 15:19:00+00:00,19.679924724124703,325.2099914550781,497.1400146484375
2026-09-02 15:20:00+00:00,19.677642800922968,325.05499267578125,496.989990234375
2026-09-02 15:21:00+00:00,19.673078954519497,325.17498779296875,497.239990234375
2026-09-02 15:22:00+00:00,19.675360877721232,325.19000244140625,497.69000244140625
2026-09-02 15:23:00+00:00,19.677642800922968,325.2477111816406,497.8949890136719
2026-09-02 15:24:00+00:00,19.677642800922968,325.4800109863281,497.79998779296875
2026-09-02 15:25:00+00:00,19.679924724124703,325.8599853515625,497.7099914550781
2026-09-02 15:26:00+00:00,19.679924724124703,325.9100036621094,497.7799987792969
2026-09-02 15:27:00+00:00,19.679924724124703,325.6700134277344,497.760009765625
2026-09-02 15:28:00+00:00,19.679924724124703,325.7900085449219,497.5050048828125
2026-09-02 15:29:00+00:00,19.68220664732644,326.54998779296875,497.04998779296875
2026-09-02 15:30:00+00:00,19.684490593509736,326.66009521484375,496.739990234375
2026-09-02 15:31:00+00:00,19.684490593509736,326.95989990234375,496.7200012207031
2026-09-02 15:32:00+00:00,19.68220664732644,326.9849853515625,496.7799987792969
2026-09-02 15:33:00+00:00,19.679924724124703,326.9100036621094,496.3699951171875
2026-09-02 15:34:00+00:00,19.679924724124703,326.71258544921875,496.20001220703125
2026-09-02 15:35:00+00:00,19.679924724124703,326.2749938964844,496.0299987792969
2026-09-02 15:36:00+00:00,19.679924724124703,326.7349853515625,496.2900085449219
2026-09-02 15:37:00+00:00,19.677642800922968,326.8310852050781,496.1199951171875
2026-09-02 15:38:00+00:00,19.679924724124703,326.8550109863281,495.760009765625
2026-09-02 15:39:00+00:00,19.68220664732644,326.70001220703125,495.7850036621094
2026-09-02 15:40:00+00:00,19.679924724124703,326.2900085449219,495.30999755859375
2026-09-02 15:41:00+00:00,19.677642800922968,325.6600036621094,495.6907043457031
2026-09-02 15:42:00+00:00,19.679924724124703,325.6000061035156,495.510009765625
2026-09-02 15:43:00+00:00,19.677642800922968,325.29998779296875,495.29998779296875
2026-09-02 15:44:00+00:00,19.675360877721232,325.114990234375,495.489990234375
2026-09-02 15:45:00+00:00,19.675360877721232,325.07830810546875,495.0199890136719
2026-09-02 15:46:00+00:00,19.675360877721232,325.3900146484375,495.0299987792969
2026-09-02 15:47:00+00:00,19.677642800922968,324.82501220703125,494.7049865722656
2026-09-02 15:48:00+00:00,19.677642800922968,324.45001220703125,494.4206848144531
2026-09-02 15:49:00+00:00,19.675360877721232,324.1400146484375,494.3999938964844
2026-09-02 15:50:00+00:00,19.677642800922968,323.9800109863281,494.17498779296875
2026-09-02 15:51:00+00:00,19.675360877721232,324.125,494.1400146484375
2026-09-02 15:52:00+00:00,19.675360877721232,324.42999267578125,494.44000244140625
2026-09-02 15:53:00+00:00,19.675360877721232,324.489990234375,494.2049865722656
2026-09-02 15:54:00+00:00,19.675360877721232,324.54998779296875,494.20001220703125
2026-09-02 15:55:00+00:00,19.673078954519497,324.3900146484375,494.1549987792969
2026-09-02 15:56:00+00:00,19.675360877721232,324.3949890136719,493.9414978027344
2026-09-02 15:57:00+00:00,19.677642800922968,324.4700012207031,494.4150085449219
2026-09-02 15:58:00+00:00,19.677642800922968,325.1300048828125,494.68499755859375
2026-09-02 15:59:00+00:00,19.675360877721232,325.010009765625,494.7749938964844
2026-09-02 16:00:00+00:00,19.679924724124703,325.3399963378906,494.76251220703125
2026-09-02 16:01:00+00:00,19.679924724124703,325.29998779296875,495.1499938964844
2026-09-02 16:02:00+00:00,19.677642800922968,325.6449890136719,494.82000732421875
2026-09-02 16:03:00+00:00,19.679924724124703,325.6388854980469,494.8550109863281
2026-09-02 16:04:00+00:00,19.675360877721232,325.8550109863281,495.05999755859375
2026-09-02 16:05:00+00:00,19.677642800922968,325.7300109863281,494.8699951171875
2026-09-02 16:06:00+00:00,19.675360877721232,325.94000244140625,494.7799987792969
2026-09-02 16:07:00+00:00,19.677642800922968,326.04998779296875,494.94500732421875
2026-09-02 16:08:00+00:00,19.677642800922968,325.7001037597656,494.8901062011719
2026-09-02 16:09:00+00:00,19.677642800922968,325.760009765625,494.9100036621094
2026-09-02 16:10:00+00:00,19.677642800922968,325.6885070800781,494.6300964355469
2026-09-02 16:11:00+00:00,19.675360877721232,325.739990234375,494.6400146484375
2026-09-02 16:12:00+00:00,19.677642800922968,325.82501220703125,494.69000244140625
2026-09-02 16:13:00+00:00,19.675360877721232,325.82000732421875,494.6499938964844
2026-09-02 16:14:00+00:00,19.677642800922968,325.29998779296875,494.5199890136719
2026-09-02 16:15:00+00:00,19.679924724124703,325.1199951171875,494.17999267578125
2026-09-02 16:16:00+00:00,19.677642800922968,325.2101135253906,494.1000061035156
2026-09-02 16:17:00+00:00,19.679924724124703,325.010009765625,494.3699951171875
2026-09-02 16:18:00+00:00,19.677642800922968,324.7099914550781,494.2300109863281
2026-09-02 16:19:00+00:00,19.679924724124703,324.8399963378906,494.5899963378906
2026-09-02 16:20:00+00:00,19.679924724124703,325.0899963378906,494.5199890136719
2026-09-02 16:21:00+00:00,19.679924724124703,325.04998779296875,494.30999755859375
2026-09-02 16:22:00+00:00,19.679924724124703,324.8800048828125,494.260009765625
2026-09-02 16:23:00+00:00,19.677642800922968,324.5299987792969,494.0
2026-09-02 16:24:00+00:00,19.675360877721232,324.5851135253906,493.8599853515625
2026-09-02 16:25:00+00:00,19.675360877721232,324.6700134277344,494.05499267578125
2026-09-02 16:26:00+00:00,19.675360877721232,324.7200012207031,493.9150085449219
2026-09-02 16:27:00+00:00,19.673078954519497,324.69000244140625,494.1499938964844
2026-09-02 16:28:00+00:00,19.673078954519497,324.6400146484375,493.8919982910156
2026-09-02 16:29:00+00:00,19.673078954519497,324.6698913574219,494.17999267578125
2026-09-02 16:30:00+00:00,19.673078954519497,324.9750061035156,494.1700134277344
2026-09-02 16:31:00+00:00,19.675360877721232,325.3500061035156,494.31500244140625
2026-09-02 16:32:00+00:00,19.675360877721232,325.44000244140625,494.0849914550781
2026-09-02 16:33:00+00:00,19.675360877721232,325.3320007324219,494.0400085449219
2026-09-02 16:34:00+00:00,19.675360877721232,325.4599914550781,494.07501220703125
2026-09-02 16:35:00+00:00,19.675360877721232,325.4200134277344,494.375
2026-09-02 16:36:00+00:00,19.675360877721232,325.32501220703125,494.6099853515625
2026-09-02 16:37:00+00:00,19.675360877721232,325.6145935058594,494.9200134277344
2026-09-02 16:38:00+00:00,19.675360877721232,325.3800048828125,494.79998779296875
2026-09-02 16:39:00+00:00,19.675360877721232,325.42999267578125,494.8949890136719
2026-09-02 16:40:00+00:00,19.675360877721232,325.3299865722656,494.6600036621094
2026-09-02 16:41:00+00:00,19.673078954519497,325.3450012207031,494.80999755859375
2026-09-02 16:42:00+00:00,19.675360877721232,325.4800109863281,494.6650085449219
2026-09-02 16:43:00+00:00,19.675360877721232,325.42999267578125,494.55999755859375
2026-09-02 16:44:00+00:00,19.673078954519497,325.385009765625,494.5450134277344
2026-09-02 16:45:00+00:00,19.675360877721232,325.3900146484375,495.1000061035156
2026-09-02 16:46:00+00:00,19.677642800922968,325.4599914550781,495.30999755859375
2026-09-02 16:47:00+00:00,19.675360877721232,325.4700012207031,495.2200012207031
2026-09-02 16:48:00+00:00,19.675360877721232,325.45001220703125,495.2349853515625
2026-09-02 16:49:00+00:00,19.673078954519497,325.5050048828125,495.5199890136719
2026-09-02 16:50:00+00:00,19.673078954519497,325.5899963378906,495.389892578125
2026-09-02 16:51:00+00:00,19.675360877721232,325.7049865722656,495.4599914550781
2026-09-02 16:52:00+00:00,19.675360877721232,325.92498779296875,495.44000244140625
2026-09-02 16:53:00+00:00,19.675360877721232,325.79998779296875,495.9599914550781
2026-09-02 16:54:00+00:00,19.675360877721232,326.0,496.0350036621094
2026-09-02 16:55:00+00:00,19.675360877721232,326.21990966796875,496.19500732421875
2026-09-02 16:56:00+00:00,19.673078954519497,326.114990234375,496.1300048828125
2026-09-02 16:57:00+00:00,19.673078954519497,326.0000915527344,496.1600036621094
2026-09-02 16:58:00+00:00,19.670801077280885,326.0050048828125,495.9750061035156
2026-09-02 16:59:00+00:00,19.670801077280885,326.1199951171875,495.8345947265625
2026-09-02 17:00:00+00:00,19.670801077280885,326.239990234375,496.2799987792969
2026-09-02 17:01:00+00:00,19.670801077280885,326.29010009765625,496.2121887207031
2026-09-02 17:02:00+00:00,19.670801077280885,326.3500061035156,496.739990234375
2026-09-02 17:03:00+00:00,19.670801077280885,326.385498046875,496.75
2026-09-02 17:04:00+00:00,19.670801077280885,326.2749938964844,496.6700134277344
2026-09-02 17:05:00+00:00,19.66852117706071,326.1650085449219,496.6300048828125
2026-09-02 17:06:00+00:00,19.670801077280885,326.19000244140625,496.2850036621094
2026-09-02 17:07:00+00:00,19.66852117706071,326.2349853515625,496.1600036621094
2026-09-02 17:08:00+00:00,19.66852117706071,326.1000061035156,496.0450134277344
2026-09-02 17:09:00+00:00,19.666241276840537,325.75,495.94000244140625
2026-09-02 17:10:00+00:00,19.66852117706071,325.5679931640625,496.3599853515625
2026-09-02 17:11:00+00:00,19.666241276840537,325.7149963378906,496.3599853515625
2026-09-02 17:12:00+00:00,19.666241276840537,325.69000244140625,496.2950134277344
2026-09-02 17:13:00+00:00,19.666241276840537,325.7124938964844,496.4288024902344
2026-09-02 17:14:00+00:00,19.666241276840537,325.5599060058594,496.55999755859375
2026-09-02 17:15:00+00:00,19.666241276840537,325.68499755859375,496.5400085449219
2026-09-02 17:16:00+00:00,19.666241276840537,325.80010986328125,496.239990234375
2026-09-02 17:17:00+00:00,19.666241276840537,325.69000244140625,496.1099853515625
2026-09-02 17:18:00+00:00,19.663963399601926,325.5498046875,495.8500061035156
2026-09-02 17:19:00+00:00,19.663963399601926,325.67010498046875,495.7699890136719
2026-09-02 17:20:00+00:00,19.663963399601926,325.715087890625,495.8500061035156
2026-09-02 17:21:00+00:00,19.663963399601926,325.6700134277344,495.68499755859375
2026-09-02 17:22:00+00:00,19.663963399601926,325.67999267578125,496.1650085449219
2026-09-02 17:23:00+00:00,19.663963399601926,325.6697082519531,496.1300048828125
2026-09-02 17:24:00+00:00,19.666241276840537,325.6099853515625,496.3599853515625
2026-09-02 17:25:00+00:00,19.666241276840537,325.5299987792969,496.3800048828125
2026-09-02 17:26:00+00:00,19.666241276840537,325.2449035644531,496.5249938964844
2026-09-02 17:27:00+00:00,19.666241276840537,325.2401123046875,496.4729919433594
2026-09-02 17:28:00+00:00,19.666241276840537,325.2828063964844,496.57501220703125
2026-09-02 17:29:00+00:00,19.66852117706071,325.07501220703125,496.4599914550781
2026-09-02 17:30:00+00:00,19.66852117706071,325.135009765625,496.55999755859375
2026-09-02 17:31:00+00:00,19.666241276840537,324.94000244140625,496.7200012207031
2026-09-02 17:32:00+00:00,19.663963399601926,324.94189453125,496.82000732421875
2026-09-02 17:33:00+00:00,19.666241276840537,324.760009765625,496.7200012207031
2026-09-02 17:34:00+00:00,19.66852117706071,324.8699951171875,496.75
2026-09-02 17:35:00+00:00,19.666241276840537,324.8999938964844,496.79998779296875
2026-09-02 17:36:00+00:00,19.666241276840537,325.06500244140625,496.6199951171875
2026-09-02 17:37:00+00:00,19.666241276840537,325.05999755859375,496.54998779296875
2026-09-02 17:38:00+00:00,19.666241276840537,325.114990234375,496.42010498046875
2026-09-02 17:39:00+00:00,19.666241276840537,325.0199890136719,496.6000061035156
2026-09-02 17:40:00+00:00,19.666241276840537,324.8900146484375,496.6300048828125
2026-09-02 17:41:00+00:00,19.66852117706071,324.9794921875,496.627197265625
2026-09-02 17:42:00+00:00,19.66852117706071,325.3450012207031,496.6300048828125
2026-09-02 17:43:00+00:00,19.66852117706071,325.3399963378906,496.7449951171875
2026-09-02 17:44:00+00:00,19.66852117706071,325.3301086425781,496.9100036621094
2026-09-02 17:45:00+00:00,19.673078954519497,325.375,496.94000244140625
2026-09-02 17:46:00+00:00,19.673078954519497,325.4700012207031,496.8450012207031
2026-09-02 17:47:00+00:00,19.670801077280885,325.6000061035156,496.3999938964844
2026-09-02 17:48:00+00:00,19.670801077280885,325.6650085449219,496.55499267578125
2026-09-02 17:49:00+00:00,19.673078954519497,325.5,496.79998779296875
2026-09-02 17:50:00+00:00,19.670801077280885,325.4949951171875,496.840087890625
2026-09-02 17:51:00+00:00,19.670801077280885,325.4949951171875,496.9200134277344
2026-09-02 17:52:00+00:00,19.670801077280885,325.5950012207031,496.8489990234375
2026-09-02 17:53:00+00:00,19.670801077280885,325.6098937988281,497.0557861328125
2026-09-02 17:54:00+00:00,19.66852117706071,325.8299865722656,496.92999267578125
2026-09-02 17:55:00+00:00,19.66852117706071,325.9049987792969,497.0950927734375
2026-09-02 17:56:00+00:00,19.670801077280885,325.989990234375,497.2550048828125
2026-09-02 17:57:00+00:00,19.670801077280885,326.1199951171875,497.7489929199219
2026-09-02 17:58:00+00:00,19.66852117706071,325.9849853515625,497.68499755859375
2026-09-02 17:59:00+00:00,19.66852117706071,325.9549865722656,497.6449890136719
2026-09-02 18:00:00+00:00,19.66852117706071,325.7900085449219,497.4200134277344
2026-09-02 18:01:00+00:00,19.66852117706071,326.0299987792969,497.32501220703125
2026-09-02 18:02:00+00:00,19.66852117706071,326.1099853515625,496.9100036621094
2026-09-02 18:03:00+00:00,19.670801077280885,326.2950134277344,497.04998779296875
2026-09-02 18:04:00+00:00,19.66852117706071,326.30010986328125,496.8500061035156
2026-09-02 18:05:00+00:00,19.670801077280885,326.2099914550781,496.4549865722656
2026-09-02 18:06:00+00:00,19.66852117706071,326.1299133300781,496.5199890136719
2026-09-02 18:07:00+00:00,19.66852117706071,326.04998779296875,496.3900146484375
2026-09-02 18:08:00+00:00,19.66852117706071,325.9549865722656,496.30999755859375
2026-09-02 18:09:00+00:00,19.66852117706071,325.9700012207031,496.2799987792969
2026-09-02 18:10:00+00:00,19.66852117706071,326.0150146484375,496.29150390625
2026-09-02 18:11:00+00:00,19.66852117706071,325.92498779296875,496.1099853515625
2026-09-02 18:12:00+00:00,19.66852117706071,325.94000244140625,496.1300048828125
2026-09-02 18:13:00+00:00,19.66852117706071,325.8999938964844,496.2699890136719
2026-09-02 18:14:00+00:00,19.66852117706071,326.0,496.2250061035156
2026-09-02 18:15:00+00:00,19.666241276840537,326.04998779296875,496.2149963378906
2026-09-02 18:16:00+00:00,19.666241276840537,326.07000732421875,496.05999755859375
2026-09-02 18:17:00+00:00,19.666241276840537,326.1000061035156,496.18499755859375
2026-09-02 18:18:00+00:00,19.670801077280885,326.2200012207031,496.6199951171875
2026-09-02 18:19:00+00:00,19.66852117706071,326.19000244140625,496.6300048828125
2026-09-02 18:20:00+00:00,19.670801077280885,326.2449951171875,496.54998779296875
2026-09-02 18:21:00+00:00,19.66852117706071,326.3599853515625,496.3500061035156
2026-09-02 18:22:00+00:00,19.666241276840537,326.19000244140625,496.29998779296875
2026-09-02 18:23:00+00:00,19.666241276840537,326.1650085449219,496.19189453125
2026-09-02 18:24:00+00:00,19.666241276840537,326.17999267578125,496.29998779296875
2026-09-02 18:25:00+00:00,19.666241276840537,326.18499755859375,496.17999267578125
2026-09-02 18:26:00+00:00,19.666241276840537,326.4599914550781,496.1300048828125
2026-09-02 18:27:00+00:00,19.666241276840537,326.30499267578125,496.10009765625
2026-09-02 18:28:00+00:00,19.666241276840537,326.3800048828125,495.9150085449219
2026-09-02 18:29:00+00:00,19.666241276840537,326.2955017089844,496.1050109863281
2026-09-02 18:30:00+00:00,19.66852117706071,326.4200134277344,496.2699890136719
2026-09-02 18:31:00+00:00,19.66852117706071,326.3399963378906,496.2900085449219
2026-09-02 18:32:00+00:00,19.66852117706071,326.2449951171875,496.2799987792969
2026-09-02 18:33:00+00:00,19.66852117706071,326.0899963378906,496.4700012207031
2026-09-02 18:34:00+00:00,19.66852117706071,325.94500732421875,496.0987854003906
2026-09-02 18:35:00+00:00,19.66852117706071,326.0400085449219,496.0824890136719
2026-09-02 18:36:00+00:00,19.66852117706071,325.989990234375,495.81500244140625
2026-09-02 18:37:00+00:00,19.670801077280885,325.8500061035156,495.80999755859375
2026-09-02 18:38:00+00:00,19.670801077280885,325.875,495.82501220703125
2026-09-02 18:39:00+00:00,19.670801077280885,325.80010986328125,495.5450134277344
2026-09-02 18:40:00+00:00,19.670801077280885,325.5950012207031,495.6700134277344
2026-09-02 18:41:00+00:00,19.66852117706071,325.5199890136719,495.32501220703125
2026-09-02 18:42:00+00:00,19.666241276840537,325.57598876953125,495.2200012207031
2026-09-02 18:43:00+00:00,19.666241276840537,325.29998779296875,495.1300048828125
2026-09-02 18:44:00+00:00,19.663963399601926,325.3399963378906,495.19000244140625
2026-09-02 18:45:00+00:00,19.666241276840537,325.2449951171875,495.1600036621094
2026-09-02 18:46:00+00:00,19.666241276840537,325.125,494.85009765625
2026-09-02 18:47:00+00:00,19.666241276840537,325.2200927734375,494.94000244140625
2026-09-02 18:48:00+00:00,19.666241276840537,325.260009765625,495.1700134277344
2026-09-02 18:49:00+00:00,19.666241276840537,325.29998779296875,495.2099914550781
2026-09-02 18:50:00+00:00,19.66852117706071,325.3399963378906,495.4100036621094
2026-09-02 18:51:00+00:00,19.66852117706071,325.25,495.1600036621094
2026-09-02 18:52:00+00:00,19.66852117706071,325.0,495.0950012207031
2026-09-02 18:53:00+00:00,19.66852117706071,325.1700134277344,495.1109924316406
2026-09-02 18:54:00+00:00,19.66852117706071,325.17498779296875,495.1549987792969
2026-09-02 18:55:00+00:00,19.666241276840537,325.1499938964844,495.19000244140625
2026-09-02 18:56:00+00:00,19.666241276840537,325.139892578125,495.19500732421875
2026-09-02 18:57:00+00:00,19.666241276840537,324.95001220703125,495.0534973144531
2026-09-02 18:58:00+00:00,19.666241276840537,324.9549865722656,495.0934143066406
2026-09-02 18:59:00+00:00,19.666241276840537,325.0,495.2799987792969
2026-09-02 19:00:00+00:00,19.666241276840537,324.6499938964844,495.489990234375
2026-09-02 19:01:00+00:00,19.666241276840537,324.7460021972656,495.6400146484375
2026-09-02 19:02:00+00:00,19.66852117706071,324.82000732421875,495.75
2026-09-02 19:03:00+00:00,19.666241276840537,324.9100036621094,495.6300048828125
2026-09-02 19:04:00+00:00,19.666241276840537,324.97979736328125,495.6549987792969
2026-09-02 19:05:00+00:00,19.666241276840537,325.1300048828125,495.6050109863281
2026-09-02 19:06:00+00:00,19.666241276840537,325.26239013671875,495.677490234375
2026-09-02 19:07:00+00:00,19.666241276840537,325.1700134277344,495.7300109863281
2026-09-02 19:08:00+00:00,19.666241276840537,325.25030517578125,495.7699890136719
2026-09-02 19:09:00+00:00,19.663963399601926,325.4750061035156,496.0450134277344
2026-09-02 19:10:00+00:00,19.663963399601926,325.42059326171875,496.0
2026-09-02 19:11:00+00:00,19.663963399601926,325.6300048828125,496.0335998535156
2026-09-02 19:12:00+00:00,19.663963399601926,325.6778869628906,496.3699951171875
2026-09-02 19:13:00+00:00,19.661683499381752,325.7149963378906,496.3399963378906
2026-09-02 19:14:00+00:00,19.661683499381752,325.5299987792969,496.3399963378906
2026-09-02 19:15:00+00:00,19.663963399601926,325.4800109863281,496.3699951171875
2026-09-02 19:16:00+00:00,19.663963399601926,325.6700134277344,496.6900939941406
2026-09-02 19:17:00+00:00,19.663963399601926,325.5799865722656,496.489990234375
2026-09-02 19:18:00+00:00,19.666241276840537,325.489990234375,496.4549865722656
2026-09-02 19:19:00+00:00,19.666241276840537,325.6050109863281,496.5950012207031
2026-09-02 19:20:00+00:00,19.666241276840537,325.4949951171875,496.3800048828125
2026-09-02 19:21:00+00:00,19.666241276840537,325.55999755859375,496.5799865722656
2026-09-02 19:22:00+00:00,19.66852117706071,325.5199890136719,496.7799987792969
2026-09-02 19:23:00+00:00,19.666241276840537,325.57501220703125,496.66400146484375
2026-09-02 19:24:00+00:00,19.666241276840537,325.4800109863281,496.8500061035156
2026-09-02 19:25:00+00:00,19.666241276840537,325.5,496.6700134277344
2026-09-02 19:26:00+00:00,19.666241276840537,325.57000732421875,496.7200012207031
2026-09-02 19:27:00+00:00,19.663963399601926,325.625,496.8500061035156
2026-09-02 19:28:00+00:00,19.663963399601926,325.56500244140625,497.06500244140625
2026-09-02 19:29:00+00:00,19.663963399601926,325.6400146484375,497.1549987792969
2026-09-02 19:30:00+00:00,19.666241276840537,325.5799865722656,496.8299865722656
2026-09-02 19:31:00+00:00,19.663963399601926,325.5199890136719,496.8999938964844
2026-09-02 19:32:00+00:00,19.663963399601926,325.6046142578125,496.3399963378906
2026-09-02 19:33:00+00:00,19.666241276840537,325.67498779296875,497.1099853515625
2026-09-02 19:34:00+00:00,19.666241276840537,325.9200134277344,496.8890075683594
2026-09-02 19:35:00+00:00,19.666241276840537,325.7900085449219,497.04998779296875
2026-09-02 19:36:00+00:00,19.663963399601926,325.6000061035156,496.6889953613281
2026-09-02 19:37:00+00:00,19.666241276840537,325.3550109863281,496.60009765625
2026-09-02 19:38:00+00:00,19.666241276840537,325.20001220703125,496.6534118652344
2026-09-02 19:39:00+00:00,19.666241276840537,325.1099853515625,496.8999938964844
2026-09-02 19:40:00+00:00,19.666241276840537,325.20001220703125,496.8900146484375
2026-09-02 19:41:00+00:00,19.666241276840537,325.1000061035156,497.010009765625
2026-09-02 19:42:00+00:00,19.666241276840537,324.989990234375,497.1872863769531
2026-09-02 19:43:00+00:00,19.666241276840537,325.260009765625,497.19000244140625
2026-09-02 19:44:00+00:00,19.666241276840537,325.20001220703125,497.31500244140625
2026-09-02 19:45:00+00:00,19.666241276840537,325.1700134277344,497.2349853515625
2026-09-02 19:46:00+00:00,19.663963399601926,325.2550048828125,497.2981872558594
2026-09-02 19:47:00+00:00,19.663963399601926,325.3299865722656,497.0899963378906
2026-09-02 19:48:00+00:00,19.663963399601926,325.4200134277344,497.0899963378906
2026-09-02 19:49:00+00:00,19.663963399601926,325.2699890136719,496.8900146484375
2026-09-02 19:50:00+00:00,19.663963399601926,325.1600036621094,496.989990234375
2026-09-02 19:51:00+00:00,19.663963399601926,325.0545959472656,496.9725036621094
2026-09-02 19:52:00+00:00,19.663963399601926,325.0799865722656,496.9110107421875
2026-09-02 19:53:00+00:00,19.663963399601926,325.0299987792969,497.1549987792969
2026-09-02 19:54:00+00:00,19.663963399601926,325.2699890136719,497.2799987792969
2026-09-02 19:55:00+00:00,19.663963399601926,324.8550109863281,496.6400146484375
2026-09-02 19:56:00+00:00,19.666241276840537,324.9800109863281,496.5199890136719
2026-09-02 19:57:00+00:00,19.66852117706071,324.8699951171875,496.635009765625
2026-09-02 19:58:00+00:00,19.66852117706071,324.8699951171875,496.5899963378906
2026-09-02 19:59:00+00:00,19.66852117706071,324.989990234375,496.80999755859375
2026-09-02 20:00:00+00:00,19.670801077280885,324.989990234375,496.80999755859375
2026-09-02 20:01:00+00:00,19.670801077280885,324.989990234375,496.80999755859375
2026-09-02 20:02:00+00:00,19.673078954519497,324.989990234375,496.80999755859375
2026-09-02 20:03:00+00:00,19.670801077280885,324.989990234375,496.80999755859375
2026-09-02 20:04:00+00:00,19.673078954519497,324.989990234375,496.80999755859375
2026-09-02 20:05:00+00:00,19.673078954519497,324.989990234375,496.80999755859375
2026-09-02 20:06:00+00:00,19.670801077280885,324.989990234375,496.80999755859375
2026-09-02 20:07:00+00:00,19.673078954519497,324.989990234375,496.80999755859375
2026-09-02 20:08:00+00:00,19.670801077280885,324.989990234375,496.80999755859375
2026-09-02 20:09:00+00:00,19.673078954519497,324.989990234375,496.80999755859375
2026-09-02 20:10:00+00:00,19.673078954519497,324.989990234375,496.80999755859375
2026-09-02 20:11:00+00:00,19.673078954519497,324.989990234375,496.80999755859375
2026-09-02 20:12:00+00:00,19.673078954519497,324.989990234375,496.80999755859375
2026-09-02 20:13:00+00:00,19.673078954519497,324.989990234375,496.80999755859375
2026-09-02 20:14:00+00:00,19.670801077280885,324.989990234375,496.80999755859375
2026-09-02 20:15:00+00:00,19.673078954519497,324.989990234375,496.80999755859375
2026-09-02 20:16:00+00:00,19.673078954519497,324.989990234375,496.80999755859375
2026-09-02 20:17:00+00:00,19.673078954519497,324.989990234375,496.80999755859375
2026-09-02 20:18:00+00:00,19.673078954519497,324.989990234375,496.80999755859375
2026-09-02 20:19:00+00:00,19.670801077280885,324.989990234375,496.80999755859375
2026-09-02 20:20:00+00:00,19.670801077280885,324.989990234375,496.80999755859375
2026-09-02 20:21:00+00:00,19.670801077280885,324.989990234375,496.80999755859375
2026-09-02 20:22:00+00:00,19.670801077280885,324.989990234375,496.80999755859375
2026-09-02 20:23:00+00:00,19.670801077280885,324.989990234375,496.80999755859375
2026-09-02 20:24:00+00:00,19.673078954519497,324.989990234375,496.80999755859375
2026-09-02 20:25:00+00:00,19.673078954519497,324.989990234375,496.80999755859375
2026-09-02 20:26:00+00:00,19.670801077280885,324.989990234375,496.80999755859375
2026-09-02 20:27:00+00:00,19.670801077280885,324.989990234375,496.80999755859375
2026-09-02 20:28:00+00:00,19.670801077280885,324.989990234375,496.80999755859375
2026-09-02 20:29:00+00:00,19.670801077280885,324.989990234375,496.80999755859375
2026-09-02 20:30:00+00:00,19.670801077280885,324.989990234375,496.80999755859375
2026-09-02 20:31:00+00:00,19.670801077280885,324.989990234375,496.80999755859375
2026-09-02 20:32:00+00:00,19.670801077280885,324.989990234375,496.80999755859375
2026-09-02 20:33:00+00:00,19.670801077280885,324.989990234375,496.80999755859375
2026-09-02 20:34:00+00:00,19.670801077280885,324.989990234375,496.80999755859375
2026-09-02 20:35:00+00:00,19.673078954519497,324.989990234375,496.80999755859375
2026-09-02 20:36:00+00:00,19.670801077280885,324.989990234375,496.80999755859375
2026-09-02 20:37:00+00:00,19.670801077280885,324.989990234375,496.80999755859375
2026-09-02 20:38:00+00:00,19.670801077280885,324.989990234375,496.80999755859375
2026-09-02 20:39:00+00:00,19.670801077280885,324.989990234375,496.80999755859375
2026-09-02 20:40:00+00:00,19.673078954519497,324.989990234375,496.80999755859375
2026-09-02 20:41:00+00:00,19.670801077280885,324.989990234375,496.80999755859375
2026-09-02 20:42:00+00:00,19.673078954519497,324.989990234375,496.80999755859375
2026-09-02 20:43:00+00:00,19.673078954519497,324.989990234375,496.80999755859375
2026-09-02 20:44:00+00:00,19.670801077280885,324.989990234375,496.80999755859375
2026-09-02 20:45:00+00:00,19.673078954519497,324.989990234375,496.80999755859375
2026-09-02 20:46:00+00:00,19.673078954519497,324.989990234375,496.80999755859375
2026-09-02 20:47:00+00:00,19.673078954519497,324.989990234375,496.80999755859375
2026-09-02 20:48:00+00:00,19.673078954519497,324.989990234375,496.80999755859375
2026-09-02 20:49:00+00:00,19.673078954519497,324.989990234375,496.80999755859375
2026-09-02 20:50:00+00:00,19.673078954519497,324.989990234375,496.80999755859375
2026-09-02 20:51:00+00:00,19.673078954519497,324.989990234375,496.80999755859375
2026-09-02 20:52:00+00:00,19.673078954519497,324.989990234375,496.80999755859375
2026-09-02 20:53:00+00:00,19.670801077280885,324.989990234375,496.80999755859375
2026-09-02 20:54:00+00:00,19.670801077280885,324.989990234375,496.80999755859375
2026-09-02 20:55:00+00:00,19.670801077280885,324.989990234375,496.80999755859375
2026-09-02 20:56:00+00:00,19.670801077280885,324.989990234375,496.80999755859375
2026-09-02 20:57:00+00:00,19.670801077280885,324.989990234375,496.80999755859375
2026-09-02 20:58:00+00:00,19.670801077280885,324.989990234375,496.80999755859375
2026-09-02 20:59:00+00:00,19.670801077280885,324.989990234375,496.80999755859375
2026-09-02 21:00:00+00:00,19.666241276840537,324.989990234375,496.80999755859375
2026-09-02 21:01:00+00:00,19.66852117706071,324.989990234375,496.80999755859375
2026-09-02 21:02:00+00:00,19.670801077280885,324.989990234375,496.80999755859375
2026-09-02 21:03:00+00:00,19.670801077280885,324.989990234375,496.80999755859375
2026-09-02 21:04:00+00:00,19.673078954519497,324.989990234375,496.80999755859375
2026-09-02 21:05:00+00:00,19.673078954519497,324.989990234375,496.80999755859375
2026-09-02 21:06:00+00:00,19.66852117706071,324.989990234375,496.80999755859375
2026-09-02 21:07:00+00:00,19.670801077280885,324.989990234375,496.80999755859375
2026-09-02 21:08:00+00:00,19.66852117706071,324.989990234375,496.80999755859375
2026-09-02 21:09:00+00:00,19.673078954519497,324.989990234375,496.80999755859375
2026-09-02 21:10:00+00:00,19.673078954519497,324.989990234375,496.80999755859375
2026-09-02 21:11:00+00:00,19.670801077280885,324.989990234375,496.80999755859375
2026-09-02 21:12:00+00:00,19.670801077280885,324.989990234375,496.80999755859375
2026-09-02 21:13:00+00:00,19.670801077280885,324.989990234375,496.80999755859375
2026-09-02 21:14:00+00:00,19.66852117706071,324.989990234375,496.80999755859375
2026-09-02 21:15:00+00:00,19.66852117706071,324.989990234375,496.80999755859375
2026-09-02 21:16:00+00:00,19.673078954519497,324.989990234375,496.80999755859375
2026-09-02 21:17:00+00:00,19.670801077280885,324.989990234375,496.80999755859375
2026-09-02 21:18:00+00:00,19.66852117706071,324.989990234375,496.80999755859375
2026-09-02 21:19:00+00:00,19.670801077280885,324.989990234375,496.80999755859375
2026-09-02 21:20:00+00:00,19.66852117706071,324.989990234375,496.80999755859375
2026-09-02 21:21:00+00:00,19.670801077280885,324.989990234375,496.80999755859375
2026-09-02 21:22:00+00:00,19.670801077280885,324.989990234375,496.80999755859375
2026-09-02 21:23:00+00:00,19.66852117706071,324.989990234375,496.80999755859375
2026-09-02 21:24:00+00:00,19.66852117706071,324.989990234375,496.80999755859375
2026-09-02 21:25:00+00:00,19.670801077280885,324.989990234375,496.80999755859375
2026-09-02 21:26:00+00:00,19.66852117706071,324.989990234375,496.80999755859375
2026-09-02 21:27:00+00:00,19.66852117706071,324.989990234375,496.80999755859375
2026-09-02 21:28:00+00:00,19.673078954519497,324.989990234375,496.80999755859375
2026-09-02 21:29:00+00:00,19.670801077280885,324.989990234375,496.80999755859375
2026-09-02 21:30:00+00:00,19.670801077280885,324.989990234375,496.80999755859375
2026-09-02 21:31:00+00:00,19.670801077280885,324.989990234375,496.80999755859375
2026-09-02 21:32:00+00:00,19.673078954519497,324.989990234375,496.80999755859375
2026-09-02 21:33:00+00:00,19.670801077280885,324.989990234375,496.80999755859375
2026-09-02 21:34:00+00:00,19.670801077280885,324.989990234375,496.80999755859375
2026-09-02 21:35:00+00:00,19.673078954519497,324.989990234375,496.80999755859375
2026-09-02 21:36:00+00:00,19.670801077280885,324.989990234375,496.80999755859375
2026-09-02 21:37:00+00:00,19.673078954519497,324.989990234375,496.80999755859375
2026-09-02 21:38:00+00:00,19.673078954519497,324.989990234375,496.80999755859375
2026-09-02 21:39:00+00:00,19.66852117706071,324.989990234375,496.80999755859375
2026-09-02 21:40:00+00:00,19.673078954519497,324.989990234375,496.80999755859375
2026-09-02 21:41:00+00:00,19.670801077280885,324.989990234375,496.80999755859375
2026-09-02 21:42:00+00:00,19.66852117706071,324.989990234375,496.80999755859375
2026-09-02 21:43:00+00:00,19.670801077280885,324.989990234375,496.80999755859375
2026-09-02 21:44:00+00:00,19.670801077280885,324.989990234375,496.80999755859375
2026-09-02 21:45:00+00:00,19.66852117706071,324.989990234375,496.80999755859375
2026-09-02 21:46:00+00:00,19.66852117706071,324.989990234375,496.80999755859375
2026-09-02 21:47:00+00:00,19.670801077280885,324.989990234375,496.80999755859375
2026-09-02 21:48:00+00:00,19.66852117706071,324.989990234375,496.80999755859375
2026-09-02 21:49:00+00:00,19.670801077280885,324.989990234375,496.80999755859375
2026-09-02 21:50:00+00:00,19.66852117706071,324.989990234375,496.80999755859375
2026-09-02 21:51:00+00:00,19.670801077280885,324.989990234375,496.80999755859375
2026-09-02 21:52:00+00:00,19.670801077280885,324.989990234375,496.80999755859375
2026-09-02 21:53:00+00:00,19.670801077280885,324.989990234375,496.80999755859375
2026-09-02 21:54:00+00:00,19.670801077280885,324.989990234375,496.80999755859375
2026-09-02 21:55:00+00:00,19.670801077280885,324.989990234375,496.80999755859375
2026-09-02 21:56:00+00:00,19.670801077280885,324.989990234375,496.80999755859375
2026-09-02 21:57:00+00:00,19.670801077280885,324.989990234375,496.80999755859375
2026-09-02 21:58:00+00:00,19.666241276840537,324.989990234375,496.80999755859375
2026-09-02 21:59:00+00:00,19.673078954519497,324.989990234375,496.80999755859375
2026-09-02 22:00:00+00:00,19.673078954519497,324.989990234375,496.80999755859375
2026-09-02 22:01:00+00:00,19.66852117706071,324.989990234375,496.80999755859375
2026-09-02 22:02:00+00:00,19.670801077280885,324.989990234375,496.80999755859375
2026-09-02 22:03:00+00:00,19.66852117706071,324.989990234375,496.80999755859375
2026-09-02 22:04:00+00:00,19.66852117706071,324.989990234375,496.80999755859375
2026-09-02 22:05:00+00:00,19.66852117706071,324.989990234375,496.80999755859375
2026-09-02 22:06:00+00:00,19.66852117706071,324.989990234375,496.80999755859375
2026-09-02 22:07:00+00:00,19.66852117706071,324.989990234375,496.80999755859375
2026-09-02 22:08:00+00:00,19.66852117706071,324.989990234375,496.80999755859375
2026-09-02 22:09:00+00:00,19.66852117706071,324.989990234375,496.80999755859375
2026-09-02 22:10:00+00:00,19.66852117706071,324.989990234375,496.80999755859375
2026-09-02 22:11:00+00:00,19.66852117706071,324.989990234375,496.80999755859375
2026-09-02 22:12:00+00:00,19.66852117706071,324.989990234375,496.80999755859375
2026-09-02 22:13:00+00:00,19.66852117706071,324.989990234375,496.80999755859375
2026-09-02 22:14:00+00:00,19.66852117706071,324.989990234375,496.80999755859375
2026-09-02 22:15:00+00:00,19.66852117706071,324.989990234375,496.80999755859375
2026-09-02 22:16:00+00:00,19.66852117706071,324.989990234375,496.80999755859375
2026-09-02 22:17:00+00:00,19.666241276840537,324.989990234375,496.80999755859375
2026-09-02 22:18:00+00:00,19.666241276840537,324.989990234375,496.80999755859375
2026-09-02 22:19:00+00:00,19.666241276840537,324.989990234375,496.80999755859375
2026-09-02 22:20:00+00:00,19.666241276840537,324.989990234375,496.80999755859375
2026-09-02 22:21:00+00:00,19.66852117706071,324.989990234375,496.80999755859375
2026-09-02 22:22:00+00:00,19.66852117706071,324.989990234375,496.80999755859375
2026-09-02 22:23:00+00:00,19.66852117706071,324.989990234375,496.80999755859375
2026-09-02 22:24:00+00:00,19.66852117706071,324.989990234375,496.80999755859375
2026-09-02 22:25:00+00:00,19.66852117706071,324.989990234375,496.80999755859375
2026-09-02 22:26:00+00:00,19.66852117706071,324.989990234375,496.80999755859375
2026-09-02 22:27:00+00:00,19.66852117706071,324.989990234375,496.80999755859375
2026-09-02 22:28:00+00:00,19.66852117706071,324.989990234375,496.80999755859375
2026-09-02 22:29:00+00:00,19.66852117706071,324.989990234375,496.80999755859375
2026-09-02 22:30:00+00:00,19.66852117706071,324.989990234375,496.80999755859375
2026-09-02 22:31:00+00:00,19.66852117706071,324.989990234375,496.80999755859375
2026-09-02 22:32:00+00:00,19.66852117706071,324.989990234375,496.80999755859375
2026-09-02 22:33:00+00:00,19.66852117706071,324.989990234375,496.80999755859375
2026-09-02 22:34:00+00:00,19.66852117706071,324.989990234375,496.80999755859375
2026-09-02 22:35:00+00:00,19.66852117706071,324.989990234375,496.80999755859375
2026-09-02 22:36:00+00:00,19.66852117706071,324.989990234375,496.80999755859375
2026-09-02 22:37:00+00:00,19.670801077280885,324.989990234375,496.80999755859375
2026-09-02 22:38:00+00:00,19.670801077280885,324.989990234375,496.80999755859375
2026-09-02 22:39:00+00:00,19.670801077280885,324.989990234375,496.80999755859375
2026-09-02 22:40:00+00:00,19.670801077280885,324.989990234375,496.80999755859375
2026-09-02 22:41:00+00:00,19.670801077280885,324.989990234375,496.80999755859375
2026-09-02 22:42:00+00:00,19.66852117706071,324.989990234375,496.80999755859375
2026-09-02 22:43:00+00:00,19.66852117706071,324.989990234375,496.80999755859375
2026-09-02 22:44:00+00:00,19.66852117706071,324.989990234375,496.80999755859375
2026-09-02 22:45:00+00:00,19.66852117706071,324.989990234375,496.80999755859375
2026-09-02 22:46:00+00:00,19.66852117706071,324.989990234375,496.80999755859375
2026-09-02 22:47:00+00:00,19.66852117706071,324.989990234375,496.80999755859375
2026-09-02 22:48:00+00:00,19.66852117706071,324.989990234375,496.80999755859375
2026-09-02 22:49:00+00:00,19.66852117706071,324.989990234375,496.80999755859375
2026-09-02 22:50:00+00:00,19.66852117706071,324.989990234375,496.80999755859375
2026-09-02 22:51:00+00:00,19.670801077280885,324.989990234375,496.80999755859375
2026-09-02 22:52:00+00:00,19.670801077280885,324.989990234375,496.80999755859375
2026-09-02 22:53:00+00:00,19.670801077280885,324.989990234375,496.80999755859375
2026-09-02 22:54:00+00:00,19.66852117706071,324.989990234375,496.80999755859375
2026-09-02 22:55:00+00:00,19.66852117706071,324.989990234375,496.80999755859375
2026-09-02 22:56:00+00:00,19.66852117706071,324.989990234375,496.80999755859375
2026-09-02 22:57:00+00:00,19.66852117706071,324.989990234375,496.80999755859375
2026-09-02 22:58:00+00:00,19.66852117706071,324.989990234375,496.80999755859375
2026-09-02 23:00:00+00:00,19.66852117706071,324.989990234375,496.80999755859375
2026-09-02 23:01:00+00:00,19.66852117706071,324.989990234375,496.80999755859375
2026-09-02 23:02:00+00:00,19.66852117706071,324.989990234375,496.80999755859375
2026-09-02 23:03:00+00:00,19.66852117706071,324.989990234375,496.80999755859375
2026-09-02 23:04:00+00:00,19.66852117706071,324.989990234375,496.80999755859375
2026-09-02 23:05:00+00:00,19.66852117706071,324.989990234375,496.80999755859375
2026-09-02 23:06:00+00:00,19.66852117706071,324.989990234375,496.80999755859375
2026-09-02 23:07:00+00:00,19.666241276840537,324.989990234375,496.80999755859375
2026-09-02 23:08:00+00:00,19.666241276840537,324.989990234375,496.80999755859375
2026-09-02 23:09:00+00:00,19.666241276840537,324.989990234375,496.80999755859375
2026-09-02 23:10:00+00:00,19.666241276840537,324.989990234375,496.80999755859375
2026-09-02 23:11:00+00:00,19.666241276840537,324.989990234375,496.80999755859375
2026-09-02 23:12:00+00:00,19.666241276840537,324.989990234375,496.80999755859375
2026-09-02 23:13:00+00:00,19.666241276840537,324.989990234375,496.80999755859375
2026-09-02 23:14:00+00:00,19.666241276840537,324.989990234375,496.80999755859375
2026-09-02 23:15:00+00:00,19.666241276840537,324.989990234375,496.80999755859375
2026-09-02 23:16:00+00:00,19.666241276840537,324.989990234375,496.80999755859375
2026-09-02 23:17:00+00:00,19.666241276840537,324.989990234375,496.80999755859375
2026-09-02 23:18:00+00:00,19.666241276840537,324.989990234375,496.80999755859375
2026-09-02 23:19:00+00:00,19.666241276840537,324.989990234375,496.80999755859375
2026-09-02 23:20:00+00:00,19.666241276840537,324.989990234375,496.80999755859375
2026-09-02 23:21:00+00:00,19.666241276840537,324.989990234375,496.80999755859375
2026-09-02 23:22:00+00:00,19.666241276840537,324.989990234375,496.80999755859375
2026-09-02 23:23:00+00:00,19.666241276840537,324.989990234375,496.80999755859375
2026-09-02 23:24:00+00:00,19.666241276840537,324.989990234375,496.80999755859375
2026-09-02 23:25:00+00:00,19.66852117706071,324.989990234375,496.80999755859375
2026-09-02 23:26:00+00:00,19.666241276840537,324.989990234375,496.80999755859375
2026-09-02 23:27:00+00:00,19.666241276840537,324.989990234375,496.80999755859375
2026-09-02 23:28:00+00:00,19.666241276840537,324.989990234375,496.80999755859375
2026-09-02 23:29:00+00:00,19.666241276840537,324.989990234375,496.80999755859375
2026-09-02 23:30:00+00:00,19.666241276840537,324.989990234375,496.80999755859375
2026-09-02 23:31:00+00:00,19.666241276840537,324.989990234375,496.80999755859375
2026-09-02 23:32:00+00:00,19.666241276840537,324.989990234375,496.80999755859375
2026-09-02 23:33:00+00:00,19.666241276840537,324.989990234375,496.80999755859375
2026-09-02 23:34:00+00:00,19.666241276840537,324.989990234375,496.80999755859375
2026-09-02 23:35:00+00:00,19.666241276840537,324.989990234375,496.80999755859375
2026-09-02 23:36:00+00:00,19.666241276840537,324.989990234375,496.80999755859375
2026-09-02 23:37:00+00:00,19.666241276840537,324.989990234375,496.80999755859375
2026-09-02 23:38:00+00:00,19.663963399601926,324.989990234375,496.80999755859375
2026-09-02 23:39:00+00:00,19.663963399601926,324.989990234375,496.80999755859375
2026-09-02 23:40:00+00:00,19.666241276840537,324.989990234375,496.80999755859375
2026-09-02 23:41:00+00:00,19.666241276840537,324.989990234375,496.80999755859375
2026-09-02 23:42:00+00:00,19.666241276840537,324.989990234375,496.80999755859375
2026-09-02 23:43:00+00:00,19.666241276840537,324.989990234375,496.80999755859375
2026-09-02 23:44:00+00:00,19.666241276840537,324.989990234375,496.80999755859375
2026-09-02 23:45:00+00:00,19.666241276840537,324.989990234375,496.80999755859375
2026-09-02 23:46:00+00:00,19.666241276840537,324.989990234375,496.80999755859375
2026-09-02 23:47:00+00:00,19.666241276840537,324.989990234375,496.80999755859375
2026-09-02 23:48:00+00:00,19.666241276840537,324.989990234375,496.80999755859375
2026-09-02 23:49:00+00:00,19.666241276840537,324.989990234375,496.80999755859375
2026-09-02 23:50:00+00:00,19.666241276840537,324.989990234375,496.80999755859375
2026-09-02 23:51:00+00:00,19.666241276840537,324.989990234375,496.80999755859375
2026-09-02 23:52:00+00:00,19.666241276840537,324.989990234375,496.80999755859375
2026-09-02 23:53:00+00:00,19.666241276840537,324.989990234375,496.80999755859375
2026-09-02 23:54:00+00:00,19.666241276840537,324.989990234375,496.80999755859375
2026-09-02 23:55:00+00:00,19.666241276840537,324.989990234375,496.80999755859375
2026-09-02 23:56:00+00:00,19.666241276840537,324.989990234375,496.80999755859375
2026-09-02 23:57:00+00:00,19.666241276840537,324.989990234375,496.80999755859375
2026-09-02 23:58:00+00:00,19.666241276840537,324.989990234375,496.80999755859375
2026-09-02 23:59:00+00:00,19.666241276840537,324.989990234375,496.80999755859375
2026-09-03 00:00:00+00:00,19.663963399601926,324.989990234375,496.80999755859375
2026-09-03 00:01:00+00:00,19.666241276840537,324.989990234375,496.80999755859375
2026-09-03 00:02:00+00:00,19.666241276840537,324.989990234375,496.80999755859375
2026-09-03 00:03:00+00:00,19.66852117706071,324.989990234375,496.80999755859375
2026-09-03 00:04:00+00:00,19.66852117706071,324.989990234375,496.80999755859375
2026-09-03 00:05:00+00:00,19.66852117706071,324.989990234375,496.80999755859375
2026-09-03 00:06:00+00:00,19.666241276840537,324.989990234375,496.80999755859375
2026-09-03 00:07:00+00:00,19.666241276840537,324.989990234375,496.80999755859375
2026-09-03 00:08:00+00:00,19.666241276840537,324.989990234375,496.80999755859375
2026-09-03 00:09:00+00:00,19.666241276840537,324.989990234375,496.80999755859375
2026-09-03 00:10:00+00:00,19.666241276840537,324.989990234375,496.80999755859375
2026-09-03 00:11:00+00:00,19.66852117706071,324.989990234375,496.80999755859375
2026-09-03 00:12:00+00:00,19.66852117706071,324.989990234375,496.80999755859375
2026-09-03 00:13:00+00:00,19.666241276840537,324.989990234375,496.80999755859375
2026-09-03 00:14:00+00:00,19.666241276840537,324.989990234375,496.80999755859375
2026-09-03 00:15:00+00:00,19.666241276840537,324.989990234375,496.80999755859375
2026-09-03 00:16:00+00:00,19.666241276840537,324.989990234375,496.80999755859375
2026-09-03 00:17:00+00:00,19.66852117706071,324.989990234375,496.80999755859375
2026-09-03 00:18:00+00:00,19.666241276840537,324.989990234375,496.80999755859375
2026-09-03 00:19:00+00:00,19.66852117706071,324.989990234375,496.80999755859375
2026-09-03 00:20:00+00:00,19.66852117706071,324.989990234375,496.80999755859375
2026-09-03 00:21:00+00:00,19.66852117706071,324.989990234375,496.80999755859375
2026-09-03 00:22:00+00:00,19.66852117706071,324.989990234375,496.80999755859375
2026-09-03 00:23:00+00:00,19.670801077280885,324.989990234375,496.80999755859375
2026-09-03 00:24:00+00:00,19.670801077280885,324.989990234375,496.80999755859375
2026-09-03 00:25:00+00:00,19.670801077280885,324.989990234375,496.80999755859375
2026-09-03 00:26:00+00:00,19.673078954519497,324.989990234375,496.80999755859375
2026-09-03 00:27:00+00:00,19.673078954519497,324.989990234375,496.80999755859375
2026-09-03 00:28:00+00:00,19.673078954519497,324.989990234375,496.80999755859375
2026-09-03 00:29:00+00:00,19.673078954519497,324.989990234375,496.80999755859375
2026-09-03 00:30:00+00:00,19.673078954519497,324.989990234375,496.80999755859375
2026-09-03 00:31:00+00:00,19.670801077280885,324.989990234375,496.80999755859375
2026-09-03 00:32:00+00:00,19.670801077280885,324.989990234375,496.80999755859375
2026-09-03 00:33:00+00:00,19.670801077280885,324.989990234375,496.80999755859375
2026-09-03 00:34:00+00:00,19.673078954519497,324.989990234375,496.80999755859375
2026-09-03 00:35:00+00:00,19.670801077280885,324.989990234375,496.80999755859375
2026-09-03 00:36:00+00:00,19.670801077280885,324.989990234375,496.80999755859375
2026-09-03 00:37:00+00:00,19.670801077280885,324.989990234375,496.80999755859375
2026-09-03 00:38:00+00:00,19.670801077280885,324.989990234375,496.80999755859375
2026-09-03 00:39:00+00:00,19.670801077280885,324.989990234375,496.80999755859375
2026-09-03 00:40:00+00:00,19.670801077280885,324.989990234375,496.80999755859375
2026-09-03 00:41:00+00:00,19.670801077280885,324.989990234375,496.80999755859375
2026-09-03 00:42:00+00:00,19.670801077280885,324.989990234375,496.80999755859375
2026-09-03 00:43:00+00:00,19.66852117706071,324.989990234375,496.80999755859375
2026-09-03 00:44:00+00:00,19.670801077280885,324.989990234375,496.80999755859375
2026-09-03 00:45:00+00:00,19.66852117706071,324.989990234375,496.80999755859375
2026-09-03 00:46:00+00:00,19.670801077280885,324.989990234375,496.80999755859375
2026-09-03 00:47:00+00:00,19.673078954519497,324.989990234375,496.80999755859375
2026-09-03 00:48:00+00:00,19.673078954519497,324.989990234375,496.80999755859375
2026-09-03 00:49:00+00:00,19.673078954519497,324.989990234375,496.80999755859375
2026-09-03 00:50:00+00:00,19.673078954519497,324.989990234375,496.80999755859375
2026-09-03 00:51:00+00:00,19.675360877721232,324.989990234375,496.80999755859375
2026-09-03 00:52:00+00:00,19.675360877721232,324.989990234375,496.80999755859375
2026-09-03 00:53:00+00:00,19.673078954519497,324.989990234375,496.80999755859375
2026-09-03 00:54:00+00:00,19.673078954519497,324.989990234375,496.80999755859375
2026-09-03 00:55:00+00:00,19.673078954519497,324.989990234375,496.80999755859375
2026-09-03 00:56:00+00:00,19.673078954519497,324.989990234375,496.80999755859375
2026-09-03 00:57:00+00:00,19.673078954519497,324.989990234375,496.80999755859375
2026-09-03 00:58:00+00:00,19.673078954519497,324.989990234375,496.80999755859375
2026-09-03 00:59:00+00:00,19.673078954519497,324.989990234375,496.80999755859375
2026-09-03 01:00:00+00:00,19.673078954519497,324.989990234375,496.80999755859375
2026-09-03 01:01:00+00:00,19.673078954519497,324.989990234375,496.80999755859375
2026-09-03 01:02:00+00:00,19.673078954519497,324.989990234375,496.80999755859375
2026-09-03 01:03:00+00:00,19.673078954519497,324.989990234375,496.80999755859375
2026-09-03 01:04:00+00:00,19.673078954519497,324.989990234375,496.80999755859375
2026-09-03 01:05:00+00:00,19.673078954519497,324.989990234375,496.80999755859375
2026-09-03 01:06:00+00:00,19.673078954519497,324.989990234375,496.80999755859375
2026-09-03 01:07:00+00:00,19.673078954519497,324.989990234375,496.80999755859375
2026-09-03 01:08:00+00:00,19.673078954519497,324.989990234375,496.80999755859375
2026-09-03 01:09:00+00:00,19.673078954519497,324.989990234375,496.80999755859375
2026-09-03 01:10:00+00:00,19.673078954519497,324.989990234375,496.80999755859375
2026-09-03 01:11:00+00:00,19.673078954519497,324.989990234375,496.80999755859375
2026-09-03 01:12:00+00:00,19.673078954519497,324.989990234375,496.80999755859375
2026-09-03 01:13:00+00:00,19.673078954519497,324.989990234375,496.80999755859375
2026-09-03 01:14:00+00:00,19.673078954519497,324.989990234375,496.80999755859375
2026-09-03 01:15:00+00:00,19.673078954519497,324.989990234375,496.80999755859375
2026-09-03 01:16:00+00:00,19.673078954519497,324.989990234375,496.80999755859375
2026-09-03 01:17:00+00:00,19.673078954519497,324.989990234375,496.80999755859375
2026-09-03 01:18:00+00:00,19.675360877721232,324.989990234375,496.80999755859375
2026-09-03 01:19:00+00:00,19.673078954519497,324.989990234375,496.80999755859375
2026-09-03 01:20:00+00:00,19.673078954519497,324.989990234375,496.80999755859375
2026-09-03 01:21:00+00:00,19.670801077280885,324.989990234375,496.80999755859375
2026-09-03 01:22:00+00:00,19.670801077280885,324.989990234375,496.80999755859375
2026-09-03 01:23:00+00:00,19.670801077280885,324.989990234375,496.80999755859375
2026-09-03 01:24:00+00:00,19.670801077280885,324.989990234375,496.80999755859375
2026-09-03 01:25:00+00:00,19.673078954519497,324.989990234375,496.80999755859375
2026-09-03 01:26:00+00:00,19.673078954519497,324.989990234375,496.80999755859375
2026-09-03 01:27:00+00:00,19.673078954519497,324.989990234375,496.80999755859375
2026-09-03 01:28:00+00:00,19.675360877721232,324.989990234375,496.80999755859375
2026-09-03 01:29:00+00:00,19.675360877721232,324.989990234375,496.80999755859375
2026-09-03 01:30:00+00:00,19.675360877721232,324.989990234375,496.80999755859375
2026-09-03 01:31:00+00:00,19.677642800922968,324.989990234375,496.80999755859375
2026-09-03 01:32:00+00:00,19.677642800922968,324.989990234375,496.80999755859375
2026-09-03 01:33:00+00:00,19.677642800922968,324.989990234375,496.80999755859375
2026-09-03 01:34:00+00:00,19.679924724124703,324.989990234375,496.80999755859375
2026-09-03 01:35:00+00:00,19.677642800922968,324.989990234375,496.80999755859375
2026-09-03 01:36:00+00:00,19.677642800922968,324.989990234375,496.80999755859375
2026-09-03 01:37:00+00:00,19.675360877721232,324.989990234375,496.80999755859375
2026-09-03 01:38:00+00:00,19.677642800922968,324.989990234375,496.80999755859375
2026-09-03 01:39:00+00:00,19.677642800922968,324.989990234375,496.80999755859375
2026-09-03 01:40:00+00:00,19.677642800922968,324.989990234375,496.80999755859375
2026-09-03 01:41:00+00:00,19.675360877721232,324.989990234375,496.80999755859375
2026-09-03 01:42:00+00:00,19.675360877721232,324.989990234375,496.80999755859375
2026-09-03 01:43:00+00:00,19.675360877721232,324.989990234375,496.80999755859375
2026-09-03 01:44:00+00:00,19.673078954519497,324.989990234375,496.80999755859375
2026-09-03 01:45:00+00:00,19.673078954519497,324.989990234375,496.80999755859375
2026-09-03 01:46:00+00:00,19.670801077280885,324.989990234375,496.80999755859375
2026-09-03 01:47:00+00:00,19.670801077280885,324.989990234375,496.80999755859375
2026-09-03 01:48:00+00:00,19.670801077280885,324.989990234375,496.80999755859375
2026-09-03 01:49:00+00:00,19.670801077280885,324.989990234375,496.80999755859375
2026-09-03 01:50:00+00:00,19.670801077280885,324.989990234375,496.80999755859375
2026-09-03 01:51:00+00:00,19.66852117706071,324.989990234375,496.80999755859375
2026-09-03 01:52:00+00:00,19.670801077280885,324.989990234375,496.80999755859375
2026-09-03 01:53:00+00:00,19.670801077280885,324.989990234375,496.80999755859375
2026-09-03 01:54:00+00:00,19.670801077280885,324.989990234375,496.80999755859375
2026-09-03 01:55:00+00:00,19.66852117706071,324.989990234375,496.80999755859375
2026-09-03 01:56:00+00:00,19.666241276840537,324.989990234375,496.80999755859375
2026-09-03 01:57:00+00:00,19.666241276840537,324.989990234375,496.80999755859375
2026-09-03 01:58:00+00:00,19.666241276840537,324.989990234375,496.80999755859375
2026-09-03 01:59:00+00:00,19.666241276840537,324.989990234375,496.80999755859375
2026-09-03 02:00:00+00:00,19.66852117706071,324.989990234375,496.80999755859375
2026-09-03 02:01:00+00:00,19.66852117706071,324.989990234375,496.80999755859375
2026-09-03 02:02:00+00:00,19.66852117706071,324.989990234375,496.80999755859375
2026-09-03 02:03:00+00:00,19.670801077280885,324.989990234375,496.80999755859375
2026-09-03 02:04:00+00:00,19.66852117706071,324.989990234375,496.80999755859375
2026-09-03 02:05:00+00:00,19.66852117706071,324.989990234375,496.80999755859375
2026-09-03 02:06:00+00:00,19.66852117706071,324.989990234375,496.80999755859375
2026-09-03 02:07:00+00:00,19.66852117706071,324.989990234375,496.80999755859375
2026-09-03 02:08:00+00:00,19.66852117706071,324.989990234375,496.80999755859375
2026-09-03 02:09:00+00:00,19.66852117706071,324.989990234375,496.80999755859375
2026-09-03 02:10:00+00:00,19.666241276840537,324.989990234375,496.80999755859375
2026-09-03 02:11:00+00:00,19.666241276840537,324.989990234375,496.80999755859375
2026-09-03 02:12:00+00:00,19.666241276840537,324.989990234375,496.80999755859375
2026-09-03 02:13:00+00:00,19.66852117706071,324.989990234375,496.80999755859375
2026-09-03 02:14:00+00:00,19.66852117706071,324.989990234375,496.80999755859375
2026-09-03 02:15:00+00:00,19.66852117706071,324.989990234375,496.80999755859375
2026-09-03 02:16:00+00:00,19.66852117706071,324.989990234375,496.80999755859375
2026-09-03 02:17:00+00:00,19.670801077280885,324.989990234375,496.80999755859375
2026-09-03 02:18:00+00:00,19.666241276840537,324.989990234375,496.80999755859375
2026-09-03 02:19:00+00:00,19.66852117706071,324.989990234375,496.80999755859375
2026-09-03 02:20:00+00:00,19.66852117706071,324.989990234375,496.80999755859375
2026-09-03 02:21:00+00:00,19.670801077280885,324.989990234375,496.80999755859375
2026-09-03 02:22:00+00:00,19.670801077280885,324.989990234375,496.80999755859375
2026-09-03 02:23:00+00:00,19.670801077280885,324.989990234375,496.80999755859375
2026-09-03 02:24:00+00:00,19.673078954519497,324.989990234375,496.80999755859375
2026-09-03 02:25:00+00:00,19.673078954519497,324.989990234375,496.80999755859375
2026-09-03 02:26:00+00:00,19.670801077280885,324.989990234375,496.80999755859375
2026-09-03 02:27:00+00:00,19.670801077280885,324.989990234375,496.80999755859375
2026-09-03 02:28:00+00:00,19.673078954519497,324.989990234375,496.80999755859375
2026-09-03 02:29:00+00:00,19.673078954519497,324.989990234375,496.80999755859375
2026-09-03 02:30:00+00:00,19.673078954519497,324.989990234375,496.80999755859375
2026-09-03 02:31:00+00:00,19.673078954519497,324.989990234375,496.80999755859375
2026-09-03 02:32:00+00:00,19.673078954519497,324.989990234375,496.80999755859375
2026-09-03 02:33:00+00:00,19.677642800922968,324.989990234375,496.80999755859375
2026-09-03 02:34:00+00:00,19.677642800922968,324.989990234375,496.80999755859375
2026-09-03 02:35:00+00:00,19.679924724124703,324.989990234375,496.80999755859375
2026-09-03 02:36:00+00:00,19.677642800922968,324.989990234375,496.80999755859375
2026-09-03 02:37:00+00:00,19.677642800922968,324.989990234375,496.80999755859375
2026-09-03 02:38:00+00:00,19.679924724124703,324.989990234375,496.80999755859375
2026-09-03 02:39:00+00:00,19.68220664732644,324.989990234375,496.80999755859375
2026-09-03 02:40:00+00:00,19.679924724124703,324.989990234375,496.80999755859375
2026-09-03 02:41:00+00:00,19.677642800922968,324.989990234375,496.80999755859375
2026-09-03 02:42:00+00:00,19.675360877721232,324.989990234375,496.80999755859375
2026-09-03 02:43:00+00:00,19.677642800922968,324.989990234375,496.80999755859375
2026-09-03 02:44:00+00:00,19.675360877721232,324.989990234375,496.80999755859375
2026-09-03 02:45:00+00:00,19.675360877721232,324.989990234375,496.80999755859375
2026-09-03 02:46:00+00:00,19.675360877721232,324.989990234375,496.80999755859375
2026-09-03 02:47:00+00:00,19.673078954519497,324.989990234375,496.80999755859375
2026-09-03 02:48:00+00:00,19.673078954519497,324.989990234375,496.80999755859375
2026-09-03 02:49:00+00:00,19.677642800922968,324.989990234375,496.80999755859375
2026-09-03 02:50:00+00:00,19.677642800922968,324.989990234375,496.80999755859375
2026-09-03 02:51:00+00:00,19.675360877721232,324.989990234375,496.80999755859375
2026-09-03 02:52:00+00:00,19.677642800922968,324.989990234375,496.80999755859375
2026-09-03 02:53:00+00:00,19.677642800922968,324.989990234375,496.80999755859375
2026-09-03 02:54:00+00:00,19.679924724124703,324.989990234375,496.80999755859375
2026-09-03 02:55:00+00:00,19.677642800922968,324.989990234375,496.80999755859375
2026-09-03 02:56:00+00:00,19.677642800922968,324.989990234375,496.80999755859375
2026-09-03 02:57:00+00:00,19.677642800922968,324.989990234375,496.80999755859375
2026-09-03 02:58:00+00:00,19.675360877721232,324.989990234375,496.80999755859375
2026-09-03 02:59:00+00:00,19.675360877721232,324.989990234375,496.80999755859375
2026-09-03 03:00:00+00:00,19.677642800922968,324.989990234375,496.80999755859375
2026-09-03 03:01:00+00:00,19.675360877721232,324.989990234375,496.80999755859375
2026-09-03 03:02:00+00:00,19.675360877721232,324.989990234375,496.80999755859375
2026-09-03 03:03:00+00:00,19.677642800922968,324.989990234375,496.80999755859375
2026-09-03 03:04:00+00:00,19.679924724124703,324.989990234375,496.80999755859375
2026-09-03 03:05:00+00:00,19.679924724124703,324.989990234375,496.80999755859375
2026-09-03 03:06:00+00:00,19.68220664732644,324.989990234375,496.80999755859375
2026-09-03 03:07:00+00:00,19.68220664732644,324.989990234375,496.80999755859375
2026-09-03 03:08:00+00:00,19.68220664732644,324.989990234375,496.80999755859375
2026-09-03 03:09:00+00:00,19.684490593509736,324.989990234375,496.80999755859375
2026-09-03 03:10:00+00:00,19.68220664732644,324.989990234375,496.80999755859375
2026-09-03 03:11:00+00:00,19.684490593509736,324.989990234375,496.80999755859375
2026-09-03 03:12:00+00:00,19.684490593509736,324.989990234375,496.80999755859375
2026-09-03 03:13:00+00:00,19.68220664732644,324.989990234375,496.80999755859375
2026-09-03 03:14:00+00:00,19.68220664732644,324.989990234375,496.80999755859375
2026-09-03 03:15:00+00:00,19.68220664732644,324.989990234375,496.80999755859375
2026-09-03 03:16:00+00:00,19.68220664732644,324.989990234375,496.80999755859375
2026-09-03 03:17:00+00:00,19.68220664732644,324.989990234375,496.80999755859375
2026-09-03 03:18:00+00:00,19.68220664732644,324.989990234375,496.80999755859375
2026-09-03 03:19:00+00:00,19.684490593509736,324.989990234375,496.80999755859375
2026-09-03 03:20:00+00:00,19.68220664732644,324.989990234375,496.80999755859375
2026-09-03 03:21:00+00:00,19.68220664732644,324.989990234375,496.80999755859375
2026-09-03 03:22:00+00:00,19.68220664732644,324.989990234375,496.80999755859375
2026-09-03 03:23:00+00:00,19.68220664732644,324.989990234375,496.80999755859375
2026-09-03 03:24:00+00:00,19.68220664732644,324.989990234375,496.80999755859375
2026-09-03 03:25:00+00:00,19.68220664732644,324.989990234375,496.80999755859375
2026-09-03 03:26:00+00:00,19.684490593509736,324.989990234375,496.80999755859375
2026-09-03 03:27:00+00:00,19.68220664732644,324.989990234375,496.80999755859375
2026-09-03 03:28:00+00:00,19.684490593509736,324.989990234375,496.80999755859375
2026-09-03 03:29:00+00:00,19.684490593509736,324.989990234375,496.80999755859375
2026-09-03 03:30:00+00:00,19.684490593509736,324.989990234375,496.80999755859375
2026-09-03 03:31:00+00:00,19.68220664732644,324.989990234375,496.80999755859375
2026-09-03 03:32:00+00:00,19.68220664732644,324.989990234375,496.80999755859375
2026-09-03 03:33:00+00:00,19.684490593509736,324.989990234375,496.80999755859375
2026-09-03 03:34:00+00:00,19.684490593509736,324.989990234375,496.80999755859375
2026-09-03 03:35:00+00:00,19.684490593509736,324.989990234375,496.80999755859375
2026-09-03 03:36:00+00:00,19.684490593509736,324.989990234375,496.80999755859375
2026-09-03 03:37:00+00:00,19.684490593509736,324.989990234375,496.80999755859375
2026-09-03 03:38:00+00:00,19.684490593509736,324.989990234375,496.80999755859375
2026-09-03 03:39:00+00:00,19.684490593509736,324.989990234375,496.80999755859375
2026-09-03 03:40:00+00:00,19.684490593509736,324.989990234375,496.80999755859375
2026-09-03 03:41:00+00:00,19.684490593509736,324.989990234375,496.80999755859375
2026-09-03 03:42:00+00:00,19.686774539693033,324.989990234375,496.80999755859375
2026-09-03 03:43:00+00:00,19.686774539693033,324.989990234375,496.80999755859375
2026-09-03 03:44:00+00:00,19.686774539693033,324.989990234375,496.80999755859375
2026-09-03 03:45:00+00:00,19.684490593509736,324.989990234375,496.80999755859375
2026-09-03 03:46:00+00:00,19.684490593509736,324.989990234375,496.80999755859375
2026-09-03 03:47:00+00:00,19.686774539693033,324.989990234375,496.80999755859375
2026-09-03 03:48:00+00:00,19.684490593509736,324.989990234375,496.80999755859375
2026-09-03 03:49:00+00:00,19.684490593509736,324.989990234375,496.80999755859375
2026-09-03 03:50:00+00:00,19.686774539693033,324.989990234375,496.80999755859375
2026-09-03 03:51:00+00:00,19.686774539693033,324.989990234375,496.80999755859375
2026-09-03 03:52:00+00:00,19.684490593509736,324.989990234375,496.80999755859375
2026-09-03 03:53:00+00:00,19.686774539693033,324.989990234375,496.80999755859375
2026-09-03 03:54:00+00:00,19.686774539693033,324.989990234375,496.80999755859375
2026-09-03 03:55:00+00:00,19.686774539693033,324.989990234375,496.80999755859375
2026-09-03 03:56:00+00:00,19.684490593509736,324.989990234375,496.80999755859375
2026-09-03 03:57:00+00:00,19.684490593509736,324.989990234375,496.80999755859375
2026-09-03 03:58:00+00:00,19.684490593509736,324.989990234375,496.80999755859375
2026-09-03 03:59:00+00:00,19.684490593509736,324.989990234375,496.80999755859375
2026-09-03 04:00:00+00:00,19.686774539693033,324.989990234375,496.80999755859375
2026-09-03 04:01:00+00:00,19.684490593509736,324.989990234375,496.80999755859375
2026-09-03 04:02:00+00:00,19.684490593509736,324.989990234375,496.80999755859375
2026-09-03 04:03:00+00:00,19.684490593509736,324.989990234375,496.80999755859375
2026-09-03 04:04:00+00:00,19.684490593509736,324.989990234375,496.80999755859375
2026-09-03 04:05:00+00:00,19.684490593509736,324.989990234375,496.80999755859375
2026-09-03 04:06:00+00:00,19.684490593509736,324.989990234375,496.80999755859375
2026-09-03 04:07:00+00:00,19.684490593509736,324.989990234375,496.80999755859375
2026-09-03 04:08:00+00:00,19.684490593509736,324.989990234375,496.80999755859375
2026-09-03 04:09:00+00:00,19.684490593509736,324.989990234375,496.80999755859375
2026-09-03 04:10:00+00:00,19.684490593509736,324.989990234375,496.80999755859375
2026-09-03 04:11:00+00:00,19.684490593509736,324.989990234375,496.80999755859375
2026-09-03 04:12:00+00:00,19.684490593509736,324.989990234375,496.80999755859375
2026-09-03 04:13:00+00:00,19.686774539693033,324.989990234375,496.80999755859375
2026-09-03 04:14:00+00:00,19.686774539693033,324.989990234375,496.80999755859375
2026-09-03 04:15:00+00:00,19.686774539693033,324.989990234375,496.80999755859375
2026-09-03 04:16:00+00:00,19.684490593509736,324.989990234375,496.80999755859375
2026-09-03 04:17:00+00:00,19.684490593509736,324.989990234375,496.80999755859375
2026-09-03 04:18:00+00:00,19.684490593509736,324.989990234375,496.80999755859375
2026-09-03 04:19:00+00:00,19.684490593509736,324.989990234375,496.80999755859375
2026-09-03 04:20:00+00:00,19.684490593509736,324.989990234375,496.80999755859375
2026-09-03 04:21:00+00:00,19.684490593509736,324.989990234375,496.80999755859375
2026-09-03 04:22:00+00:00,19.686774539693033,324.989990234375,496.80999755859375
2026-09-03 04:23:00+00:00,19.686774539693033,324.989990234375,496.80999755859375
2026-09-03 04:24:00+00:00,19.684490593509736,324.989990234375,496.80999755859375
2026-09-03 04:25:00+00:00,19.684490593509736,324.989990234375,496.80999755859375
2026-09-03 04:26:00+00:00,19.686774539693033,324.989990234375,496.80999755859375
2026-09-03 04:27:00+00:00,19.686774539693033,324.989990234375,496.80999755859375
2026-09-03 04:28:00+00:00,19.686774539693033,324.989990234375,496.80999755859375
2026-09-03 04:29:00+00:00,19.686774539693033,324.989990234375,496.80999755859375
2026-09-03 04:30:00+00:00,19.686774539693033,324.989990234375,496.80999755859375
2026-09-03 04:31:00+00:00,19.68905848587633,324.989990234375,496.80999755859375
2026-09-03 04:32:00+00:00,19.68905848587633,324.989990234375,496.80999755859375
2026-09-03 04:33:00+00:00,19.68905848587633,324.989990234375,496.80999755859375
2026-09-03 04:34:00+00:00,19.68905848587633,324.989990234375,496.80999755859375
2026-09-03 04:35:00+00:00,19.68905848587633,324.989990234375,496.80999755859375
2026-09-03 04:36:00+00:00,19.686774539693033,324.989990234375,496.80999755859375
2026-09-03 04:37:00+00:00,19.68905848587633,324.989990234375,496.80999755859375
2026-09-03 04:38:00+00:00,19.68905848587633,324.989990234375,496.80999755859375
2026-09-03 04:39:00+00:00,19.68905848587633,324.989990234375,496.80999755859375
2026-09-03 04:40:00+00:00,19.691342432059628,324.989990234375,496.80999755859375
2026-09-03 04:41:00+00:00,19.68905848587633,324.989990234375,496.80999755859375
2026-09-03 04:42:00+00:00,19.68905848587633,324.989990234375,496.80999755859375
2026-09-03 04:43:00+00:00,19.691342432059628,324.989990234375,496.80999755859375
2026-09-03 04:44:00+00:00,19.68905848587633,324.989990234375,496.80999755859375
2026-09-03 04:45:00+00:00,19.68905848587633,324.989990234375,496.80999755859375
2026-09-03 04:46:00+00:00,19.68905848587633,324.989990234375,496.80999755859375
2026-09-03 04:47:00+00:00,19.68905848587633,324.989990234375,496.80999755859375
2026-09-03 04:48:00+00:00,19.68905848587633,324.989990234375,496.80999755859375
2026-09-03 04:49:00+00:00,19.686774539693033,324.989990234375,496.80999755859375
2026-09-03 04:50:00+00:00,19.68905848587633,324.989990234375,496.80999755859375
2026-09-03 04:51:00+00:00,19.686774539693033,324.989990234375,496.80999755859375
2026-09-03 04:52:00+00:00,19.684490593509736,324.989990234375,496.80999755859375
2026-09-03 04:53:00+00:00,19.684490593509736,324.989990234375,496.80999755859375
2026-09-03 04:54:00+00:00,19.684490593509736,324.989990234375,496.80999755859375
2026-09-03 04:55:00+00:00,19.684490593509736,324.989990234375,496.80999755859375
2026-09-03 04:56:00+00:00,19.684490593509736,324.989990234375,496.80999755859375
2026-09-03 04:57:00+00:00,19.68220664732644,324.989990234375,496.80999755859375
2026-09-03 04:58:00+00:00,19.68220664732644,324.989990234375,496.80999755859375
2026-09-03 04:59:00+00:00,19.68220664732644,324.989990234375,496.80999755859375
2026-09-03 05:00:00+00:00,19.684490593509736,324.989990234375,496.80999755859375
2026-09-03 05:01:00+00:00,19.68220664732644,324.989990234375,496.80999755859375
2026-09-03 05:02:00+00:00,19.68220664732644,324.989990234375,496.80999755859375
2026-09-03 05:03:00+00:00,19.679924724124703,324.989990234375,496.80999755859375
2026-09-03 05:04:00+00:00,19.68220664732644,324.989990234375,496.80999755859375
2026-09-03 05:05:00+00:00,19.68220664732644,324.989990234375,496.80999755859375
2026-09-03 05:06:00+00:00,19.679924724124703,324.989990234375,496.80999755859375
2026-09-03 05:07:00+00:00,19.68220664732644,324.989990234375,496.80999755859375
2026-09-03 05:08:00+00:00,19.68220664732644,324.989990234375,496.80999755859375
2026-09-03 05:09:00+00:00,19.679924724124703,324.989990234375,496.80999755859375
2026-09-03 05:10:00+00:00,19.679924724124703,324.989990234375,496.80999755859375
2026-09-03 05:11:00+00:00,19.679924724124703,324.989990234375,496.80999755859375
2026-09-03 05:12:00+00:00,19.68220664732644,324.989990234375,496.80999755859375
2026-09-03 05:13:00+00:00,19.68220664732644,324.989990234375,496.80999755859375
2026-09-03 05:14:00+00:00,19.68220664732644,324.989990234375,496.80999755859375
2026-09-03 05:15:00+00:00,19.68220664732644,324.989990234375,496.80999755859375
2026-09-03 05:16:00+00:00,19.68220664732644,324.989990234375,496.80999755859375
2026-09-03 05:17:00+00:00,19.68220664732644,324.989990234375,496.80999755859375
2026-09-03 05:18:00+00:00,19.684490593509736,324.989990234375,496.80999755859375
2026-09-03 05:19:00+00:00,19.68220664732644,324.989990234375,496.80999755859375
2026-09-03 05:20:00+00:00,19.68220664732644,324.989990234375,496.80999755859375
2026-09-03 05:21:00+00:00,19.68220664732644,324.989990234375,496.80999755859375
2026-09-03 05:22:00+00:00,19.684490593509736,324.989990234375,496.80999755859375
2026-09-03 05:23:00+00:00,19.684490593509736,324.989990234375,496.80999755859375
2026-09-03 05:24:00+00:00,19.686774539693033,324.989990234375,496.80999755859375
2026-09-03 05:25:00+00:00,19.686774539693033,324.989990234375,496.80999755859375
2026-09-03 05:26:00+00:00,19.68905848587633,324.989990234375,496.80999755859375
2026-09-03 05:27:00+00:00,19.68905848587633,324.989990234375,496.80999755859375
2026-09-03 05:28:00+00:00,19.686774539693033,324.989990234375,496.80999755859375
2026-09-03 05:29:00+00:00,19.686774539693033,324.989990234375,496.80999755859375
2026-09-03 05:30:00+00:00,19.686774539693033,324.989990234375,496.80999755859375
2026-09-03 05:31:00+00:00,19.686774539693033,324.989990234375,496.80999755859375
2026-09-03 05:32:00+00:00,19.686774539693033,324.989990234375,496.80999755859375
2026-09-03 05:33:00+00:00,19.686774539693033,324.989990234375,496.80999755859375
2026-09-03 05:34:00+00:00,19.686774539693033,324.989990234375,496.80999755859375
2026-09-03 05:35:00+00:00,19.686774539693033,324.989990234375,496.80999755859375
2026-09-03 05:36:00+00:00,19.686774539693033,324.989990234375,496.80999755859375
2026-09-03 05:37:00+00:00,19.68905848587633,324.989990234375,496.80999755859375
2026-09-03 05:38:00+00:00,19.68905848587633,324.989990234375,496.80999755859375
2026-09-03 05:39:00+00:00,19.68905848587633,324.989990234375,496.80999755859375
2026-09-03 05:40:00+00:00,19.68905848587633,324.989990234375,496.80999755859375
2026-09-03 05:41:00+00:00,19.68905848587633,324.989990234375,496.80999755859375
2026-09-03 05:42:00+00:00,19.68905848587633,324.989990234375,496.80999755859375
2026-09-03 05:43:00+00:00,19.68905848587633,324.989990234375,496.80999755859375
2026-09-03 05:44:00+00:00,19.68905848587633,324.989990234375,496.80999755859375
2026-09-03 05:45:00+00:00,19.68905848587633,324.989990234375,496.80999755859375
2026-09-03 05:46:00+00:00,19.686774539693033,324.989990234375,496.80999755859375
2026-09-03 05:47:00+00:00,19.68905848587633,324.989990234375,496.80999755859375
2026-09-03 05:48:00+00:00,19.68905848587633,324.989990234375,496.80999755859375
2026-09-03 05:49:00+00:00,19.68905848587633,324.989990234375,496.80999755859375
2026-09-03 05:50:00+00:00,19.691342432059628,324.989990234375,496.80999755859375
2026-09-03 05:51:00+00:00,19.691342432059628,324.989990234375,496.80999755859375
2026-09-03 05:52:00+00:00,19.68905848587633,324.989990234375,496.80999755859375
2026-09-03 05:53:00+00:00,19.68905848587633,324.989990234375,496.80999755859375
2026-09-03 05:54:00+00:00,19.686774539693033,324.989990234375,496.80999755859375
2026-09-03 05:55:00+00:00,19.68905848587633,324.989990234375,496.80999755859375
2026-09-03 05:56:00+00:00,19.68905848587633,324.989990234375,496.80999755859375
2026-09-03 05:57:00+00:00,19.691342432059628,324.989990234375,496.80999755859375
2026-09-03 05:58:00+00:00,19.691342432059628,324.989990234375,496.80999755859375
2026-09-03 05:59:00+00:00,19.691342432059628,324.989990234375,496.80999755859375
2026-09-03 06:00:00+00:00,19.691342432059628,324.989990234375,496.80999755859375
2026-09-03 06:01:00+00:00,19.68905848587633,324.989990234375,496.80999755859375
2026-09-03 06:02:00+00:00,19.68905848587633,324.989990234375,496.80999755859375
2026-09-03 06:03:00+00:00,19.68905848587633,324.989990234375,496.80999755859375
2026-09-03 06:04:00+00:00,19.68905848587633,324.989990234375,496.80999755859375
2026-09-03 06:05:00+00:00,19.691342432059628,324.989990234375,496.80999755859375
2026-09-03 06:06:00+00:00,19.691342432059628,324.989990234375,496.80999755859375
2026-09-03 06:07:00+00:00,19.686774539693033,324.989990234375,496.80999755859375
2026-09-03 06:08:00+00:00,19.691342432059628,324.989990234375,496.80999755859375
2026-09-03 06:09:00+00:00,19.68905848587633,324.989990234375,496.80999755859375
2026-09-03 06:10:00+00:00,19.686774539693033,324.989990234375,496.80999755859375
2026-09-03 06:11:00+00:00,19.684490593509736,324.989990234375,496.80999755859375
2026-09-03 06:12:00+00:00,19.686774539693033,324.989990234375,496.80999755859375
2026-09-03 06:13:00+00:00,19.684490593509736,324.989990234375,496.80999755859375
2026-09-03 06:14:00+00:00,19.686774539693033,324.989990234375,496.80999755859375
2026-09-03 06:15:00+00:00,19.686774539693033,324.989990234375,496.80999755859375
2026-09-03 06:16:00+00:00,19.686774539693033,324.989990234375,496.80999755859375
2026-09-03 06:17:00+00:00,19.68905848587633,324.989990234375,496.80999755859375
2026-09-03 06:18:00+00:00,19.68905848587633,324.989990234375,496.80999755859375
2026-09-03 06:19:00+00:00,19.686774539693033,324.989990234375,496.80999755859375
2026-09-03 06:20:00+00:00,19.686774539693033,324.989990234375,496.80999755859375
2026-09-03 06:21:00+00:00,19.686774539693033,324.989990234375,496.80999755859375
2026-09-03 06:22:00+00:00,19.686774539693033,324.989990234375,496.80999755859375
2026-09-03 06:23:00+00:00,19.686774539693033,324.989990234375,496.80999755859375
2026-09-03 06:24:00+00:00,19.686774539693033,324.989990234375,496.80999755859375
2026-09-03 06:25:00+00:00,19.686774539693033,324.989990234375,496.80999755859375
2026-09-03 06:26:00+00:00,19.68905848587633,324.989990234375,496.80999755859375
2026-09-03 06:27:00+00:00,19.691342432059628,324.989990234375,496.80999755859375
2026-09-03 06:28:00+00:00,19.691342432059628,324.989990234375,496.80999755859375
2026-09-03 06:29:00+00:00,19.691342432059628,324.989990234375,496.80999755859375
2026-09-03 06:30:00+00:00,19.693628401224487,324.989990234375,496.80999755859375
2026-09-03 06:31:00+00:00,19.695914370389346,324.989990234375,496.80999755859375
2026-09-03 06:32:00+00:00,19.698200339554205,324.989990234375,496.80999755859375
2026-09-03 06:33:00+00:00,19.702774300865485,324.989990234375,496.80999755859375
2026-09-03 06:34:00+00:00,19.700486308719064,324.989990234375,496.80999755859375
2026-09-03 06:35:00+00:00,19.702774300865485,324.989990234375,496.80999755859375
2026-09-03 06:36:00+00:00,19.702774300865485,324.989990234375,496.80999755859375
2026-09-03 06:37:00+00:00,19.700486308719064,324.989990234375,496.80999755859375
2026-09-03 06:38:00+00:00,19.700486308719064,324.989990234375,496.80999755859375
2026-09-03 06:39:00+00:00,19.700486308719064,324.989990234375,496.80999755859375
2026-09-03 06:40:00+00:00,19.702774300865485,324.989990234375,496.80999755859375
2026-09-03 06:41:00+00:00,19.702774300865485,324.989990234375,496.80999755859375
2026-09-03 06:42:00+00:00,19.702774300865485,324.989990234375,496.80999755859375
2026-09-03 06:43:00+00:00,19.702774300865485,324.989990234375,496.80999755859375
2026-09-03 06:44:00+00:00,19.702774300865485,324.989990234375,496.80999755859375
2026-09-03 06:45:00+00:00,19.702774300865485,324.989990234375,496.80999755859375
2026-09-03 06:46:00+00:00,19.702774300865485,324.989990234375,496.80999755859375
2026-09-03 06:47:00+00:00,19.702774300865485,324.989990234375,496.80999755859375
2026-09-03 06:48:00+00:00,19.705062293011906,324.989990234375,496.80999755859375
2026-09-03 06:49:00+00:00,19.702774300865485,324.989990234375,496.80999755859375
2026-09-03 06:50:00+00:00,19.702774300865485,324.989990234375,496.80999755859375
2026-09-03 06:51:00+00:00,19.702774300865485,324.989990234375,496.80999755859375
2026-09-03 06:52:00+00:00,19.702774300865485,324.989990234375,496.80999755859375
2026-09-03 06:53:00+00:00,19.702774300865485,324.989990234375,496.80999755859375
2026-09-03 06:54:00+00:00,19.702774300865485,324.989990234375,496.80999755859375
2026-09-03 06:55:00+00:00,19.702774300865485,324.989990234375,496.80999755859375
2026-09-03 06:56:00+00:00,19.705062293011906,324.989990234375,496.80999755859375
2026-09-03 06:57:00+00:00,19.705062293011906,324.989990234375,496.80999755859375
2026-09-03 06:58:00+00:00,19.700486308719064,324.989990234375,496.80999755859375
2026-09-03 06:59:00+00:00,19.698200339554205,324.989990234375,496.80999755859375
2026-09-03 07:00:00+00:00,19.700486308719064,324.989990234375,496.80999755859375
2026-09-03 07:01:00+00:00,19.705062293011906,324.989990234375,496.80999755859375
2026-09-03 07:02:00+00:00,19.71192829243273,324.989990234375,496.80999755859375
2026-09-03 07:03:00+00:00,19.709638277304748,324.989990234375,496.80999755859375
2026-09-03 07:04:00+00:00,19.71192829243273,324.989990234375,496.80999755859375
2026-09-03 07:05:00+00:00,19.714218307560714,324.989990234375,496.80999755859375
2026-09-03 07:06:00+00:00,19.71192829243273,324.989990234375,496.80999755859375
2026-09-03 07:07:00+00:00,19.714218307560714,324.989990234375,496.80999755859375
2026-09-03 07:08:00+00:00,19.714218307560714,324.989990234375,496.80999755859375
2026-09-03 07:09:00+00:00,19.714218307560714,324.989990234375,496.80999755859375
2026-09-03 07:10:00+00:00,19.714218307560714,324.989990234375,496.80999755859375
2026-09-03 07:11:00+00:00,19.71192829243273,324.989990234375,496.80999755859375
2026-09-03 07:12:00+00:00,19.707350285158327,324.989990234375,496.80999755859375
2026-09-03 07:13:00+00:00,19.707350285158327,324.989990234375,496.80999755859375
2026-09-03 07:14:00+00:00,19.702774300865485,324.989990234375,496.80999755859375
2026-09-03 07:15:00+00:00,19.702774300865485,324.989990234375,496.80999755859375
2026-09-03 07:16:00+00:00,19.705062293011906,324.989990234375,496.80999755859375
2026-09-03 07:17:00+00:00,19.702774300865485,324.989990234375,496.80999755859375
2026-09-03 07:18:00+00:00,19.707350285158327,324.989990234375,496.80999755859375
2026-09-03 07:19:00+00:00,19.707350285158327,324.989990234375,496.80999755859375
2026-09-03 07:20:00+00:00,19.705062293011906,324.989990234375,496.80999755859375
2026-09-03 07:21:00+00:00,19.702774300865485,324.989990234375,496.80999755859375
2026-09-03 07:22:00+00:00,19.702774300865485,324.989990234375,496.80999755859375
2026-09-03 07:23:00+00:00,19.707350285158327,324.989990234375,496.80999755859375
2026-09-03 07:24:00+00:00,19.705062293011906,324.989990234375,496.80999755859375
2026-09-03 07:25:00+00:00,19.702774300865485,324.989990234375,496.80999755859375
2026-09-03 07:26:00+00:00,19.700486308719064,324.989990234375,496.80999755859375
2026-09-03 07:27:00+00:00,19.702774300865485,324.989990234375,496.80999755859375
2026-09-03 07:28:00+00:00,19.702774300865485,324.989990234375,496.80999755859375
2026-09-03 07:29:00+00:00,19.700486308719064,324.989990234375,496.80999755859375
2026-09-03 07:30:00+00:00,19.77594548273646,324.989990234375,496.80999755859375
2026-09-03 07:31:00+00:00,19.79916403077914,324.989990234375,496.80999755859375
2026-09-03 07:32:00+00:00,19.76433620871512,324.989990234375,496.80999755859375
2026-09-03 07:33:00+00:00,19.770141952847098,324.989990234375,496.80999755859375
2026-09-03 07:34:00+00:00,19.79916403077914,324.989990234375,496.80999755859375
2026-09-03 07:35:00+00:00,19.79807328235802,324.989990234375,496.80999755859375
2026-09-03 07:36:00+00:00,19.794569192077688,324.989990234375,496.80999755859375
2026-09-03 07:37:00+00:00,19.788764795298448,324.989990234375,496.80999755859375
2026-09-03 07:38:00+00:00,19.750434903726273,324.989990234375,496.80999755859375
2026-09-03 07:39:00+00:00,19.738826976800738,324.989990234375,496.80999755859375
2026-09-03 07:40:00+00:00,19.72493192682805,324.989990234375,496.80999755859375
2026-09-03 07:41:00+00:00,19.73653629292903,324.989990234375,496.80999755859375
2026-09-03 07:42:00+00:00,19.763259797628052,324.989990234375,496.80999755859375
2026-09-03 07:43:00+00:00,19.759749452588494,324.989990234375,496.80999755859375
2026-09-03 07:44:00+00:00,19.769061307259108,324.989990234375,496.80999755859375
2026-09-03 07:45:00+00:00,19.791061540972805,324.989990234375,496.80999755859375
2026-09-03 07:46:00+00:00,19.771356032418225,324.989990234375,496.80999755859375
2026-09-03 07:47:00+00:00,19.788764795298448,324.989990234375,496.80999755859375
2026-09-03 07:48:00+00:00,19.780666539993035,324.989990234375,496.80999755859375
2026-09-03 07:49:00+00:00,19.782962612247957,324.989990234375,496.80999755859375
2026-09-03 07:50:00+00:00,19.782962612247957,324.989990234375,496.80999755859375
2026-09-03 07:51:00+00:00,19.77486503036198,324.989990234375,496.80999755859375
2026-09-03 07:52:00+00:00,19.788764795298448,324.989990234375,496.80999755859375
2026-09-03 07:53:00+00:00,19.785258684502878,324.989990234375,496.80999755859375
2026-09-03 07:54:00+00:00,19.7875547567578,324.989990234375,496.80999755859375
2026-09-03 07:55:00+00:00,19.785258684502878,324.989990234375,496.80999755859375
2026-09-03 07:56:00+00:00,19.791061540972805,324.989990234375,496.80999755859375
2026-09-03 07:57:00+00:00,19.778242238625808,324.989990234375,496.80999755859375
2026-09-03 07:58:00+00:00,19.785258684502878,324.989990234375,496.80999755859375
2026-09-03 07:59:00+00:00,19.785258684502878,324.989990234375,496.80999755859375
2026-09-03 08:00:00+00:00,19.777160429197465,324.989990234375,496.80999755859375
2026-09-03 08:01:00+00:00,19.753947269538003,324.989990234375,496.80999755859375
2026-09-03 08:02:00+00:00,19.75745607452518,324.989990234375,496.80999755859375
2026-09-03 08:03:00+00:00,19.770141952847098,324.989990234375,496.80999755859375
2026-09-03 08:04:00+00:00,19.785258684502878,324.989990234375,496.80999755859375
2026-09-03 08:05:00+00:00,19.78985286093507,324.989990234375,496.80999755859375
2026-09-03 08:06:00+00:00,19.784048657030326,324.989990234375,496.80999755859375
2026-09-03 08:07:00+00:00,19.784048657030326,324.989990234375,496.80999755859375
2026-09-03 08:08:00+00:00,19.781751226868437,324.989990234375,496.80999755859375
2026-09-03 08:09:00+00:00,19.795657064839816,324.989990234375,496.80999755859375
2026-09-03 08:10:00+00:00,19.80037137512818,324.989990234375,496.80999755859375
2026-09-03 08:11:00+00:00,19.80617577190742,324.989990234375,496.80999755859375
2026-09-03 08:12:00+00:00,19.80617577190742,324.989990234375,496.80999755859375
2026-09-03 08:13:00+00:00,19.813182124652485,324.989990234375,496.80999755859375
2026-09-03 08:14:00+00:00,19.795775189587857,324.989990234375,496.80999755859375
2026-09-03 08:15:00+00:00,19.795775189587857,324.989990234375,496.80999755859375
2026-09-03 08:16:00+00:00,19.784171303949734,324.989990234375,496.80999755859375
2026-09-03 08:17:00+00:00,19.73195492518562,324.989990234375,496.80999755859375
2026-09-03 08:18:00+00:00,19.743558810823743,324.989990234375,496.80999755859375
2026-09-03 08:19:00+00:00,19.748142872758763,324.989990234375,496.80999755859375
2026-09-03 08:20:00+00:00,19.759749452588494,324.989990234375,496.80999755859375
2026-09-03 08:21:00+00:00,19.794569192077688,324.989990234375,496.80999755859375
2026-09-03 08:22:00+00:00,19.792271772726963,324.989990234375,496.80999755859375
2026-09-03 08:23:00+00:00,19.79807328235802,324.989990234375,496.80999755859375
2026-09-03 08:24:00+00:00,19.78646804962409,324.989990234375,496.80999755859375
2026-09-03 08:25:00+00:00,19.788764795298448,324.989990234375,496.80999755859375
2026-09-03 08:26:00+00:00,19.782962612247957,324.989990234375,496.80999755859375
2026-09-03 08:27:00+00:00,19.782962612247957,324.989990234375,496.80999755859375
2026-09-03 08:28:00+00:00,19.777160429197465,324.989990234375,496.80999755859375
2026-09-03 08:29:00+00:00,19.785258684502878,324.989990234375,496.80999755859375
2026-09-03 08:30:00+00:00,19.777160429197465,324.989990234375,496.80999755859375
2026-09-03 08:31:00+00:00,19.782962612247957,324.989990234375,496.80999755859375
2026-09-03 08:32:00+00:00,19.785258684502878,324.989990234375,496.80999755859375
2026-09-03 08:33:00+00:00,19.782962612247957,324.989990234375,496.80999755859375
2026-09-03 08:34:00+00:00,19.777160429197465,324.989990234375,496.80999755859375
2026-09-03 08:35:00+00:00,19.777160429197465,324.989990234375,496.80999755859375
2026-09-03 08:36:00+00:00,19.777160429197465,324.989990234375,496.80999755859375
2026-09-03 08:37:00+00:00,19.771356032418225,324.989990234375,496.80999755859375
2026-09-03 08:38:00+00:00,19.773650757577343,324.989990234375,496.80999755859375
2026-09-03 08:39:00+00:00,19.773650757577343,324.989990234375,496.80999755859375
2026-09-03 08:40:00+00:00,19.773650757577343,324.989990234375,496.80999755859375
2026-09-03 08:41:00+00:00,19.773650757577343,324.989990234375,496.80999755859375
2026-09-03 08:42:00+00:00,19.80847453835395,324.989990234375,496.80999755859375
2026-09-03 08:43:00+00:00,19.833989638600542,324.989990234375,496.80999755859375
2026-09-03 08:44:00+00:00,19.83629313567235,324.989990234375,496.80999755859375
2026-09-03 08:45:00+00:00,19.871125002600138,324.989990234375,496.80999755859375
2026-09-03 08:46:00+00:00,19.92799891394725,324.989990234375,496.80999755859375
2026-09-03 08:47:00+00:00,19.89084939305303,324.989990234375,496.80999755859375
2026-09-03 08:48:00+00:00,19.89665648573009,324.989990234375,496.80999755859375
2026-09-03 08:49:00+00:00,19.908268456327278,324.989990234375,496.80999755859375
2026-09-03 08:50:00+00:00,19.914073334247405,324.989990234375,496.80999755859375
2026-09-03 08:51:00+00:00,19.91756749183719,324.989990234375,496.80999755859375
2026-09-03 08:52:00+00:00,19.919880426924465,324.989990234375,496.80999755859375
2026-09-03 08:53:00+00:00,19.91869785587687,324.989990234375,496.80999755859375
2026-09-03 08:54:00+00:00,19.91869785587687,324.989990234375,496.80999755859375
2026-09-03 08:55:00+00:00,19.92799891394725,324.989990234375,496.80999755859375
2026-09-03 08:56:00+00:00,19.93729727544178,324.989990234375,496.80999755859375
2026-09-03 08:57:00+00:00,19.93380668089685,324.989990234375,496.80999755859375
2026-09-03 08:58:00+00:00,19.92799891394725,324.989990234375,496.80999755859375
2026-09-03 08:59:00+00:00,19.904772276177027,324.989990234375,496.80999755859375
2026-09-03 09:00:00+00:00,19.901276962752945,324.989990234375,496.80999755859375
2026-09-03 09:01:00+00:00,19.901276962752945,324.989990234375,496.80999755859375
2026-09-03 09:02:00+00:00,19.875740086471296,324.989990234375,496.80999755859375
2026-09-03 09:03:00+00:00,19.864126767586185,324.989990234375,496.80999755859375
2026-09-03 09:04:00+00:00,19.864126767586185,324.989990234375,496.80999755859375
2026-09-03 09:05:00+00:00,19.865320798695393,324.989990234375,496.80999755859375
2026-09-03 09:06:00+00:00,19.865320798695393,324.989990234375,496.80999755859375
2026-09-03 09:07:00+00:00,19.863013930775196,324.989990234375,496.80999755859375
2026-09-03 09:08:00+00:00,19.888539828814146,324.989990234375,496.80999755859375
2026-09-03 09:09:00+00:00,19.888539828814146,324.989990234375,496.80999755859375
2026-09-03 09:10:00+00:00,19.888539828814146,324.989990234375,496.80999755859375
2026-09-03 09:11:00+00:00,19.874623204796535,324.989990234375,496.80999755859375
2026-09-03 09:12:00+00:00,19.90015045112341,324.989990234375,496.80999755859375
2026-09-03 09:13:00+00:00,19.90015045112341,324.989990234375,496.80999755859375
2026-09-03 09:14:00+00:00,19.89553066931694,324.989990234375,496.80999755859375
2026-09-03 09:15:00+00:00,19.874623204796535,324.989990234375,496.80999755859375
2026-09-03 09:16:00+00:00,19.889727812847013,324.989990234375,496.80999755859375
2026-09-03 09:17:00+00:00,19.889727812847013,324.989990234375,496.80999755859375
2026-09-03 09:18:00+00:00,19.892036008707237,324.989990234375,496.80999755859375
2026-09-03 09:19:00+00:00,19.892036008707237,324.989990234375,496.80999755859375
2026-09-03 09:20:00+00:00,19.8978395385966,324.989990234375,496.80999755859375
2026-09-03 09:21:00+00:00,19.89322180003728,324.989990234375,496.80999755859375
2026-09-03 09:22:00+00:00,19.892036008707237,324.989990234375,496.80999755859375
2026-09-03 09:23:00+00:00,19.874623204796535,324.989990234375,496.80999755859375
2026-09-03 09:24:00+00:00,19.883922742391405,324.989990234375,496.80999755859375
2026-09-03 09:25:00+00:00,19.88161522020755,324.989990234375,496.80999755859375
2026-09-03 09:26:00+00:00,19.870010854106567,324.989990234375,496.80999755859375
2026-09-03 09:27:00+00:00,19.858404274276836,324.989990234375,496.80999755859375
2026-09-03 09:28:00+00:00,19.864206457327327,324.989990234375,496.80999755859375
2026-09-03 09:29:00+00:00,19.852599877497596,324.989990234375,496.80999755859375
2026-09-03 09:30:00+00:00,19.852599877497596,324.989990234375,496.80999755859375
2026-09-03 09:31:00+00:00,19.852599877497596,324.989990234375,496.80999755859375
2026-09-03 09:32:00+00:00,19.864206457327327,324.989990234375,496.80999755859375
2026-09-03 09:33:00+00:00,19.84449421329373,324.989990234375,496.80999755859375
2026-09-03 09:34:00+00:00,19.84449421329373,324.989990234375,496.80999755859375
2026-09-03 09:35:00+00:00,19.84449421329373,324.989990234375,496.80999755859375
2026-09-03 09:36:00+00:00,19.84449421329373,324.989990234375,496.80999755859375
2026-09-03 09:37:00+00:00,19.84449421329373,324.989990234375,496.80999755859375
2026-09-03 09:38:00+00:00,19.846797694447105,324.989990234375,496.80999755859375
2026-09-03 09:39:00+00:00,19.846797694447105,324.989990234375,496.80999755859375
2026-09-03 09:40:00+00:00,19.840993297667865,324.989990234375,496.80999755859375
2026-09-03 09:41:00+00:00,19.840993297667865,324.989990234375,496.80999755859375
2026-09-03 09:42:00+00:00,19.840993297667865,324.989990234375,496.80999755859375
2026-09-03 09:43:00+00:00,19.843296105144873,324.989990234375,496.80999755859375
2026-09-03 09:44:00+00:00,19.843296105144873,324.989990234375,496.80999755859375
2026-09-03 09:45:00+00:00,19.843296105144873,324.989990234375,496.80999755859375
2026-09-03 09:46:00+00:00,19.843296105144873,324.989990234375,496.80999755859375
2026-09-03 09:47:00+00:00,19.843296105144873,324.989990234375,496.80999755859375
2026-09-03 09:48:00+00:00,19.84559891262188,324.989990234375,496.80999755859375
2026-09-03 09:49:00+00:00,19.84559891262188,324.989990234375,496.80999755859375
2026-09-03 09:50:00+00:00,19.84559891262188,324.989990234375,496.80999755859375
2026-09-03 09:51:00+00:00,19.84559891262188,324.989990234375,496.80999755859375
2026-09-03 09:52:00+00:00,19.837493248674946,324.989990234375,496.80999755859375
2026-09-03 09:53:00+00:00,19.839795382732518,324.989990234375,496.80999755859375
2026-09-03 09:54:00+00:00,19.839795382732518,324.989990234375,496.80999755859375
2026-09-03 09:55:00+00:00,19.831688178219338,324.989990234375,496.80999755859375
2026-09-03 09:56:00+00:00,19.843296105144873,324.989990234375,496.80999755859375
2026-09-03 09:57:00+00:00,19.84559891262188,324.989990234375,496.80999755859375
2026-09-03 09:58:00+00:00,19.84559891262188,324.989990234375,496.80999755859375
2026-09-03 09:59:00+00:00,19.833989638600542,324.989990234375,496.80999755859375
2026-09-03 10:00:00+00:00,19.851404656753857,324.989990234375,496.80999755859375
2026-09-03 10:01:00+00:00,19.851404656753857,324.989990234375,496.80999755859375
2026-09-03 10:02:00+00:00,19.854904032070408,324.989990234375,496.80999755859375
2026-09-03 10:03:00+00:00,19.85720818664322,324.989990234375,496.80999755859375
2026-09-03 10:04:00+00:00,19.85720818664322,324.989990234375,496.80999755859375
2026-09-03 10:05:00+00:00,19.863013930775196,324.989990234375,496.80999755859375
2026-09-03 10:06:00+00:00,19.903645282728576,324.989990234375,496.80999755859375
2026-09-03 10:07:00+00:00,19.8978395385966,324.989990234375,496.80999755859375
2026-09-03 10:08:00+00:00,19.91874652316801,324.989990234375,496.80999755859375
2026-09-03 10:09:00+00:00,19.92455159362362,324.989990234375,496.80999755859375
2026-09-03 10:10:00+00:00,19.916434959696744,324.989990234375,496.80999755859375
2026-09-03 10:11:00+00:00,19.904828379867013,324.989990234375,496.80999755859375
2026-09-03 10:12:00+00:00,19.904828379867013,324.989990234375,496.80999755859375
2026-09-03 10:13:00+00:00,19.90251816349155,324.989990234375,496.80999755859375
2026-09-03 10:14:00+00:00,19.890912930757622,324.989990234375,496.80999755859375
2026-09-03 10:15:00+00:00,19.87350618839264,324.989990234375,496.80999755859375
2026-09-03 10:16:00+00:00,19.8328889805598,324.989990234375,496.80999755859375
2026-09-03 10:17:00+00:00,19.792271772726963,324.989990234375,496.80999755859375
2026-09-03 10:18:00+00:00,19.780666539993035,324.989990234375,496.80999755859375
2026-09-03 10:19:00+00:00,19.80737907522598,324.989990234375,496.80999755859375
2026-09-03 10:20:00+00:00,19.80737907522598,324.989990234375,496.80999755859375
2026-09-03 10:21:00+00:00,19.815482238194818,324.989990234375,496.80999755859375
2026-09-03 10:22:00+00:00,19.815482238194818,324.989990234375,496.80999755859375
2026-09-03 10:23:00+00:00,19.809678515091946,324.989990234375,496.80999755859375
2026-09-03 10:24:00+00:00,19.77486503036198,324.989990234375,496.80999755859375
2026-09-03 10:25:00+00:00,19.777160429197465,324.989990234375,496.80999755859375
2026-09-03 10:26:00+00:00,19.78646804962409,324.989990234375,496.80999755859375
2026-09-03 10:27:00+00:00,19.78646804962409,324.989990234375,496.80999755859375
2026-09-03 10:28:00+00:00,19.78646804962409,324.989990234375,496.80999755859375
2026-09-03 10:29:00+00:00,19.80157823901436,324.989990234375,496.80999755859375
2026-09-03 10:30:00+00:00,19.80387700546089,324.989990234375,496.80999755859375
2026-09-03 10:31:00+00:00,19.80737907522598,324.989990234375,496.80999755859375
2026-09-03 10:32:00+00:00,19.805081670262553,324.989990234375,496.80999755859375
2026-09-03 10:33:00+00:00,19.80737907522598,324.989990234375,496.80999755859375
2026-09-03 10:34:00+00:00,19.816684209996993,324.989990234375,496.80999755859375
2026-09-03 10:35:00+00:00,19.816684209996993,324.989990234375,496.80999755859375
2026-09-03 10:36:00+00:00,19.851491829200313,324.989990234375,496.80999755859375
2026-09-03 10:37:00+00:00,19.857291992588443,324.989990234375,496.80999755859375
2026-09-03 10:38:00+00:00,19.828286749731433,324.989990234375,496.80999755859375
2026-09-03 10:39:00+00:00,19.822484373385123,324.989990234375,496.80999755859375
2026-09-03 10:40:00+00:00,19.81438545912988,324.989990234375,496.80999755859375
2026-09-03 10:41:00+00:00,19.805081670262553,324.989990234375,496.80999755859375
2026-09-03 10:42:00+00:00,19.799281506874422,324.989990234375,496.80999755859375
2026-09-03 10:43:00+00:00,19.796984774734483,324.989990234375,496.80999755859375
2026-09-03 10:44:00+00:00,19.805081670262553,324.989990234375,496.80999755859375
2026-09-03 10:45:00+00:00,19.828286749731433,324.989990234375,496.80999755859375
2026-09-03 10:46:00+00:00,19.828286749731433,324.989990234375,496.80999755859375
2026-09-03 10:47:00+00:00,19.83058684650223,324.989990234375,496.80999755859375
2026-09-03 10:48:00+00:00,19.83058684650223,324.989990234375,496.80999755859375
2026-09-03 10:49:00+00:00,19.83058684650223,324.989990234375,496.80999755859375
2026-09-03 10:50:00+00:00,19.8328889805598,324.989990234375,496.80999755859375
2026-09-03 10:51:00+00:00,19.83058684650223,324.989990234375,496.80999755859375
2026-09-03 10:52:00+00:00,19.824783797075725,324.989990234375,496.80999755859375
2026-09-03 10:53:00+00:00,19.80387700546089,324.989990234375,496.80999755859375
2026-09-03 10:54:00+00:00,19.80387700546089,324.989990234375,496.80999755859375
2026-09-03 10:55:00+00:00,19.80617577190742,324.989990234375,496.80999755859375
2026-09-03 10:56:00+00:00,19.80847453835395,324.989990234375,496.80999755859375
2026-09-03 10:57:00+00:00,19.796866611428413,324.989990234375,496.80999755859375
2026-09-03 10:58:00+00:00,19.77945582803295,324.989990234375,496.80999755859375
2026-09-03 10:59:00+00:00,19.77945582803295,324.989990234375,496.80999755859375
2026-09-03 11:00:00+00:00,19.771356032418225,324.989990234375,496.80999755859375
2026-09-03 11:01:00+00:00,19.771356032418225,324.989990234375,496.80999755859375
2026-09-03 11:02:00+00:00,19.794569192077688,324.989990234375,496.80999755859375
2026-09-03 11:03:00+00:00,19.796866611428413,324.989990234375,496.80999755859375
2026-09-03 11:04:00+00:00,19.80617577190742,324.989990234375,496.80999755859375
2026-09-03 11:05:00+00:00,19.80266946789834,324.989990234375,496.80999755859375
2026-09-03 11:06:00+00:00,19.81197795495791,324.989990234375,496.80999755859375
2026-09-03 11:07:00+00:00,19.809678515091946,324.989990234375,496.80999755859375
2026-09-03 11:08:00+00:00,19.823584534787642,324.989990234375,496.80999755859375
2026-09-03 11:09:00+00:00,19.851404656753857,324.989990234375,496.80999755859375
2026-09-03 11:10:00+00:00,19.888539828814146,324.989990234375,496.80999755859375
2026-09-03 11:11:00+00:00,19.888539828814146,324.989990234375,496.80999755859375
2026-09-03 11:12:00+00:00,19.871125002600138,324.989990234375,496.80999755859375
2026-09-03 11:13:00+00:00,19.888539828814146,324.989990234375,496.80999755859375
2026-09-03 11:14:00+00:00,19.89084939305303,324.989990234375,496.80999755859375
2026-09-03 11:15:00+00:00,19.856015696018403,324.989990234375,496.80999755859375
2026-09-03 11:16:00+00:00,19.850208603341343,324.989990234375,496.80999755859375
2026-09-03 11:17:00+00:00,19.835094577880454,324.989990234375,496.80999755859375
2026-09-03 11:18:00+00:00,19.81416806659081,324.989990234375,496.80999755859375
2026-09-03 11:19:00+00:00,19.801347445666124,324.989990234375,496.80999755859375
2026-09-03 11:20:00+00:00,19.793240409004284,324.989990234375,496.80999755859375
2026-09-03 11:21:00+00:00,19.804854210128724,324.989990234375,496.80999755859375
2026-09-03 11:22:00+00:00,19.85131827674104,324.989990234375,496.80999755859375
2026-09-03 11:23:00+00:00,19.86643296123384,324.989990234375,496.80999755859375
2026-09-03 11:24:00+00:00,19.878047628406875,324.989990234375,496.80999755859375
2026-09-03 11:25:00+00:00,19.875740086471296,324.989990234375,496.80999755859375
2026-09-03 11:26:00+00:00,19.887353405356407,324.989990234375,496.80999755859375
2026-09-03 11:27:00+00:00,19.89665648573009,324.989990234375,496.80999755859375
2026-09-03 11:28:00+00:00,19.898966724241518,324.989990234375,496.80999755859375
2026-09-03 11:29:00+00:00,19.898966724241518,324.989990234375,496.80999755859375
2026-09-03 11:30:00+00:00,19.904772276177027,324.989990234375,496.80999755859375
2026-09-03 11:31:00+00:00,19.914073334247405,324.989990234375,496.80999755859375
2026-09-03 11:32:00+00:00,19.91638559506214,324.989990234375,496.80999755859375
2026-09-03 11:33:00+00:00,19.925685304844592,324.989990234375,496.80999755859375
2026-09-03 11:34:00+00:00,19.93961223283236,324.989990234375,496.80999755859375
2026-09-03 11:35:00+00:00,19.94192719022294,324.989990234375,496.80999755859375
2026-09-03 11:36:00+00:00,19.947733416173833,324.989990234375,496.80999755859375
2026-09-03 11:37:00+00:00,19.93961223283236,324.989990234375,496.80999755859375
2026-09-03 11:38:00+00:00,19.93729727544178,324.989990234375,496.80999755859375
2026-09-03 11:39:00+00:00,19.93961223283236,324.989990234375,496.80999755859375
2026-09-03 11:40:00+00:00,19.93961223283236,324.989990234375,496.80999755859375
2026-09-03 11:41:00+00:00,19.94541778476787,324.989990234375,496.80999755859375
2026-09-03 11:42:00+00:00,19.95122555171747,324.989990234375,496.80999755859375
2026-09-03 11:43:00+00:00,19.95122555171747,324.989990234375,496.80999755859375
2026-09-03 11:44:00+00:00,19.95122555171747,324.989990234375,496.80999755859375
2026-09-03 11:45:00+00:00,19.95703110365298,324.989990234375,496.80999755859375
2026-09-03 11:46:00+00:00,19.959348083346867,324.989990234375,496.80999755859375
2026-09-03 11:47:00+00:00,19.959348083346867,324.989990234375,496.80999755859375
2026-09-03 11:48:00+00:00,19.961667111652332,324.989990234375,496.80999755859375
2026-09-03 11:49:00+00:00,19.96979593091737,324.989990234375,496.80999755859375
2026-09-03 11:50:00+00:00,19.96979593091737,324.989990234375,496.80999755859375
2026-09-03 11:51:00+00:00,19.96515652456901,324.989990234375,496.80999755859375
2026-09-03 11:52:00+00:00,19.96747622774319,324.989990234375,496.80999755859375
2026-09-03 11:53:00+00:00,19.961667111652332,324.989990234375,496.80999755859375
2026-09-03 11:54:00+00:00,19.891973227262497,324.989990234375,496.80999755859375
2026-09-03 11:55:00+00:00,19.901276962752945,324.989990234375,496.80999755859375
2026-09-03 11:56:00+00:00,19.950051094999253,324.989990234375,496.80999755859375
2026-09-03 11:57:00+00:00,19.950051094999253,324.989990234375,496.80999755859375
2026-09-03 11:58:00+00:00,19.944244194437033,324.989990234375,496.80999755859375
2026-09-03 11:59:00+00:00,19.950051094999253,324.989990234375,496.80999755859375
2026-09-03 12:00:00+00:00,19.96515652456901,324.989990234375,496.80999755859375
2026-09-03 12:01:00+00:00,19.96747622774319,324.989990234375,496.80999755859375
2026-09-03 12:02:00+00:00,19.96979593091737,324.989990234375,496.80999755859375
2026-09-03 12:03:00+00:00,19.97211563409155,324.989990234375,496.80999755859375
2026-09-03 12:04:00+00:00,19.97211563409155,324.989990234375,496.80999755859375
2026-09-03 12:05:00+00:00,19.97792388387643,324.989990234375,496.80999755859375
2026-09-03 12:06:00+00:00,19.98373434970472,324.989990234375,496.80999755859375
2026-09-03 12:07:00+00:00,19.974437386473483,324.989990234375,496.80999755859375
2026-09-03 12:08:00+00:00,19.98373434970472,324.989990234375,496.80999755859375
2026-09-03 12:09:00+00:00,19.98373434970472,324.989990234375,496.80999755859375
2026-09-03 12:10:00+00:00,19.97792388387643,324.989990234375,496.80999755859375
2026-09-03 12:11:00+00:00,19.96747622774319,324.989990234375,496.80999755859375
2026-09-03 12:12:00+00:00,19.97909224439627,324.989990234375,496.80999755859375
2026-09-03 12:13:00+00:00,19.96747622774319,324.989990234375,496.80999755859375
2026-09-03 12:14:00+00:00,19.981413297050494,324.989990234375,496.80999755859375
2026-09-03 12:15:00+00:00,19.981413297050494,324.989990234375,496.80999755859375
2026-09-03 12:16:00+00:00,19.981413297050494,324.989990234375,496.80999755859375
2026-09-03 12:17:00+00:00,19.981413297050494,324.989990234375,496.80999755859375
2026-09-03 12:18:00+00:00,19.97909224439627,324.989990234375,496.80999755859375
2026-09-03 12:19:00+00:00,19.99302844739759,324.989990234375,496.80999755859375
2026-09-03 12:20:00+00:00,19.98838364364383,324.989990234375,496.80999755859375
2026-09-03 12:21:00+00:00,19.99070604552071,324.989990234375,496.80999755859375
2026-09-03 12:22:00+00:00,19.98838364364383,324.989990234375,496.80999755859375
2026-09-03 12:23:00+00:00,19.98606329335871,324.989990234375,496.80999755859375
2026-09-03 12:24:00+00:00,19.994192084865972,324.989990234375,496.80999755859375
2026-09-03 12:25:00+00:00,19.991871060308313,324.989990234375,496.80999755859375
2026-09-03 12:26:00+00:00,19.989550035750653,324.989990234375,496.80999755859375
2026-09-03 12:27:00+00:00,19.977938065153467,324.989990234375,496.80999755859375
2026-09-03 12:28:00+00:00,19.977938065153467,324.989990234375,496.80999755859375
2026-09-03 12:29:00+00:00,19.974452189487693,324.989990234375,496.80999755859375
2026-09-03 12:30:00+00:00,19.98256873905484,324.989990234375,496.80999755859375
2026-09-03 12:31:00+00:00,19.98372644520896,324.989990234375,496.80999755859375
2026-09-03 12:32:00+00:00,19.98605024679864,324.989990234375,496.80999755859375
2026-09-03 12:33:00+00:00,19.994184976608267,324.989990234375,496.80999755859375
2026-09-03 12:34:00+00:00,19.9930267619211,324.989990234375,496.80999755859375
2026-09-03 12:35:00+00:00,19.986057452758814,324.989990234375,496.80999755859375
2026-09-03 12:36:00+00:00,19.990701608467134,324.989990234375,496.80999755859375
2026-09-03 12:37:00+00:00,19.990701608467134,324.989990234375,496.80999755859375
2026-09-03 12:38:00+00:00,19.9930267619211,324.989990234375,496.80999755859375
2026-09-03 12:39:00+00:00,20.015116193079848,324.989990234375,496.80999755859375
2026-09-03 12:40:00+00:00,20.012789011958375,324.989990234375,496.80999755859375
2026-09-03 12:41:00+00:00,20.00813464971543,324.989990234375,496.80999755859375
2026-09-03 12:42:00+00:00,20.00813464971543,324.989990234375,496.80999755859375
2026-09-03 12:43:00+00:00,20.00813464971543,324.989990234375,496.80999755859375
2026-09-03 12:44:00+00:00,20.01975741615297,324.989990234375,496.80999755859375
2026-09-03 12:45:00+00:00,20.01743298992733,324.989990234375,496.80999755859375
2026-09-03 12:46:00+00:00,20.022085949138727,324.989990234375,496.80999755859375
2026-09-03 12:47:00+00:00,20.02674301511024,324.989990234375,496.80999755859375
2026-09-03 12:48:00+00:00,20.02906949471594,324.989990234375,496.80999755859375
2026-09-03 12:49:00+00:00,20.038369837140635,324.989990234375,496.80999755859375
2026-09-03 12:50:00+00:00,20.041851578707792,324.989990234375,496.80999755859375
2026-09-03 12:51:00+00:00,20.041851578707792,324.989990234375,496.80999755859375
2026-09-03 12:52:00+00:00,20.04884326066758,324.989990234375,496.80999755859375
2026-09-03 12:53:00+00:00,20.053506437142232,324.989990234375,496.80999755859375
2026-09-03 12:54:00+00:00,20.04769143111298,324.989990234375,496.80999755859375
2026-09-03 12:55:00+00:00,20.0500233705352,324.989990234375,496.80999755859375
2026-09-03 12:56:00+00:00,20.031400081081756,324.989990234375,496.80999755859375
2026-09-03 12:57:00+00:00,20.0406976674185,324.989990234375,496.80999755859375
2026-09-03 12:58:00+00:00,20.05117587648897,324.989990234375,496.80999755859375
2026-09-03 12:59:00+00:00,20.04884326066758,324.989990234375,496.80999755859375
2026-09-03 13:00:00+00:00,20.04884326066758,324.989990234375,496.80999755859375
2026-09-03 13:01:00+00:00,20.053506437142232,324.989990234375,496.80999755859375
2026-09-03 13:02:00+00:00,20.05465913259968,324.989990234375,496.80999755859375
2026-09-03 13:03:00+00:00,20.04884326066758,324.989990234375,496.80999755859375
2026-09-03 13:04:00+00:00,20.05465913259968,324.989990234375,496.80999755859375
2026-09-03 13:05:00+00:00,20.052325840121057,324.989990234375,496.80999755859375
2026-09-03 13:06:00+00:00,20.052325840121057,324.989990234375,496.80999755859375
2026-09-03 13:07:00+00:00,20.058138817548752,324.989990234375,496.80999755859375
2026-09-03 13:08:00+00:00,20.058138817548752,324.989990234375,496.80999755859375
2026-09-03 13:09:00+00:00,20.034882472143636,324.989990234375,496.80999755859375
2026-09-03 13:10:00+00:00,20.03255531733066,324.989990234375,496.80999755859375
2026-09-03 13:11:00+00:00,20.015116193079848,324.989990234375,496.80999755859375
2026-09-03 13:12:00+00:00,20.05580896139145,324.989990234375,496.80999755859375
2026-09-03 13:13:00+00:00,20.084874907672656,324.989990234375,496.80999755859375
2026-09-03 13:14:00+00:00,20.08373183794447,324.989990234375,496.80999755859375
2026-09-03 13:15:00+00:00,20.095361363703432,324.989990234375,496.80999755859375
2026-09-03 13:16:00+00:00,20.075579967679005,324.989990234375,496.80999755859375
2026-09-03 13:17:00+00:00,20.07091414545721,324.989990234375,496.80999755859375
2026-09-03 13:18:00+00:00,20.068580205272156,324.989990234375,496.80999755859375
2026-09-03 13:19:00+00:00,20.07091414545721,324.989990234375,496.80999755859375
2026-09-03 13:20:00+00:00,20.07091414545721,324.989990234375,496.80999755859375
2026-09-03 13:21:00+00:00,20.079062605452236,324.989990234375,496.80999755859375
2026-09-03 13:22:00+00:00,20.079062605452236,324.989990234375,496.80999755859375
2026-09-03 13:23:00+00:00,20.079062605452236,324.989990234375,496.80999755859375
2026-09-03 13:24:00+00:00,20.08253961562332,324.989990234375,496.80999755859375
2026-09-03 13:25:00+00:00,20.084874907672656,324.989990234375,496.80999755859375
2026-09-03 13:26:00+00:00,20.09068942748263,324.989990234375,496.80999755859375
2026-09-03 13:27:00+00:00,20.094165085789427,324.989990234375,496.80999755859375
2026-09-03 13:28:00+00:00,20.102316249513024,324.989990234375,496.80999755859375
2026-09-03 13:29:00+00:00,20.113940853953864,324.989990234375,496.80999755859375
2026-09-03 13:30:00+00:00,20.099978929538338,324.764404296875,504.57501220703125
2026-09-03 13:31:00+00:00,20.111602182372735,325.3800048828125,506.885009765625
2026-09-03 13:32:00+00:00,20.129041496287755,327.3900146484375,507.9006042480469
2026-09-03 13:33:00+00:00,20.16044814207544,326.0766906738281,508.9800109863281
2026-09-03 13:34:00+00:00,20.16044814207544,325.6199951171875,508.489990234375
2026-09-03 13:35:00+00:00,20.148821320045045,324.364990234375,509.239990234375
2026-09-03 13:36:00+00:00,20.15229021928826,324.82000732421875,509.1400146484375
2026-09-03 13:37:00+00:00,20.133720831191795,325.2799987792969,510.489990234375
2026-09-03 13:38:00+00:00,20.119755373763837,325.7950134277344,510.2799987792969
2026-09-03 13:39:00+00:00,20.15810406303717,326.45001220703125,511.1300048828125
2026-09-03 13:40:00+00:00,20.147603413333854,325.5799865722656,510.57000732421875
2026-09-03 13:41:00+00:00,20.149946816311058,325.9200134277344,510.45001220703125
2026-09-03 13:42:00+00:00,20.14413586569708,325.9150085449219,510.7300109863281
2026-09-03 13:43:00+00:00,20.16972953320328,326.0299987792969,510.94500732421875
2026-09-03 13:44:00+00:00,20.172074964105832,326.4849853515625,510.7049865722656
2026-09-03 13:45:00+00:00,20.172074964105832,326.45001220703125,511.32000732421875
2026-09-03 13:46:00+00:00,20.16738410230073,326.3900146484375,511.8450012207031
2026-09-03 13:47:00+00:00,20.16503867139818,326.6000061035156,512.239990234375
2026-09-03 13:48:00+00:00,20.16503867139818,326.4800109863281,511.8500061035156
2026-09-03 13:49:00+00:00,20.162697377058066,326.5899963378906,511.54998779296875
2026-09-03 13:50:00+00:00,20.16503867139818,326.3999938964844,512.0250244140625
2026-09-03 13:51:00+00:00,20.170848946208935,326.4739990234375,512.1699829101562
2026-09-03 13:52:00+00:00,20.196443289518356,326.260009765625,511.6499938964844
2026-09-03 13:53:00+00:00,20.18481917121653,326.31500244140625,511.1400146484375
2026-09-03 13:54:00+00:00,20.18716662978659,326.2699890136719,511.1549987792969
2026-09-03 13:55:00+00:00,20.177887266326252,326.2099914550781,511.2950134277344
2026-09-03 13:56:00+00:00,20.18604649942972,325.9949951171875,510.8800048828125
2026-09-03 13:57:00+00:00,20.18023130415486,325.8399963378906,511.0899963378906
2026-09-03 13:58:00+00:00,20.19074420391007,325.69000244140625,511.29998779296875
2026-09-03 13:59:00+00:00,20.196558534136102,326.7200012207031,511.7799987792969
2026-09-03 14:00:00+00:00,20.189514088356646,326.1400146484375,511.0
2026-09-03 14:01:00+00:00,20.191859476857417,326.3900146484375,511.7250061035156
2026-09-03 14:02:00+00:00,20.18481917121653,326.3599853515625,512.0399780273438
2026-09-03 14:03:00+00:00,20.189514088356646,326.6700134277344,512.0250244140625
2026-09-03 14:04:00+00:00,20.18716662978659,326.0400085449219,511.05810546875
2026-09-03 14:05:00+00:00,20.18481917121653,326.3900146484375,511.68499755859375
2026-09-03 14:06:00+00:00,20.189514088356646,326.69000244140625,511.0400085449219
2026-09-03 14:07:00+00:00,20.189514088356646,326.7099914550781,511.0
2026-09-03 14:08:00+00:00,20.18716662978659,327.0256042480469,510.80010986328125
2026-09-03 14:09:00+00:00,20.18716662978659,327.06878662109375,511.0400085449219
2026-09-03 14:10:00+00:00,20.20114091038704,326.8299865722656,510.8800048828125
2026-09-03 14:11:00+00:00,20.198792099952698,327.0400085449219,511.3450012207031
2026-09-03 14:12:00+00:00,20.203487649559975,327.32501220703125,511.9750061035156
2026-09-03 14:13:00+00:00,20.205838531255722,327.5199890136719,512.3400268554688
2026-09-03 14:14:00+00:00,20.205838531255722,328.1300048828125,512.8300170898438
2026-09-03 14:15:00+00:00,20.203487649559975,328.2254943847656,512.3499755859375
2026-09-03 14:16:00+00:00,20.203487649559975,328.2755126953125,512.5900268554688
2026-09-03 14:17:00+00:00,20.203487649559975,328.260009765625,511.32110595703125
2026-09-03 14:18:00+00:00,20.203487649559975,328.3077087402344,511.1000061035156
2026-09-03 14:19:00+00:00,20.203487649559975,328.70001220703125,511.6499938964844
2026-09-03 14:20:00+00:00,20.20114091038704,328.6449890136719,511.30999755859375
2026-09-03 14:21:00+00:00,20.203487649559975,328.82000732421875,511.364990234375
2026-09-03 14:22:00+00:00,20.198792099952698,329.0398864746094,512.0770263671875
2026-09-03 14:23:00+00:00,20.20114091038704,329.2401123046875,512.5150146484375
2026-09-03 14:24:00+00:00,20.20114091038704,329.1654052734375,512.2000122070312
2026-09-03 14:25:00+00:00,20.198792099952698,329.2099914550781,510.9949951171875
2026-09-03 14:26:00+00:00,20.196443289518356,329.9049987792969,510.70001220703125
2026-09-03 14:27:00+00:00,20.198792099952698,330.1300048828125,510.5
2026-09-03 14:28:00+00:00,20.20114091038704,329.9750061035156,510.0849914550781
2026-09-03 14:29:00+00:00,20.20114091038704,329.7149963378906,510.1697998046875
2026-09-03 14:30:00+00:00,20.20114091038704,330.30999755859375,510.5950012207031
2026-09-03 14:31:00+00:00,20.20114091038704,330.45001220703125,510.7749938964844
2026-09-03 14:32:00+00:00,20.194094479084015,330.3349914550781,511.1000061035156
2026-09-03 14:33:00+00:00,20.196443289518356,329.9400939941406,510.7900085449219
2026-09-03 14:34:00+00:00,20.194094479084015,329.4200134277344,510.4881896972656
2026-09-03 14:35:00+00:00,20.194094479084015,329.56500244140625,510.5950012207031
2026-09-03 14:36:00+00:00,20.191749811172485,329.44500732421875,510.43499755859375
2026-09-03 14:37:00+00:00,20.194094479084015,329.07000732421875,510.3999938964844
2026-09-03 14:38:00+00:00,20.191749811172485,328.7049865722656,509.8500061035156
2026-09-03 14:39:00+00:00,20.18940307199955,328.375,509.510009765625
2026-09-03 14:40:00+00:00,20.18940307199955,328.1700134277344,509.0335998535156
2026-09-03 14:41:00+00:00,20.187056332826614,328.17999267578125,509.4800109863281
2026-09-03 14:42:00+00:00,20.187056332826614,328.4100036621094,509.2598876953125
2026-09-03 14:43:00+00:00,20.187056332826614,328.25,508.9049987792969
2026-09-03 14:44:00+00:00,20.187056332826614,328.31500244140625,508.9031982421875
2026-09-03 14:45:00+00:00,20.184711664915085,328.3399963378906,509.3750915527344
2026-09-03 14:46:00+00:00,20.187056332826614,328.5400085449219,508.7900085449219
2026-09-03 14:47:00+00:00,20.18940307199955,328.56500244140625,509.05999755859375
2026-09-03 14:48:00+00:00,20.191749811172485,328.67999267578125,509.226806640625
2026-09-03 14:49:00+00:00,20.18940307199955,328.860107421875,509.44879150390625
2026-09-03 14:50:00+00:00,20.194094479084015,328.80499267578125,508.7699890136719
2026-09-03 14:51:00+00:00,20.194094479084015,328.53070068359375,508.95001220703125
2026-09-03 14:52:00+00:00,20.194094479084015,328.1400146484375,508.489990234375
2026-09-03 14:53:00+00:00,20.196443289518356,327.7099914550781,508.1199951171875
2026-09-03 14:54:00+00:00,20.194094479084015,328.1300048828125,508.247314453125
2026-09-03 14:55:00+00:00,20.196443289518356,328.3299865722656,509.3399963378906
2026-09-03 14:56:00+00:00,20.194094479084015,328.17999267578125,509.30999755859375
2026-09-03 14:57:00+00:00,20.196443289518356,328.135009765625,509.2699890136719
2026-09-03 14:58:00+00:00,20.194094479084015,328.1499938964844,509.3599853515625
2026-09-03 14:59:00+00:00,20.191749811172485,327.9849853515625,509.96990966796875
2026-09-03 15:00:00+00:00,20.194094479084015,328.989990234375,510.052001953125
2026-09-03 15:01:00+00:00,20.198792099952698,328.875,510.0899963378906
2026-09-03 15:02:00+00:00,20.196443289518356,328.6199951171875,510.0450134277344
2026-09-03 15:03:00+00:00,20.198792099952698,328.9200134277344,510.3800048828125
2026-09-03 15:04:00+00:00,20.198792099952698,329.20001220703125,510.93499755859375
2026-09-03 15:05:00+00:00,20.198792099952698,329.4100036621094,511.260009765625
2026-09-03 15:06:00+00:00,20.20114091038704,329.5799865722656,511.04998779296875
2026-09-03 15:07:00+00:00,20.20114091038704,329.67999267578125,511.0249938964844
2026-09-03 15:08:00+00:00,20.20114091038704,329.7950134277344,511.3949890136719
2026-09-03 15:09:00+00:00,20.20114091038704,330.0450134277344,511.30499267578125
2026-09-03 15:10:00+00:00,20.20114091038704,330.5299987792969,511.70001220703125
2026-09-03 15:11:00+00:00,20.20114091038704,330.5885009765625,511.6099853515625
2026-09-03 15:12:00+00:00,20.20114091038704,330.67999267578125,511.93499755859375
2026-09-03 15:13:00+00:00,20.20114091038704,330.614990234375,512.0250244140625
2026-09-03 15:14:00+00:00,20.203487649559975,330.4649963378906,512.2100219726562
2026-09-03 15:15:00+00:00,20.20114091038704,330.6050109863281,512.5999755859375
2026-09-03 15:16:00+00:00,20.198792099952698,330.57000732421875,512.864990234375
2026-09-03 15:17:00+00:00,20.20114091038704,330.360107421875,512.5349731445312
2026-09-03 15:18:00+00:00,20.198792099952698,330.1600036621094,512.3200073242188
2026-09-03 15:19:00+00:00,20.20114091038704,330.05999755859375,513.2249755859375
2026-09-03 15:20:00+00:00,20.20114091038704,330.05999755859375,512.6300048828125
2026-09-03 15:21:00+00:00,20.20114091038704,330.2699890136719,512.18408203125
2026-09-03 15:22:00+00:00,20.20114091038704,329.9400939941406,512.5050048828125
2026-09-03 15:23:00+00:00,20.203487649559975,329.82000732421875,513.0599975585938
2026-09-03 15:24:00+00:00,20.20114091038704,329.5299072265625,512.5399780273438
2026-09-03 15:25:00+00:00,20.203487649559975,329.7550048828125,512.780029296875
2026-09-03 15:26:00+00:00,20.203487649559975,330.2300109863281,513.0700073242188
2026-09-03 15:27:00+00:00,20.20114091038704,330.19000244140625,512.6599731445312
2026-09-03 15:28:00+00:00,20.20114091038704,329.7900085449219,512.4299926757812
2026-09-03 15:29:00+00:00,20.20114091038704,329.8299865722656,512.719970703125
2026-09-03 15:30:00+00:00,20.205838531255722,329.9100036621094,512.52001953125
2026-09-03 15:31:00+00:00,20.20818941295147,329.9280090332031,512.780029296875
2026-09-03 15:32:00+00:00,20.203487649559975,329.8800048828125,512.7899780273438
2026-09-03 15:33:00+00:00,20.203487649559975,330.0474853515625,512.3800048828125
2026-09-03 15:34:00+00:00,20.203487649559975,330.110107421875,512.6600952148438
2026-09-03 15:35:00+00:00,20.20114091038704,330.19000244140625,513.094970703125
2026-09-03 15:36:00+00:00,20.198792099952698,330.010009765625,512.8699951171875
2026-09-03 15:37:00+00:00,20.198792099952698,330.1199951171875,513.0
2026-09-03 15:38:00+00:00,20.196443289518356,330.0199890136719,512.9400024414062
2026-09-03 15:39:00+00:00,20.194094479084015,329.8399963378906,512.4349975585938
2026-09-03 15:40:00+00:00,20.196443289518356,329.68499755859375,512.2838134765625
2026-09-03 15:41:00+00:00,20.196443289518356,329.4200134277344,512.3200073242188
2026-09-03 15:42:00+00:00,20.194094479084015,329.4750061035156,512.8150024414062
2026-09-03 15:43:00+00:00,20.196443289518356,329.6199951171875,512.7100219726562
2026-09-03 15:44:00+00:00,20.196443289518356,329.67999267578125,512.6005249023438
2026-09-03 15:45:00+00:00,20.194094479084015,329.7149963378906,512.7650146484375
2026-09-03 15:46:00+00:00,20.194094479084015,329.6180114746094,512.8201293945312
2026-09-03 15:47:00+00:00,20.194094479084015,329.5205078125,512.8701171875
2026-09-03 15:48:00+00:00,20.194094479084015,329.7200012207031,512.8292236328125
2026-09-03 15:49:00+00:00,20.194094479084015,329.7300109863281,512.8405151367188
2026-09-03 15:50:00+00:00,20.191749811172485,329.4100036621094,512.989990234375
2026-09-03 15:51:00+00:00,20.191749811172485,329.45001220703125,513.52001953125
2026-09-03 15:52:00+00:00,20.191749811172485,329.3399963378906,513.6099853515625
2026-09-03 15:53:00+00:00,20.191749811172485,329.4446105957031,513.5599975585938
2026-09-03 15:54:00+00:00,20.191749811172485,329.5403137207031,514.3699951171875
2026-09-03 15:55:00+00:00,20.194094479084015,329.375,514.1099853515625
2026-09-03 15:56:00+00:00,20.194094479084015,329.3710021972656,514.0999755859375
2026-09-03 15:57:00+00:00,20.194094479084015,329.5849914550781,514.7449951171875
2026-09-03 15:58:00+00:00,20.198792099952698,329.614990234375,514.8300170898438
2026-09-03 15:59:00+00:00,20.20114091038704,329.7699890136719,514.7000122070312
2026-09-03 16:00:00+00:00,20.20114091038704,329.7349853515625,514.5050048828125
2026-09-03 16:01:00+00:00,20.20114091038704,329.8550109863281,514.844970703125
2026-09-03 16:02:00+00:00,20.20114091038704,329.94000244140625,514.8800048828125
2026-09-03 16:03:00+00:00,20.203487649559975,329.92498779296875,514.8049926757812
2026-09-03 16:04:00+00:00,20.203487649559975,329.9200134277344,514.1099853515625
2026-09-03 16:05:00+00:00,20.20114091038704,329.6700134277344,513.6138916015625
2026-09-03 16:06:00+00:00,20.20114091038704,329.6401062011719,513.60498046875
2026-09-03 16:07:00+00:00,20.203487649559975,329.5950012207031,513.219970703125
2026-09-03 16:08:00+00:00,20.203487649559975,329.7049865722656,513.3099975585938
2026-09-03 16:09:00+00:00,20.205838531255722,329.57000732421875,513.3236083984375
2026-09-03 16:10:00+00:00,20.205838531255722,329.7300109863281,513.5391845703125
2026-09-03 16:11:00+00:00,20.205838531255722,329.4504089355469,513.0750122070312
2026-09-03 16:12:00+00:00,20.20818941295147,329.635009765625,513.27001953125
2026-09-03 16:13:00+00:00,20.20818941295147,329.7850036621094,513.8049926757812
2026-09-03 16:14:00+00:00,20.20818941295147,330.02020263671875,513.9000244140625
2026-09-03 16:15:00+00:00,20.20818941295147,330.010009765625,513.6199951171875
2026-09-03 16:16:00+00:00,20.21288910508156,329.8800048828125,513.2449951171875
2026-09-03 16:17:00+00:00,20.21524205803871,329.82000732421875,513.27001953125
2026-09-03 16:18:00+00:00,20.21288910508156,329.7699890136719,513.47998046875
2026-09-03 16:19:00+00:00,20.21524205803871,329.6400146484375,513.3699951171875
2026-09-03 16:20:00+00:00,20.21288910508156,329.70001220703125,513.4801025390625
2026-09-03 16:21:00+00:00,20.21524205803871,329.8399963378906,513.2449951171875
2026-09-03 16:22:00+00:00,20.21524205803871,330.1200866699219,513.1500244140625
2026-09-03 16:23:00+00:00,20.21524205803871,330.5299987792969,513.2384033203125
2026-09-03 16:24:00+00:00,20.217595010995865,330.385009765625,513.0206298828125
2026-09-03 16:25:00+00:00,20.219945892691612,330.0400085449219,512.655029296875
2026-09-03 16:26:00+00:00,20.217595010995865,329.9549865722656,512.2412109375
2026-09-03 16:27:00+00:00,20.222298845648766,330.1650085449219,512.5700073242188
2026-09-03 16:28:00+00:00,20.222298845648766,330.1199951171875,512.4000244140625
2026-09-03 16:29:00+00:00,20.222298845648766,330.06988525390625,512.1799926757812
2026-09-03 16:30:00+00:00,20.224653869867325,330.0249938964844,512.239990234375
2026-09-03 16:31:00+00:00,20.222298845648766,329.9849853515625,512.094970703125
2026-09-03 16:32:00+00:00,20.222298845648766,330.0199890136719,512.02001953125
2026-09-03 16:33:00+00:00,20.222298845648766,330.05499267578125,512.280029296875
2026-09-03 16:34:00+00:00,20.222298845648766,330.1099853515625,512.3400268554688
2026-09-03 16:35:00+00:00,20.219945892691612,329.7749938964844,512.3701171875
2026-09-03 16:36:00+00:00,20.219945892691612,329.79998779296875,512.2449951171875
2026-09-03 16:37:00+00:00,20.222298845648766,329.8999938964844,512.0601196289062
2026-09-03 16:38:00+00:00,20.224653869867325,329.9649963378906,512.322021484375
2026-09-03 16:39:00+00:00,20.222298845648766,329.8999938964844,512.0399780273438
2026-09-03 16:40:00+00:00,20.222298845648766,329.8550109863281,512.0549926757812
2026-09-03 16:41:00+00:00,20.222298845648766,329.95001220703125,512.1400146484375
2026-09-03 16:42:00+00:00,20.222298845648766,329.8800048828125,512.1799926757812
2026-09-03 16:43:00+00:00,20.224653869867325,329.8599853515625,512.0750122070312
2026-09-03 16:44:00+00:00,20.224653869867325,329.8299865722656,512.0399780273438
2026-09-03 16:45:00+00:00,20.224653869867325,329.6400146484375,512.135009765625
2026-09-03 16:46:00+00:00,20.227006822824478,329.6145935058594,511.8500061035156
2026-09-03 16:47:00+00:00,20.227006822824478,329.6199951171875,511.44000244140625
2026-09-03 16:48:00+00:00,20.227006822824478,329.42999267578125,511.3999938964844
2026-09-03 16:49:00+00:00,20.227006822824478,329.4200134277344,511.3699951171875
2026-09-03 16:50:00+00:00,20.229363918304443,329.5151062011719,511.0799865722656
2026-09-03 16:51:00+00:00,20.229363918304443,329.364990234375,511.3299865722656
2026-09-03 16:52:00+00:00,20.229363918304443,329.4949951171875,511.239990234375
2026-09-03 16:53:00+00:00,20.231718942523003,329.25,511.04998779296875
2026-09-03 16:54:00+00:00,20.227006822824478,329.31500244140625,511.4794921875
2026-09-03 16:55:00+00:00,20.229363918304443,329.1549987792969,511.1499938964844
2026-09-03 16:56:00+00:00,20.229363918304443,329.010009765625,511.0299987792969
2026-09-03 16:57:00+00:00,20.229363918304443,329.1400146484375,510.9956970214844
2026-09-03 16:58:00+00:00,20.229363918304443,329.0199890136719,511.0050048828125
2026-09-03 16:59:00+00:00,20.227006822824478,328.9400939941406,511.0849914550781
2026-09-03 17:00:00+00:00,20.227006822824478,328.9849853515625,510.5849914550781
2026-09-03 17:01:00+00:00,20.227006822824478,328.8320007324219,510.4811096191406
2026-09-03 17:02:00+00:00,20.227006822824478,328.48028564453125,510.6499938964844
2026-09-03 17:03:00+00:00,20.227006822824478,328.614990234375,510.82000732421875
2026-09-03 17:04:00+00:00,20.224653869867325,328.69000244140625,510.7699890136719
2026-09-03 17:05:00+00:00,20.227006822824478,328.7099914550781,510.9501037597656
2026-09-03 17:06:00+00:00,20.227006822824478,328.6300048828125,510.7300109863281
2026-09-03 17:07:00+00:00,20.227006822824478,328.6000061035156,510.760009765625
2026-09-03 17:08:00+00:00,20.224653869867325,328.6050109863281,510.79998779296875
2026-09-03 17:09:00+00:00,20.222298845648766,328.510009765625,510.67498779296875
2026-09-03 17:10:00+00:00,20.224653869867325,328.3399963378906,510.9700012207031
2026-09-03 17:11:00+00:00,20.224653869867325,328.1000061035156,510.9700012207031
2026-09-03 17:12:00+00:00,20.224653869867325,328.19500732421875,510.8699951171875
2026-09-03 17:13:00+00:00,20.224653869867325,328.17999267578125,510.9200134277344
2026-09-03 17:14:00+00:00,20.224653869867325,328.114990234375,511.1000061035156
2026-09-03 17:15:00+00:00,20.227006822824478,328.2699890136719,510.9649963378906
2026-09-03 17:16:00+00:00,20.224653869867325,328.1300048828125,510.63250732421875
2026-09-03 17:17:00+00:00,20.224653869867325,328.1453857421875,510.67498779296875
2026-09-03 17:18:00+00:00,20.224653869867325,328.1400146484375,510.4649963378906
2026-09-03 17:19:00+00:00,20.222298845648766,327.9700012207031,510.5201110839844
2026-09-03 17:20:00+00:00,20.224653869867325,327.75,510.54998779296875
2026-09-03 17:21:00+00:00,20.227006822824478,327.6000061035156,510.57000732421875
2026-09-03 17:22:00+00:00,20.227006822824478,327.625,510.56500244140625
2026-09-03 17:23:00+00:00,20.227006822824478,327.7225036621094,510.32501220703125
2026-09-03 17:24:00+00:00,20.227006822824478,327.6600036621094,510.04998779296875
2026-09-03 17:25:00+00:00,20.224653869867325,327.7300109863281,510.19000244140625
2026-09-03 17:26:00+00:00,20.222298845648766,327.6600036621094,510.1199951171875
2026-09-03 17:27:00+00:00,20.222298845648766,327.5899963378906,510.0199890136719
2026-09-03 17:28:00+00:00,20.224653869867325,327.510009765625,509.79998779296875
2026-09-03 17:29:00+00:00,20.224653869867325,327.7300109863281,510.1000061035156
2026-09-03 17:30:00+00:00,20.227006822824478,327.7699890136719,509.97979736328125
2026-09-03 17:31:00+00:00,20.224653869867325,327.67999267578125,510.17498779296875
2026-09-03 17:32:00+00:00,20.227006822824478,327.6600036621094,509.8900146484375
2026-09-03 17:33:00+00:00,20.227006822824478,327.8299865722656,509.9150085449219
2026-09-03 17:34:00+00:00,20.224653869867325,327.75,509.9649963378906
2026-09-03 17:35:00+00:00,20.224653869867325,327.67608642578125,510.0523986816406
2026-09-03 17:36:00+00:00,20.224653869867325,327.5799865722656,510.1199951171875
2026-09-03 17:37:00+00:00,20.224653869867325,327.5400085449219,510.0199890136719
2026-09-03 17:38:00+00:00,20.224653869867325,327.2703857421875,510.04998779296875
2026-09-03 17:39:00+00:00,20.224653869867325,327.2149963378906,509.8450012207031
2026-09-03 17:40:00+00:00,20.224653869867325,326.7900085449219,509.8599853515625
2026-09-03 17:41:00+00:00,20.224653869867325,326.8900146484375,509.8349914550781
2026-09-03 17:42:00+00:00,20.224653869867325,326.9949951171875,509.8349914550781
2026-09-03 17:43:00+00:00,20.224653869867325,326.8299865722656,509.7799987792969
2026-09-03 17:44:00+00:00,20.224653869867325,326.9200134277344,510.19000244140625
2026-09-03 17:45:00+00:00,20.224653869867325,326.8800048828125,510.3699951171875
2026-09-03 17:46:00+00:00,20.224653869867325,326.7699890136719,510.3294982910156
2026-09-03 17:47:00+00:00,20.224653869867325,327.1400146484375,510.5050048828125
2026-09-03 17:48:00+00:00,20.224653869867325,327.1955871582031,510.6549987792969
2026-09-03 17:49:00+00:00,20.224653869867325,327.2054138183594,510.4599914550781
2026-09-03 17:50:00+00:00,20.222298845648766,327.0899963378906,510.9150085449219
2026-09-03 17:51:00+00:00,20.222298845648766,327.1400146484375,511.1600036621094
2026-09-03 17:52:00+00:00,20.222298845648766,327.0400085449219,511.2799987792969
2026-09-03 17:53:00+00:00,20.222298845648766,327.0799865722656,511.1900939941406
2026-09-03 17:54:00+00:00,20.222298845648766,327.1300048828125,511.17999267578125
2026-09-03 17:55:00+00:00,20.219945892691612,327.1152038574219,511.1095886230469
2026-09-03 17:56:00+00:00,20.219945892691612,327.1050109863281,511.1665954589844
2026-09-03 17:57:00+00:00,20.219945892691612,327.19000244140625,510.9200134277344
2026-09-03 17:58:00+00:00,20.219945892691612,327.010009765625,510.94000244140625
2026-09-03 17:59:00+00:00,20.217595010995865,326.8999938964844,510.9949951171875
2026-09-03 18:00:00+00:00,20.219945892691612,327.1499938964844,511.875
2026-09-03 18:01:00+00:00,20.219945892691612,327.1600036621094,512.0750122070312
2026-09-03 18:02:00+00:00,20.219945892691612,327.2349853515625,512.1849975585938
2026-09-03 18:03:00+00:00,20.219945892691612,327.2203063964844,513.2000122070312
2026-09-03 18:04:00+00:00,20.219945892691612,327.135009765625,513.4199829101562
2026-09-03 18:05:00+00:00,20.217595010995865,327.2650146484375,513.9749755859375
2026-09-03 18:06:00+00:00,20.217595010995865,327.1700134277344,514.342529296875
2026-09-03 18:07:00+00:00,20.217595010995865,327.1091003417969,514.6898803710938
2026-09-03 18:08:00+00:00,20.217595010995865,327.1296081542969,514.6099853515625
2026-09-03 18:10:00+00:00,20.222298845648766,327.19500732421875,514.760009765625
2026-09-03 18:11:00+00:00,20.222298845648766,327.2900085449219,514.719970703125
2026-09-03 18:12:00+00:00,20.222298845648766,327.364990234375,514.8201293945312
2026-09-03 18:13:00+00:00,20.222298845648766,327.3599853515625,514.8276977539062
2026-09-03 18:14:00+00:00,20.222298845648766,327.3299865722656,514.5850219726562
2026-09-03 18:15:00+00:00,20.222298845648766,327.5199890136719,514.5050048828125
2026-09-03 18:16:00+00:00,20.222298845648766,327.3500061035156,514.6400146484375
2026-09-03 18:17:00+00:00,20.222298845648766,327.44000244140625,514.5599975585938
2026-09-03 18:18:00+00:00,20.222298845648766,327.3800048828125,514.35498046875
2026-09-03 18:19:00+00:00,20.219945892691612,327.2174072265625,514.5800170898438
2026-09-03 18:20:00+00:00,20.219945892691612,327.1549987792969,514.7349853515625
2026-09-03 18:21:00+00:00,20.222298845648766,327.2099914550781,514.3800048828125
2026-09-03 18:22:00+00:00,20.219945892691612,327.17120361328125,514.4000854492188
2026-09-03 18:23:00+00:00,20.219945892691612,326.9599914550781,514.5399780273438
2026-09-03 18:24:00+00:00,20.222298845648766,326.9501953125,514.97998046875
2026-09-03 18:25:00+00:00,20.219945892691612,327.1401062011719,514.9099731445312
2026-09-03 18:26:00+00:00,20.222298845648766,327.04998779296875,515.1322021484375
2026-09-03 18:27:00+00:00,20.224653869867325,327.0299987792969,514.5
2026-09-03 18:28:00+00:00,20.222298845648766,327.05499267578125,514.77001953125
2026-09-03 18:29:00+00:00,20.222298845648766,327.1199951171875,514.72998046875
2026-09-03 18:30:00+00:00,20.222298845648766,327.010009765625,514.3699951171875
2026-09-03 18:31:00+00:00,20.219945892691612,327.1050109863281,513.8200073242188
2026-09-03 18:32:00+00:00,20.219945892691612,327.1400146484375,513.844970703125
2026-09-03 18:33:00+00:00,20.219945892691612,327.20001220703125,514.280029296875
2026-09-03 18:34:00+00:00,20.219945892691612,327.239990234375,513.8049926757812
2026-09-03 18:35:00+00:00,20.219945892691612,327.1499938964844,513.625
2026-09-03 18:36:00+00:00,20.219945892691612,327.1589050292969,513.5449829101562
2026-09-03 18:37:00+00:00,20.219945892691612,327.0299987792969,513.760009765625
2026-09-03 18:38:00+00:00,20.219945892691612,327.05499267578125,513.5700073242188
2026-09-03 18:39:00+00:00,20.219945892691612,327.1600036621094,513.7249755859375
2026-09-03 18:40:00+00:00,20.219945892691612,327.0199890136719,513.5349731445312
2026-09-03 18:41:00+00:00,20.219945892691612,326.989990234375,513.4199829101562
2026-09-03 18:42:00+00:00,20.219945892691612,326.95001220703125,513.3499755859375
2026-09-03 18:43:00+00:00,20.219945892691612,327.1099853515625,513.1099853515625
2026-09-03 18:44:00+00:00,20.219945892691612,326.8951110839844,513.3198852539062
2026-09-03 18:45:00+00:00,20.219945892691612,326.8699951171875,512.8499145507812
2026-09-03 18:46:00+00:00,20.219945892691612,326.67999267578125,512.6699829101562
2026-09-03 18:47:00+00:00,20.219945892691612,326.7820129394531,512.9650268554688
2026-09-03 18:48:00+00:00,20.217595010995865,326.8699951171875,512.8400268554688
2026-09-03 18:49:00+00:00,20.217595010995865,326.7900085449219,512.52001953125
2026-09-03 18:50:00+00:00,20.217595010995865,326.69500732421875,512.614990234375
2026-09-03 18:51:00+00:00,20.219945892691612,326.5950012207031,512.719970703125
2026-09-03 18:52:00+00:00,20.219945892691612,326.7300109863281,512.8400268554688
2026-09-03 18:53:00+00:00,20.219945892691612,326.9849853515625,512.655029296875
2026-09-03 18:54:00+00:00,20.219945892691612,326.94500732421875,512.3400268554688
2026-09-03 18:55:00+00:00,20.219945892691612,326.760009765625,512.260009765625
2026-09-03 18:56:00+00:00,20.219945892691612,326.9093933105469,512.2150268554688
2026-09-03 18:57:00+00:00,20.222298845648766,326.8800048828125,512.2000122070312
2026-09-03 18:58:00+00:00,20.219945892691612,326.95001220703125,512.2550048828125
2026-09-03 18:59:00+00:00,20.219945892691612,327.19000244140625,512.35498046875
2026-09-03 19:00:00+00:00,20.219945892691612,327.16009521484375,511.7049865722656
2026-09-03 19:01:00+00:00,20.219945892691612,327.25,511.91009521484375
2026-09-03 19:02:00+00:00,20.219945892691612,327.2449951171875,511.70001220703125
2026-09-03 19:03:00+00:00,20.217595010995865,327.3399963378906,511.92999267578125
2026-09-03 19:04:00+00:00,20.217595010995865,327.2699890136719,512.1240234375
2026-09-03 19:05:00+00:00,20.217595010995865,327.239990234375,512.27001953125
2026-09-03 19:06:00+00:00,20.217595010995865,327.4100036621094,512.3599853515625
2026-09-03 19:07:00+00:00,20.217595010995865,327.4700012207031,511.7300109863281
2026-09-03 19:08:00+00:00,20.217595010995865,327.5205078125,512.02001953125
2026-09-03 19:09:00+00:00,20.217595010995865,327.4800109863281,512.0399780273438
2026-09-03 19:10:00+00:00,20.217595010995865,327.4200134277344,511.4700012207031
2026-09-03 19:11:00+00:00,20.217595010995865,327.510009765625,511.3901062011719
2026-09-03 19:12:00+00:00,20.21524205803871,327.56500244140625,511.2699890136719
2026-09-03 19:13:00+00:00,20.21288910508156,327.4473876953125,511.4700012207031
2026-09-03 19:14:00+00:00,20.21288910508156,327.3500061035156,511.364990234375
2026-09-03 19:15:00+00:00,20.21288910508156,327.3399963378906,511.5600891113281
2026-09-03 19:16:00+00:00,20.21053822338581,327.5260009765625,511.8800048828125
2026-09-03 19:17:00+00:00,20.21053822338581,327.489990234375,512.0399169921875
2026-09-03 19:18:00+00:00,20.21288910508156,327.5199890136719,511.875
2026-09-03 19:19:00+00:00,20.21053822338581,327.5299987792969,512.0599975585938
2026-09-03 19:20:00+00:00,20.20818941295147,327.5050048828125,511.8500061035156
2026-09-03 19:21:00+00:00,20.20818941295147,327.55499267578125,511.6300048828125
2026-09-03 19:22:00+00:00,20.20818941295147,327.5574951171875,511.5299987792969
2026-09-03 19:23:00+00:00,20.20818941295147,327.54998779296875,511.32049560546875
2026-09-03 19:24:00+00:00,20.205838531255722,327.510009765625,511.2900085449219
2026-09-03 19:25:00+00:00,20.205838531255722,327.57550048828125,511.4049987792969
2026-09-03 19:26:00+00:00,20.205838531255722,327.7300109863281,511.3399963378906
2026-09-03 19:27:00+00:00,20.205838531255722,327.7699890136719,511.30999755859375
2026-09-03 19:28:00+00:00,20.205838531255722,327.7749938964844,511.04998779296875
2026-09-03 19:29:00+00:00,20.205838531255722,327.7950134277344,511.3699951171875
2026-09-03 19:30:00+00:00,20.205838531255722,327.57501220703125,511.0899963378906
2026-09-03 19:31:00+00:00,20.205838531255722,327.6000061035156,511.1000061035156
2026-09-03 19:32:00+00:00,20.20818941295147,327.55999755859375,510.8750915527344
2026-09-03 19:33:00+00:00,20.205838531255722,327.44500732421875,510.6400146484375
2026-09-03 19:34:00+00:00,20.205838531255722,327.5679931640625,510.7799987792969
2026-09-03 19:35:00+00:00,20.205838531255722,327.6582946777344,510.7699890136719
2026-09-03 19:36:00+00:00,20.205838531255722,327.57501220703125,510.6199951171875
2026-09-03 19:37:00+00:00,20.205838531255722,327.70001220703125,510.8999938964844
2026-09-03 19:38:00+00:00,20.205838531255722,327.635009765625,510.94000244140625
2026-09-03 19:39:00+00:00,20.205838531255722,327.510009765625,510.95001220703125
2026-09-03 19:40:00+00:00,20.205838531255722,327.489990234375,510.6700134277344
2026-09-03 19:41:00+00:00,20.20818941295147,327.5350036621094,510.6099853515625
2026-09-03 19:42:00+00:00,20.20818941295147,327.6700134277344,510.6199951171875
2026-09-03 19:43:00+00:00,20.20818941295147,327.7850036621094,510.6000061035156
2026-09-03 19:44:00+00:00,20.20818941295147,327.7835998535156,510.375
2026-09-03 19:45:00+00:00,20.21053822338581,327.8699951171875,510.7650146484375
2026-09-03 19:46:00+00:00,20.21053822338581,328.1499938964844,510.6400146484375
2026-09-03 19:47:00+00:00,20.21053822338581,328.05999755859375,510.510009765625
2026-09-03 19:48:00+00:00,20.21053822338581,328.1449890136719,510.6400146484375
2026-09-03 19:49:00+00:00,20.21053822338581,328.0144958496094,510.489990234375
2026-09-03 19:50:00+00:00,20.21053822338581,327.7850036621094,510.8599853515625
2026-09-03 19:51:00+00:00,20.21053822338581,327.8877868652344,510.92498779296875
2026-09-03 19:52:00+00:00,20.21053822338581,328.1549987792969,510.8699951171875
2026-09-03 19:53:00+00:00,20.20818941295147,328.18499755859375,510.9100036621094
2026-09-03 19:54:00+00:00,20.20818941295147,328.6199951171875,510.9649963378906
2026-09-03 19:55:00+00:00,20.21053822338581,328.4700012207031,510.4649963378906
2026-09-03 19:56:00+00:00,20.21053822338581,328.0299987792969,509.95001220703125
2026-09-03 19:57:00+00:00,20.21288910508156,328.1099853515625,509.94000244140625
2026-09-03 19:58:00+00:00,20.21288910508156,328.0799865722656,509.7699890136719
2026-09-03 19:59:00+00:00,20.21288910508156,328.2099914550781,510.0799865722656
2026-09-03 20:00:00+00:00,20.21053822338581,328.2099914550781,510.0799865722656
2026-09-03 20:01:00+00:00,20.21053822338581,328.2099914550781,510.0799865722656
2026-09-03 20:02:00+00:00,20.21053822338581,328.2099914550781,510.0799865722656
2026-09-03 20:03:00+00:00,20.21053822338581,328.2099914550781,510.0799865722656
2026-09-03 20:04:00+00:00,20.21288910508156,328.2099914550781,510.0799865722656
2026-09-03 20:05:00+00:00,20.21288910508156,328.2099914550781,510.0799865722656
2026-09-03 20:06:00+00:00,20.21288910508156,328.2099914550781,510.0799865722656
2026-09-03 20:07:00+00:00,20.21288910508156,328.2099914550781,510.0799865722656
2026-09-03 20:08:00+00:00,20.21288910508156,328.2099914550781,510.0799865722656
2026-09-03 20:09:00+00:00,20.21288910508156,328.2099914550781,510.0799865722656
2026-09-03 20:10:00+00:00,20.21288910508156,328.2099914550781,510.0799865722656
2026-09-03 20:11:00+00:00,20.21288910508156,328.2099914550781,510.0799865722656
2026-09-03 20:12:00+00:00,20.21288910508156,328.2099914550781,510.0799865722656
2026-09-03 20:13:00+00:00,20.21053822338581,328.2099914550781,510.0799865722656
2026-09-03 20:14:00+00:00,20.20818941295147,328.2099914550781,510.0799865722656
2026-09-03 20:15:00+00:00,20.20818941295147,328.2099914550781,510.0799865722656
2026-09-03 20:16:00+00:00,20.205838531255722,328.2099914550781,510.0799865722656
2026-09-03 20:17:00+00:00,20.20818941295147,328.2099914550781,510.0799865722656
2026-09-03 20:18:00+00:00,20.20818941295147,328.2099914550781,510.0799865722656
2026-09-03 20:19:00+00:00,20.20818941295147,328.2099914550781,510.0799865722656
2026-09-03 20:20:00+00:00,20.20818941295147,328.2099914550781,510.0799865722656
2026-09-03 20:21:00+00:00,20.20818941295147,328.2099914550781,510.0799865722656
2026-09-03 20:22:00+00:00,20.20818941295147,328.2099914550781,510.0799865722656
2026-09-03 20:23:00+00:00,20.20818941295147,328.2099914550781,510.0799865722656
2026-09-03 20:24:00+00:00,20.205838531255722,328.2099914550781,510.0799865722656
2026-09-03 20:25:00+00:00,20.205838531255722,328.2099914550781,510.0799865722656
2026-09-03 20:26:00+00:00,20.205838531255722,328.2099914550781,510.0799865722656
2026-09-03 20:27:00+00:00,20.205838531255722,328.2099914550781,510.0799865722656
2026-09-03 20:28:00+00:00,20.205838531255722,328.2099914550781,510.0799865722656
2026-09-03 20:29:00+00:00,20.20818941295147,328.2099914550781,510.0799865722656
2026-09-03 20:30:00+00:00,20.20818941295147,328.2099914550781,510.0799865722656
2026-09-03 20:31:00+00:00,20.20818941295147,328.2099914550781,510.0799865722656
2026-09-03 20:32:00+00:00,20.20818941295147,328.2099914550781,510.0799865722656
2026-09-03 20:33:00+00:00,20.20818941295147,328.2099914550781,510.0799865722656
2026-09-03 20:34:00+00:00,20.20818941295147,328.2099914550781,510.0799865722656
2026-09-03 20:35:00+00:00,20.205838531255722,328.2099914550781,510.0799865722656
2026-09-03 20:36:00+00:00,20.20818941295147,328.2099914550781,510.0799865722656
2026-09-03 20:37:00+00:00,20.20818941295147,328.2099914550781,510.0799865722656
2026-09-03 20:38:00+00:00,20.20818941295147,328.2099914550781,510.0799865722656
2026-09-03 20:39:00+00:00,20.20818941295147,328.2099914550781,510.0799865722656
2026-09-03 20:40:00+00:00,20.20818941295147,328.2099914550781,510.0799865722656
2026-09-03 20:41:00+00:00,20.20818941295147,328.2099914550781,510.0799865722656
2026-09-03 20:42:00+00:00,20.20818941295147,328.2099914550781,510.0799865722656
2026-09-03 20:43:00+00:00,20.20818941295147,328.2099914550781,510.0799865722656
2026-09-03 20:44:00+00:00,20.20818941295147,328.2099914550781,510.0799865722656
2026-09-03 20:45:00+00:00,20.20818941295147,328.2099914550781,510.0799865722656
2026-09-03 20:46:00+00:00,20.205838531255722,328.2099914550781,510.0799865722656
2026-09-03 20:47:00+00:00,20.20818941295147,328.2099914550781,510.0799865722656
2026-09-03 20:48:00+00:00,20.20818941295147,328.2099914550781,510.0799865722656
2026-09-03 20:49:00+00:00,20.20818941295147,328.2099914550781,510.0799865722656
2026-09-03 20:50:00+00:00,20.20818941295147,328.2099914550781,510.0799865722656
2026-09-03 20:51:00+00:00,20.20818941295147,328.2099914550781,510.0799865722656
2026-09-03 20:52:00+00:00,20.20818941295147,328.2099914550781,510.0799865722656
2026-09-03 20:53:00+00:00,20.20818941295147,328.2099914550781,510.0799865722656
2026-09-03 20:54:00+00:00,20.20818941295147,328.2099914550781,510.0799865722656
2026-09-03 20:55:00+00:00,20.20818941295147,328.2099914550781,510.0799865722656
2026-09-03 20:56:00+00:00,20.20818941295147,328.2099914550781,510.0799865722656
2026-09-03 20:57:00+00:00,20.205838531255722,328.2099914550781,510.0799865722656
2026-09-03 20:58:00+00:00,20.205838531255722,328.2099914550781,510.0799865722656
2026-09-03 20:59:00+00:00,20.205838531255722,328.2099914550781,510.0799865722656
2026-09-03 21:00:00+00:00,20.198792099952698,328.2099914550781,510.0799865722656
2026-09-03 21:01:00+00:00,20.198792099952698,328.2099914550781,510.0799865722656
2026-09-03 21:02:00+00:00,20.198792099952698,328.2099914550781,510.0799865722656
2026-09-03 21:03:00+00:00,20.198792099952698,328.2099914550781,510.0799865722656
2026-09-03 21:04:00+00:00,20.203487649559975,328.2099914550781,510.0799865722656
2026-09-03 21:05:00+00:00,20.205838531255722,328.2099914550781,510.0799865722656
2026-09-03 21:06:00+00:00,20.21053822338581,328.2099914550781,510.0799865722656
2026-09-03 21:07:00+00:00,20.205838531255722,328.2099914550781,510.0799865722656
2026-09-03 21:08:00+00:00,20.20818941295147,328.2099914550781,510.0799865722656
2026-09-03 21:09:00+00:00,20.205838531255722,328.2099914550781,510.0799865722656
2026-09-03 21:10:00+00:00,20.20818941295147,328.2099914550781,510.0799865722656
2026-09-03 21:11:00+00:00,20.21053822338581,328.2099914550781,510.0799865722656
2026-09-03 21:12:00+00:00,20.21053822338581,328.2099914550781,510.0799865722656
2026-09-03 21:13:00+00:00,20.21053822338581,328.2099914550781,510.0799865722656
2026-09-03 21:14:00+00:00,20.21288910508156,328.2099914550781,510.0799865722656
2026-09-03 21:15:00+00:00,20.21053822338581,328.2099914550781,510.0799865722656
2026-09-03 21:16:00+00:00,20.21053822338581,328.2099914550781,510.0799865722656
2026-09-03 21:17:00+00:00,20.21053822338581,328.2099914550781,510.0799865722656
2026-09-03 21:18:00+00:00,20.20818941295147,328.2099914550781,510.0799865722656
2026-09-03 21:19:00+00:00,20.20818941295147,328.2099914550781,510.0799865722656
2026-09-03 21:20:00+00:00,20.21053822338581,328.2099914550781,510.0799865722656
2026-09-03 21:21:00+00:00,20.205838531255722,328.2099914550781,510.0799865722656
2026-09-03 21:22:00+00:00,20.21053822338581,328.2099914550781,510.0799865722656
2026-09-03 21:23:00+00:00,20.205838531255722,328.2099914550781,510.0799865722656
2026-09-03 21:24:00+00:00,20.20818941295147,328.2099914550781,510.0799865722656
2026-09-03 21:25:00+00:00,20.20818941295147,328.2099914550781,510.0799865722656
2026-09-03 21:26:00+00:00,20.205838531255722,328.2099914550781,510.0799865722656
2026-09-03 21:27:00+00:00,20.205838531255722,328.2099914550781,510.0799865722656
2026-09-03 21:28:00+00:00,20.205838531255722,328.2099914550781,510.0799865722656
2026-09-03 21:29:00+00:00,20.205838531255722,328.2099914550781,510.0799865722656
2026-09-03 21:30:00+00:00,20.20818941295147,328.2099914550781,510.0799865722656
2026-09-03 21:31:00+00:00,20.20818941295147,328.2099914550781,510.0799865722656
2026-09-03 21:32:00+00:00,20.203487649559975,328.2099914550781,510.0799865722656
2026-09-03 21:33:00+00:00,20.205838531255722,328.2099914550781,510.0799865722656
2026-09-03 21:34:00+00:00,20.205838531255722,328.2099914550781,510.0799865722656
2026-09-03 21:35:00+00:00,20.20818941295147,328.2099914550781,510.0799865722656
2026-09-03 21:36:00+00:00,20.205838531255722,328.2099914550781,510.0799865722656
2026-09-03 21:37:00+00:00,20.203487649559975,328.2099914550781,510.0799865722656
2026-09-03 21:38:00+00:00,20.203487649559975,328.2099914550781,510.0799865722656
2026-09-03 21:39:00+00:00,20.20818941295147,328.2099914550781,510.0799865722656
2026-09-03 21:40:00+00:00,20.205838531255722,328.2099914550781,510.0799865722656
2026-09-03 21:41:00+00:00,20.203487649559975,328.2099914550781,510.0799865722656
2026-09-03 21:42:00+00:00,20.205838531255722,328.2099914550781,510.0799865722656
2026-09-03 21:43:00+00:00,20.205838531255722,328.2099914550781,510.0799865722656
2026-09-03 21:44:00+00:00,20.203487649559975,328.2099914550781,510.0799865722656
2026-09-03 21:45:00+00:00,20.203487649559975,328.2099914550781,510.0799865722656
2026-09-03 21:46:00+00:00,20.205838531255722,328.2099914550781,510.0799865722656
2026-09-03 21:47:00+00:00,20.203487649559975,328.2099914550781,510.0799865722656
2026-09-03 21:48:00+00:00,20.205838531255722,328.2099914550781,510.0799865722656
2026-09-03 21:49:00+00:00,20.203487649559975,328.2099914550781,510.0799865722656
2026-09-03 21:50:00+00:00,20.205838531255722,328.2099914550781,510.0799865722656
2026-09-03 21:51:00+00:00,20.20818941295147,328.2099914550781,510.0799865722656
2026-09-03 21:52:00+00:00,20.203487649559975,328.2099914550781,510.0799865722656
2026-09-03 21:53:00+00:00,20.203487649559975,328.2099914550781,510.0799865722656
2026-09-03 21:54:00+00:00,20.20818941295147,328.2099914550781,510.0799865722656
2026-09-03 21:55:00+00:00,20.205838531255722,328.2099914550781,510.0799865722656
2026-09-03 21:56:00+00:00,20.205838531255722,328.2099914550781,510.0799865722656
2026-09-03 21:57:00+00:00,20.20818941295147,328.2099914550781,510.0799865722656
2026-09-03 21:58:00+00:00,20.20818941295147,328.2099914550781,510.0799865722656
2026-09-03 21:59:00+00:00,20.20818941295147,328.2099914550781,510.0799865722656
2026-09-03 22:00:00+00:00,20.20818941295147,328.2099914550781,510.0799865722656
2026-09-03 22:01:00+00:00,20.203487649559975,328.2099914550781,510.0799865722656
2026-09-03 22:02:00+00:00,20.205838531255722,328.2099914550781,510.0799865722656
2026-09-03 22:03:00+00:00,20.205838531255722,328.2099914550781,510.0799865722656
2026-09-03 22:04:00+00:00,20.205838531255722,328.2099914550781,510.0799865722656
2026-09-03 22:05:00+00:00,20.205838531255722,328.2099914550781,510.0799865722656
2026-09-03 22:06:00+00:00,20.203487649559975,328.2099914550781,510.0799865722656
2026-09-03 22:07:00+00:00,20.203487649559975,328.2099914550781,510.0799865722656
2026-09-03 22:08:00+00:00,20.203487649559975,328.2099914550781,510.0799865722656
2026-09-03 22:09:00+00:00,20.203487649559975,328.2099914550781,510.0799865722656
2026-09-03 22:10:00+00:00,20.205838531255722,328.2099914550781,510.0799865722656
2026-09-03 22:11:00+00:00,20.205838531255722,328.2099914550781,510.0799865722656
2026-09-03 22:12:00+00:00,20.20818941295147,328.2099914550781,510.0799865722656
2026-09-03 22:13:00+00:00,20.205838531255722,328.2099914550781,510.0799865722656
2026-09-03 22:14:00+00:00,20.20818941295147,328.2099914550781,510.0799865722656
2026-09-03 22:15:00+00:00,20.20818941295147,328.2099914550781,510.0799865722656
2026-09-03 22:16:00+00:00,20.20818941295147,328.2099914550781,510.0799865722656
2026-09-03 22:17:00+00:00,20.20818941295147,328.2099914550781,510.0799865722656
2026-09-03 22:18:00+00:00,20.20818941295147,328.2099914550781,510.0799865722656
2026-09-03 22:19:00+00:00,20.205838531255722,328.2099914550781,510.0799865722656
2026-09-03 22:20:00+00:00,20.205838531255722,328.2099914550781,510.0799865722656
2026-09-03 22:21:00+00:00,20.205838531255722,328.2099914550781,510.0799865722656
2026-09-03 22:22:00+00:00,20.205838531255722,328.2099914550781,510.0799865722656
2026-09-03 22:23:00+00:00,20.205838531255722,328.2099914550781,510.0799865722656
2026-09-03 22:24:00+00:00,20.205838531255722,328.2099914550781,510.0799865722656
2026-09-03 22:25:00+00:00,20.205838531255722,328.2099914550781,510.0799865722656
2026-09-03 22:26:00+00:00,20.205838531255722,328.2099914550781,510.0799865722656
2026-09-03 22:27:00+00:00,20.205838531255722,328.2099914550781,510.0799865722656
2026-09-03 22:28:00+00:00,20.205838531255722,328.2099914550781,510.0799865722656
2026-09-03 22:29:00+00:00,20.205838531255722,328.2099914550781,510.0799865722656
2026-09-03 22:30:00+00:00,20.205838531255722,328.2099914550781,510.0799865722656
2026-09-03 22:31:00+00:00,20.205838531255722,328.2099914550781,510.0799865722656
2026-09-03 22:32:00+00:00,20.205838531255722,328.2099914550781,510.0799865722656
2026-09-03 22:33:00+00:00,20.20818941295147,328.2099914550781,510.0799865722656
2026-09-03 22:34:00+00:00,20.205838531255722,328.2099914550781,510.0799865722656
2026-09-03 22:35:00+00:00,20.205838531255722,328.2099914550781,510.0799865722656
2026-09-03 22:36:00+00:00,20.205838531255722,328.2099914550781,510.0799865722656
2026-09-03 22:37:00+00:00,20.205838531255722,328.2099914550781,510.0799865722656
2026-09-03 22:38:00+00:00,20.205838531255722,328.2099914550781,510.0799865722656
2026-09-03 22:39:00+00:00,20.205838531255722,328.2099914550781,510.0799865722656
2026-09-03 22:40:00+00:00,20.205838531255722,328.2099914550781,510.0799865722656
2026-09-03 22:41:00+00:00,20.205838531255722,328.2099914550781,510.0799865722656
2026-09-03 22:42:00+00:00,20.205838531255722,328.2099914550781,510.0799865722656
2026-09-03 22:43:00+00:00,20.205838531255722,328.2099914550781,510.0799865722656
2026-09-03 22:44:00+00:00,20.205838531255722,328.2099914550781,510.0799865722656
2026-09-03 22:45:00+00:00,20.205838531255722,328.2099914550781,510.0799865722656
2026-09-03 22:46:00+00:00,20.205838531255722,328.2099914550781,510.0799865722656
2026-09-03 22:47:00+00:00,20.203487649559975,328.2099914550781,510.0799865722656
2026-09-03 22:48:00+00:00,20.203487649559975,328.2099914550781,510.0799865722656
2026-09-03 22:49:00+00:00,20.203487649559975,328.2099914550781,510.0799865722656
2026-09-03 22:50:00+00:00,20.203487649559975,328.2099914550781,510.0799865722656
2026-09-03 22:51:00+00:00,20.203487649559975,328.2099914550781,510.0799865722656
2026-09-03 22:52:00+00:00,20.203487649559975,328.2099914550781,510.0799865722656
2026-09-03 22:53:00+00:00,20.203487649559975,328.2099914550781,510.0799865722656
2026-09-03 22:54:00+00:00,20.20114091038704,328.2099914550781,510.0799865722656
2026-09-03 22:55:00+00:00,20.20114091038704,328.2099914550781,510.0799865722656
2026-09-03 22:56:00+00:00,20.20114091038704,328.2099914550781,510.0799865722656
2026-09-03 22:57:00+00:00,20.20114091038704,328.2099914550781,510.0799865722656
2026-09-03 22:58:00+00:00,20.20114091038704,328.2099914550781,510.0799865722656
2026-09-03 23:00:00+00:00,20.203487649559975,328.2099914550781,510.0799865722656
2026-09-03 23:01:00+00:00,20.20114091038704,328.2099914550781,510.0799865722656
2026-09-03 23:02:00+00:00,20.203487649559975,328.2099914550781,510.0799865722656
2026-09-03 23:03:00+00:00,20.20114091038704,328.2099914550781,510.0799865722656
2026-09-03 23:04:00+00:00,20.203487649559975,328.2099914550781,510.0799865722656
2026-09-03 23:05:00+00:00,20.203487649559975,328.2099914550781,510.0799865722656
2026-09-03 23:06:00+00:00,20.20114091038704,328.2099914550781,510.0799865722656
2026-09-03 23:07:00+00:00,20.203487649559975,328.2099914550781,510.0799865722656
2026-09-03 23:08:00+00:00,20.203487649559975,328.2099914550781,510.0799865722656
2026-09-03 23:09:00+00:00,20.203487649559975,328.2099914550781,510.0799865722656
2026-09-03 23:10:00+00:00,20.203487649559975,328.2099914550781,510.0799865722656
2026-09-03 23:11:00+00:00,20.203487649559975,328.2099914550781,510.0799865722656
2026-09-03 23:12:00+00:00,20.20114091038704,328.2099914550781,510.0799865722656
2026-09-03 23:13:00+00:00,20.203487649559975,328.2099914550781,510.0799865722656
2026-09-03 23:14:00+00:00,20.203487649559975,328.2099914550781,510.0799865722656
2026-09-03 23:15:00+00:00,20.203487649559975,328.2099914550781,510.0799865722656
2026-09-03 23:16:00+00:00,20.203487649559975,328.2099914550781,510.0799865722656
2026-09-03 23:17:00+00:00,20.203487649559975,328.2099914550781,510.0799865722656
2026-09-03 23:18:00+00:00,20.203487649559975,328.2099914550781,510.0799865722656
2026-09-03 23:19:00+00:00,20.203487649559975,328.2099914550781,510.0799865722656
2026-09-03 23:20:00+00:00,20.203487649559975,328.2099914550781,510.0799865722656
2026-09-03 23:21:00+00:00,20.203487649559975,328.2099914550781,510.0799865722656
2026-09-03 23:22:00+00:00,20.203487649559975,328.2099914550781,510.0799865722656
2026-09-03 23:23:00+00:00,20.205838531255722,328.2099914550781,510.0799865722656
2026-09-03 23:24:00+00:00,20.205838531255722,328.2099914550781,510.0799865722656
2026-09-03 23:25:00+00:00,20.205838531255722,328.2099914550781,510.0799865722656
2026-09-03 23:26:00+00:00,20.205838531255722,328.2099914550781,510.0799865722656
2026-09-03 23:27:00+00:00,20.205838531255722,328.2099914550781,510.0799865722656
2026-09-03 23:28:00+00:00,20.203487649559975,328.2099914550781,510.0799865722656
2026-09-03 23:29:00+00:00,20.205838531255722,328.2099914550781,510.0799865722656
2026-09-03 23:30:00+00:00,20.205838531255722,328.2099914550781,510.0799865722656
2026-09-03 23:31:00+00:00,20.20818941295147,328.2099914550781,510.0799865722656
2026-09-03 23:32:00+00:00,20.205838531255722,328.2099914550781,510.0799865722656
2026-09-03 23:33:00+00:00,20.205838531255722,328.2099914550781,510.0799865722656
2026-09-03 23:34:00+00:00,20.205838531255722,328.2099914550781,510.0799865722656
2026-09-03 23:35:00+00:00,20.205838531255722,328.2099914550781,510.0799865722656
2026-09-03 23:36:00+00:00,20.205838531255722,328.2099914550781,510.0799865722656
2026-09-03 23:37:00+00:00,20.205838531255722,328.2099914550781,510.0799865722656
2026-09-03 23:38:00+00:00,20.205838531255722,328.2099914550781,510.0799865722656
2026-09-03 23:39:00+00:00,20.205838531255722,328.2099914550781,510.0799865722656
2026-09-03 23:40:00+00:00,20.205838531255722,328.2099914550781,510.0799865722656
2026-09-03 23:41:00+00:00,20.20818941295147,328.2099914550781,510.0799865722656
2026-09-03 23:42:00+00:00,20.205838531255722,328.2099914550781,510.0799865722656
2026-09-03 23:43:00+00:00,20.205838531255722,328.2099914550781,510.0799865722656
2026-09-03 23:44:00+00:00,20.205838531255722,328.2099914550781,510.0799865722656
2026-09-03 23:45:00+00:00,20.205838531255722,328.2099914550781,510.0799865722656
2026-09-03 23:46:00+00:00,20.205838531255722,328.2099914550781,510.0799865722656
2026-09-03 23:47:00+00:00,20.20818941295147,328.2099914550781,510.0799865722656
2026-09-03 23:48:00+00:00,20.205838531255722,328.2099914550781,510.0799865722656
2026-09-03 23:49:00+00:00,20.20818941295147,328.2099914550781,510.0799865722656
2026-09-03 23:50:00+00:00,20.21053822338581,328.2099914550781,510.0799865722656
2026-09-03 23:51:00+00:00,20.21053822338581,328.2099914550781,510.0799865722656
2026-09-03 23:52:00+00:00,20.20818941295147,328.2099914550781,510.0799865722656
2026-09-03 23:53:00+00:00,20.20818941295147,328.2099914550781,510.0799865722656
2026-09-03 23:54:00+00:00,20.21053822338581,328.2099914550781,510.0799865722656
2026-09-03 23:55:00+00:00,20.21053822338581,328.2099914550781,510.0799865722656
2026-09-03 23:56:00+00:00,20.20818941295147,328.2099914550781,510.0799865722656
2026-09-03 23:57:00+00:00,20.20818941295147,328.2099914550781,510.0799865722656
2026-09-03 23:58:00+00:00,20.21053822338581,328.2099914550781,510.0799865722656
2026-09-03 23:59:00+00:00,20.21053822338581,328.2099914550781,510.0799865722656
2026-09-04 00:00:00+00:00,20.21053822338581,328.2099914550781,510.0799865722656
2026-09-04 00:01:00+00:00,20.21053822338581,328.2099914550781,510.0799865722656
2026-09-04 00:02:00+00:00,20.21053822338581,328.2099914550781,510.0799865722656
2026-09-04 00:03:00+00:00,20.21288910508156,328.2099914550781,510.0799865722656
2026-09-04 00:04:00+00:00,20.21288910508156,328.2099914550781,510.0799865722656
2026-09-04 00:05:00+00:00,20.21524205803871,328.2099914550781,510.0799865722656
2026-09-04 00:06:00+00:00,20.21524205803871,328.2099914550781,510.0799865722656
2026-09-04 00:07:00+00:00,20.21288910508156,328.2099914550781,510.0799865722656
2026-09-04 00:08:00+00:00,20.21053822338581,328.2099914550781,510.0799865722656
2026-09-04 00:09:00+00:00,20.21053822338581,328.2099914550781,510.0799865722656
2026-09-04 00:10:00+00:00,20.21053822338581,328.2099914550781,510.0799865722656
2026-09-04 00:11:00+00:00,20.21053822338581,328.2099914550781,510.0799865722656
2026-09-04 00:12:00+00:00,20.21053822338581,328.2099914550781,510.0799865722656
2026-09-04 00:13:00+00:00,20.21053822338581,328.2099914550781,510.0799865722656
2026-09-04 00:14:00+00:00,20.21053822338581,328.2099914550781,510.0799865722656
2026-09-04 00:15:00+00:00,20.21053822338581,328.2099914550781,510.0799865722656
2026-09-04 00:16:00+00:00,20.20818941295147,328.2099914550781,510.0799865722656
2026-09-04 00:17:00+00:00,20.20818941295147,328.2099914550781,510.0799865722656
2026-09-04 00:18:00+00:00,20.21053822338581,328.2099914550781,510.0799865722656
2026-09-04 00:19:00+00:00,20.20818941295147,328.2099914550781,510.0799865722656
2026-09-04 00:20:00+00:00,20.20818941295147,328.2099914550781,510.0799865722656
2026-09-04 00:21:00+00:00,20.20818941295147,328.2099914550781,510.0799865722656
2026-09-04 00:22:00+00:00,20.20818941295147,328.2099914550781,510.0799865722656
2026-09-04 00:23:00+00:00,20.21053822338581,328.2099914550781,510.0799865722656
2026-09-04 00:24:00+00:00,20.21053822338581,328.2099914550781,510.0799865722656
2026-09-04 00:25:00+00:00,20.20818941295147,328.2099914550781,510.0799865722656
2026-09-04 00:26:00+00:00,20.21053822338581,328.2099914550781,510.0799865722656
2026-09-04 00:27:00+00:00,20.20818941295147,328.2099914550781,510.0799865722656
2026-09-04 00:28:00+00:00,20.20818941295147,328.2099914550781,510.0799865722656
2026-09-04 00:29:00+00:00,20.205838531255722,328.2099914550781,510.0799865722656
2026-09-04 00:30:00+00:00,20.20818941295147,328.2099914550781,510.0799865722656
2026-09-04 00:31:00+00:00,20.20818941295147,328.2099914550781,510.0799865722656
2026-09-04 00:32:00+00:00,20.20818941295147,328.2099914550781,510.0799865722656
2026-09-04 00:33:00+00:00,20.20818941295147,328.2099914550781,510.0799865722656
2026-09-04 00:34:00+00:00,20.205838531255722,328.2099914550781,510.0799865722656
2026-09-04 00:35:00+00:00,20.20818941295147,328.2099914550781,510.0799865722656
2026-09-04 00:36:00+00:00,20.20818941295147,328.2099914550781,510.0799865722656
2026-09-04 00:37:00+00:00,20.205838531255722,328.2099914550781,510.0799865722656
2026-09-04 00:38:00+00:00,20.205838531255722,328.2099914550781,510.0799865722656
2026-09-04 00:39:00+00:00,20.205838531255722,328.2099914550781,510.0799865722656
2026-09-04 00:40:00+00:00,20.20818941295147,328.2099914550781,510.0799865722656
2026-09-04 00:41:00+00:00,20.205838531255722,328.2099914550781,510.0799865722656
2026-09-04 00:42:00+00:00,20.20818941295147,328.2099914550781,510.0799865722656
2026-09-04 00:43:00+00:00,20.20818941295147,328.2099914550781,510.0799865722656
2026-09-04 00:44:00+00:00,20.20818941295147,328.2099914550781,510.0799865722656
2026-09-04 00:45:00+00:00,20.21053822338581,328.2099914550781,510.0799865722656
2026-09-04 00:46:00+00:00,20.21053822338581,328.2099914550781,510.0799865722656
2026-09-04 00:47:00+00:00,20.21288910508156,328.2099914550781,510.0799865722656
2026-09-04 00:48:00+00:00,20.21288910508156,328.2099914550781,510.0799865722656
2026-09-04 00:49:00+00:00,20.21288910508156,328.2099914550781,510.0799865722656
2026-09-04 00:50:00+00:00,20.21288910508156,328.2099914550781,510.0799865722656
2026-09-04 00:51:00+00:00,20.21288910508156,328.2099914550781,510.0799865722656
2026-09-04 00:52:00+00:00,20.21288910508156,328.2099914550781,510.0799865722656
2026-09-04 00:53:00+00:00,20.21288910508156,328.2099914550781,510.0799865722656
2026-09-04 00:54:00+00:00,20.21524205803871,328.2099914550781,510.0799865722656
2026-09-04 00:55:00+00:00,20.21288910508156,328.2099914550781,510.0799865722656
2026-09-04 00:56:00+00:00,20.21288910508156,328.2099914550781,510.0799865722656
2026-09-04 00:57:00+00:00,20.21288910508156,328.2099914550781,510.0799865722656
2026-09-04 00:58:00+00:00,20.21288910508156,328.2099914550781,510.0799865722656
2026-09-04 00:59:00+00:00,20.21053822338581,328.2099914550781,510.0799865722656
2026-09-04 01:00:00+00:00,20.21053822338581,328.2099914550781,510.0799865722656
2026-09-04 01:01:00+00:00,20.21053822338581,328.2099914550781,510.0799865722656
2026-09-04 01:02:00+00:00,20.21053822338581,328.2099914550781,510.0799865722656
2026-09-04 01:03:00+00:00,20.21053822338581,328.2099914550781,510.0799865722656
2026-09-04 01:04:00+00:00,20.20818941295147,328.2099914550781,510.0799865722656
2026-09-04 01:05:00+00:00,20.21053822338581,328.2099914550781,510.0799865722656
2026-09-04 01:06:00+00:00,20.21053822338581,328.2099914550781,510.0799865722656
2026-09-04 01:07:00+00:00,20.21053822338581,328.2099914550781,510.0799865722656
2026-09-04 01:08:00+00:00,20.21053822338581,328.2099914550781,510.0799865722656
2026-09-04 01:09:00+00:00,20.21053822338581,328.2099914550781,510.0799865722656
2026-09-04 01:10:00+00:00,20.21053822338581,328.2099914550781,510.0799865722656
2026-09-04 01:11:00+00:00,20.21288910508156,328.2099914550781,510.0799865722656
2026-09-04 01:12:00+00:00,20.21053822338581,328.2099914550781,510.0799865722656
2026-09-04 01:13:00+00:00,20.21053822338581,328.2099914550781,510.0799865722656
2026-09-04 01:14:00+00:00,20.20818941295147,328.2099914550781,510.0799865722656
2026-09-04 01:15:00+00:00,20.21053822338581,328.2099914550781,510.0799865722656
2026-09-04 01:16:00+00:00,20.21053822338581,328.2099914550781,510.0799865722656
2026-09-04 01:17:00+00:00,20.21053822338581,328.2099914550781,510.0799865722656
2026-09-04 01:18:00+00:00,20.21053822338581,328.2099914550781,510.0799865722656
2026-09-04 01:19:00+00:00,20.21053822338581,328.2099914550781,510.0799865722656
2026-09-04 01:20:00+00:00,20.21053822338581,328.2099914550781,510.0799865722656
2026-09-04 01:21:00+00:00,20.21288910508156,328.2099914550781,510.0799865722656
2026-09-04 01:22:00+00:00,20.21524205803871,328.2099914550781,510.0799865722656
2026-09-04 01:23:00+00:00,20.21524205803871,328.2099914550781,510.0799865722656
2026-09-04 01:24:00+00:00,20.21288910508156,328.2099914550781,510.0799865722656
2026-09-04 01:25:00+00:00,20.21288910508156,328.2099914550781,510.0799865722656
2026-09-04 01:26:00+00:00,20.21053822338581,328.2099914550781,510.0799865722656
2026-09-04 01:27:00+00:00,20.21053822338581,328.2099914550781,510.0799865722656
2026-09-04 01:28:00+00:00,20.21288910508156,328.2099914550781,510.0799865722656
2026-09-04 01:29:00+00:00,20.21053822338581,328.2099914550781,510.0799865722656
2026-09-04 01:30:00+00:00,20.21053822338581,328.2099914550781,510.0799865722656
2026-09-04 01:31:00+00:00,20.21053822338581,328.2099914550781,510.0799865722656
2026-09-04 01:32:00+00:00,20.21288910508156,328.2099914550781,510.0799865722656
2026-09-04 01:33:00+00:00,20.21053822338581,328.2099914550781,510.0799865722656
2026-09-04 01:34:00+00:00,20.21053822338581,328.2099914550781,510.0799865722656
2026-09-04 01:35:00+00:00,20.21053822338581,328.2099914550781,510.0799865722656
2026-09-04 01:36:00+00:00,20.21288910508156,328.2099914550781,510.0799865722656
2026-09-04 01:37:00+00:00,20.21053822338581,328.2099914550781,510.0799865722656
2026-09-04 01:38:00+00:00,20.21053822338581,328.2099914550781,510.0799865722656
2026-09-04 01:39:00+00:00,20.21053822338581,328.2099914550781,510.0799865722656
2026-09-04 01:40:00+00:00,20.21053822338581,328.2099914550781,510.0799865722656
2026-09-04 01:41:00+00:00,20.21053822338581,328.2099914550781,510.0799865722656
2026-09-04 01:42:00+00:00,20.21053822338581,328.2099914550781,510.0799865722656
2026-09-04 01:43:00+00:00,20.21053822338581,328.2099914550781,510.0799865722656
2026-09-04 01:44:00+00:00,20.21288910508156,328.2099914550781,510.0799865722656
2026-09-04 01:45:00+00:00,20.21053822338581,328.2099914550781,510.0799865722656
2026-09-04 01:46:00+00:00,20.21053822338581,328.2099914550781,510.0799865722656
2026-09-04 01:47:00+00:00,20.21053822338581,328.2099914550781,510.0799865722656
2026-09-04 01:48:00+00:00,20.21053822338581,328.2099914550781,510.0799865722656
2026-09-04 01:49:00+00:00,20.21053822338581,328.2099914550781,510.0799865722656
2026-09-04 01:50:00+00:00,20.21053822338581,328.2099914550781,510.0799865722656
2026-09-04 01:51:00+00:00,20.21053822338581,328.2099914550781,510.0799865722656
2026-09-04 01:52:00+00:00,20.21053822338581,328.2099914550781,510.0799865722656
2026-09-04 01:53:00+00:00,20.21053822338581,328.2099914550781,510.0799865722656
2026-09-04 01:54:00+00:00,20.21053822338581,328.2099914550781,510.0799865722656
2026-09-04 01:55:00+00:00,20.21053822338581,328.2099914550781,510.0799865722656
2026-09-04 01:56:00+00:00,20.21288910508156,328.2099914550781,510.0799865722656
2026-09-04 01:57:00+00:00,20.21053822338581,328.2099914550781,510.0799865722656
2026-09-04 01:58:00+00:00,20.21288910508156,328.2099914550781,510.0799865722656
2026-09-04 01:59:00+00:00,20.21288910508156,328.2099914550781,510.0799865722656
2026-09-04 02:00:00+00:00,20.21288910508156,328.2099914550781,510.0799865722656
2026-09-04 02:01:00+00:00,20.21524205803871,328.2099914550781,510.0799865722656
2026-09-04 02:02:00+00:00,20.21524205803871,328.2099914550781,510.0799865722656
2026-09-04 02:03:00+00:00,20.217595010995865,328.2099914550781,510.0799865722656
2026-09-04 02:04:00+00:00,20.217595010995865,328.2099914550781,510.0799865722656
2026-09-04 02:05:00+00:00,20.21524205803871,328.2099914550781,510.0799865722656
2026-09-04 02:06:00+00:00,20.21524205803871,328.2099914550781,510.0799865722656
2026-09-04 02:07:00+00:00,20.21524205803871,328.2099914550781,510.0799865722656
2026-09-04 02:08:00+00:00,20.21288910508156,328.2099914550781,510.0799865722656
2026-09-04 02:09:00+00:00,20.21288910508156,328.2099914550781,510.0799865722656
2026-09-04 02:10:00+00:00,20.21288910508156,328.2099914550781,510.0799865722656
2026-09-04 02:11:00+00:00,20.21288910508156,328.2099914550781,510.0799865722656
2026-09-04 02:12:00+00:00,20.21288910508156,328.2099914550781,510.0799865722656
2026-09-04 02:13:00+00:00,20.21288910508156,328.2099914550781,510.0799865722656
2026-09-04 02:14:00+00:00,20.21288910508156,328.2099914550781,510.0799865722656
2026-09-04 02:15:00+00:00,20.21288910508156,328.2099914550781,510.0799865722656
2026-09-04 02:16:00+00:00,20.21288910508156,328.2099914550781,510.0799865722656
2026-09-04 02:17:00+00:00,20.21053822338581,328.2099914550781,510.0799865722656
2026-09-04 02:18:00+00:00,20.21053822338581,328.2099914550781,510.0799865722656
2026-09-04 02:19:00+00:00,20.21053822338581,328.2099914550781,510.0799865722656
2026-09-04 02:20:00+00:00,20.21053822338581,328.2099914550781,510.0799865722656
2026-09-04 02:21:00+00:00,20.21053822338581,328.2099914550781,510.0799865722656
2026-09-04 02:22:00+00:00,20.20818941295147,328.2099914550781,510.0799865722656
2026-09-04 02:23:00+00:00,20.20818941295147,328.2099914550781,510.0799865722656
2026-09-04 02:24:00+00:00,20.20818941295147,328.2099914550781,510.0799865722656
2026-09-04 02:25:00+00:00,20.20818941295147,328.2099914550781,510.0799865722656
2026-09-04 02:26:00+00:00,20.205838531255722,328.2099914550781,510.0799865722656
2026-09-04 02:27:00+00:00,20.205838531255722,328.2099914550781,510.0799865722656
2026-09-04 02:28:00+00:00,20.20818941295147,328.2099914550781,510.0799865722656
2026-09-04 02:29:00+00:00,20.20818941295147,328.2099914550781,510.0799865722656
2026-09-04 02:30:00+00:00,20.20818941295147,328.2099914550781,510.0799865722656
2026-09-04 02:31:00+00:00,20.20818941295147,328.2099914550781,510.0799865722656
2026-09-04 02:32:00+00:00,20.20818941295147,328.2099914550781,510.0799865722656
2026-09-04 02:33:00+00:00,20.21053822338581,328.2099914550781,510.0799865722656
2026-09-04 02:34:00+00:00,20.20818941295147,328.2099914550781,510.0799865722656
2026-09-04 02:35:00+00:00,20.20818941295147,328.2099914550781,510.0799865722656
2026-09-04 02:36:00+00:00,20.21053822338581,328.2099914550781,510.0799865722656
2026-09-04 02:37:00+00:00,20.21053822338581,328.2099914550781,510.0799865722656
2026-09-04 02:38:00+00:00,20.21053822338581,328.2099914550781,510.0799865722656
2026-09-04 02:39:00+00:00,20.21053822338581,328.2099914550781,510.0799865722656
2026-09-04 02:40:00+00:00,20.21053822338581,328.2099914550781,510.0799865722656
2026-09-04 02:41:00+00:00,20.21053822338581,328.2099914550781,510.0799865722656
2026-09-04 02:42:00+00:00,20.21053822338581,328.2099914550781,510.0799865722656
2026-09-04 02:43:00+00:00,20.21053822338581,328.2099914550781,510.0799865722656
2026-09-04 02:44:00+00:00,20.21053822338581,328.2099914550781,510.0799865722656
2026-09-04 02:45:00+00:00,20.21053822338581,328.2099914550781,510.0799865722656
2026-09-04 02:46:00+00:00,20.21053822338581,328.2099914550781,510.0799865722656
2026-09-04 02:47:00+00:00,20.21053822338581,328.2099914550781,510.0799865722656
2026-09-04 02:48:00+00:00,20.21053822338581,328.2099914550781,510.0799865722656
2026-09-04 02:49:00+00:00,20.21053822338581,328.2099914550781,510.0799865722656
2026-09-04 02:50:00+00:00,20.21053822338581,328.2099914550781,510.0799865722656
2026-09-04 02:51:00+00:00,20.21053822338581,328.2099914550781,510.0799865722656
2026-09-04 02:52:00+00:00,20.21053822338581,328.2099914550781,510.0799865722656
2026-09-04 02:53:00+00:00,20.21053822338581,328.2099914550781,510.0799865722656
2026-09-04 02:54:00+00:00,20.21288910508156,328.2099914550781,510.0799865722656
2026-09-04 02:55:00+00:00,20.21288910508156,328.2099914550781,510.0799865722656
2026-09-04 02:56:00+00:00,20.21053822338581,328.2099914550781,510.0799865722656
2026-09-04 02:57:00+00:00,20.20818941295147,328.2099914550781,510.0799865722656
2026-09-04 02:58:00+00:00,20.20818941295147,328.2099914550781,510.0799865722656
2026-09-04 02:59:00+00:00,20.20818941295147,328.2099914550781,510.0799865722656
2026-09-04 03:00:00+00:00,20.20818941295147,328.2099914550781,510.0799865722656
2026-09-04 03:01:00+00:00,20.21053822338581,328.2099914550781,510.0799865722656
2026-09-04 03:02:00+00:00,20.21053822338581,328.2099914550781,510.0799865722656
2026-09-04 03:03:00+00:00,20.21053822338581,328.2099914550781,510.0799865722656
2026-09-04 03:04:00+00:00,20.21053822338581,328.2099914550781,510.0799865722656
2026-09-04 03:05:00+00:00,20.20818941295147,328.2099914550781,510.0799865722656
2026-09-04 03:06:00+00:00,20.20818941295147,328.2099914550781,510.0799865722656
2026-09-04 03:07:00+00:00,20.20818941295147,328.2099914550781,510.0799865722656
2026-09-04 03:08:00+00:00,20.20818941295147,328.2099914550781,510.0799865722656
2026-09-04 03:09:00+00:00,20.20818941295147,328.2099914550781,510.0799865722656
2026-09-04 03:10:00+00:00,20.20818941295147,328.2099914550781,510.0799865722656
2026-09-04 03:11:00+00:00,20.20818941295147,328.2099914550781,510.0799865722656
2026-09-04 03:12:00+00:00,20.20818941295147,328.2099914550781,510.0799865722656
2026-09-04 03:13:00+00:00,20.21053822338581,328.2099914550781,510.0799865722656
2026-09-04 03:14:00+00:00,20.21053822338581,328.2099914550781,510.0799865722656
2026-09-04 03:15:00+00:00,20.21053822338581,328.2099914550781,510.0799865722656
2026-09-04 03:16:00+00:00,20.21053822338581,328.2099914550781,510.0799865722656
2026-09-04 03:17:00+00:00,20.21053822338581,328.2099914550781,510.0799865722656
2026-09-04 03:18:00+00:00,20.21053822338581,328.2099914550781,510.0799865722656
2026-09-04 03:19:00+00:00,20.21053822338581,328.2099914550781,510.0799865722656
2026-09-04 03:20:00+00:00,20.21053822338581,328.2099914550781,510.0799865722656
2026-09-04 03:21:00+00:00,20.21053822338581,328.2099914550781,510.0799865722656
2026-09-04 03:22:00+00:00,20.21053822338581,328.2099914550781,510.0799865722656
2026-09-04 03:23:00+00:00,20.21053822338581,328.2099914550781,510.0799865722656
2026-09-04 03:24:00+00:00,20.21053822338581,328.2099914550781,510.0799865722656
2026-09-04 03:25:00+00:00,20.20818941295147,328.2099914550781,510.0799865722656
2026-09-04 03:26:00+00:00,20.20818941295147,328.2099914550781,510.0799865722656
2026-09-04 03:27:00+00:00,20.20818941295147,328.2099914550781,510.0799865722656
2026-09-04 03:28:00+00:00,20.20818941295147,328.2099914550781,510.0799865722656
2026-09-04 03:29:00+00:00,20.20818941295147,328.2099914550781,510.0799865722656
2026-09-04 03:30:00+00:00,20.205838531255722,328.2099914550781,510.0799865722656
2026-09-04 03:31:00+00:00,20.205838531255722,328.2099914550781,510.0799865722656
2026-09-04 03:32:00+00:00,20.205838531255722,328.2099914550781,510.0799865722656
2026-09-04 03:33:00+00:00,20.205838531255722,328.2099914550781,510.0799865722656
2026-09-04 03:34:00+00:00,20.20818941295147,328.2099914550781,510.0799865722656
2026-09-04 03:35:00+00:00,20.20818941295147,328.2099914550781,510.0799865722656
2026-09-04 03:36:00+00:00,20.205838531255722,328.2099914550781,510.0799865722656
2026-09-04 03:37:00+00:00,20.205838531255722,328.2099914550781,510.0799865722656
2026-09-04 03:38:00+00:00,20.205838531255722,328.2099914550781,510.0799865722656
2026-09-04 03:39:00+00:00,20.203487649559975,328.2099914550781,510.0799865722656
2026-09-04 03:40:00+00:00,20.205838531255722,328.2099914550781,510.0799865722656
2026-09-04 03:41:00+00:00,20.203487649559975,328.2099914550781,510.0799865722656
2026-09-04 03:42:00+00:00,20.203487649559975,328.2099914550781,510.0799865722656
2026-09-04 03:43:00+00:00,20.203487649559975,328.2099914550781,510.0799865722656
2026-09-04 03:44:00+00:00,20.20114091038704,328.2099914550781,510.0799865722656
2026-09-04 03:45:00+00:00,20.203487649559975,328.2099914550781,510.0799865722656
2026-09-04 03:46:00+00:00,20.20114091038704,328.2099914550781,510.0799865722656
2026-09-04 03:47:00+00:00,20.20114091038704,328.2099914550781,510.0799865722656
2026-09-04 03:48:00+00:00,20.20114091038704,328.2099914550781,510.0799865722656
2026-09-04 03:49:00+00:00,20.20114091038704,328.2099914550781,510.0799865722656
2026-09-04 03:50:00+00:00,20.203487649559975,328.2099914550781,510.0799865722656
2026-09-04 03:51:00+00:00,20.203487649559975,328.2099914550781,510.0799865722656
2026-09-04 03:52:00+00:00,20.203487649559975,328.2099914550781,510.0799865722656
2026-09-04 03:53:00+00:00,20.203487649559975,328.2099914550781,510.0799865722656
2026-09-04 03:54:00+00:00,20.20114091038704,328.2099914550781,510.0799865722656
2026-09-04 03:55:00+00:00,20.20114091038704,328.2099914550781,510.0799865722656
2026-09-04 03:56:00+00:00,20.20114091038704,328.2099914550781,510.0799865722656
2026-09-04 03:57:00+00:00,20.20114091038704,328.2099914550781,510.0799865722656
2026-09-04 03:58:00+00:00,20.20114091038704,328.2099914550781,510.0799865722656
2026-09-04 03:59:00+00:00,20.20114091038704,328.2099914550781,510.0799865722656
2026-09-04 04:00:00+00:00,20.20114091038704,328.2099914550781,510.0799865722656
2026-09-04 04:01:00+00:00,20.20114091038704,328.2099914550781,510.0799865722656
2026-09-04 04:02:00+00:00,20.205838531255722,328.2099914550781,510.0799865722656
2026-09-04 04:03:00+00:00,20.205838531255722,328.2099914550781,510.0799865722656
2026-09-04 04:04:00+00:00,20.20818941295147,328.2099914550781,510.0799865722656
2026-09-04 04:05:00+00:00,20.20818941295147,328.2099914550781,510.0799865722656
2026-09-04 04:06:00+00:00,20.20818941295147,328.2099914550781,510.0799865722656
2026-09-04 04:07:00+00:00,20.20818941295147,328.2099914550781,510.0799865722656
2026-09-04 04:08:00+00:00,20.205838531255722,328.2099914550781,510.0799865722656
2026-09-04 04:09:00+00:00,20.205838531255722,328.2099914550781,510.0799865722656
2026-09-04 04:10:00+00:00,20.205838531255722,328.2099914550781,510.0799865722656
2026-09-04 04:11:00+00:00,20.205838531255722,328.2099914550781,510.0799865722656
2026-09-04 04:12:00+00:00,20.205838531255722,328.2099914550781,510.0799865722656
2026-09-04 04:13:00+00:00,20.205838531255722,328.2099914550781,510.0799865722656
2026-09-04 04:14:00+00:00,20.205838531255722,328.2099914550781,510.0799865722656
2026-09-04 04:15:00+00:00,20.205838531255722,328.2099914550781,510.0799865722656
2026-09-04 04:16:00+00:00,20.203487649559975,328.2099914550781,510.0799865722656
2026-09-04 04:17:00+00:00,20.203487649559975,328.2099914550781,510.0799865722656
2026-09-04 04:18:00+00:00,20.205838531255722,328.2099914550781,510.0799865722656
2026-09-04 04:19:00+00:00,20.203487649559975,328.2099914550781,510.0799865722656
2026-09-04 04:20:00+00:00,20.205838531255722,328.2099914550781,510.0799865722656
2026-09-04 04:21:00+00:00,20.205838531255722,328.2099914550781,510.0799865722656
2026-09-04 04:22:00+00:00,20.203487649559975,328.2099914550781,510.0799865722656
2026-09-04 04:23:00+00:00,20.203487649559975,328.2099914550781,510.0799865722656
2026-09-04 04:24:00+00:00,20.203487649559975,328.2099914550781,510.0799865722656
2026-09-04 04:25:00+00:00,20.203487649559975,328.2099914550781,510.0799865722656
2026-09-04 04:26:00+00:00,20.203487649559975,328.2099914550781,510.0799865722656
2026-09-04 04:27:00+00:00,20.203487649559975,328.2099914550781,510.0799865722656
2026-09-04 04:28:00+00:00,20.203487649559975,328.2099914550781,510.0799865722656
2026-09-04 04:29:00+00:00,20.205838531255722,328.2099914550781,510.0799865722656
2026-09-04 04:30:00+00:00,20.205838531255722,328.2099914550781,510.0799865722656
2026-09-04 04:31:00+00:00,20.20818941295147,328.2099914550781,510.0799865722656
2026-09-04 04:32:00+00:00,20.205838531255722,328.2099914550781,510.0799865722656
2026-09-04 04:33:00+00:00,20.205838531255722,328.2099914550781,510.0799865722656
2026-09-04 04:34:00+00:00,20.203487649559975,328.2099914550781,510.0799865722656
2026-09-04 04:35:00+00:00,20.203487649559975,328.2099914550781,510.0799865722656
2026-09-04 04:36:00+00:00,20.205838531255722,328.2099914550781,510.0799865722656
2026-09-04 04:37:00+00:00,20.205838531255722,328.2099914550781,510.0799865722656
2026-09-04 04:38:00+00:00,20.20818941295147,328.2099914550781,510.0799865722656
2026-09-04 04:39:00+00:00,20.20818941295147,328.2099914550781,510.0799865722656
2026-09-04 04:40:00+00:00,20.20818941295147,328.2099914550781,510.0799865722656
2026-09-04 04:41:00+00:00,20.20818941295147,328.2099914550781,510.0799865722656
2026-09-04 04:42:00+00:00,20.20818941295147,328.2099914550781,510.0799865722656
2026-09-04 04:43:00+00:00,20.20818941295147,328.2099914550781,510.0799865722656
2026-09-04 04:44:00+00:00,20.20818941295147,328.2099914550781,510.0799865722656
2026-09-04 04:45:00+00:00,20.20818941295147,328.2099914550781,510.0799865722656
2026-09-04 04:46:00+00:00,20.20818941295147,328.2099914550781,510.0799865722656
2026-09-04 04:47:00+00:00,20.205838531255722,328.2099914550781,510.0799865722656
2026-09-04 04:48:00+00:00,20.205838531255722,328.2099914550781,510.0799865722656
2026-09-04 04:49:00+00:00,20.20818941295147,328.2099914550781,510.0799865722656
2026-09-04 04:50:00+00:00,20.205838531255722,328.2099914550781,510.0799865722656
2026-09-04 04:51:00+00:00,20.20818941295147,328.2099914550781,510.0799865722656
2026-09-04 04:52:00+00:00,20.20818941295147,328.2099914550781,510.0799865722656
2026-09-04 04:53:00+00:00,20.205838531255722,328.2099914550781,510.0799865722656
2026-09-04 04:54:00+00:00,20.20818941295147,328.2099914550781,510.0799865722656
2026-09-04 04:55:00+00:00,20.20818941295147,328.2099914550781,510.0799865722656
2026-09-04 04:56:00+00:00,20.20818941295147,328.2099914550781,510.0799865722656
2026-09-04 04:57:00+00:00,20.20818941295147,328.2099914550781,510.0799865722656
2026-09-04 04:58:00+00:00,20.205838531255722,328.2099914550781,510.0799865722656
2026-09-04 04:59:00+00:00,20.20818941295147,328.2099914550781,510.0799865722656
2026-09-04 05:00:00+00:00,20.205838531255722,328.2099914550781,510.0799865722656
2026-09-04 05:01:00+00:00,20.205838531255722,328.2099914550781,510.0799865722656
2026-09-04 05:02:00+00:00,20.205838531255722,328.2099914550781,510.0799865722656
2026-09-04 05:03:00+00:00,20.205838531255722,328.2099914550781,510.0799865722656
2026-09-04 05:04:00+00:00,20.205838531255722,328.2099914550781,510.0799865722656
2026-09-04 05:05:00+00:00,20.205838531255722,328.2099914550781,510.0799865722656
2026-09-04 05:06:00+00:00,20.203487649559975,328.2099914550781,510.0799865722656
2026-09-04 05:07:00+00:00,20.205838531255722,328.2099914550781,510.0799865722656
2026-09-04 05:08:00+00:00,20.205838531255722,328.2099914550781,510.0799865722656
2026-09-04 05:09:00+00:00,20.205838531255722,328.2099914550781,510.0799865722656
2026-09-04 05:10:00+00:00,20.205838531255722,328.2099914550781,510.0799865722656
2026-09-04 05:11:00+00:00,20.205838531255722,328.2099914550781,510.0799865722656
2026-09-04 05:12:00+00:00,20.205838531255722,328.2099914550781,510.0799865722656
2026-09-04 05:13:00+00:00,20.205838531255722,328.2099914550781,510.0799865722656
2026-09-04 05:14:00+00:00,20.20818941295147,328.2099914550781,510.0799865722656
2026-09-04 05:15:00+00:00,20.20818941295147,328.2099914550781,510.0799865722656
2026-09-04 05:16:00+00:00,20.20818941295147,328.2099914550781,510.0799865722656
2026-09-04 05:17:00+00:00,20.20818941295147,328.2099914550781,510.0799865722656
2026-09-04 05:18:00+00:00,20.20818941295147,328.2099914550781,510.0799865722656
2026-09-04 05:19:00+00:00,20.20818941295147,328.2099914550781,510.0799865722656
2026-09-04 05:20:00+00:00,20.20818941295147,328.2099914550781,510.0799865722656
2026-09-04 05:21:00+00:00,20.20818941295147,328.2099914550781,510.0799865722656
2026-09-04 05:22:00+00:00,20.20818941295147,328.2099914550781,510.0799865722656
2026-09-04 05:23:00+00:00,20.20818941295147,328.2099914550781,510.0799865722656
2026-09-04 05:24:00+00:00,20.20818941295147,328.2099914550781,510.0799865722656
2026-09-04 05:25:00+00:00,20.20818941295147,328.2099914550781,510.0799865722656
2026-09-04 05:26:00+00:00,20.20818941295147,328.2099914550781,510.0799865722656
2026-09-04 05:27:00+00:00,20.20818941295147,328.2099914550781,510.0799865722656
2026-09-04 05:28:00+00:00,20.20818941295147,328.2099914550781,510.0799865722656
2026-09-04 05:29:00+00:00,20.20818941295147,328.2099914550781,510.0799865722656
2026-09-04 05:30:00+00:00,20.20818941295147,328.2099914550781,510.0799865722656
2026-09-04 05:31:00+00:00,20.20818941295147,328.2099914550781,510.0799865722656
2026-09-04 05:32:00+00:00,20.21053822338581,328.2099914550781,510.0799865722656
2026-09-04 05:33:00+00:00,20.21053822338581,328.2099914550781,510.0799865722656
2026-09-04 05:34:00+00:00,20.21053822338581,328.2099914550781,510.0799865722656
2026-09-04 05:35:00+00:00,20.21053822338581,328.2099914550781,510.0799865722656
2026-09-04 05:36:00+00:00,20.21053822338581,328.2099914550781,510.0799865722656
2026-09-04 05:37:00+00:00,20.21053822338581,328.2099914550781,510.0799865722656
2026-09-04 05:38:00+00:00,20.21053822338581,328.2099914550781,510.0799865722656
2026-09-04 05:39:00+00:00,20.20818941295147,328.2099914550781,510.0799865722656
2026-09-04 05:40:00+00:00,20.20818941295147,328.2099914550781,510.0799865722656
2026-09-04 05:41:00+00:00,20.20818941295147,328.2099914550781,510.0799865722656
2026-09-04 05:42:00+00:00,20.20818941295147,328.2099914550781,510.0799865722656
2026-09-04 05:43:00+00:00,20.20818941295147,328.2099914550781,510.0799865722656
2026-09-04 05:44:00+00:00,20.205838531255722,328.2099914550781,510.0799865722656
2026-09-04 05:45:00+00:00,20.205838531255722,328.2099914550781,510.0799865722656
2026-09-04 05:46:00+00:00,20.205838531255722,328.2099914550781,510.0799865722656
2026-09-04 05:47:00+00:00,20.205838531255722,328.2099914550781,510.0799865722656
2026-09-04 05:48:00+00:00,20.20818941295147,328.2099914550781,510.0799865722656
2026-09-04 05:49:00+00:00,20.20818941295147,328.2099914550781,510.0799865722656
2026-09-04 05:50:00+00:00,20.205838531255722,328.2099914550781,510.0799865722656
2026-09-04 05:51:00+00:00,20.205838531255722,328.2099914550781,510.0799865722656
2026-09-04 05:52:00+00:00,20.205838531255722,328.2099914550781,510.0799865722656
2026-09-04 05:53:00+00:00,20.20818941295147,328.2099914550781,510.0799865722656
2026-09-04 05:54:00+00:00,20.205838531255722,328.2099914550781,510.0799865722656
2026-09-04 05:55:00+00:00,20.20818941295147,328.2099914550781,510.0799865722656
2026-09-04 05:56:00+00:00,20.20818941295147,328.2099914550781,510.0799865722656
2026-09-04 05:57:00+00:00,20.20818941295147,328.2099914550781,510.0799865722656
2026-09-04 05:58:00+00:00,20.21053822338581,328.2099914550781,510.0799865722656
2026-09-04 05:59:00+00:00,20.21053822338581,328.2099914550781,510.0799865722656
2026-09-04 06:00:00+00:00,20.20818941295147,328.2099914550781,510.0799865722656
2026-09-04 06:01:00+00:00,20.21288910508156,328.2099914550781,510.0799865722656
2026-09-04 06:02:00+00:00,20.21288910508156,328.2099914550781,510.0799865722656
2026-09-04 06:03:00+00:00,20.21288910508156,328.2099914550781,510.0799865722656
2026-09-04 06:04:00+00:00,20.21288910508156,328.2099914550781,510.0799865722656
2026-09-04 06:05:00+00:00,20.21288910508156,328.2099914550781,510.0799865722656
2026-09-04 06:06:00+00:00,20.21288910508156,328.2099914550781,510.0799865722656
2026-09-04 06:07:00+00:00,20.21288910508156,328.2099914550781,510.0799865722656
2026-09-04 06:08:00+00:00,20.21288910508156,328.2099914550781,510.0799865722656
2026-09-04 06:09:00+00:00,20.21288910508156,328.2099914550781,510.0799865722656
2026-09-04 06:10:00+00:00,20.21288910508156,328.2099914550781,510.0799865722656
2026-09-04 06:11:00+00:00,20.21288910508156,328.2099914550781,510.0799865722656
2026-09-04 06:12:00+00:00,20.21053822338581,328.2099914550781,510.0799865722656
2026-09-04 06:13:00+00:00,20.21288910508156,328.2099914550781,510.0799865722656
2026-09-04 06:14:00+00:00,20.21288910508156,328.2099914550781,510.0799865722656
2026-09-04 06:15:00+00:00,20.21288910508156,328.2099914550781,510.0799865722656
2026-09-04 06:16:00+00:00,20.21288910508156,328.2099914550781,510.0799865722656
2026-09-04 06:17:00+00:00,20.21288910508156,328.2099914550781,510.0799865722656
2026-09-04 06:18:00+00:00,20.21053822338581,328.2099914550781,510.0799865722656
2026-09-04 06:19:00+00:00,20.21053822338581,328.2099914550781,510.0799865722656
2026-09-04 06:20:00+00:00,20.21053822338581,328.2099914550781,510.0799865722656
2026-09-04 06:21:00+00:00,20.21288910508156,328.2099914550781,510.0799865722656
2026-09-04 06:22:00+00:00,20.21053822338581,328.2099914550781,510.0799865722656
2026-09-04 06:23:00+00:00,20.21053822338581,328.2099914550781,510.0799865722656
2026-09-04 06:24:00+00:00,20.21053822338581,328.2099914550781,510.0799865722656
2026-09-04 06:25:00+00:00,20.21053822338581,328.2099914550781,510.0799865722656
2026-09-04 06:26:00+00:00,20.21053822338581,328.2099914550781,510.0799865722656
2026-09-04 06:27:00+00:00,20.21053822338581,328.2099914550781,510.0799865722656
2026-09-04 06:28:00+00:00,20.21053822338581,328.2099914550781,510.0799865722656
2026-09-04 06:29:00+00:00,20.21053822338581,328.2099914550781,510.0799865722656
2026-09-04 06:30:00+00:00,20.20818941295147,328.2099914550781,510.0799865722656
2026-09-04 06:31:00+00:00,20.20818941295147,328.2099914550781,510.0799865722656
2026-09-04 06:32:00+00:00,20.21053822338581,328.2099914550781,510.0799865722656
2026-09-04 06:33:00+00:00,20.21288910508156,328.2099914550781,510.0799865722656
2026-09-04 06:34:00+00:00,20.21288910508156,328.2099914550781,510.0799865722656
2026-09-04 06:35:00+00:00,20.21288910508156,328.2099914550781,510.0799865722656
2026-09-04 06:36:00+00:00,20.21053822338581,328.2099914550781,510.0799865722656
2026-09-04 06:37:00+00:00,20.21053822338581,328.2099914550781,510.0799865722656
2026-09-04 06:38:00+00:00,20.21053822338581,328.2099914550781,510.0799865722656
2026-09-04 06:39:00+00:00,20.21053822338581,328.2099914550781,510.0799865722656
2026-09-04 06:40:00+00:00,20.21053822338581,328.2099914550781,510.0799865722656
2026-09-04 06:41:00+00:00,20.21053822338581,328.2099914550781,510.0799865722656
2026-09-04 06:42:00+00:00,20.21053822338581,328.2099914550781,510.0799865722656
2026-09-04 06:43:00+00:00,20.21288910508156,328.2099914550781,510.0799865722656
2026-09-04 06:44:00+00:00,20.21053822338581,328.2099914550781,510.0799865722656
2026-09-04 06:45:00+00:00,20.20818941295147,328.2099914550781,510.0799865722656
2026-09-04 06:46:00+00:00,20.20818941295147,328.2099914550781,510.0799865722656
2026-09-04 06:47:00+00:00,20.21053822338581,328.2099914550781,510.0799865722656
2026-09-04 06:48:00+00:00,20.21053822338581,328.2099914550781,510.0799865722656
2026-09-04 06:49:00+00:00,20.21053822338581,328.2099914550781,510.0799865722656
2026-09-04 06:50:00+00:00,20.21053822338581,328.2099914550781,510.0799865722656
2026-09-04 06:51:00+00:00,20.21053822338581,328.2099914550781,510.0799865722656
2026-09-04 06:52:00+00:00,20.21053822338581,328.2099914550781,510.0799865722656
2026-09-04 06:53:00+00:00,20.21053822338581,328.2099914550781,510.0799865722656
2026-09-04 06:54:00+00:00,20.21053822338581,328.2099914550781,510.0799865722656
2026-09-04 06:55:00+00:00,20.21053822338581,328.2099914550781,510.0799865722656
2026-09-04 06:56:00+00:00,20.21053822338581,328.2099914550781,510.0799865722656
2026-09-04 06:57:00+00:00,20.20818941295147,328.2099914550781,510.0799865722656
2026-09-04 06:58:00+00:00,20.21053822338581,328.2099914550781,510.0799865722656
2026-09-04 06:59:00+00:00,20.20818941295147,328.2099914550781,510.0799865722656
2026-09-04 07:00:00+00:00,20.21053822338581,328.2099914550781,510.0799865722656
2026-09-04 07:01:00+00:00,20.21053822338581,328.2099914550781,510.0799865722656
2026-09-04 07:02:00+00:00,20.21053822338581,328.2099914550781,510.0799865722656
2026-09-04 07:03:00+00:00,20.21053822338581,328.2099914550781,510.0799865722656
2026-09-04 07:04:00+00:00,20.21053822338581,328.2099914550781,510.0799865722656
2026-09-04 07:05:00+00:00,20.21288910508156,328.2099914550781,510.0799865722656
2026-09-04 07:06:00+00:00,20.21053822338581,328.2099914550781,510.0799865722656
2026-09-04 07:07:00+00:00,20.21053822338581,328.2099914550781,510.0799865722656
2026-09-04 07:08:00+00:00,20.21053822338581,328.2099914550781,510.0799865722656
2026-09-04 07:09:00+00:00,20.20818941295147,328.2099914550781,510.0799865722656
2026-09-04 07:10:00+00:00,20.21053822338581,328.2099914550781,510.0799865722656
2026-09-04 07:11:00+00:00,20.21053822338581,328.2099914550781,510.0799865722656
2026-09-04 07:12:00+00:00,20.20818941295147,328.2099914550781,510.0799865722656
2026-09-04 07:13:00+00:00,20.20818941295147,328.2099914550781,510.0799865722656
2026-09-04 07:14:00+00:00,20.205838531255722,328.2099914550781,510.0799865722656
2026-09-04 07:15:00+00:00,20.205838531255722,328.2099914550781,510.0799865722656
2026-09-04 07:16:00+00:00,20.205838531255722,328.2099914550781,510.0799865722656
2026-09-04 07:17:00+00:00,20.20818941295147,328.2099914550781,510.0799865722656
2026-09-04 07:18:00+00:00,20.205838531255722,328.2099914550781,510.0799865722656
2026-09-04 07:19:00+00:00,20.205838531255722,328.2099914550781,510.0799865722656
2026-09-04 07:20:00+00:00,20.205838531255722,328.2099914550781,510.0799865722656
2026-09-04 07:21:00+00:00,20.205838531255722,328.2099914550781,510.0799865722656
2026-09-04 07:22:00+00:00,20.20818941295147,328.2099914550781,510.0799865722656
2026-09-04 07:23:00+00:00,20.20818941295147,328.2099914550781,510.0799865722656
2026-09-04 07:24:00+00:00,20.205838531255722,328.2099914550781,510.0799865722656
2026-09-04 07:25:00+00:00,20.20818941295147,328.2099914550781,510.0799865722656
2026-09-04 07:26:00+00:00,20.20818941295147,328.2099914550781,510.0799865722656
2026-09-04 07:27:00+00:00,20.20818941295147,328.2099914550781,510.0799865722656
2026-09-04 07:28:00+00:00,20.20818941295147,328.2099914550781,510.0799865722656
2026-09-04 07:29:00+00:00,20.21053822338581,328.2099914550781,510.0799865722656
2026-09-04 07:30:00+00:00,20.1465620639583,328.2099914550781,510.0799865722656
2026-09-04 07:31:00+00:00,20.21053822338581,328.2099914550781,510.0799865722656
2026-09-04 07:32:00+00:00,20.222170454065463,328.2099914550781,510.0799865722656
2026-09-04 07:33:00+00:00,20.193090986676907,328.2099914550781,510.0799865722656
2026-09-04 07:34:00+00:00,20.222170454065463,328.2099914550781,510.0799865722656
2026-09-04 07:35:00+00:00,20.227985460094715,328.2099914550781,510.0799865722656
2026-09-04 07:36:00+00:00,20.324495982741837,328.2099914550781,510.0799865722656
2026-09-04 07:37:00+00:00,20.326858311561182,328.2099914550781,510.0799865722656
2026-09-04 07:38:00+00:00,20.341941191783235,328.2099914550781,510.0799865722656
2026-09-04 07:39:00+00:00,20.341941191783235,328.2099914550781,510.0799865722656
2026-09-04 07:40:00+00:00,20.39772237912075,328.2099914550781,510.0799865722656
2026-09-04 07:41:00+00:00,20.388464707044704,328.2099914550781,510.0799865722656
2026-09-04 07:42:00+00:00,20.429171673716837,328.2099914550781,510.0799865722656
2026-09-04 07:43:00+00:00,20.434986003942868,328.2099914550781,510.0799865722656
2026-09-04 07:44:00+00:00,20.489705103834012,328.2099914550781,510.0799865722656
2026-09-04 07:45:00+00:00,20.507152340542916,328.2099914550781,510.0799865722656
2026-09-04 07:46:00+00:00,20.487323849430368,328.2099914550781,510.0799865722656
2026-09-04 07:47:00+00:00,20.487323849430368,328.2099914550781,510.0799865722656
2026-09-04 07:48:00+00:00,20.458247761573602,328.2099914550781,510.0799865722656
2026-09-04 07:49:00+00:00,20.446616882758235,328.2099914550781,510.0799865722656
2026-09-04 07:50:00+00:00,20.434986003942868,328.2099914550781,510.0799865722656
2026-09-04 07:51:00+00:00,20.418603299939377,328.2099914550781,510.0799865722656
2026-09-04 07:52:00+00:00,20.358099681413023,328.2099914550781,510.0799865722656
2026-09-04 07:53:00+00:00,20.358099681413023,328.2099914550781,510.0799865722656
2026-09-04 07:54:00+00:00,20.363911983633443,328.2099914550781,510.0799865722656
2026-09-04 07:55:00+00:00,20.358099681413023,328.2099914550781,510.0799865722656
2026-09-04 07:56:00+00:00,20.358099681413023,328.2099914550781,510.0799865722656
2026-09-04 07:57:00+00:00,20.367358091363712,328.2099914550781,510.0799865722656
2026-09-04 07:58:00+00:00,20.355732621197603,328.2099914550781,510.0799865722656
2026-09-04 07:59:00+00:00,20.369726503443417,328.2099914550781,510.0799865722656
2026-09-04 08:00:00+00:00,20.375538805663837,328.2099914550781,510.0799865722656
2026-09-04 08:01:00+00:00,20.367358091363712,328.2099914550781,510.0799865722656
2026-09-04 08:02:00+00:00,20.37316971778091,328.2099914550781,510.0799865722656
2026-09-04 08:03:00+00:00,20.375538805663837,328.2099914550781,510.0799865722656
2026-09-04 08:04:00+00:00,20.375538805663837,328.2099914550781,510.0799865722656
2026-09-04 08:05:00+00:00,20.349918777448693,328.2099914550781,510.0799865722656
2026-09-04 08:06:00+00:00,20.344107151031494,328.2099914550781,510.0799865722656
2026-09-04 08:07:00+00:00,20.34174144268036,328.2099914550781,510.0799865722656
2026-09-04 08:08:00+00:00,20.321942693080928,328.2099914550781,510.0799865722656
2026-09-04 08:09:00+00:00,20.324306373764557,328.2099914550781,510.0799865722656
2026-09-04 08:10:00+00:00,20.316130201454143,328.2099914550781,510.0799865722656
2026-09-04 08:11:00+00:00,20.316130201454143,328.2099914550781,510.0799865722656
2026-09-04 08:12:00+00:00,20.298697160205847,328.2099914550781,510.0799865722656
2026-09-04 08:13:00+00:00,20.292884668579063,328.2099914550781,510.0799865722656
2026-09-04 08:14:00+00:00,20.292884668579063,328.2099914550781,510.0799865722656
2026-09-04 08:15:00+00:00,20.292884668579063,328.2099914550781,510.0799865722656
2026-09-04 08:16:00+00:00,20.292884668579063,328.2099914550781,510.0799865722656
2026-09-04 08:17:00+00:00,20.289434018859083,328.2099914550781,510.0799865722656
2026-09-04 08:18:00+00:00,20.289434018859083,328.2099914550781,510.0799865722656
2026-09-04 08:19:00+00:00,20.28598201753266,328.2099914550781,510.0799865722656
2026-09-04 08:20:00+00:00,20.28598201753266,328.2099914550781,510.0799865722656
2026-09-04 08:21:00+00:00,20.303419114115968,328.2099914550781,510.0799865722656
2026-09-04 08:22:00+00:00,20.283623068245106,328.2099914550781,510.0799865722656
2026-09-04 08:23:00+00:00,20.301058137160908,328.2099914550781,510.0799865722656
2026-09-04 08:24:00+00:00,20.289434018859083,328.2099914550781,510.0799865722656
2026-09-04 08:25:00+00:00,20.301058137160908,328.2099914550781,510.0799865722656
2026-09-04 08:26:00+00:00,20.303419114115968,328.2099914550781,510.0799865722656
2026-09-04 08:27:00+00:00,20.303419114115968,328.2099914550781,510.0799865722656
2026-09-04 08:28:00+00:00,20.29179364394986,328.2099914550781,510.0799865722656
2026-09-04 08:29:00+00:00,20.30578009107103,328.2099914550781,510.0799865722656
2026-09-04 08:30:00+00:00,20.297605270367058,328.2099914550781,510.0799865722656
2026-09-04 08:31:00+00:00,20.29179364394986,328.2099914550781,510.0799865722656
2026-09-04 08:32:00+00:00,20.270899624979847,328.2099914550781,510.0799865722656
2026-09-04 08:33:00+00:00,20.270899624979847,328.2099914550781,510.0799865722656
2026-09-04 08:34:00+00:00,20.26854270361764,328.2099914550781,510.0799865722656
2026-09-04 08:35:00+00:00,20.265087322759427,328.2099914550781,510.0799865722656
2026-09-04 08:36:00+00:00,20.26854270361764,328.2099914550781,510.0799865722656
2026-09-04 08:37:00+00:00,20.26854270361764,328.2099914550781,510.0799865722656
2026-09-04 08:38:00+00:00,20.245293980617134,328.2099914550781,510.0799865722656
2026-09-04 08:39:00+00:00,20.233668510451025,328.2099914550781,510.0799865722656
2026-09-04 08:40:00+00:00,20.227854666702115,328.2099914550781,510.0799865722656
2026-09-04 08:41:00+00:00,20.230206856668246,328.2099914550781,510.0799865722656
2026-09-04 08:42:00+00:00,20.218580034637853,328.2099914550781,510.0799865722656
2026-09-04 08:43:00+00:00,20.23602137647822,328.2099914550781,510.0799865722656
2026-09-04 08:44:00+00:00,20.247648198508614,328.2099914550781,510.0799865722656
2026-09-04 08:45:00+00:00,20.261626295225597,328.2099914550781,510.0799865722656
2026-09-04 08:46:00+00:00,20.261626295225597,328.2099914550781,510.0799865722656
2026-09-04 08:47:00+00:00,20.279069663203018,328.2099914550781,510.0799865722656
2026-09-04 08:48:00+00:00,20.259272802949454,328.2099914550781,510.0799865722656
2026-09-04 08:49:00+00:00,20.270899624979847,328.2099914550781,510.0799865722656
2026-09-04 08:50:00+00:00,20.273254467928155,328.2099914550781,510.0799865722656
2026-09-04 08:51:00+00:00,20.279069663203018,328.2099914550781,510.0799865722656
2026-09-04 08:52:00+00:00,20.26744149050046,328.2099914550781,510.0799865722656
2026-09-04 08:53:00+00:00,20.28252644701024,328.2099914550781,510.0799865722656
2026-09-04 08:54:00+00:00,20.284882640630713,328.2099914550781,510.0799865722656
2026-09-04 08:55:00+00:00,20.28252644701024,328.2099914550781,510.0799865722656
2026-09-04 08:56:00+00:00,20.279069663203018,328.2099914550781,510.0799865722656
2026-09-04 08:57:00+00:00,20.316315698808012,328.2099914550781,510.0799865722656
2026-09-04 08:58:00+00:00,20.313951963463523,328.2099914550781,510.0799865722656
2026-09-04 08:59:00+00:00,20.313951963463523,328.2099914550781,510.0799865722656
2026-09-04 09:00:00+00:00,20.299965571261055,328.2099914550781,510.0799865722656
2026-09-04 09:01:00+00:00,20.290697835905576,328.2099914550781,510.0799865722656
2026-09-04 09:02:00+00:00,20.290697835905576,328.2099914550781,510.0799865722656
2026-09-04 09:03:00+00:00,20.259272802949454,328.2099914550781,510.0799865722656
2026-09-04 09:04:00+00:00,20.28016817378375,328.2099914550781,510.0799865722656
2026-09-04 09:05:00+00:00,20.320856210699276,328.2099914550781,510.0799865722656
2026-09-04 09:06:00+00:00,20.315044584282077,328.2099914550781,510.0799865722656
2026-09-04 09:07:00+00:00,20.315044584282077,328.2099914550781,510.0799865722656
2026-09-04 09:08:00+00:00,20.323219215321842,328.2099914550781,510.0799865722656
2026-09-04 09:09:00+00:00,20.323219215321842,328.2099914550781,510.0799865722656
2026-09-04 09:10:00+00:00,20.31159239329145,328.2099914550781,510.0799865722656
2026-09-04 09:11:00+00:00,20.320856210699276,328.2099914550781,510.0799865722656
2026-09-04 09:12:00+00:00,20.303419114115968,328.2099914550781,510.0799865722656
2026-09-04 09:13:00+00:00,20.323219215321842,328.2099914550781,510.0799865722656
2026-09-04 09:14:00+00:00,20.320856210699276,328.2099914550781,510.0799865722656
2026-09-04 09:15:00+00:00,20.323219215321842,328.2099914550781,510.0799865722656
2026-09-04 09:16:00+00:00,20.303419114115968,328.2099914550781,510.0799865722656
2026-09-04 09:17:00+00:00,20.334846037352236,328.2099914550781,510.0799865722656
2026-09-04 09:18:00+00:00,20.369726503443417,328.2099914550781,510.0799865722656
2026-09-04 09:19:00+00:00,20.369726503443417,328.2099914550781,510.0799865722656
2026-09-04 09:20:00+00:00,20.369726503443417,328.2099914550781,510.0799865722656
2026-09-04 09:21:00+00:00,20.369726503443417,328.2099914550781,510.0799865722656
2026-09-04 09:22:00+00:00,20.369726503443417,328.2099914550781,510.0799865722656
2026-09-04 09:23:00+00:00,20.369726503443417,328.2099914550781,510.0799865722656
2026-09-04 09:24:00+00:00,20.367358091363712,328.2099914550781,510.0799865722656
2026-09-04 09:25:00+00:00,20.361544247614802,328.2099914550781,510.0799865722656
2026-09-04 09:26:00+00:00,20.361544247614802,328.2099914550781,510.0799865722656
2026-09-04 09:27:00+00:00,20.367358091363712,328.2099914550781,510.0799865722656
2026-09-04 09:28:00+00:00,20.367358091363712,328.2099914550781,510.0799865722656
2026-09-04 09:29:00+00:00,20.367358091363712,328.2099914550781,510.0799865722656
2026-09-04 09:30:00+00:00,20.37316971778091,328.2099914550781,510.0799865722656
2026-09-04 09:31:00+00:00,20.349918777448693,328.2099914550781,510.0799865722656
2026-09-04 09:32:00+00:00,20.370800629897985,328.2099914550781,510.0799865722656
2026-09-04 09:33:00+00:00,20.364989679284008,328.2099914550781,510.0799865722656
2026-09-04 09:34:00+00:00,20.34518600913998,328.2099914550781,510.0799865722656
2026-09-04 09:35:00+00:00,20.33593049206638,328.2099914550781,510.0799865722656
2026-09-04 09:36:00+00:00,20.33593049206638,328.2099914550781,510.0799865722656
2026-09-04 09:37:00+00:00,20.33593049206638,328.2099914550781,510.0799865722656
2026-09-04 09:38:00+00:00,20.33593049206638,328.2099914550781,510.0799865722656
2026-09-04 09:39:00+00:00,20.33593049206638,328.2099914550781,510.0799865722656
2026-09-04 09:40:00+00:00,20.344107151031494,328.2099914550781,510.0799865722656
2026-09-04 09:41:00+00:00,20.355732621197603,328.2099914550781,510.0799865722656
2026-09-04 09:42:00+00:00,20.347552393294336,328.2099914550781,510.0799865722656
2026-09-04 09:43:00+00:00,20.306869087774885,328.2099914550781,510.0799865722656
2026-09-04 09:44:00+00:00,20.301058137160908,328.2099914550781,510.0799865722656
2026-09-04 09:45:00+00:00,20.301058137160908,328.2099914550781,510.0799865722656
2026-09-04 09:46:00+00:00,20.301058137160908,328.2099914550781,510.0799865722656
2026-09-04 09:47:00+00:00,20.301058137160908,328.2099914550781,510.0799865722656
2026-09-04 09:48:00+00:00,20.29524496947306,328.2099914550781,510.0799865722656
2026-09-04 09:49:00+00:00,20.29524496947306,328.2099914550781,510.0799865722656
2026-09-04 09:50:00+00:00,20.292884668579063,328.2099914550781,510.0799865722656
2026-09-04 09:51:00+00:00,20.29052853047324,328.2099914550781,510.0799865722656
2026-09-04 09:52:00+00:00,20.29052853047324,328.2099914550781,510.0799865722656
2026-09-04 09:53:00+00:00,20.292884668579063,328.2099914550781,510.0799865722656
2026-09-04 09:54:00+00:00,20.292884668579063,328.2099914550781,510.0799865722656
2026-09-04 09:55:00+00:00,20.287074393768307,328.2099914550781,510.0799865722656
2026-09-04 09:56:00+00:00,20.289434018859083,328.2099914550781,510.0799865722656
2026-09-04 09:57:00+00:00,20.27199894994328,328.2099914550781,510.0799865722656
2026-09-04 09:58:00+00:00,20.24750118712518,328.2099914550781,510.0799865722656
2026-09-04 09:59:00+00:00,20.23823547900247,328.2099914550781,510.0799865722656
2026-09-04 10:00:00+00:00,20.23823547900247,328.2099914550781,510.0799865722656
2026-09-04 10:01:00+00:00,20.2324236622444,328.2099914550781,510.0799865722656
2026-09-04 10:02:00+00:00,20.2324236622444,328.2099914550781,510.0799865722656
2026-09-04 10:03:00+00:00,20.23823547900247,328.2099914550781,510.0799865722656
2026-09-04 10:04:00+00:00,20.23823547900247,328.2099914550781,510.0799865722656
2026-09-04 10:05:00+00:00,20.26728791311689,328.2099914550781,510.0799865722656
2026-09-04 10:06:00+00:00,20.23823547900247,328.2099914550781,510.0799865722656
2026-09-04 10:07:00+00:00,20.263828860893227,328.2099914550781,510.0799865722656
2026-09-04 10:08:00+00:00,20.26147609635882,328.2099914550781,510.0799865722656
2026-09-04 10:09:00+00:00,20.24639581964493,328.2099914550781,510.0799865722656
2026-09-04 10:10:00+00:00,20.28126411895755,328.2099914550781,510.0799865722656
2026-09-04 10:11:00+00:00,20.296340347231308,328.2099914550781,510.0799865722656
2026-09-04 10:12:00+00:00,20.287074393768307,328.2099914550781,510.0799865722656
2026-09-04 10:13:00+00:00,20.28471893027381,328.2099914550781,510.0799865722656
2026-09-04 10:14:00+00:00,20.287074393768307,328.2099914550781,510.0799865722656
2026-09-04 10:15:00+00:00,20.287074393768307,328.2099914550781,510.0799865722656
2026-09-04 10:16:00+00:00,20.283623068245106,328.2099914550781,510.0799865722656
2026-09-04 10:17:00+00:00,20.283623068245106,328.2099914550781,510.0799865722656
2026-09-04 10:18:00+00:00,20.283623068245106,328.2099914550781,510.0799865722656
2026-09-04 10:19:00+00:00,20.330117324378534,328.2099914550781,510.0799865722656
2026-09-04 10:20:00+00:00,20.321942693080928,328.2099914550781,510.0799865722656
2026-09-04 10:21:00+00:00,20.321942693080928,328.2099914550781,510.0799865722656
2026-09-04 10:22:00+00:00,20.321942693080928,328.2099914550781,510.0799865722656
2026-09-04 10:23:00+00:00,20.321942693080928,328.2099914550781,510.0799865722656
2026-09-04 10:24:00+00:00,20.327752967891684,328.2099914550781,510.0799865722656
2026-09-04 10:25:00+00:00,20.333565459518468,328.2099914550781,510.0799865722656
2026-09-04 10:26:00+00:00,20.3195831811463,328.2099914550781,510.0799865722656
2026-09-04 10:27:00+00:00,20.331204598103795,328.2099914550781,510.0799865722656
2026-09-04 10:28:00+00:00,20.325392781345727,328.2099914550781,510.0799865722656
2026-09-04 10:29:00+00:00,20.331204598103795,328.2099914550781,510.0799865722656
2026-09-04 10:30:00+00:00,20.31377136438823,328.2099914550781,510.0799865722656
2026-09-04 10:31:00+00:00,20.31377136438823,328.2099914550781,510.0799865722656
2026-09-04 10:32:00+00:00,20.333565459518468,328.2099914550781,510.0799865722656
2026-09-04 10:33:00+00:00,20.339375734329224,328.2099914550781,510.0799865722656
2026-09-04 10:34:00+00:00,20.350998500766764,328.2099914550781,510.0799865722656
2026-09-04 10:35:00+00:00,20.350998500766764,328.2099914550781,510.0799865722656
2026-09-04 10:36:00+00:00,20.34282379850265,328.2099914550781,510.0799865722656
2026-09-04 10:37:00+00:00,20.34282379850265,328.2099914550781,510.0799865722656
2026-09-04 10:38:00+00:00,20.34282379850265,328.2099914550781,510.0799865722656
2026-09-04 10:39:00+00:00,20.34282379850265,328.2099914550781,510.0799865722656
2026-09-04 10:40:00+00:00,20.34518600913998,328.2099914550781,510.0799865722656
2026-09-04 10:41:00+00:00,20.339375734329224,328.2099914550781,510.0799865722656
2026-09-04 10:42:00+00:00,20.339375734329224,328.2099914550781,510.0799865722656
2026-09-04 10:43:00+00:00,20.324306373764557,328.2099914550781,510.0799865722656
2026-09-04 10:44:00+00:00,20.324306373764557,328.2099914550781,510.0799865722656
2026-09-04 10:45:00+00:00,20.326670054448186,328.2099914550781,510.0799865722656
2026-09-04 10:46:00+00:00,20.332481680865385,328.2099914550781,510.0799865722656
2026-09-04 10:47:00+00:00,20.34066055716221,328.2099914550781,510.0799865722656
2026-09-04 10:48:00+00:00,20.344107151031494,328.2099914550781,510.0799865722656
2026-09-04 10:49:00+00:00,20.34174144268036,328.2099914550781,510.0799865722656
2026-09-04 10:50:00+00:00,20.344107151031494,328.2099914550781,510.0799865722656
2026-09-04 10:51:00+00:00,20.34174144268036,328.2099914550781,510.0799865722656
2026-09-04 10:52:00+00:00,20.332481680865385,328.2099914550781,510.0799865722656
2026-09-04 10:53:00+00:00,20.34174144268036,328.2099914550781,510.0799865722656
2026-09-04 10:54:00+00:00,20.37316971778091,328.2099914550781,510.0799865722656
2026-09-04 10:55:00+00:00,20.376613797585833,328.2099914550781,510.0799865722656
2026-09-04 10:56:00+00:00,20.37898356152982,328.2099914550781,510.0799865722656
2026-09-04 10:57:00+00:00,20.37316971778091,328.2099914550781,510.0799865722656
2026-09-04 10:58:00+00:00,20.38479518794702,328.2099914550781,510.0799865722656
2026-09-04 10:59:00+00:00,20.38242474819981,328.2099914550781,510.0799865722656
2026-09-04 11:00:00+00:00,20.38479518794702,328.2099914550781,510.0799865722656
2026-09-04 11:01:00+00:00,20.38479518794702,328.2099914550781,510.0799865722656
2026-09-04 11:02:00+00:00,20.39060903169593,328.2099914550781,510.0799865722656
2026-09-04 11:03:00+00:00,20.37898356152982,328.2099914550781,510.0799865722656
2026-09-04 11:04:00+00:00,20.39060903169593,328.2099914550781,510.0799865722656
2026-09-04 11:05:00+00:00,20.37898356152982,328.2099914550781,510.0799865722656
2026-09-04 11:06:00+00:00,20.376613797585833,328.2099914550781,510.0799865722656
2026-09-04 11:07:00+00:00,20.370800629897985,328.2099914550781,510.0799865722656
2026-09-04 11:08:00+00:00,20.370800629897985,328.2099914550781,510.0799865722656
2026-09-04 11:09:00+00:00,20.370800629897985,328.2099914550781,510.0799865722656
2026-09-04 11:10:00+00:00,20.38479518794702,328.2099914550781,510.0799865722656
2026-09-04 11:11:00+00:00,20.38479518794702,328.2099914550781,510.0799865722656
2026-09-04 11:12:00+00:00,20.39642065811313,328.2099914550781,510.0799865722656
2026-09-04 11:13:00+00:00,20.39060903169593,328.2099914550781,510.0799865722656
2026-09-04 11:14:00+00:00,20.39060903169593,328.2099914550781,510.0799865722656
2026-09-04 11:15:00+00:00,20.38479518794702,328.2099914550781,510.0799865722656
2026-09-04 11:16:00+00:00,20.361544247614802,328.2099914550781,510.0799865722656
2026-09-04 11:17:00+00:00,20.344107151031494,328.2099914550781,510.0799865722656
2026-09-04 11:18:00+00:00,20.344107151031494,328.2099914550781,510.0799865722656
2026-09-04 11:19:00+00:00,20.344107151031494,328.2099914550781,510.0799865722656
2026-09-04 11:20:00+00:00,20.358099681413023,328.2099914550781,510.0799865722656
2026-09-04 11:21:00+00:00,20.344107151031494,328.2099914550781,510.0799865722656
2026-09-04 11:22:00+00:00,20.34647285938263,328.2099914550781,510.0799865722656
2026-09-04 11:23:00+00:00,20.34647285938263,328.2099914550781,510.0799865722656
2026-09-04 11:24:00+00:00,20.358099681413023,328.2099914550781,510.0799865722656
2026-09-04 11:25:00+00:00,20.355732621197603,328.2099914550781,510.0799865722656
2026-09-04 11:26:00+00:00,20.355732621197603,328.2099914550781,510.0799865722656
2026-09-04 11:27:00+00:00,20.392980147504204,328.2099914550781,510.0799865722656
2026-09-04 11:28:00+00:00,20.39060903169593,328.2099914550781,510.0799865722656
2026-09-04 11:29:00+00:00,20.39060903169593,328.2099914550781,510.0799865722656
2026-09-04 11:30:00+00:00,20.394048866501635,328.2099914550781,510.0799865722656
2026-09-04 11:31:00+00:00,20.376613797585833,328.2099914550781,510.0799865722656
2026-09-04 11:32:00+00:00,20.38479518794702,328.2099914550781,510.0799865722656
2026-09-04 11:33:00+00:00,20.370800629897985,328.2099914550781,510.0799865722656
2026-09-04 11:34:00+00:00,20.37316971778091,328.2099914550781,510.0799865722656
2026-09-04 11:35:00+00:00,20.361544247614802,328.2099914550781,510.0799865722656
2026-09-04 11:36:00+00:00,20.367358091363712,328.2099914550781,510.0799865722656
2026-09-04 11:37:00+00:00,20.35917651159616,328.2099914550781,510.0799865722656
2026-09-04 11:38:00+00:00,20.361544247614802,328.2099914550781,510.0799865722656
2026-09-04 11:39:00+00:00,20.370800629897985,328.2099914550781,510.0799865722656
2026-09-04 11:40:00+00:00,20.37316971778091,328.2099914550781,510.0799865722656
2026-09-04 11:41:00+00:00,20.37316971778091,328.2099914550781,510.0799865722656
2026-09-04 11:42:00+00:00,20.370800629897985,328.2099914550781,510.0799865722656
2026-09-04 11:43:00+00:00,20.35917651159616,328.2099914550781,510.0799865722656
2026-09-04 11:44:00+00:00,20.353365560982184,328.2099914550781,510.0799865722656
2026-09-04 11:45:00+00:00,20.358099681413023,328.2099914550781,510.0799865722656
2026-09-04 11:46:00+00:00,20.358099681413023,328.2099914550781,510.0799865722656
2026-09-04 11:47:00+00:00,20.349918777448693,328.2099914550781,510.0799865722656
2026-09-04 11:48:00+00:00,20.326670054448186,328.2099914550781,510.0799865722656
2026-09-04 11:49:00+00:00,20.326670054448186,328.2099914550781,510.0799865722656
2026-09-04 11:50:00+00:00,20.334846037352236,328.2099914550781,510.0799865722656
2026-09-04 11:51:00+00:00,20.334846037352236,328.2099914550781,510.0799865722656
2026-09-04 11:52:00+00:00,20.320856210699276,328.2099914550781,510.0799865722656
2026-09-04 11:53:00+00:00,20.326670054448186,328.2099914550781,510.0799865722656
2026-09-04 11:54:00+00:00,20.329033735131816,328.2099914550781,510.0799865722656
2026-09-04 11:55:00+00:00,20.31159239329145,328.2099914550781,510.0799865722656
2026-09-04 11:56:00+00:00,20.303419114115968,328.2099914550781,510.0799865722656
2026-09-04 11:57:00+00:00,20.303419114115968,328.2099914550781,510.0799865722656
2026-09-04 11:58:00+00:00,20.303419114115968,328.2099914550781,510.0799865722656
2026-09-04 11:59:00+00:00,20.301058137160908,328.2099914550781,510.0799865722656
2026-09-04 12:00:00+00:00,20.338295524614296,328.2099914550781,510.0799865722656
2026-09-04 12:01:00+00:00,20.338295524614296,328.2099914550781,510.0799865722656
2026-09-04 12:02:00+00:00,20.34066055716221,328.2099914550781,510.0799865722656
2026-09-04 12:03:00+00:00,20.343023504143503,328.2099914550781,510.0799865722656
2026-09-04 12:04:00+00:00,20.34066055716221,328.2099914550781,510.0799865722656
2026-09-04 12:05:00+00:00,20.329033735131816,328.2099914550781,510.0799865722656
2026-09-04 12:06:00+00:00,20.34066055716221,328.2099914550781,510.0799865722656
2026-09-04 12:07:00+00:00,20.338295524614296,328.2099914550781,510.0799865722656
2026-09-04 12:08:00+00:00,20.338295524614296,328.2099914550781,510.0799865722656
2026-09-04 12:09:00+00:00,20.334846037352236,328.2099914550781,510.0799865722656
2026-09-04 12:10:00+00:00,20.35228516160305,328.2099914550781,510.0799865722656
2026-09-04 12:11:00+00:00,20.35228516160305,328.2099914550781,510.0799865722656
2026-09-04 12:12:00+00:00,20.349918777448693,328.2099914550781,510.0799865722656
2026-09-04 12:13:00+00:00,20.353365560982184,328.2099914550781,510.0799865722656
2026-09-04 12:14:00+00:00,20.361544247614802,328.2099914550781,510.0799865722656
2026-09-04 12:15:00+00:00,20.363911983633443,328.2099914550781,510.0799865722656
2026-09-04 12:16:00+00:00,20.34066055716221,328.2099914550781,510.0799865722656
2026-09-04 12:17:00+00:00,20.343023504143503,328.2099914550781,510.0799865722656
2026-09-04 12:18:00+00:00,20.323219215321842,328.2099914550781,510.0799865722656
2026-09-04 12:19:00+00:00,20.313951963463523,328.2099914550781,510.0799865722656
2026-09-04 12:20:00+00:00,20.31159239329145,328.2099914550781,510.0799865722656
2026-09-04 12:21:00+00:00,20.30813898603583,328.2099914550781,510.0799865722656
2026-09-04 12:22:00+00:00,20.30813898603583,328.2099914550781,510.0799865722656
2026-09-04 12:23:00+00:00,20.299965571261055,328.2099914550781,510.0799865722656
2026-09-04 12:24:00+00:00,20.302323790760965,328.2099914550781,510.0799865722656
2026-09-04 12:25:00+00:00,20.302323790760965,328.2099914550781,510.0799865722656
2026-09-04 12:26:00+00:00,20.299965571261055,328.2099914550781,510.0799865722656
2026-09-04 12:27:00+00:00,20.32558013616608,328.2099914550781,510.0799865722656
2026-09-04 12:28:00+00:00,20.327945224566975,328.2099914550781,510.0799865722656
2026-09-04 12:29:00+00:00,20.341941191783235,328.2099914550781,510.0799865722656
2026-09-04 12:30:00+00:00,20.272463811186753,328.2099914550781,510.0799865722656
2026-09-04 12:31:00+00:00,20.238785073484905,328.2099914550781,510.0799865722656
2026-09-04 12:32:00+00:00,20.226085939631957,328.2099914550781,510.0799865722656
2026-09-04 12:33:00+00:00,20.180931173391855,328.2099914550781,510.0799865722656
2026-09-04 12:34:00+00:00,20.151936024427414,328.2099914550781,510.0799865722656
2026-09-04 12:35:00+00:00,20.124071633495078,328.2099914550781,510.0799865722656
2026-09-04 12:36:00+00:00,20.11480816962603,328.2099914550781,510.0799865722656
2026-09-04 12:37:00+00:00,20.117140518357246,328.2099914550781,510.0799865722656
2026-09-04 12:38:00+00:00,20.11020815735901,328.2099914550781,510.0799865722656
2026-09-04 12:39:00+00:00,20.183272992150023,328.2099914550781,510.0799865722656
2026-09-04 12:40:00+00:00,20.176251684358704,328.2099914550781,510.0799865722656
2026-09-04 12:41:00+00:00,20.189074022335944,328.2099914550781,510.0799865722656
2026-09-04 12:42:00+00:00,20.197216004738948,328.2099914550781,510.0799865722656
2026-09-04 12:43:00+00:00,20.186731530497582,328.2099914550781,510.0799865722656
2026-09-04 12:44:00+00:00,20.207705383489156,328.2099914550781,510.0799865722656
2026-09-04 12:45:00+00:00,20.191416514174307,328.2099914550781,510.0799865722656
2026-09-04 12:46:00+00:00,20.193646509096652,328.2099914550781,510.0799865722656
2026-09-04 12:47:00+00:00,20.184391113496986,328.2099914550781,510.0799865722656
2026-09-04 12:48:00+00:00,20.179710279495794,328.2099914550781,510.0799865722656
2026-09-04 12:49:00+00:00,20.16709067714828,328.2099914550781,510.0799865722656
2026-09-04 12:50:00+00:00,20.16363036632538,328.2099914550781,510.0799865722656
2026-09-04 12:51:00+00:00,20.16363036632538,328.2099914550781,510.0799865722656
2026-09-04 12:52:00+00:00,20.149685955298537,328.2099914550781,510.0799865722656
2026-09-04 12:53:00+00:00,20.12414376760603,328.2099914550781,510.0799865722656
2026-09-04 12:54:00+00:00,20.12414376760603,328.2099914550781,510.0799865722656
2026-09-04 12:55:00+00:00,20.12647818402229,328.2099914550781,510.0799865722656
2026-09-04 12:56:00+00:00,20.12414376760603,328.2099914550781,510.0799865722656
2026-09-04 12:57:00+00:00,20.116009860625127,328.2099914550781,510.0799865722656
2026-09-04 12:58:00+00:00,20.12301315849254,328.2099914550781,510.0799865722656
2026-09-04 12:59:00+00:00,20.117209435389668,328.2099914550781,510.0799865722656
2026-09-04 13:00:00+00:00,20.11254122787159,328.2099914550781,510.0799865722656
2026-09-04 13:01:00+00:00,20.117209435389668,328.2099914550781,510.0799865722656
2026-09-04 13:02:00+00:00,20.111407925758613,328.2099914550781,510.0799865722656
2026-09-04 13:03:00+00:00,20.105606416127557,328.2099914550781,510.0799865722656
2026-09-04 13:04:00+00:00,20.100940901095328,328.2099914550781,510.0799865722656
2026-09-04 13:05:00+00:00,20.095138524749018,328.2099914550781,510.0799865722656
2026-09-04 13:06:00+00:00,20.097469576534422,328.2099914550781,510.0799865722656
2026-09-04 13:07:00+00:00,20.089338361360888,328.2099914550781,510.0799865722656
2026-09-04 13:08:00+00:00,20.081206279132857,328.2099914550781,510.0799865722656
2026-09-04 13:09:00+00:00,20.083535985014578,328.2099914550781,510.0799865722656
2026-09-04 13:10:00+00:00,20.092807472963614,328.2099914550781,510.0799865722656
2026-09-04 13:11:00+00:00,20.1183436042179,328.2099914550781,510.0799865722656
2026-09-04 13:12:00+00:00,20.106741064483458,328.2099914550781,510.0799865722656
2026-09-04 13:13:00+00:00,20.12067734781067,328.2099914550781,510.0799865722656
2026-09-04 13:14:00+00:00,20.109073462172546,328.2099914550781,510.0799865722656
2026-09-04 13:15:00+00:00,20.121879709400673,328.2099914550781,510.0799865722656
2026-09-04 13:16:00+00:00,20.118411316516813,328.2099914550781,510.0799865722656
2026-09-04 13:17:00+00:00,20.11260778662745,328.2099914550781,510.0799865722656
2026-09-04 13:18:00+00:00,20.106802042495474,328.2099914550781,510.0799865722656
2026-09-04 13:19:00+00:00,20.109137223690595,328.2099914550781,510.0799865722656
2026-09-04 13:20:00+00:00,20.10566752696559,328.2099914550781,510.0799865722656
2026-09-04 13:21:00+00:00,20.10800203414533,328.2099914550781,510.0799865722656
2026-09-04 13:22:00+00:00,20.10566752696559,328.2099914550781,510.0799865722656
2026-09-04 13:23:00+00:00,20.10566752696559,328.2099914550781,510.0799865722656
2026-09-04 13:24:00+00:00,20.19163699626506,328.2099914550781,510.0799865722656
2026-09-04 13:25:00+00:00,20.19163699626506,328.2099914550781,510.0799865722656
2026-09-04 13:26:00+00:00,20.202136606221757,328.2099914550781,510.0799865722656
2026-09-04 13:27:00+00:00,20.196329031048208,328.2099914550781,510.0799865722656
2026-09-04 13:28:00+00:00,20.167286723608413,328.2099914550781,510.0799865722656
2026-09-04 13:29:00+00:00,20.158010651815403,328.2099914550781,510.0799865722656
2026-09-04 13:30:00+00:00,20.212643204570213,328.0199890136719,509.1300048828125
2026-09-04 13:31:00+00:00,20.268385126075373,327.135009765625,508.7900085449219
2026-09-04 13:32:00+00:00,20.260223436887372,328.3399963378906,508.07000732421875
2026-09-04 13:33:00+00:00,20.24044486474031,327.2900085449219,506.3800048828125
2026-09-04 13:34:00+00:00,20.260223436887372,327.17999267578125,506.2950134277344
2026-09-04 13:35:00+00:00,20.298524948005706,326.5450134277344,505.75
2026-09-04 13:36:00+00:00,20.29035834432898,325.7699890136719,505.70001220703125
2026-09-04 13:37:00+00:00,20.304331848567926,325.6650085449219,505.7900085449219
2026-09-04 13:38:00+00:00,20.278743677155944,326.8699951171875,507.1700134277344
2026-09-04 13:39:00+00:00,20.255516558081126,326.29998779296875,506.8999938964844
2026-09-04 13:40:00+00:00,20.23463796417809,325.81500244140625,505.7049865722656
2026-09-04 13:41:00+00:00,20.25786999748425,325.739990234375,505.68499755859375
2026-09-04 13:42:00+00:00,20.298524948005706,324.5400085449219,504.8900146484375
2026-09-04 13:43:00+00:00,20.30088311046029,324.760009765625,504.7900085449219
2026-09-04 13:44:00+00:00,20.295073319500716,324.82000732421875,504.75
2026-09-04 13:45:00+00:00,20.31141044354399,324.2200012207031,504.0799865722656
2026-09-04 13:46:00+00:00,20.312682255462732,324.2799987792969,504.0
2026-09-04 13:47:00+00:00,20.338295524614296,323.635009765625,503.0003967285156
2026-09-04 13:48:00+00:00,20.33593049206638,324.0199890136719,503.20001220703125
2026-09-04 13:49:00+00:00,20.339375734329224,323.93499755859375,503.69000244140625
2026-09-04 13:50:00+00:00,20.325392781345727,323.8399963378906,503.9649963378906
2026-09-04 13:51:00+00:00,20.3195831811463,323.4200134277344,503.1600036621094
2026-09-04 13:52:00+00:00,20.32066823831292,323.635009765625,503.8999938964844
2026-09-04 13:53:00+00:00,20.312500476593414,323.5950012207031,504.5660095214844
2026-09-04 13:54:00+00:00,20.332286953926086,324.20989990234375,504.2049865722656
2026-09-04 13:55:00+00:00,20.329925417900085,323.42999267578125,504.6000061035156
2026-09-04 13:56:00+00:00,20.34154278403321,323.5950012207031,504.4526062011719
2026-09-04 13:57:00+00:00,20.350795915180242,323.7799987792969,504.1650085449219
2026-09-04 13:58:00+00:00,20.36348840457549,323.57000732421875,504.4100036621094
2026-09-04 13:59:00+00:00,20.377467240491114,323.69500732421875,504.6700134277344
2026-09-04 14:00:00+00:00,20.375101723460602,322.989990234375,503.614990234375
2026-09-04 14:01:00+00:00,20.377467240491114,322.7099914550781,503.1400146484375
2026-09-04 14:02:00+00:00,20.377467240491114,322.9999084472656,503.69500732421875
2026-09-04 14:03:00+00:00,20.377467240491114,322.92498779296875,503.6199951171875
2026-09-04 14:04:00+00:00,20.375101723460602,323.07000732421875,503.73309326171875
2026-09-04 14:05:00+00:00,20.377467240491114,322.7359924316406,504.1000061035156
2026-09-04 14:06:00+00:00,20.37983484904862,322.885009765625,503.7049865722656
2026-09-04 14:07:00+00:00,20.384570066163633,322.70001220703125,503.20989990234375
2026-09-04 14:08:00+00:00,20.384570066163633,322.80499267578125,502.989990234375
2026-09-04 14:09:00+00:00,20.39037831594851,322.7008972167969,502.9100036621094
2026-09-04 14:10:00+00:00,20.388010032779675,321.69500732421875,503.10931396484375
2026-09-04 14:11:00+00:00,20.383273466442006,321.5799865722656,503.7900085449219
2026-09-04 14:12:00+00:00,20.383273466442006,321.8420104980469,503.44500732421875
2026-09-04 14:13:00+00:00,20.38564174961084,321.44000244140625,503.0
2026-09-04 14:14:00+00:00,20.388010032779675,321.2099914550781,503.1000061035156
2026-09-04 14:15:00+00:00,20.38564174961084,321.760009765625,503.35009765625
2026-09-04 14:16:00+00:00,20.38564174961084,321.7099914550781,503.0849914550781
2026-09-04 14:17:00+00:00,20.388010032779675,321.55999755859375,503.0
2026-09-04 14:18:00+00:00,20.39037831594851,321.590087890625,502.739990234375
2026-09-04 14:19:00+00:00,20.392748691240286,321.5899963378906,502.43499755859375
2026-09-04 14:20:00+00:00,20.392748691240286,321.3599853515625,502.25
2026-09-04 14:21:00+00:00,20.39037831594851,321.4100036621094,502.385009765625
2026-09-04 14:22:00+00:00,20.392748691240286,321.45001220703125,502.8290100097656
2026-09-04 14:23:00+00:00,20.392748691240286,321.4800109863281,502.3949890136719
2026-09-04 14:24:00+00:00,20.39037831594851,321.239990234375,502.0799865722656
2026-09-04 14:25:00+00:00,20.392748691240286,321.17999267578125,502.1400146484375
2026-09-04 14:26:00+00:00,20.392748691240286,320.93499755859375,502.375
2026-09-04 14:27:00+00:00,20.392748691240286,320.6700134277344,502.05999755859375
2026-09-04 14:28:00+00:00,20.392748691240286,320.70001220703125,501.95001220703125
2026-09-04 14:29:00+00:00,20.392748691240286,320.7099914550781,501.68499755859375
2026-09-04 14:30:00+00:00,20.39037831594851,320.9800109863281,501.7950134277344
2026-09-04 14:31:00+00:00,20.392748691240286,321.0,501.6650085449219
2026-09-04 14:32:00+00:00,20.39511906653206,320.79998779296875,501.8743896484375
2026-09-04 14:33:00+00:00,20.399859817115612,320.8699951171875,501.760009765625
2026-09-04 14:34:00+00:00,20.399859817115612,320.8800048828125,501.8599853515625
2026-09-04 14:35:00+00:00,20.399859817115612,321.02178955078125,502.20001220703125
2026-09-04 14:36:00+00:00,20.397487349700896,320.9006042480469,502.1199951171875
2026-09-04 14:37:00+00:00,20.39511906653206,321.0249938964844,502.30999755859375
2026-09-04 14:38:00+00:00,20.397487349700896,320.8800048828125,502.3699951171875
2026-09-04 14:39:00+00:00,20.397487349700896,320.67999267578125,502.4599914550781
2026-09-04 14:40:00+00:00,20.399859817115612,320.489990234375,502.2300109863281
2026-09-04 14:41:00+00:00,20.399859817115612,320.5199890136719,502.6300048828125
2026-09-04 14:42:00+00:00,20.399859817115612,320.2650146484375,502.0799865722656
2026-09-04 14:43:00+00:00,20.397487349700896,320.0899963378906,501.7749938964844
2026-09-04 14:44:00+00:00,20.399859817115612,320.0299987792969,501.8799133300781
2026-09-04 14:45:00+00:00,20.399859817115612,320.0899963378906,502.29998779296875
2026-09-04 14:46:00+00:00,20.397487349700896,320.07000732421875,502.3500061035156
2026-09-04 14:47:00+00:00,20.392748691240286,320.04998779296875,502.20001220703125
2026-09-04 14:48:00+00:00,20.397487349700896,320.1099853515625,502.3299865722656
2026-09-04 14:49:00+00:00,20.39511906653206,320.0950012207031,502.43011474609375
2026-09-04 14:50:00+00:00,20.392748691240286,319.875,502.42999267578125
2026-09-04 14:51:00+00:00,20.392748691240286,319.5,502.0199890136719
2026-09-04 14:52:00+00:00,20.39037831594851,319.6400146484375,502.32000732421875
2026-09-04 14:53:00+00:00,20.39511906653206,319.3800048828125,502.07000732421875
2026-09-04 14:54:00+00:00,20.39037831594851,318.9800109863281,501.989990234375
2026-09-04 14:55:00+00:00,20.392748691240286,318.9254150390625,501.5199890136719
2026-09-04 14:56:00+00:00,20.388010032779675,318.739990234375,501.4549865722656
2026-09-04 14:57:00+00:00,20.39037831594851,318.80499267578125,501.69000244140625
2026-09-04 14:58:00+00:00,20.39037831594851,318.6600036621094,501.80999755859375
2026-09-04 14:59:00+00:00,20.392748691240286,318.44000244140625,501.7569885253906
2026-09-04 15:00:00+00:00,20.39037831594851,318.260009765625,501.5188903808594
2026-09-04 15:01:00+00:00,20.39037831594851,318.2699890136719,501.185791015625
2026-09-04 15:02:00+00:00,20.388010032779675,317.94000244140625,500.760009765625
2026-09-04 15:03:00+00:00,20.39037831594851,318.1549987792969,500.8999938964844
2026-09-04 15:04:00+00:00,20.39511906653206,318.5899963378906,500.94500732421875
2026-09-04 15:05:00+00:00,20.397487349700896,318.8800048828125,500.94000244140625
2026-09-04 15:06:00+00:00,20.39511906653206,318.82501220703125,500.8699951171875
2026-09-04 15:07:00+00:00,20.39511906653206,318.6809997558594,501.20001220703125
2026-09-04 15:08:00+00:00,20.397487349700896,318.79949951171875,501.1899108886719
2026-09-04 15:09:00+00:00,20.39511906653206,318.94000244140625,501.07000732421875
2026-09-04 15:10:00+00:00,20.399859817115612,318.8349914550781,500.9599914550781
2026-09-04 15:11:00+00:00,20.399859817115612,318.9100036621094,500.92498779296875
2026-09-04 15:12:00+00:00,20.399859817115612,319.1700134277344,500.6499938964844
2026-09-04 15:13:00+00:00,20.399859817115612,319.3399963378906,500.80999755859375
2026-09-04 15:14:00+00:00,20.402232284530328,319.2850036621094,500.6099853515625
2026-09-04 15:15:00+00:00,20.399859817115612,319.17498779296875,500.6400146484375
2026-09-04 15:16:00+00:00,20.399859817115612,319.2099914550781,500.7300109863281
2026-09-04 15:17:00+00:00,20.399859817115612,319.0050048828125,500.5400085449219
2026-09-04 15:18:00+00:00,20.399859817115612,318.9150085449219,500.2449951171875
2026-09-04 15:19:00+00:00,20.402232284530328,318.79998779296875,500.45001220703125
2026-09-04 15:20:00+00:00,20.402232284530328,318.739990234375,500.7838134765625
2026-09-04 15:21:00+00:00,20.402232284530328,318.8016052246094,500.26361083984375
2026-09-04 15:22:00+00:00,20.402232284530328,319.0,500.6400146484375
2026-09-04 15:23:00+00:00,20.399859817115612,319.0,500.5299987792969
2026-09-04 15:24:00+00:00,20.402232284530328,319.1400146484375,500.375
2026-09-04 15:25:00+00:00,20.399859817115612,319.0199890136719,500.5
2026-09-04 15:26:00+00:00,20.399859817115612,319.0199890136719,500.3900146484375
2026-09-04 15:27:00+00:00,20.399859817115612,319.1449890136719,500.739990234375
2026-09-04 15:28:00+00:00,20.397487349700896,319.25201416015625,501.0799865722656
2026-09-04 15:29:00+00:00,20.397487349700896,319.4700012207031,500.94500732421875
2026-09-04 15:30:00+00:00,20.399859817115612,319.2900085449219,500.5199890136719
2026-09-04 15:31:00+00:00,20.402232284530328,319.260009765625,500.4849853515625
2026-09-04 15:32:00+00:00,20.399859817115612,319.4700012207031,500.42498779296875
2026-09-04 15:33:00+00:00,20.402232284530328,319.6199951171875,500.60101318359375
2026-09-04 15:34:00+00:00,20.397487349700896,319.6300048828125,500.375
2026-09-04 15:35:00+00:00,20.399859817115612,319.70001220703125,500.7099914550781
2026-09-04 15:36:00+00:00,20.399859817115612,319.8800048828125,500.20001220703125
2026-09-04 15:37:00+00:00,20.399859817115612,319.9901123046875,499.7749938964844
2026-09-04 15:38:00+00:00,20.399859817115612,320.0799865722656,500.1050109863281
2026-09-04 15:39:00+00:00,20.399859817115612,319.92498779296875,500.0950012207031
2026-09-04 15:40:00+00:00,20.399859817115612,320.0450134277344,500.1600036621094
2026-09-04 15:41:00+00:00,20.402232284530328,320.2099914550781,500.20001220703125
2026-09-04 15:42:00+00:00,20.402232284530328,320.42498779296875,500.5199890136719
2026-09-04 15:43:00+00:00,20.399859817115612,320.56640625,500.56500244140625
2026-09-04 15:44:00+00:00,20.399859817115612,320.3399963378906,500.7699890136719
2026-09-04 15:45:00+00:00,20.399859817115612,320.375,500.6099853515625
2026-09-04 15:46:00+00:00,20.399859817115612,320.4200134277344,500.5899963378906
2026-09-04 15:47:00+00:00,20.402232284530328,320.385009765625,500.06500244140625
2026-09-04 15:48:00+00:00,20.402232284530328,320.40130615234375,500.1000061035156
2026-09-04 15:49:00+00:00,20.404604751945044,320.43499755859375,500.30999755859375
2026-09-04 15:50:00+00:00,20.404604751945044,320.7200012207031,500.6499938964844
2026-09-04 15:51:00+00:00,20.404604751945044,320.8949890136719,500.760009765625
2026-09-04 15:52:00+00:00,20.402232284530328,321.0199890136719,500.70001220703125
2026-09-04 15:53:00+00:00,20.402232284530328,321.19000244140625,500.8800048828125
2026-09-04 15:54:00+00:00,20.397487349700896,321.0,500.7099914550781
2026-09-04 15:55:00+00:00,20.397487349700896,321.0899963378906,501.114990234375
2026-09-04 15:56:00+00:00,20.397487349700896,320.9800109863281,500.989990234375
2026-09-04 15:57:00+00:00,20.397487349700896,321.1449890136719,501.05499267578125
2026-09-04 15:58:00+00:00,20.397487349700896,321.0799865722656,500.9549865722656
2026-09-04 15:59:00+00:00,20.39511906653206,321.010009765625,501.010009765625
2026-09-04 16:00:00+00:00,20.397487349700896,320.93109130859375,501.0849914550781
2026-09-04 16:01:00+00:00,20.397487349700896,320.8599853515625,500.7898864746094
2026-09-04 16:02:00+00:00,20.397487349700896,320.9800109863281,500.739990234375
2026-09-04 16:03:00+00:00,20.399859817115612,320.989990234375,500.67999267578125
2026-09-04 16:04:00+00:00,20.399859817115612,321.0,500.68499755859375
2026-09-04 16:05:00+00:00,20.399859817115612,320.92999267578125,500.760009765625
2026-09-04 16:06:00+00:00,20.399859817115612,320.7149963378906,500.60009765625
2026-09-04 16:07:00+00:00,20.397487349700896,320.9100036621094,500.7099914550781
2026-09-04 16:08:00+00:00,20.399859817115612,321.05999755859375,500.8999938964844
2026-09-04 16:09:00+00:00,20.399859817115612,321.0299072265625,500.85400390625
2026-09-04 16:10:00+00:00,20.397487349700896,321.06500244140625,500.84991455078125
2026-09-04 16:11:00+00:00,20.397487349700896,321.1199035644531,500.94000244140625
2026-09-04 16:12:00+00:00,20.397487349700896,321.1065979003906,501.12249755859375
2026-09-04 16:13:00+00:00,20.399859817115612,321.20001220703125,501.2099914550781
2026-09-04 16:14:00+00:00,20.402232284530328,321.0498962402344,501.2428894042969
2026-09-04 16:15:00+00:00,20.402232284530328,321.05499267578125,501.0400085449219
2026-09-04 16:16:00+00:00,20.404604751945044,320.9053039550781,500.760009765625
2026-09-04 16:17:00+00:00,20.402232284530328,321.0899963378906,500.7200012207031
2026-09-04 16:18:00+00:00,20.404604751945044,321.18499755859375,500.67999267578125
2026-09-04 16:19:00+00:00,20.404604751945044,321.2699890136719,500.6300048828125
2026-09-04 16:20:00+00:00,20.404604751945044,320.9599914550781,500.9049987792969
2026-09-04 16:21:00+00:00,20.40697512723682,320.8800048828125,501.1650085449219
2026-09-04 16:22:00+00:00,20.404604751945044,321.0199890136719,501.1499938964844
2026-09-04 16:23:00+00:00,20.404604751945044,321.2099914550781,501.42999267578125
2026-09-04 16:24:00+00:00,20.404604751945044,320.9700012207031,501.3500061035156
2026-09-04 16:25:00+00:00,20.402232284530328,320.8399963378906,501.2182922363281
2026-09-04 16:26:00+00:00,20.402232284530328,320.9700012207031,501.0899963378906
2026-09-04 16:27:00+00:00,20.402232284530328,320.8699951171875,501.2665100097656
2026-09-04 16:28:00+00:00,20.402232284530328,320.6199951171875,501.35888671875
2026-09-04 16:29:00+00:00,20.402232284530328,320.5,501.1199951171875
2026-09-04 16:30:00+00:00,20.402232284530328,320.7099914550781,501.1650085449219
2026-09-04 16:31:00+00:00,20.402232284530328,320.7900085449219,501.0400085449219
2026-09-04 16:32:00+00:00,20.402232284530328,320.989990234375,501.31500244140625
2026-09-04 16:33:00+00:00,20.404604751945044,321.04998779296875,501.2900085449219
2026-09-04 16:34:00+00:00,20.404604751945044,321.10009765625,501.3891906738281
2026-09-04 16:35:00+00:00,20.404604751945044,321.08551025390625,501.45001220703125
2026-09-04 16:36:00+00:00,20.404604751945044,320.9200134277344,501.4100036621094
2026-09-04 16:37:00+00:00,20.402232284530328,320.9049987792969,501.3599853515625
2026-09-04 16:38:00+00:00,20.402232284530328,320.79998779296875,501.54998779296875
2026-09-04 16:39:00+00:00,20.402232284530328,320.8949890136719,501.614990234375
2026-09-04 16:40:00+00:00,20.399859817115612,321.04998779296875,501.6199951171875
2026-09-04 16:41:00+00:00,20.402232284530328,320.7699890136719,501.3699951171875
2026-09-04 16:42:00+00:00,20.399859817115612,320.7850036621094,501.1099853515625
2026-09-04 16:43:00+00:00,20.402232284530328,320.7799987792969,501.0505065917969
2026-09-04 16:44:00+00:00,20.402232284530328,320.8399963378906,501.20001220703125
2026-09-04 16:45:00+00:00,20.402232284530328,320.8699951171875,501.07000732421875
2026-09-04 16:46:00+00:00,20.402232284530328,320.8450012207031,500.92999267578125
2026-09-04 16:47:00+00:00,20.402232284530328,321.0450134277344,500.9700012207031
2026-09-04 16:48:00+00:00,20.402232284530328,321.0,500.7799987792969
2026-09-04 16:49:00+00:00,20.402232284530328,320.9800109863281,500.9200134277344
2026-09-04 16:50:00+00:00,20.404604751945044,320.92498779296875,501.0350036621094
2026-09-04 16:51:00+00:00,20.402232284530328,321.010009765625,500.9836120605469
2026-09-04 16:52:00+00:00,20.402232284530328,321.05499267578125,500.9800109863281
2026-09-04 16:53:00+00:00,20.402232284530328,321.1050109863281,501.0
2026-09-04 16:54:00+00:00,20.402232284530328,321.07501220703125,500.9800109863281
2026-09-04 16:55:00+00:00,20.402232284530328,321.177490234375,500.8800048828125
2026-09-04 16:56:00+00:00,20.399859817115612,321.10699462890625,500.6600036621094
2026-09-04 16:57:00+00:00,20.402232284530328,321.0799865722656,500.6299133300781
2026-09-04 16:58:00+00:00,20.399859817115612,321.1499938964844,500.5
2026-09-04 16:59:00+00:00,20.397487349700896,321.0299987792969,500.3402099609375
2026-09-04 17:00:00+00:00,20.397487349700896,321.1700134277344,500.3299865722656
2026-09-04 17:01:00+00:00,20.39511906653206,321.17999267578125,500.55999755859375
2026-09-04 17:02:00+00:00,20.39511906653206,321.04998779296875,500.19000244140625
2026-09-04 17:03:00+00:00,20.392748691240286,321.05499267578125,500.17498779296875
2026-09-04 17:04:00+00:00,20.392748691240286,320.9601135253906,500.6050109863281
2026-09-04 17:05:00+00:00,20.39037831594851,320.9849853515625,500.7300109863281
2026-09-04 17:06:00+00:00,20.39037831594851,321.0050048828125,500.5400085449219
2026-09-04 17:07:00+00:00,20.392748691240286,321.2789001464844,500.7699890136719
2026-09-04 17:08:00+00:00,20.392748691240286,321.360107421875,500.7349853515625
2026-09-04 17:09:00+00:00,20.392748691240286,321.3799133300781,500.5950012207031
2026-09-04 17:10:00+00:00,20.392748691240286,321.4197998046875,500.7049865722656
2026-09-04 17:11:00+00:00,20.392748691240286,321.3599853515625,500.739990234375
2026-09-04 17:12:00+00:00,20.392748691240286,321.54998779296875,500.7449951171875
2026-09-04 17:13:00+00:00,20.392748691240286,321.4849853515625,500.7200012207031
2026-09-04 17:14:00+00:00,20.392748691240286,321.2091979980469,500.9599914550781
2026-09-04 17:15:00+00:00,20.392748691240286,321.2998962402344,500.8999938964844
2026-09-04 17:16:00+00:00,20.392748691240286,321.44500732421875,500.8999938964844
2026-09-04 17:17:00+00:00,20.39511906653206,321.6000061035156,500.9750061035156
2026-09-04 17:18:00+00:00,20.39511906653206,321.6099853515625,501.05999755859375
2026-09-04 17:19:00+00:00,20.392748691240286,321.5679931640625,500.8800048828125
2026-09-04 17:20:00+00:00,20.39511906653206,321.8800964355469,501.0199890136719
2026-09-04 17:21:00+00:00,20.392748691240286,321.739990234375,500.7300109863281
2026-09-04 17:22:00+00:00,20.392748691240286,321.8450012207031,500.739990234375
2026-09-04 17:23:00+00:00,20.39037831594851,321.8949890136719,500.760009765625
2026-09-04 17:24:00+00:00,20.39037831594851,321.7699890136719,500.80999755859375
2026-09-04 17:25:00+00:00,20.39037831594851,321.6499938964844,500.9505920410156
2026-09-04 17:26:00+00:00,20.39037831594851,321.6700134277344,501.07000732421875
2026-09-04 17:27:00+00:00,20.39037831594851,321.7200012207031,501.04998779296875
2026-09-04 17:28:00+00:00,20.39037831594851,321.739990234375,501.05999755859375
2026-09-04 17:29:00+00:00,20.388010032779675,321.68499755859375,500.9049987792969
2026-09-04 17:30:00+00:00,20.39037831594851,321.4490051269531,500.6903991699219
2026-09-04 17:31:00+00:00,20.39037831594851,321.3500061035156,500.6700134277344
2026-09-04 17:32:00+00:00,20.39037831594851,321.34100341796875,500.5950012207031
2026-09-04 17:33:00+00:00,20.388010032779675,321.2088928222656,500.6199951171875
2026-09-04 17:34:00+00:00,20.388010032779675,321.1499938964844,500.5400085449219
2026-09-04 17:35:00+00:00,20.388010032779675,321.2699890136719,500.6300048828125
2026-09-04 17:36:00+00:00,20.388010032779675,321.1700134277344,500.385009765625
2026-09-04 17:37:00+00:00,20.388010032779675,321.1000061035156,500.3450012207031
2026-09-04 17:38:00+00:00,20.39037831594851,320.92498779296875,500.4700012207031
2026-09-04 17:39:00+00:00,20.388010032779675,320.989990234375,500.44500732421875
2026-09-04 17:40:00+00:00,20.388010032779675,320.95001220703125,500.2250061035156
2026-09-04 17:41:00+00:00,20.388010032779675,320.8349914550781,500.114990234375
2026-09-04 17:42:00+00:00,20.38564174961084,320.8399963378906,500.2049865722656
2026-09-04 17:43:00+00:00,20.388010032779675,320.90460205078125,500.239990234375
2026-09-04 17:44:00+00:00,20.388010032779675,320.9649963378906,500.19000244140625
2026-09-04 17:45:00+00:00,20.38564174961084,321.0899963378906,500.32000732421875
2026-09-04 17:46:00+00:00,20.38564174961084,321.2300109863281,500.5000915527344
2026-09-04 17:47:00+00:00,20.38564174961084,321.125,500.6007080078125
2026-09-04 17:48:00+00:00,20.38564174961084,321.0899963378906,500.8800048828125
2026-09-04 17:49:00+00:00,20.38564174961084,321.07000732421875,500.885009765625
2026-09-04 17:50:00+00:00,20.388010032779675,321.07000732421875,501.0575866699219
2026-09-04 17:51:00+00:00,20.388010032779675,320.9800109863281,500.9700012207031
2026-09-04 17:52:00+00:00,20.388010032779675,321.0450134277344,501.1499938964844
2026-09-04 17:53:00+00:00,20.388010032779675,321.0350036621094,500.9200134277344
2026-09-04 17:54:00+00:00,20.388010032779675,320.9649963378906,500.8291015625
2026-09-04 17:55:00+00:00,20.38564174961084,321.0299987792969,500.5899963378906
2026-09-04 17:56:00+00:00,20.38564174961084,320.97821044921875,500.5400085449219
2026-09-04 17:57:00+00:00,20.38564174961084,320.95001220703125,500.55999755859375
2026-09-04 17:58:00+00:00,20.38564174961084,321.0400085449219,500.6600036621094
2026-09-04 17:59:00+00:00,20.38564174961084,321.0150146484375,500.6199951171875
2026-09-04 18:00:00+00:00,20.388010032779675,321.1698913574219,500.67999267578125
2026-09-04 18:01:00+00:00,20.38564174961084,321.0199890136719,500.0950012207031
2026-09-04 18:02:00+00:00,20.38564174961084,321.07501220703125,500.0
2026-09-04 18:03:00+00:00,20.38564174961084,321.1700134277344,500.19000244140625
2026-09-04 18:04:00+00:00,20.388010032779675,321.1549987792969,500.14990234375
2026-09-04 18:05:00+00:00,20.38564174961084,321.0775146484375,499.9447021484375
2026-09-04 18:06:00+00:00,20.38564174961084,321.1000061035156,499.93499755859375
2026-09-04 18:07:00+00:00,20.38564174961084,321.1400146484375,500.0299987792969
2026-09-04 18:08:00+00:00,20.38564174961084,321.18499755859375,499.94500732421875
2026-09-04 18:09:00+00:00,20.38564174961084,321.1423034667969,500.07501220703125
2026-09-04 18:10:00+00:00,20.38564174961084,321.2200927734375,500.1990966796875
2026-09-04 18:11:00+00:00,20.383273466442006,321.2149963378906,500.07000732421875
2026-09-04 18:12:00+00:00,20.38564174961084,321.25,500.2049865722656
2026-09-04 18:13:00+00:00,20.38564174961084,321.260009765625,500.3349914550781
2026-09-04 18:14:00+00:00,20.383273466442006,321.2699890136719,500.2799987792969
2026-09-04 18:15:00+00:00,20.383273466442006,321.10009765625,500.2449951171875
2026-09-04 18:16:00+00:00,20.383273466442006,321.0,500.2200012207031
2026-09-04 18:17:00+00:00,20.383273466442006,321.0299987792969,500.0592041015625
2026-09-04 18:18:00+00:00,20.383273466442006,320.9789123535156,500.24591064453125
2026-09-04 18:19:00+00:00,20.383273466442006,320.9700012207031,500.125
2026-09-04 18:20:00+00:00,20.383273466442006,321.0299987792969,500.20001220703125
2026-09-04 18:21:00+00:00,20.383273466442006,321.0450134277344,500.1400146484375
2026-09-04 18:22:00+00:00,20.38564174961084,321.17498779296875,500.2900085449219
2026-09-04 18:23:00+00:00,20.383273466442006,321.19000244140625,500.1099853515625
2026-09-04 18:24:00+00:00,20.383273466442006,321.2049865722656,500.0975036621094
2026-09-04 18:25:00+00:00,20.38564174961084,321.19500732421875,500.2200012207031
2026-09-04 18:26:00+00:00,20.38564174961084,321.1299133300781,499.9649963378906
2026-09-04 18:27:00+00:00,20.38564174961084,321.0199890136719,500.05499267578125
2026-09-04 18:28:00+00:00,20.383273466442006,320.9700012207031,499.92999267578125
2026-09-04 18:29:00+00:00,20.383273466442006,320.8800048828125,499.8999938964844
2026-09-04 18:30:00+00:00,20.38564174961084,320.989990234375,500.05999755859375
2026-09-04 18:31:00+00:00,20.38564174961084,321.05010986328125,499.989990234375
2026-09-04 18:32:00+00:00,20.38564174961084,321.0849914550781,499.95989990234375
2026-09-04 18:33:00+00:00,20.38564174961084,321.1499938964844,499.8999938964844
2026-09-04 18:34:00+00:00,20.38564174961084,321.06500244140625,499.9200134277344
2026-09-04 18:35:00+00:00,20.38564174961084,321.0299987792969,499.9689025878906
2026-09-04 18:36:00+00:00,20.38564174961084,321.05999755859375,499.80999755859375
2026-09-04 18:37:00+00:00,20.383273466442006,321.1000061035156,499.8999938964844
2026-09-04 18:38:00+00:00,20.380907275396112,321.114990234375,500.0400085449219
2026-09-04 18:39:00+00:00,20.383273466442006,321.2250061035156,500.110107421875
2026-09-04 18:40:00+00:00,20.383273466442006,321.28509521484375,500.1400146484375
2026-09-04 18:41:00+00:00,20.380907275396112,321.2049865722656,500.23040771484375
2026-09-04 18:42:00+00:00,20.380907275396112,321.30999755859375,500.4700012207031
2026-09-04 18:43:00+00:00,20.383273466442006,321.30999755859375,500.3450012207031
2026-09-04 18:44:00+00:00,20.380907275396112,321.3500061035156,500.4901123046875
2026-09-04 18:45:00+00:00,20.380907275396112,321.4346923828125,500.639892578125
2026-09-04 18:46:00+00:00,20.380907275396112,321.4549865722656,500.6700134277344
2026-09-04 18:47:00+00:00,20.380907275396112,321.54998779296875,500.739990234375
2026-09-04 18:48:00+00:00,20.380907275396112,321.67999267578125,500.57000732421875
2026-09-04 18:49:00+00:00,20.380907275396112,321.6579895019531,500.4599914550781
2026-09-04 18:50:00+00:00,20.380907275396112,321.4750061035156,500.5
2026-09-04 18:51:00+00:00,20.380907275396112,321.5350036621094,500.47869873046875
2026-09-04 18:52:00+00:00,20.380907275396112,321.55010986328125,500.6700134277344
2026-09-04 18:53:00+00:00,20.380907275396112,321.614990234375,500.42999267578125
2026-09-04 18:54:00+00:00,20.380907275396112,321.6449890136719,500.3399963378906
2026-09-04 18:55:00+00:00,20.380907275396112,321.7850036621094,500.4049987792969
2026-09-04 18:56:00+00:00,20.380907275396112,321.6700134277344,500.5
2026-09-04 18:57:00+00:00,20.383273466442006,321.6600036621094,500.55999755859375
2026-09-04 18:58:00+00:00,20.380907275396112,321.614990234375,500.55999755859375
2026-09-04 18:59:00+00:00,20.383273466442006,321.6650085449219,500.7200012207031
2026-09-04 19:00:00+00:00,20.383273466442006,321.6698913574219,500.46600341796875
2026-09-04 19:01:00+00:00,20.383273466442006,321.6650085449219,500.5899963378906
2026-09-04 19:02:00+00:00,20.383273466442006,321.6050109863281,500.67999267578125
2026-09-04 19:03:00+00:00,20.383273466442006,321.4049987792969,500.3999938964844
2026-09-04 19:04:00+00:00,20.38564174961084,321.5,500.5
2026-09-04 19:05:00+00:00,20.38564174961084,321.69000244140625,500.54998779296875
2026-09-04 19:06:00+00:00,20.38564174961084,321.6400146484375,500.3500061035156
2026-09-04 19:07:00+00:00,20.38564174961084,321.6199951171875,500.2449951171875
2026-09-04 19:08:00+00:00,20.38564174961084,321.8399963378906,499.9700012207031
2026-09-04 19:09:00+00:00,20.38564174961084,321.8800048828125,499.94000244140625
2026-09-04 19:10:00+00:00,20.38564174961084,321.8434143066406,500.2099914550781
2026-09-04 19:11:00+00:00,20.38564174961084,321.79998779296875,500.0899963378906
2026-09-04 19:12:00+00:00,20.38564174961084,322.0450134277344,500.1300048828125
2026-09-04 19:13:00+00:00,20.38564174961084,322.0400085449219,500.2799987792969
2026-09-04 19:14:00+00:00,20.38564174961084,321.989990234375,500.42498779296875
2026-09-04 19:15:00+00:00,20.38564174961084,321.8999938964844,500.30999755859375
2026-09-04 19:16:00+00:00,20.388010032779675,321.8103942871094,500.2900085449219
2026-09-04 19:17:00+00:00,20.388010032779675,321.80999755859375,500.2099914550781
2026-09-04 19:18:00+00:00,20.388010032779675,321.76800537109375,500.18499755859375
2026-09-04 19:19:00+00:00,20.388010032779675,321.7550048828125,500.0799865722656
2026-09-04 19:20:00+00:00,20.38564174961084,321.9150085449219,500.0799865722656
2026-09-04 19:21:00+00:00,20.388010032779675,321.8599853515625,500.1000061035156
2026-09-04 19:22:00+00:00,20.388010032779675,321.9200134277344,499.94000244140625
2026-09-04 19:23:00+00:00,20.388010032779675,321.94000244140625,500.05999755859375
2026-09-04 19:24:00+00:00,20.388010032779675,321.8800048828125,500.0199890136719
2026-09-04 19:25:00+00:00,20.388010032779675,321.9200134277344,500.1400146484375
2026-09-04 19:26:00+00:00,20.388010032779675,321.864990234375,500.0350036621094
2026-09-04 19:27:00+00:00,20.388010032779675,321.82000732421875,500.12091064453125
2026-09-04 19:28:00+00:00,20.39037831594851,321.8100891113281,500.2349853515625
2026-09-04 19:29:00+00:00,20.39037831594851,321.7850036621094,500.0199890136719
2026-09-04 19:30:00+00:00,20.39037831594851,321.55499267578125,499.8599853515625
2026-09-04 19:31:00+00:00,20.39037831594851,321.68499755859375,499.7650146484375
2026-09-04 19:32:00+00:00,20.388010032779675,321.6400146484375,499.7900085449219
2026-09-04 19:33:00+00:00,20.39037831594851,321.7049865722656,499.9549865722656
2026-09-04 19:34:00+00:00,20.39037831594851,321.6400146484375,499.92999267578125
2026-09-04 19:35:00+00:00,20.388010032779675,321.6401062011719,499.7149963378906
2026-09-04 19:36:00+00:00,20.39037831594851,321.67999267578125,499.54998779296875
2026-09-04 19:37:00+00:00,20.388010032779675,321.3900146484375,499.69000244140625
2026-09-04 19:38:00+00:00,20.39037831594851,321.2499084472656,499.6600036621094
2026-09-04 19:39:00+00:00,20.39037831594851,321.010009765625,499.7699890136719
2026-09-04 19:40:00+00:00,20.39037831594851,320.9999084472656,499.6600036621094
2026-09-04 19:41:00+00:00,20.39037831594851,321.0,499.68499755859375
2026-09-04 19:42:00+00:00,20.39037831594851,320.8450012207031,499.55999755859375
2026-09-04 19:43:00+00:00,20.39037831594851,320.6766052246094,499.6286926269531
2026-09-04 19:44:00+00:00,20.39037831594851,320.67999267578125,499.8299865722656
2026-09-04 19:45:00+00:00,20.39037831594851,320.6199951171875,499.6400146484375
2026-09-04 19:46:00+00:00,20.39037831594851,320.6199951171875,499.7049865722656
2026-09-04 19:47:00+00:00,20.39037831594851,320.69000244140625,500.0
2026-09-04 19:48:00+00:00,20.39037831594851,320.4949951171875,500.1199951171875
2026-09-04 19:49:00+00:00,20.39037831594851,320.5,500.0799865722656
2026-09-04 19:50:00+00:00,20.39037831594851,320.3500061035156,499.82000732421875
2026-09-04 19:51:00+00:00,20.39037831594851,320.3999938964844,499.7699890136719
2026-09-04 19:52:00+00:00,20.39037831594851,320.57000732421875,499.95001220703125
2026-09-04 19:53:00+00:00,20.39037831594851,320.5506896972656,500.32000732421875
2026-09-04 19:54:00+00:00,20.39037831594851,320.7200012207031,500.55999755859375
2026-09-04 19:55:00+00:00,20.39037831594851,320.6000061035156,500.2300109863281
2026-09-04 19:56:00+00:00,20.39037831594851,320.3301086425781,500.125
2026-09-04 19:57:00+00:00,20.388010032779675,320.2699890136719,499.8999938964844
2026-09-04 19:58:00+00:00,20.388010032779675,319.8299865722656,499.6499938964844
2026-09-04 19:59:00+00:00,20.388010032779675,319.989990234375,499.67999267578125
2026-09-04 20:00:00+00:00,20.388010032779675,319.989990234375,499.67999267578125
2026-09-04 20:01:00+00:00,20.39037831594851,319.989990234375,499.67999267578125
2026-09-04 20:02:00+00:00,20.39037831594851,319.989990234375,499.67999267578125
2026-09-04 20:03:00+00:00,20.39037831594851,319.989990234375,499.67999267578125
2026-09-04 20:04:00+00:00,20.388010032779675,319.989990234375,499.67999267578125
2026-09-04 20:05:00+00:00,20.388010032779675,319.989990234375,499.67999267578125
2026-09-04 20:06:00+00:00,20.388010032779675,319.989990234375,499.67999267578125
2026-09-04 20:07:00+00:00,20.388010032779675,319.989990234375,499.67999267578125
2026-09-04 20:08:00+00:00,20.38564174961084,319.989990234375,499.67999267578125
2026-09-04 20:09:00+00:00,20.38564174961084,319.989990234375,499.67999267578125
2026-09-04 20:10:00+00:00,20.38564174961084,319.989990234375,499.67999267578125
2026-09-04 20:11:00+00:00,20.38564174961084,319.989990234375,499.67999267578125
2026-09-04 20:12:00+00:00,20.38564174961084,319.989990234375,499.67999267578125
2026-09-04 20:13:00+00:00,20.38564174961084,319.989990234375,499.67999267578125
2026-09-04 20:14:00+00:00,20.38564174961084,319.989990234375,499.67999267578125
2026-09-04 20:15:00+00:00,20.38564174961084,319.989990234375,499.67999267578125
2026-09-04 20:16:00+00:00,20.38564174961084,319.989990234375,499.67999267578125
2026-09-04 20:17:00+00:00,20.38564174961084,319.989990234375,499.67999267578125
2026-09-04 20:18:00+00:00,20.38564174961084,319.989990234375,499.67999267578125
2026-09-04 20:19:00+00:00,20.388010032779675,319.989990234375,499.67999267578125
2026-09-04 20:20:00+00:00,20.388010032779675,319.989990234375,499.67999267578125
2026-09-04 20:21:00+00:00,20.388010032779675,319.989990234375,499.67999267578125
2026-09-04 20:22:00+00:00,20.388010032779675,319.989990234375,499.67999267578125
2026-09-04 20:23:00+00:00,20.388010032779675,319.989990234375,499.67999267578125
2026-09-04 20:24:00+00:00,20.388010032779675,319.989990234375,499.67999267578125
2026-09-04 20:25:00+00:00,20.388010032779675,319.989990234375,499.67999267578125
2026-09-04 20:26:00+00:00,20.38564174961084,319.989990234375,499.67999267578125
2026-09-04 20:27:00+00:00,20.38564174961084,319.989990234375,499.67999267578125
2026-09-04 20:28:00+00:00,20.38564174961084,319.989990234375,499.67999267578125
2026-09-04 20:29:00+00:00,20.388010032779675,319.989990234375,499.67999267578125
2026-09-04 20:30:00+00:00,20.388010032779675,319.989990234375,499.67999267578125
2026-09-04 20:31:00+00:00,20.388010032779675,319.989990234375,499.67999267578125
2026-09-04 20:32:00+00:00,20.38564174961084,319.989990234375,499.67999267578125
2026-09-04 20:33:00+00:00,20.388010032779675,319.989990234375,499.67999267578125
2026-09-04 20:34:00+00:00,20.388010032779675,319.989990234375,499.67999267578125
2026-09-04 20:35:00+00:00,20.38564174961084,319.989990234375,499.67999267578125
2026-09-04 20:36:00+00:00,20.38564174961084,319.989990234375,499.67999267578125
2026-09-04 20:37:00+00:00,20.38564174961084,319.989990234375,499.67999267578125
2026-09-04 20:38:00+00:00,20.38564174961084,319.989990234375,499.67999267578125
2026-09-04 20:39:00+00:00,20.38564174961084,319.989990234375,499.67999267578125
2026-09-04 20:40:00+00:00,20.38564174961084,319.989990234375,499.67999267578125
2026-09-04 20:41:00+00:00,20.38564174961084,319.989990234375,499.67999267578125
2026-09-04 20:42:00+00:00,20.38564174961084,319.989990234375,499.67999267578125
2026-09-04 20:43:00+00:00,20.38564174961084,319.989990234375,499.67999267578125
2026-09-04 20:44:00+00:00,20.38564174961084,319.989990234375,499.67999267578125
2026-09-04 20:45:00+00:00,20.38564174961084,319.989990234375,499.67999267578125
2026-09-04 20:46:00+00:00,20.38564174961084,319.989990234375,499.67999267578125
2026-09-04 20:47:00+00:00,20.38564174961084,319.989990234375,499.67999267578125
2026-09-04 20:48:00+00:00,20.38564174961084,319.989990234375,499.67999267578125
2026-09-04 20:49:00+00:00,20.38564174961084,319.989990234375,499.67999267578125
2026-09-04 20:50:00+00:00,20.38564174961084,319.989990234375,499.67999267578125
2026-09-04 20:51:00+00:00,20.38564174961084,319.989990234375,499.67999267578125
2026-09-04 20:52:00+00:00,20.38564174961084,319.989990234375,499.67999267578125
2026-09-04 20:53:00+00:00,20.38564174961084,319.989990234375,499.67999267578125
2026-09-04 20:54:00+00:00,20.38564174961084,319.989990234375,499.67999267578125
2026-09-04 20:55:00+00:00,20.388010032779675,319.989990234375,499.67999267578125
2026-09-04 20:56:00+00:00,20.388010032779675,319.989990234375,499.67999267578125
2026-09-04 20:57:00+00:00,20.388010032779675,319.989990234375,499.67999267578125
2026-09-04 20:58:00+00:00,20.388010032779675,319.989990234375,499.67999267578125
2026-09-04 20:59:00+00:00,20.388010032779675,319.989990234375,499.67999267578125
2026-09-04 21:00:00+00:00,20.39511906653206,319.989990234375,499.67999267578125
2026-09-04 21:01:00+00:00,20.39511906653206,319.989990234375,499.67999267578125
2026-09-04 21:02:00+00:00,20.39511906653206,319.989990234375,499.67999267578125
2026-09-04 21:03:00+00:00,20.39511906653206,319.989990234375,499.67999267578125
2026-09-04 21:04:00+00:00,20.39511906653206,319.989990234375,499.67999267578125
2026-09-04 21:05:00+00:00,20.39511906653206,319.989990234375,499.67999267578125
2026-09-04 21:06:00+00:00,20.39511906653206,319.989990234375,499.67999267578125
2026-09-04 21:07:00+00:00,20.39511906653206,319.989990234375,499.67999267578125
2026-09-04 21:08:00+00:00,20.39511906653206,319.989990234375,499.67999267578125
2026-09-04 21:09:00+00:00,20.39511906653206,319.989990234375,499.67999267578125
2026-09-04 21:10:00+00:00,20.39511906653206,319.989990234375,499.67999267578125
2026-09-04 21:11:00+00:00,20.39511906653206,319.989990234375,499.67999267578125
2026-09-04 21:12:00+00:00,20.39511906653206,319.989990234375,499.67999267578125
2026-09-04 21:13:00+00:00,20.39511906653206,319.989990234375,499.67999267578125
2026-09-04 21:14:00+00:00,20.39511906653206,319.989990234375,499.67999267578125
2026-09-04 21:15:00+00:00,20.39511906653206,319.989990234375,499.67999267578125
2026-09-04 21:16:00+00:00,20.39511906653206,319.989990234375,499.67999267578125
2026-09-04 21:17:00+00:00,20.39511906653206,319.989990234375,499.67999267578125
2026-09-04 21:18:00+00:00,20.39511906653206,319.989990234375,499.67999267578125
2026-09-04 21:19:00+00:00,20.39511906653206,319.989990234375,499.67999267578125
2026-09-04 21:20:00+00:00,20.39511906653206,319.989990234375,499.67999267578125
2026-09-04 21:21:00+00:00,20.39511906653206,319.989990234375,499.67999267578125
2026-09-04 21:22:00+00:00,20.39511906653206,319.989990234375,499.67999267578125
2026-09-04 21:23:00+00:00,20.39511906653206,319.989990234375,499.67999267578125
2026-09-04 21:24:00+00:00,20.39511906653206,319.989990234375,499.67999267578125
2026-09-04 21:25:00+00:00,20.39511906653206,319.989990234375,499.67999267578125
2026-09-04 21:26:00+00:00,20.39511906653206,319.989990234375,499.67999267578125
2026-09-04 21:27:00+00:00,20.39511906653206,319.989990234375,499.67999267578125
2026-09-04 21:28:00+00:00,20.39511906653206,319.989990234375,499.67999267578125
2026-09-04 21:29:00+00:00,20.39511906653206,319.989990234375,499.67999267578125
